timestamp_iso,epoch_s,file,active_slots,repeat,stage_hint,cpu_total_pct,cpu_per_core_pct_json,ram_total_mib,ram_used_mib,ram_available_mib,ram_used_pct,swap_total_mib,swap_used_mib,swap_used_pct,gpu_samples_json
2026-08-16T12:26:21.482246+03:00,1786872381.482246,ctx_000256.txt,1,1,outside,0.0,"[null, 0.0, null, 0.0]",15875.55078125,4047.54296875,11828.0078125,25.49544909982208,24575.99609375,363.61328125,1.4795464642121734,"[{""index"": 0, ""name"": ""NVIDIA P104-100"", ""pci_bus"": ""00000000:01:00.0"", ""pcie"": ""Gen1 x1"", ""util_pct"": 0.0, ""power_w"": 51.17, ""vram_used_mib"": 7976.0}, {""index"": 1, ""name"": ""NVIDIA P104-100"", ""pci_bus"": ""00000000:02:00.0"", ""pcie"": ""Gen1 x1"", ""util_pct"": 0.0, ""power_w"": 52.09, ""vram_used_mib"": 6582.0}, {""index"": 2, ""name"": ""NVIDIA P104-100"", ""pci_bus"": ""00000000:0A:00.0"", ""pcie"": ""Gen1 x1"", ""util_pct"": 0.0, ""power_w"": 50.91, ""vram_used_mib"": 7976.0}, {""index"": 3, ""name"": ""NVIDIA P104-100"", ""pci_bus"": ""00000000:0C:00.0"", ""pcie"": ""Gen1 x1"", ""util_pct"": 14.0, ""power_w"": 53.44, ""vram_used_mib"": 7572.0}, {""index"": 4, ""name"": ""NVIDIA P104-100"", ""pci_bus"": ""00000000:0D:00.0"", ""pcie"": ""Gen1 x1"", ""util_pct"": 14.0, ""power_w"": 52.78, ""vram_used_mib"": 7572.0}, {""index"": 5, ""name"": ""NVIDIA P104-100"", ""pci_bus"": ""00000000:0E:00.0"", ""pcie"": ""Gen1 x1"", ""util_pct"": 16.0, ""power_w"": 49.97, ""vram_used_mib"": 7796.0}]"
2026-08-16T12:26:23.616148+03:00,1786872383.616148,ctx_000256.txt,1,1,prefill,38.869257950530034,"[98.13084112149532, 22.535211267605632, 19.248826291079812, 14.354066985645932]",15875.55078125,5125.54296875,10750.0078125,32.28576469172698,24575.99609375,363.57421875,1.4793875184675087,"[{""index"": 0, ""name"": ""NVIDIA P104-100"", ""pci_bus"": ""00000000:01:00.0"", ""pcie"": ""Gen1 x1"", ""util_pct"": 100.0, ""power_w"": 51.42, ""vram_used_mib"": 7976.0}, {""index"": 1, ""name"": ""NVIDIA P104-100"", ""pci_bus"": ""00000000:02:00.0"", ""pcie"": ""Gen1 x1"", ""util_pct"": 0.0, ""power_w"": 51.99, ""vram_used_mib"": 6582.0}, {""index"": 2, ""name"": ""NVIDIA P104-100"", ""pci_bus"": ""00000000:0A:00.0"", ""pcie"": ""Gen1 x1"", ""util_pct"": 0.0, ""power_w"": 50.91, ""vram_used_mib"": 7976.0}, {""index"": 3, ""name"": ""NVIDIA P104-100"", ""pci_bus"": ""00000000:0C:00.0"", ""pcie"": ""Gen1 x1"", ""util_pct"": 0.0, ""power_w"": 53.29, ""vram_used_mib"": 7572.0}, {""index"": 4, ""name"": ""NVIDIA P104-100"", ""pci_bus"": ""00000000:0D:00.0"", ""pcie"": ""Gen1 x1"", ""util_pct"": 0.0, ""power_w"": 52.55, ""vram_used_mib"": 7572.0}, {""index"": 5, ""name"": ""NVIDIA P104-100"", ""pci_bus"": ""00000000:0E:00.0"", ""pcie"": ""Gen1 x1"", ""util_pct"": 9.0, ""power_w"": 49.72, ""vram_used_mib"": 7796.0}]"
2026-08-16T12:26:25.781680+03:00,1786872385.781680,ctx_000256.txt,1,1,decode,51.50812064965197,"[62.03703703703704, 100.0, 30.555555555555557, 13.08411214953271]",15875.55078125,5154.69921875,10720.8515625,32.46941973715971,24575.99609375,363.54296875,1.4792603618717768,"[{""index"": 0, ""name"": ""NVIDIA P104-100"", ""pci_bus"": ""00000000:01:00.0"", ""pcie"": ""Gen1 x1"", ""util_pct"": 0.0, ""power_w"": 179.99, ""vram_used_mib"": 7976.0}, {""index"": 1, ""name"": ""NVIDIA P104-100"", ""pci_bus"": ""00000000:02:00.0"", ""pcie"": ""Gen1 x1"", ""util_pct"": 0.0, ""power_w"": 51.96, ""vram_used_mib"": 6582.0}, {""index"": 2, ""name"": ""NVIDIA P104-100"", ""pci_bus"": ""00000000:0A:00.0"", ""pcie"": ""Gen1 x1"", ""util_pct"": 0.0, ""power_w"": 51.02, ""vram_used_mib"": 7976.0}, {""index"": 3, ""name"": ""NVIDIA P104-100"", ""pci_bus"": ""00000000:0C:00.0"", ""pcie"": ""Gen1 x1"", ""util_pct"": 0.0, ""power_w"": 53.52, ""vram_used_mib"": 7572.0}, {""index"": 4, ""name"": ""NVIDIA P104-100"", ""pci_bus"": ""00000000:0D:00.0"", ""pcie"": ""Gen1 x1"", ""util_pct"": 0.0, ""power_w"": 52.76, ""vram_used_mib"": 7572.0}, {""index"": 5, ""name"": ""NVIDIA P104-100"", ""pci_bus"": ""00000000:0E:00.0"", ""pcie"": ""Gen1 x1"", ""util_pct"": 99.0, ""power_w"": 49.97, ""vram_used_mib"": 7796.0}]"
2026-08-16T12:26:27.918313+03:00,1786872387.918313,ctx_000256.txt,1,1,decode,38.21805392731536,"[15.023474178403756, 99.53488372093024, 14.084507042253522, 23.83177570093458]",15875.55078125,4870.45703125,11005.09375,30.678979887754878,24575.99609375,363.51171875,1.479133205276045,"[{""index"": 0, ""name"": ""NVIDIA P104-100"", ""pci_bus"": ""00000000:01:00.0"", ""pcie"": ""Gen1 x1"", ""util_pct"": 6.0, ""power_w"": 51.92, ""vram_used_mib"": 7976.0}, {""index"": 1, ""name"": ""NVIDIA P104-100"", ""pci_bus"": ""00000000:02:00.0"", ""pcie"": ""Gen1 x1"", ""util_pct"": 0.0, ""power_w"": 83.0, ""vram_used_mib"": 6582.0}, {""index"": 2, ""name"": ""NVIDIA P104-100"", ""pci_bus"": ""00000000:0A:00.0"", ""pcie"": ""Gen1 x1"", ""util_pct"": 0.0, ""power_w"": 146.94, ""vram_used_mib"": 7976.0}, {""index"": 3, ""name"": ""NVIDIA P104-100"", ""pci_bus"": ""00000000:0C:00.0"", ""pcie"": ""Gen1 x1"", ""util_pct"": 0.0, ""power_w"": 53.42, ""vram_used_mib"": 7572.0}, {""index"": 4, ""name"": ""NVIDIA P104-100"", ""pci_bus"": ""00000000:0D:00.0"", ""pcie"": ""Gen1 x1"", ""util_pct"": 56.0, ""power_w"": 52.79, ""vram_used_mib"": 7572.0}, {""index"": 5, ""name"": ""NVIDIA P104-100"", ""pci_bus"": ""00000000:0E:00.0"", ""pcie"": ""Gen1 x1"", ""util_pct"": 48.0, ""power_w"": 49.97, ""vram_used_mib"": 7796.0}]"
2026-08-16T12:26:30.041213+03:00,1786872390.041213,ctx_000256.txt,1,1,decode,36.36363636363637,"[11.79245283018868, 100.0, 17.061611374407583, 16.19047619047619]",15875.55078125,5028.03515625,10847.515625,31.67156356041781,24575.99609375,363.48828125,1.4790378378292461,"[{""index"": 0, ""name"": ""NVIDIA P104-100"", ""pci_bus"": ""00000000:01:00.0"", ""pcie"": ""Gen1 x1"", ""util_pct"": 16.0, ""power_w"": 52.46, ""vram_used_mib"": 7976.0}, {""index"": 1, ""name"": ""NVIDIA P104-100"", ""pci_bus"": ""00000000:02:00.0"", ""pcie"": ""Gen1 x1"", ""util_pct"": 0.0, ""power_w"": 58.81, ""vram_used_mib"": 6582.0}, {""index"": 2, ""name"": ""NVIDIA P104-100"", ""pci_bus"": ""00000000:0A:00.0"", ""pcie"": ""Gen1 x1"", ""util_pct"": 9.0, ""power_w"": 101.79, ""vram_used_mib"": 7976.0}, {""index"": 3, ""name"": ""NVIDIA P104-100"", ""pci_bus"": ""00000000:0C:00.0"", ""pcie"": ""Gen1 x1"", ""util_pct"": 0.0, ""power_w"": 149.94, ""vram_used_mib"": 7572.0}, {""index"": 4, ""name"": ""NVIDIA P104-100"", ""pci_bus"": ""00000000:0D:00.0"", ""pcie"": ""Gen1 x1"", ""util_pct"": 15.0, ""power_w"": 51.27, ""vram_used_mib"": 7572.0}, {""index"": 5, ""name"": ""NVIDIA P104-100"", ""pci_bus"": ""00000000:0E:00.0"", ""pcie"": ""Gen1 x1"", ""util_pct"": 42.0, ""power_w"": 50.05, ""vram_used_mib"": 7796.0}]"
2026-08-16T12:26:32.157702+03:00,1786872392.157702,ctx_000256.txt,1,1,decode,35.90047393364929,"[20.28301886792453, 100.0, 11.848341232227488, 11.428571428571429]",15875.55078125,5011.86328125,10863.6875,31.56969701592538,24575.99609375,363.4453125,1.4788629975101149,"[{""index"": 0, ""name"": ""NVIDIA P104-100"", ""pci_bus"": ""00000000:01:00.0"", ""pcie"": ""Gen1 x1"", ""util_pct"": 5.0, ""power_w"": 51.42, ""vram_used_mib"": 7976.0}, {""index"": 1, ""name"": ""NVIDIA P104-100"", ""pci_bus"": ""00000000:02:00.0"", ""pcie"": ""Gen1 x1"", ""util_pct"": 15.0, ""power_w"": 52.22, ""vram_used_mib"": 6582.0}, {""index"": 2, ""name"": ""NVIDIA P104-100"", ""pci_bus"": ""00000000:0A:00.0"", ""pcie"": ""Gen1 x1"", ""util_pct"": 17.0, ""power_w"": 51.51, ""vram_used_mib"": 7976.0}, {""index"": 3, ""name"": ""NVIDIA P104-100"", ""pci_bus"": ""00000000:0C:00.0"", ""pcie"": ""Gen1 x1"", ""util_pct"": 15.0, ""power_w"": 56.72, ""vram_used_mib"": 7572.0}, {""index"": 4, ""name"": ""NVIDIA P104-100"", ""pci_bus"": ""00000000:0D:00.0"", ""pcie"": ""Gen1 x1"", ""util_pct"": 13.0, ""power_w"": 68.93, ""vram_used_mib"": 7572.0}, {""index"": 5, ""name"": ""NVIDIA P104-100"", ""pci_bus"": ""00000000:0E:00.0"", ""pcie"": ""Gen1 x1"", ""util_pct"": 42.0, ""power_w"": 135.73, ""vram_used_mib"": 7796.0}]"
2026-08-16T12:26:34.276890+03:00,1786872394.276890,ctx_000256.txt,1,1,decode,36.24557260920897,"[12.857142857142858, 100.0, 14.150943396226415, 17.452830188679247]",15875.55078125,4947.09765625,10928.453125,31.16173872904508,24575.99609375,363.40625,1.4787040517654502,"[{""index"": 0, ""name"": ""NVIDIA P104-100"", ""pci_bus"": ""00000000:01:00.0"", ""pcie"": ""Gen1 x1"", ""util_pct"": 16.0, ""power_w"": 57.89, ""vram_used_mib"": 7976.0}, {""index"": 1, ""name"": ""NVIDIA P104-100"", ""pci_bus"": ""00000000:02:00.0"", ""pcie"": ""Gen1 x1"", ""util_pct"": 15.0, ""power_w"": 51.99, ""vram_used_mib"": 6582.0}, {""index"": 2, ""name"": ""NVIDIA P104-100"", ""pci_bus"": ""00000000:0A:00.0"", ""pcie"": ""Gen1 x1"", ""util_pct"": 17.0, ""power_w"": 50.76, ""vram_used_mib"": 7976.0}, {""index"": 3, ""name"": ""NVIDIA P104-100"", ""pci_bus"": ""00000000:0C:00.0"", ""pcie"": ""Gen1 x1"", ""util_pct"": 15.0, ""power_w"": 53.79, ""vram_used_mib"": 7572.0}, {""index"": 4, ""name"": ""NVIDIA P104-100"", ""pci_bus"": ""00000000:0D:00.0"", ""pcie"": ""Gen1 x1"", ""util_pct"": 11.0, ""power_w"": 51.31, ""vram_used_mib"": 7572.0}, {""index"": 5, ""name"": ""NVIDIA P104-100"", ""pci_bus"": ""00000000:0E:00.0"", ""pcie"": ""Gen1 x1"", ""util_pct"": 20.0, ""power_w"": 79.51, ""vram_used_mib"": 7796.0}]"
2026-08-16T12:26:36.396580+03:00,1786872396.396580,ctx_000256.txt,1,1,decode,35.9338061465721,"[16.50943396226415, 100.0, 7.0754716981132075, 20.28301886792453]",15875.55078125,5014.7109375,10860.83984375,31.58763438571644,24575.99609375,363.3828125,1.4786086843186512,"[{""index"": 0, ""name"": ""NVIDIA P104-100"", ""pci_bus"": ""00000000:01:00.0"", ""pcie"": ""Gen1 x1"", ""util_pct"": 5.0, ""power_w"": 55.89, ""vram_used_mib"": 7976.0}, {""index"": 1, ""name"": ""NVIDIA P104-100"", ""pci_bus"": ""00000000:02:00.0"", ""pcie"": ""Gen1 x1"", ""util_pct"": 7.0, ""power_w"": 82.56, ""vram_used_mib"": 6582.0}, {""index"": 2, ""name"": ""NVIDIA P104-100"", ""pci_bus"": ""00000000:0A:00.0"", ""pcie"": ""Gen1 x1"", ""util_pct"": 17.0, ""power_w"": 160.24, ""vram_used_mib"": 7976.0}, {""index"": 3, ""name"": ""NVIDIA P104-100"", ""pci_bus"": ""00000000:0C:00.0"", ""pcie"": ""Gen1 x1"", ""util_pct"": 7.0, ""power_w"": 53.79, ""vram_used_mib"": 7572.0}, {""index"": 4, ""name"": ""NVIDIA P104-100"", ""pci_bus"": ""00000000:0D:00.0"", ""pcie"": ""Gen1 x1"", ""util_pct"": 15.0, ""power_w"": 51.31, ""vram_used_mib"": 7572.0}, {""index"": 5, ""name"": ""NVIDIA P104-100"", ""pci_bus"": ""00000000:0E:00.0"", ""pcie"": ""Gen1 x1"", ""util_pct"": 42.0, ""power_w"": 50.32, ""vram_used_mib"": 7796.0}]"
2026-08-16T12:26:37.643862+03:00,1786872397.643862,ctx_000512.txt,1,1,outside,0.0,"[null, null, 0.0, null]",15875.55078125,5008.12890625,10867.421875,31.546174209999112,24575.99609375,363.15234375,1.477670904425129,"[{""index"": 0, ""name"": ""NVIDIA P104-100"", ""pci_bus"": ""00000000:01:00.0"", ""pcie"": ""Gen1 x1"", ""util_pct"": 15.0, ""power_w"": 51.17, ""vram_used_mib"": 7976.0}, {""index"": 1, ""name"": ""NVIDIA P104-100"", ""pci_bus"": ""00000000:02:00.0"", ""pcie"": ""Gen1 x1"", ""util_pct"": 14.0, ""power_w"": 51.99, ""vram_used_mib"": 6582.0}, {""index"": 2, ""name"": ""NVIDIA P104-100"", ""pci_bus"": ""00000000:0A:00.0"", ""pcie"": ""Gen1 x1"", ""util_pct"": 0.0, ""power_w"": 50.81, ""vram_used_mib"": 7976.0}, {""index"": 3, ""name"": ""NVIDIA P104-100"", ""pci_bus"": ""00000000:0C:00.0"", ""pcie"": ""Gen1 x1"", ""util_pct"": 14.0, ""power_w"": 53.54, ""vram_used_mib"": 7572.0}, {""index"": 4, ""name"": ""NVIDIA P104-100"", ""pci_bus"": ""00000000:0D:00.0"", ""pcie"": ""Gen1 x1"", ""util_pct"": 0.0, ""power_w"": 50.96, ""vram_used_mib"": 7572.0}, {""index"": 5, ""name"": ""NVIDIA P104-100"", ""pci_bus"": ""00000000:0E:00.0"", ""pcie"": ""Gen1 x1"", ""util_pct"": 23.0, ""power_w"": 49.97, ""vram_used_mib"": 7796.0}]"
2026-08-16T12:26:39.784284+03:00,1786872399.784284,ctx_000512.txt,1,1,prefill,35.756154747948415,"[16.35514018691589, 9.345794392523365, 90.69767441860465, 26.760563380281692]",15875.55078125,5453.59375,10421.95703125,34.35215461274596,24575.99609375,363.11328125,1.4775119586804641,"[{""index"": 0, ""name"": ""NVIDIA P104-100"", ""pci_bus"": ""00000000:01:00.0"", ""pcie"": ""Gen1 x1"", ""util_pct"": 97.0, ""power_w"": 140.03, ""vram_used_mib"": 7976.0}, {""index"": 1, ""name"": ""NVIDIA P104-100"", ""pci_bus"": ""00000000:02:00.0"", ""pcie"": ""Gen1 x1"", ""util_pct"": 90.0, ""power_w"": 145.95, ""vram_used_mib"": 6582.0}, {""index"": 2, ""name"": ""NVIDIA P104-100"", ""pci_bus"": ""00000000:0A:00.0"", ""pcie"": ""Gen1 x1"", ""util_pct"": 97.0, ""power_w"": 163.05, ""vram_used_mib"": 7976.0}, {""index"": 3, ""name"": ""NVIDIA P104-100"", ""pci_bus"": ""00000000:0C:00.0"", ""pcie"": ""Gen1 x1"", ""util_pct"": 91.0, ""power_w"": 168.47, ""vram_used_mib"": 7572.0}, {""index"": 4, ""name"": ""NVIDIA P104-100"", ""pci_bus"": ""00000000:0D:00.0"", ""pcie"": ""Gen1 x1"", ""util_pct"": 85.0, ""power_w"": 159.51, ""vram_used_mib"": 7572.0}, {""index"": 5, ""name"": ""NVIDIA P104-100"", ""pci_bus"": ""00000000:0E:00.0"", ""pcie"": ""Gen1 x1"", ""util_pct"": 62.0, ""power_w"": 163.21, ""vram_used_mib"": 7796.0}]"
2026-08-16T12:26:41.946269+03:00,1786872401.946269,ctx_000512.txt,1,1,decode,38.443670150987224,"[15.42056074766355, 16.74418604651163, 100.0, 21.296296296296298]",15875.55078125,5484.734375,10390.81640625,34.54830922450771,24575.99609375,363.08984375,1.4774165912336654,"[{""index"": 0, ""name"": ""NVIDIA P104-100"", ""pci_bus"": ""00000000:01:00.0"", ""pcie"": ""Gen1 x1"", ""util_pct"": 0.0, ""power_w"": 51.42, ""vram_used_mib"": 7976.0}, {""index"": 1, ""name"": ""NVIDIA P104-100"", ""pci_bus"": ""00000000:02:00.0"", ""pcie"": ""Gen1 x1"", ""util_pct"": 12.0, ""power_w"": 51.91, ""vram_used_mib"": 6582.0}, {""index"": 2, ""name"": ""NVIDIA P104-100"", ""pci_bus"": ""00000000:0A:00.0"", ""pcie"": ""Gen1 x1"", ""util_pct"": 32.0, ""power_w"": 51.16, ""vram_used_mib"": 7976.0}, {""index"": 3, ""name"": ""NVIDIA P104-100"", ""pci_bus"": ""00000000:0C:00.0"", ""pcie"": ""Gen1 x1"", ""util_pct"": 30.0, ""power_w"": 53.44, ""vram_used_mib"": 7572.0}, {""index"": 4, ""name"": ""NVIDIA P104-100"", ""pci_bus"": ""00000000:0D:00.0"", ""pcie"": ""Gen1 x1"", ""util_pct"": 16.0, ""power_w"": 53.04, ""vram_used_mib"": 7572.0}, {""index"": 5, ""name"": ""NVIDIA P104-100"", ""pci_bus"": ""00000000:0E:00.0"", ""pcie"": ""Gen1 x1"", ""util_pct"": 27.0, ""power_w"": 50.33, ""vram_used_mib"": 7796.0}]"
2026-08-16T12:26:44.087829+03:00,1786872404.087829,ctx_000512.txt,1,1,decode,36.37426900584796,"[13.023255813953488, 15.42056074766355, 100.0, 17.370892018779344]",15875.55078125,5412.52734375,10463.0234375,34.09347756389358,24575.99609375,363.06640625,1.4773212237868665,"[{""index"": 0, ""name"": ""NVIDIA P104-100"", ""pci_bus"": ""00000000:01:00.0"", ""pcie"": ""Gen1 x1"", ""util_pct"": 16.0, ""power_w"": 51.33, ""vram_used_mib"": 7976.0}, {""index"": 1, ""name"": ""NVIDIA P104-100"", ""pci_bus"": ""00000000:02:00.0"", ""pcie"": ""Gen1 x1"", ""util_pct"": 15.0, ""power_w"": 52.32, ""vram_used_mib"": 6582.0}, {""index"": 2, ""name"": ""NVIDIA P104-100"", ""pci_bus"": ""00000000:0A:00.0"", ""pcie"": ""Gen1 x1"", ""util_pct"": 4.0, ""power_w"": 52.1, ""vram_used_mib"": 7976.0}, {""index"": 3, ""name"": ""NVIDIA P104-100"", ""pci_bus"": ""00000000:0C:00.0"", ""pcie"": ""Gen1 x1"", ""util_pct"": 15.0, ""power_w"": 59.65, ""vram_used_mib"": 7572.0}, {""index"": 4, ""name"": ""NVIDIA P104-100"", ""pci_bus"": ""00000000:0D:00.0"", ""pcie"": ""Gen1 x1"", ""util_pct"": 15.0, ""power_w"": 91.59, ""vram_used_mib"": 7572.0}, {""index"": 5, ""name"": ""NVIDIA P104-100"", ""pci_bus"": ""00000000:0E:00.0"", ""pcie"": ""Gen1 x1"", ""util_pct"": 24.0, ""power_w"": 149.09, ""vram_used_mib"": 7796.0}]"
2026-08-16T12:26:46.221907+03:00,1786872406.221907,ctx_000512.txt,1,1,decode,37.79342723004695,"[15.09433962264151, 20.28301886792453, 100.0, 15.023474178403756]",15875.55078125,5335.9296875,10539.62109375,33.6109893825042,24575.99609375,363.04296875,1.4772258563400675,"[{""index"": 0, ""name"": ""NVIDIA P104-100"", ""pci_bus"": ""00000000:01:00.0"", ""pcie"": ""Gen1 x1"", ""util_pct"": 17.0, ""power_w"": 42.27, ""vram_used_mib"": 7976.0}, {""index"": 1, ""name"": ""NVIDIA P104-100"", ""pci_bus"": ""00000000:02:00.0"", ""pcie"": ""Gen1 x1"", ""util_pct"": 16.0, ""power_w"": 42.6, ""vram_used_mib"": 6582.0}, {""index"": 2, ""name"": ""NVIDIA P104-100"", ""pci_bus"": ""00000000:0A:00.0"", ""pcie"": ""Gen1 x1"", ""util_pct"": 17.0, ""power_w"": 41.04, ""vram_used_mib"": 7976.0}, {""index"": 3, ""name"": ""NVIDIA P104-100"", ""pci_bus"": ""00000000:0C:00.0"", ""pcie"": ""Gen1 x1"", ""util_pct"": 16.0, ""power_w"": 44.65, ""vram_used_mib"": 7572.0}, {""index"": 4, ""name"": ""NVIDIA P104-100"", ""pci_bus"": ""00000000:0D:00.0"", ""pcie"": ""Gen1 x1"", ""util_pct"": 15.0, ""power_w"": 42.62, ""vram_used_mib"": 7572.0}, {""index"": 5, ""name"": ""NVIDIA P104-100"", ""pci_bus"": ""00000000:0E:00.0"", ""pcie"": ""Gen1 x1"", ""util_pct"": 42.0, ""power_w"": 85.2, ""vram_used_mib"": 7796.0}]"
2026-08-16T12:26:48.386552+03:00,1786872408.386552,ctx_000512.txt,1,1,decode,51.44843568945539,"[17.209302325581394, 73.27188940092167, 97.6958525345622, 16.822429906542055]",15875.55078125,5413.45703125,10462.09375,34.09933365992961,24575.99609375,362.99609375,1.4770351214464699,"[{""index"": 0, ""name"": ""NVIDIA P104-100"", ""pci_bus"": ""00000000:01:00.0"", ""pcie"": ""Gen1 x1"", ""util_pct"": 17.0, ""power_w"": 54.57, ""vram_used_mib"": 7976.0}, {""index"": 1, ""name"": ""NVIDIA P104-100"", ""pci_bus"": ""00000000:02:00.0"", ""pcie"": ""Gen1 x1"", ""util_pct"": 14.0, ""power_w"": 42.6, ""vram_used_mib"": 6582.0}, {""index"": 2, ""name"": ""NVIDIA P104-100"", ""pci_bus"": ""00000000:0A:00.0"", ""pcie"": ""Gen1 x1"", ""util_pct"": 17.0, ""power_w"": 40.73, ""vram_used_mib"": 7976.0}, {""index"": 3, ""name"": ""NVIDIA P104-100"", ""pci_bus"": ""00000000:0C:00.0"", ""pcie"": ""Gen1 x1"", ""util_pct"": 0.0, ""power_w"": 44.55, ""vram_used_mib"": 7572.0}, {""index"": 4, ""name"": ""NVIDIA P104-100"", ""pci_bus"": ""00000000:0D:00.0"", ""pcie"": ""Gen1 x1"", ""util_pct"": 16.0, ""power_w"": 42.62, ""vram_used_mib"": 7572.0}, {""index"": 5, ""name"": ""NVIDIA P104-100"", ""pci_bus"": ""00000000:0E:00.0"", ""pcie"": ""Gen1 x1"", ""util_pct"": 41.0, ""power_w"": 83.01, ""vram_used_mib"": 7796.0}]"
2026-08-16T12:26:50.508179+03:00,1786872410.508179,ctx_000512.txt,1,1,decode,39.43329397874852,"[25.238095238095237, 100.0, 15.165876777251185, 16.50943396226415]",15875.55078125,5454.140625,10421.41015625,34.35559937512011,24575.99609375,362.97265625,1.476939753999671,"[{""index"": 0, ""name"": ""NVIDIA P104-100"", ""pci_bus"": ""00000000:01:00.0"", ""pcie"": ""Gen1 x1"", ""util_pct"": 17.0, ""power_w"": 103.1, ""vram_used_mib"": 7976.0}, {""index"": 1, ""name"": ""NVIDIA P104-100"", ""pci_bus"": ""00000000:02:00.0"", ""pcie"": ""Gen1 x1"", ""util_pct"": 16.0, ""power_w"": 42.6, ""vram_used_mib"": 6582.0}, {""index"": 2, ""name"": ""NVIDIA P104-100"", ""pci_bus"": ""00000000:0A:00.0"", ""pcie"": ""Gen1 x1"", ""util_pct"": 16.0, ""power_w"": 41.0, ""vram_used_mib"": 7976.0}, {""index"": 3, ""name"": ""NVIDIA P104-100"", ""pci_bus"": ""00000000:0C:00.0"", ""pcie"": ""Gen1 x1"", ""util_pct"": 16.0, ""power_w"": 44.65, ""vram_used_mib"": 7572.0}, {""index"": 4, ""name"": ""NVIDIA P104-100"", ""pci_bus"": ""00000000:0D:00.0"", ""pcie"": ""Gen1 x1"", ""util_pct"": 16.0, ""power_w"": 42.62, ""vram_used_mib"": 7572.0}, {""index"": 5, ""name"": ""NVIDIA P104-100"", ""pci_bus"": ""00000000:0E:00.0"", ""pcie"": ""Gen1 x1"", ""util_pct"": 16.0, ""power_w"": 53.15, ""vram_used_mib"": 7796.0}]"
2026-08-16T12:26:51.612590+03:00,1786872411.612590,ctx_001024.txt,1,1,outside,50.0,"[null, null, null, null]",15875.55078125,5509.83203125,10365.71875,34.706399212035215,24575.99609375,362.80859375,1.476272181872079,"[{""index"": 0, ""name"": ""NVIDIA P104-100"", ""pci_bus"": ""00000000:01:00.0"", ""pcie"": ""Gen1 x1"", ""util_pct"": 0.0, ""power_w"": 42.03, ""vram_used_mib"": 7976.0}, {""index"": 1, ""name"": ""NVIDIA P104-100"", ""pci_bus"": ""00000000:02:00.0"", ""pcie"": ""Gen1 x1"", ""util_pct"": 14.0, ""power_w"": 42.6, ""vram_used_mib"": 6582.0}, {""index"": 2, ""name"": ""NVIDIA P104-100"", ""pci_bus"": ""00000000:0A:00.0"", ""pcie"": ""Gen1 x1"", ""util_pct"": 15.0, ""power_w"": 40.94, ""vram_used_mib"": 7976.0}, {""index"": 3, ""name"": ""NVIDIA P104-100"", ""pci_bus"": ""00000000:0C:00.0"", ""pcie"": ""Gen1 x1"", ""util_pct"": 13.0, ""power_w"": 44.65, ""vram_used_mib"": 7572.0}, {""index"": 4, ""name"": ""NVIDIA P104-100"", ""pci_bus"": ""00000000:0D:00.0"", ""pcie"": ""Gen1 x1"", ""util_pct"": 14.0, ""power_w"": 42.37, ""vram_used_mib"": 7572.0}, {""index"": 5, ""name"": ""NVIDIA P104-100"", ""pci_bus"": ""00000000:0E:00.0"", ""pcie"": ""Gen1 x1"", ""util_pct"": 19.0, ""power_w"": 50.08, ""vram_used_mib"": 7796.0}]"
2026-08-16T12:26:53.737988+03:00,1786872413.737988,ctx_001024.txt,1,1,prefill,37.544273907910274,"[15.492957746478874, 10.849056603773585, 67.29857819905213, 57.61904761904762]",15875.55078125,5700.69921875,10174.8515625,35.908670491501155,24575.99609375,362.79296875,1.476208603574213,"[{""index"": 0, ""name"": ""NVIDIA P104-100"", ""pci_bus"": ""00000000:01:00.0"", ""pcie"": ""Gen1 x1"", ""util_pct"": 93.0, ""power_w"": 168.14, ""vram_used_mib"": 7976.0}, {""index"": 1, ""name"": ""NVIDIA P104-100"", ""pci_bus"": ""00000000:02:00.0"", ""pcie"": ""Gen1 x1"", ""util_pct"": 90.0, ""power_w"": 182.64, ""vram_used_mib"": 6582.0}, {""index"": 2, ""name"": ""NVIDIA P104-100"", ""pci_bus"": ""00000000:0A:00.0"", ""pcie"": ""Gen1 x1"", ""util_pct"": 98.0, ""power_w"": 176.65, ""vram_used_mib"": 7976.0}, {""index"": 3, ""name"": ""NVIDIA P104-100"", ""pci_bus"": ""00000000:0C:00.0"", ""pcie"": ""Gen1 x1"", ""util_pct"": 90.0, ""power_w"": 175.95, ""vram_used_mib"": 7572.0}, {""index"": 4, ""name"": ""NVIDIA P104-100"", ""pci_bus"": ""00000000:0D:00.0"", ""pcie"": ""Gen1 x1"", ""util_pct"": 91.0, ""power_w"": 194.39, ""vram_used_mib"": 7572.0}, {""index"": 5, ""name"": ""NVIDIA P104-100"", ""pci_bus"": ""00000000:0E:00.0"", ""pcie"": ""Gen1 x1"", ""util_pct"": 21.0, ""power_w"": 85.89, ""vram_used_mib"": 7796.0}]"
2026-08-16T12:26:55.903023+03:00,1786872415.903023,ctx_001024.txt,1,1,prefill,42.41019698725377,"[20.930232558139537, 24.651162790697676, 23.25581395348837, 100.0]",15875.55078125,5735.95703125,10139.59375,36.13075924285107,24575.99609375,362.77734375,1.476145025276347,"[{""index"": 0, ""name"": ""NVIDIA P104-100"", ""pci_bus"": ""00000000:01:00.0"", ""pcie"": ""Gen1 x1"", ""util_pct"": 0.0, ""power_w"": 51.52, ""vram_used_mib"": 7976.0}, {""index"": 1, ""name"": ""NVIDIA P104-100"", ""pci_bus"": ""00000000:02:00.0"", ""pcie"": ""Gen1 x1"", ""util_pct"": 0.0, ""power_w"": 51.89, ""vram_used_mib"": 6582.0}, {""index"": 2, ""name"": ""NVIDIA P104-100"", ""pci_bus"": ""00000000:0A:00.0"", ""pcie"": ""Gen1 x1"", ""util_pct"": 0.0, ""power_w"": 50.18, ""vram_used_mib"": 7976.0}, {""index"": 3, ""name"": ""NVIDIA P104-100"", ""pci_bus"": ""00000000:0C:00.0"", ""pcie"": ""Gen1 x1"", ""util_pct"": 0.0, ""power_w"": 53.34, ""vram_used_mib"": 7572.0}, {""index"": 4, ""name"": ""NVIDIA P104-100"", ""pci_bus"": ""00000000:0D:00.0"", ""pcie"": ""Gen1 x1"", ""util_pct"": 0.0, ""power_w"": 51.19, ""vram_used_mib"": 7572.0}, {""index"": 5, ""name"": ""NVIDIA P104-100"", ""pci_bus"": ""00000000:0E:00.0"", ""pcie"": ""Gen1 x1"", ""util_pct"": 98.0, ""power_w"": 58.86, ""vram_used_mib"": 7796.0}]"
2026-08-16T12:26:58.025361+03:00,1786872418.025361,ctx_001024.txt,1,1,decode,36.674528301886795,"[20.85308056872038, 10.377358490566039, 15.42056074766355, 100.0]",15875.55078125,6072.90625,9802.64453125,38.253200368786416,24575.99609375,362.74609375,1.4760178686806151,"[{""index"": 0, ""name"": ""NVIDIA P104-100"", ""pci_bus"": ""00000000:01:00.0"", ""pcie"": ""Gen1 x1"", ""util_pct"": 17.0, ""power_w"": 51.42, ""vram_used_mib"": 7976.0}, {""index"": 1, ""name"": ""NVIDIA P104-100"", ""pci_bus"": ""00000000:02:00.0"", ""pcie"": ""Gen1 x1"", ""util_pct"": 0.0, ""power_w"": 52.22, ""vram_used_mib"": 6582.0}, {""index"": 2, ""name"": ""NVIDIA P104-100"", ""pci_bus"": ""00000000:0A:00.0"", ""pcie"": ""Gen1 x1"", ""util_pct"": 0.0, ""power_w"": 52.35, ""vram_used_mib"": 7976.0}, {""index"": 3, ""name"": ""NVIDIA P104-100"", ""pci_bus"": ""00000000:0C:00.0"", ""pcie"": ""Gen1 x1"", ""util_pct"": 0.0, ""power_w"": 60.84, ""vram_used_mib"": 7572.0}, {""index"": 4, ""name"": ""NVIDIA P104-100"", ""pci_bus"": ""00000000:0D:00.0"", ""pcie"": ""Gen1 x1"", ""util_pct"": 39.0, ""power_w"": 94.89, ""vram_used_mib"": 7572.0}, {""index"": 5, ""name"": ""NVIDIA P104-100"", ""pci_bus"": ""00000000:0E:00.0"", ""pcie"": ""Gen1 x1"", ""util_pct"": 49.0, ""power_w"": 142.64, ""vram_used_mib"": 7796.0}]"
2026-08-16T12:27:00.157150+03:00,1786872420.157150,ctx_001024.txt,1,1,decode,36.267605633802816,"[21.22641509433962, 14.150943396226415, 8.962264150943396, 100.0]",15875.55078125,6009.7890625,9865.76171875,37.8556255799196,24575.99609375,362.71875,1.4759066066593498,"[{""index"": 0, ""name"": ""NVIDIA P104-100"", ""pci_bus"": ""00000000:01:00.0"", ""pcie"": ""Gen1 x1"", ""util_pct"": 15.0, ""power_w"": 109.16, ""vram_used_mib"": 7976.0}, {""index"": 1, ""name"": ""NVIDIA P104-100"", ""pci_bus"": ""00000000:02:00.0"", ""pcie"": ""Gen1 x1"", ""util_pct"": 15.0, ""power_w"": 52.24, ""vram_used_mib"": 6582.0}, {""index"": 2, ""name"": ""NVIDIA P104-100"", ""pci_bus"": ""00000000:0A:00.0"", ""pcie"": ""Gen1 x1"", ""util_pct"": 17.0, ""power_w"": 50.81, ""vram_used_mib"": 7976.0}, {""index"": 3, ""name"": ""NVIDIA P104-100"", ""pci_bus"": ""00000000:0C:00.0"", ""pcie"": ""Gen1 x1"", ""util_pct"": 15.0, ""power_w"": 53.79, ""vram_used_mib"": 7572.0}, {""index"": 4, ""name"": ""NVIDIA P104-100"", ""pci_bus"": ""00000000:0D:00.0"", ""pcie"": ""Gen1 x1"", ""util_pct"": 11.0, ""power_w"": 51.65, ""vram_used_mib"": 7572.0}, {""index"": 5, ""name"": ""NVIDIA P104-100"", ""pci_bus"": ""00000000:0E:00.0"", ""pcie"": ""Gen1 x1"", ""util_pct"": 42.0, ""power_w"": 67.38, ""vram_used_mib"": 7796.0}]"
2026-08-16T12:27:02.285745+03:00,1786872422.285745,ctx_001024.txt,1,1,decode,36.160188457008246,"[9.859154929577464, 22.535211267605632, 12.67605633802817, 100.0]",15875.55078125,6034.37109375,9841.1796875,38.01046764863719,24575.99609375,362.6953125,1.475811239212551,"[{""index"": 0, ""name"": ""NVIDIA P104-100"", ""pci_bus"": ""00000000:01:00.0"", ""pcie"": ""Gen1 x1"", ""util_pct"": 17.0, ""power_w"": 57.44, ""vram_used_mib"": 7976.0}, {""index"": 1, ""name"": ""NVIDIA P104-100"", ""pci_bus"": ""00000000:02:00.0"", ""pcie"": ""Gen1 x1"", ""util_pct"": 10.0, ""power_w"": 91.0, ""vram_used_mib"": 6582.0}, {""index"": 2, ""name"": ""NVIDIA P104-100"", ""pci_bus"": ""00000000:0A:00.0"", ""pcie"": ""Gen1 x1"", ""util_pct"": 2.0, ""power_w"": 151.12, ""vram_used_mib"": 7976.0}, {""index"": 3, ""name"": ""NVIDIA P104-100"", ""pci_bus"": ""00000000:0C:00.0"", ""pcie"": ""Gen1 x1"", ""util_pct"": 15.0, ""power_w"": 53.79, ""vram_used_mib"": 7572.0}, {""index"": 4, ""name"": ""NVIDIA P104-100"", ""pci_bus"": ""00000000:0D:00.0"", ""pcie"": ""Gen1 x1"", ""util_pct"": 15.0, ""power_w"": 51.56, ""vram_used_mib"": 7572.0}, {""index"": 5, ""name"": ""NVIDIA P104-100"", ""pci_bus"": ""00000000:0E:00.0"", ""pcie"": ""Gen1 x1"", ""util_pct"": 20.0, ""power_w"": 51.16, ""vram_used_mib"": 7796.0}]"
2026-08-16T12:27:04.404912+03:00,1786872424.404912,ctx_001024.txt,1,1,decode,35.9338061465721,"[13.679245283018869, 18.009478672985782, 11.79245283018868, 99.52830188679245]",15875.55078125,6015.80078125,9859.75,37.8934933605896,24575.99609375,362.6640625,1.4756840826168192,"[{""index"": 0, ""name"": ""NVIDIA P104-100"", ""pci_bus"": ""00000000:01:00.0"", ""pcie"": ""Gen1 x1"", ""util_pct"": 11.0, ""power_w"": 51.41, ""vram_used_mib"": 7976.0}, {""index"": 1, ""name"": ""NVIDIA P104-100"", ""pci_bus"": ""00000000:02:00.0"", ""pcie"": ""Gen1 x1"", ""util_pct"": 14.0, ""power_w"": 52.8, ""vram_used_mib"": 6582.0}, {""index"": 2, ""name"": ""NVIDIA P104-100"", ""pci_bus"": ""00000000:0A:00.0"", ""pcie"": ""Gen1 x1"", ""util_pct"": 17.0, ""power_w"": 54.38, ""vram_used_mib"": 7976.0}, {""index"": 3, ""name"": ""NVIDIA P104-100"", ""pci_bus"": ""00000000:0C:00.0"", ""pcie"": ""Gen1 x1"", ""util_pct"": 15.0, ""power_w"": 73.47, ""vram_used_mib"": 7572.0}, {""index"": 4, ""name"": ""NVIDIA P104-100"", ""pci_bus"": ""00000000:0D:00.0"", ""pcie"": ""Gen1 x1"", ""util_pct"": 15.0, ""power_w"": 169.77, ""vram_used_mib"": 7572.0}, {""index"": 5, ""name"": ""NVIDIA P104-100"", ""pci_bus"": ""00000000:0E:00.0"", ""pcie"": ""Gen1 x1"", ""util_pct"": 42.0, ""power_w"": 65.19, ""vram_used_mib"": 7796.0}]"
2026-08-16T12:27:06.524301+03:00,1786872426.524301,ctx_001024.txt,1,1,decode,35.8913813459268,"[13.80952380952381, 12.264150943396226, 17.53554502369668, 99.52830188679245]",15875.55078125,5978.30078125,9897.25,37.657281083505715,24575.99609375,362.640625,1.4755887151700202,"[{""index"": 0, ""name"": ""NVIDIA P104-100"", ""pci_bus"": ""00000000:01:00.0"", ""pcie"": ""Gen1 x1"", ""util_pct"": 17.0, ""power_w"": 51.42, ""vram_used_mib"": 7976.0}, {""index"": 1, ""name"": ""NVIDIA P104-100"", ""pci_bus"": ""00000000:02:00.0"", ""pcie"": ""Gen1 x1"", ""util_pct"": 15.0, ""power_w"": 52.24, ""vram_used_mib"": 6582.0}, {""index"": 2, ""name"": ""NVIDIA P104-100"", ""pci_bus"": ""00000000:0A:00.0"", ""pcie"": ""Gen1 x1"", ""util_pct"": 17.0, ""power_w"": 51.16, ""vram_used_mib"": 7976.0}, {""index"": 3, ""name"": ""NVIDIA P104-100"", ""pci_bus"": ""00000000:0C:00.0"", ""pcie"": ""Gen1 x1"", ""util_pct"": 15.0, ""power_w"": 54.03, ""vram_used_mib"": 7572.0}, {""index"": 4, ""name"": ""NVIDIA P104-100"", ""pci_bus"": ""00000000:0D:00.0"", ""pcie"": ""Gen1 x1"", ""util_pct"": 5.0, ""power_w"": 52.43, ""vram_used_mib"": 7572.0}, {""index"": 5, ""name"": ""NVIDIA P104-100"", ""pci_bus"": ""00000000:0E:00.0"", ""pcie"": ""Gen1 x1"", ""util_pct"": 20.0, ""power_w"": 145.42, ""vram_used_mib"": 7796.0}]"
2026-08-16T12:27:08.648239+03:00,1786872428.648239,ctx_001024.txt,1,1,decode,36.08490566037736,"[11.737089201877934, 14.150943396226415, 18.009478672985782, 100.0]",15875.55078125,5945.52734375,9930.0234375,37.450841395512604,24575.99609375,362.61328125,1.475477453148755,"[{""index"": 0, ""name"": ""NVIDIA P104-100"", ""pci_bus"": ""00000000:01:00.0"", ""pcie"": ""Gen1 x1"", ""util_pct"": 15.0, ""power_w"": 97.74, ""vram_used_mib"": 7976.0}, {""index"": 1, ""name"": ""NVIDIA P104-100"", ""pci_bus"": ""00000000:02:00.0"", ""pcie"": ""Gen1 x1"", ""util_pct"": 1.0, ""power_w"": 117.33, ""vram_used_mib"": 6582.0}, {""index"": 2, ""name"": ""NVIDIA P104-100"", ""pci_bus"": ""00000000:0A:00.0"", ""pcie"": ""Gen1 x1"", ""util_pct"": 17.0, ""power_w"": 51.55, ""vram_used_mib"": 7976.0}, {""index"": 3, ""name"": ""NVIDIA P104-100"", ""pci_bus"": ""00000000:0C:00.0"", ""pcie"": ""Gen1 x1"", ""util_pct"": 5.0, ""power_w"": 54.0, ""vram_used_mib"": 7572.0}, {""index"": 4, ""name"": ""NVIDIA P104-100"", ""pci_bus"": ""00000000:0D:00.0"", ""pcie"": ""Gen1 x1"", ""util_pct"": 15.0, ""power_w"": 51.52, ""vram_used_mib"": 7572.0}, {""index"": 5, ""name"": ""NVIDIA P104-100"", ""pci_bus"": ""00000000:0E:00.0"", ""pcie"": ""Gen1 x1"", ""util_pct"": 35.0, ""power_w"": 53.62, ""vram_used_mib"": 7796.0}]"
2026-08-16T12:27:09.011328+03:00,1786872429.011328,ctx_002048.txt,1,1,outside,100.0,"[null, null, 100.0, null]",15875.55078125,5949.27734375,9926.2734375,37.474462623220994,24575.99609375,362.49609375,1.4750006159147606,"[{""index"": 0, ""name"": ""NVIDIA P104-100"", ""pci_bus"": ""00000000:01:00.0"", ""pcie"": ""Gen1 x1"", ""util_pct"": 0.0, ""power_w"": 51.42, ""vram_used_mib"": 7976.0}, {""index"": 1, ""name"": ""NVIDIA P104-100"", ""pci_bus"": ""00000000:02:00.0"", ""pcie"": ""Gen1 x1"", ""util_pct"": 11.0, ""power_w"": 52.34, ""vram_used_mib"": 6582.0}, {""index"": 2, ""name"": ""NVIDIA P104-100"", ""pci_bus"": ""00000000:0A:00.0"", ""pcie"": ""Gen1 x1"", ""util_pct"": 14.0, ""power_w"": 51.16, ""vram_used_mib"": 7976.0}, {""index"": 3, ""name"": ""NVIDIA P104-100"", ""pci_bus"": ""00000000:0C:00.0"", ""pcie"": ""Gen1 x1"", ""util_pct"": 13.0, ""power_w"": 53.79, ""vram_used_mib"": 7572.0}, {""index"": 4, ""name"": ""NVIDIA P104-100"", ""pci_bus"": ""00000000:0D:00.0"", ""pcie"": ""Gen1 x1"", ""util_pct"": 13.0, ""power_w"": 51.31, ""vram_used_mib"": 7572.0}, {""index"": 5, ""name"": ""NVIDIA P104-100"", ""pci_bus"": ""00000000:0E:00.0"", ""pcie"": ""Gen1 x1"", ""util_pct"": 16.0, ""power_w"": 50.81, ""vram_used_mib"": 7796.0}]"
2026-08-16T12:27:11.163416+03:00,1786872431.163416,ctx_002048.txt,1,1,prefill,40.84014002333722,"[11.627906976744185, 92.5233644859813, 36.111111111111114, 23.004694835680752]",15875.55078125,6414.25,9461.30078125,40.40332262094253,24575.99609375,362.46484375,1.4748734593190287,"[{""index"": 0, ""name"": ""NVIDIA P104-100"", ""pci_bus"": ""00000000:01:00.0"", ""pcie"": ""Gen1 x1"", ""util_pct"": 0.0, ""power_w"": 51.17, ""vram_used_mib"": 7976.0}, {""index"": 1, ""name"": ""NVIDIA P104-100"", ""pci_bus"": ""00000000:02:00.0"", ""pcie"": ""Gen1 x1"", ""util_pct"": 0.0, ""power_w"": 52.34, ""vram_used_mib"": 6582.0}, {""index"": 2, ""name"": ""NVIDIA P104-100"", ""pci_bus"": ""00000000:0A:00.0"", ""pcie"": ""Gen1 x1"", ""util_pct"": 0.0, ""power_w"": 51.16, ""vram_used_mib"": 7976.0}, {""index"": 3, ""name"": ""NVIDIA P104-100"", ""pci_bus"": ""00000000:0C:00.0"", ""pcie"": ""Gen1 x1"", ""util_pct"": 0.0, ""power_w"": 52.45, ""vram_used_mib"": 7572.0}, {""index"": 4, ""name"": ""NVIDIA P104-100"", ""pci_bus"": ""00000000:0D:00.0"", ""pcie"": ""Gen1 x1"", ""util_pct"": 0.0, ""power_w"": 51.8, ""vram_used_mib"": 7572.0}, {""index"": 5, ""name"": ""NVIDIA P104-100"", ""pci_bus"": ""00000000:0E:00.0"", ""pcie"": ""Gen1 x1"", ""util_pct"": 9.0, ""power_w"": 50.57, ""vram_used_mib"": 7796.0}]"
2026-08-16T12:27:13.491023+03:00,1786872433.491023,ctx_002048.txt,1,1,prefill,46.33620689655172,"[27.155172413793103, 81.62393162393163, 52.38095238095238, 24.242424242424242]",15875.55078125,6446.875,9428.67578125,40.608827302005515,24575.99609375,362.4609375,1.4748575647445623,"[{""index"": 0, ""name"": ""NVIDIA P104-100"", ""pci_bus"": ""00000000:01:00.0"", ""pcie"": ""Gen1 x1"", ""util_pct"": 97.0, ""power_w"": 162.36, ""vram_used_mib"": 7976.0}, {""index"": 1, ""name"": ""NVIDIA P104-100"", ""pci_bus"": ""00000000:02:00.0"", ""pcie"": ""Gen1 x1"", ""util_pct"": 90.0, ""power_w"": 164.32, ""vram_used_mib"": 6582.0}, {""index"": 2, ""name"": ""NVIDIA P104-100"", ""pci_bus"": ""00000000:0A:00.0"", ""pcie"": ""Gen1 x1"", ""util_pct"": 97.0, ""power_w"": 173.84, ""vram_used_mib"": 7976.0}, {""index"": 3, ""name"": ""NVIDIA P104-100"", ""pci_bus"": ""00000000:0C:00.0"", ""pcie"": ""Gen1 x1"", ""util_pct"": 91.0, ""power_w"": 181.27, ""vram_used_mib"": 7572.0}, {""index"": 4, ""name"": ""NVIDIA P104-100"", ""pci_bus"": ""00000000:0D:00.0"", ""pcie"": ""Gen1 x1"", ""util_pct"": 91.0, ""power_w"": 180.11, ""vram_used_mib"": 7572.0}, {""index"": 5, ""name"": ""NVIDIA P104-100"", ""pci_bus"": ""00000000:0E:00.0"", ""pcie"": ""Gen1 x1"", ""util_pct"": 62.0, ""power_w"": 102.35, ""vram_used_mib"": 7796.0}]"
2026-08-16T12:27:15.652142+03:00,1786872435.652142,ctx_002048.txt,1,1,prefill,44.84356894553882,"[28.372093023255815, 100.0, 23.963133640552996, 26.976744186046513]",15875.55078125,6453.3671875,9422.18359375,40.64972155247566,24575.99609375,362.4453125,1.4747939864466963,"[{""index"": 0, ""name"": ""NVIDIA P104-100"", ""pci_bus"": ""00000000:01:00.0"", ""pcie"": ""Gen1 x1"", ""util_pct"": 97.0, ""power_w"": 170.4, ""vram_used_mib"": 7976.0}, {""index"": 1, ""name"": ""NVIDIA P104-100"", ""pci_bus"": ""00000000:02:00.0"", ""pcie"": ""Gen1 x1"", ""util_pct"": 89.0, ""power_w"": 186.03, ""vram_used_mib"": 6582.0}, {""index"": 2, ""name"": ""NVIDIA P104-100"", ""pci_bus"": ""00000000:0A:00.0"", ""pcie"": ""Gen1 x1"", ""util_pct"": 98.0, ""power_w"": 183.84, ""vram_used_mib"": 7976.0}, {""index"": 3, ""name"": ""NVIDIA P104-100"", ""pci_bus"": ""00000000:0C:00.0"", ""pcie"": ""Gen1 x1"", ""util_pct"": 92.0, ""power_w"": 148.36, ""vram_used_mib"": 7572.0}, {""index"": 4, ""name"": ""NVIDIA P104-100"", ""pci_bus"": ""00000000:0D:00.0"", ""pcie"": ""Gen1 x1"", ""util_pct"": 92.0, ""power_w"": 143.33, ""vram_used_mib"": 7572.0}, {""index"": 5, ""name"": ""NVIDIA P104-100"", ""pci_bus"": ""00000000:0E:00.0"", ""pcie"": ""Gen1 x1"", ""util_pct"": 63.0, ""power_w"": 157.01, ""vram_used_mib"": 7796.0}]"
2026-08-16T12:27:17.861891+03:00,1786872437.861891,ctx_002048.txt,1,1,prefill,37.981859410430836,"[12.32876712328767, 100.0, 22.727272727272727, 15.83710407239819]",15875.55078125,6462.828125,9412.72265625,40.70931594154829,24575.99609375,362.44140625,1.47477809187223,"[{""index"": 0, ""name"": ""NVIDIA P104-100"", ""pci_bus"": ""00000000:01:00.0"", ""pcie"": ""Gen1 x1"", ""util_pct"": 0.0, ""power_w"": 51.52, ""vram_used_mib"": 7976.0}, {""index"": 1, ""name"": ""NVIDIA P104-100"", ""pci_bus"": ""00000000:02:00.0"", ""pcie"": ""Gen1 x1"", ""util_pct"": 0.0, ""power_w"": 52.34, ""vram_used_mib"": 6582.0}, {""index"": 2, ""name"": ""NVIDIA P104-100"", ""pci_bus"": ""00000000:0A:00.0"", ""pcie"": ""Gen1 x1"", ""util_pct"": 0.0, ""power_w"": 51.26, ""vram_used_mib"": 7976.0}, {""index"": 3, ""name"": ""NVIDIA P104-100"", ""pci_bus"": ""00000000:0C:00.0"", ""pcie"": ""Gen1 x1"", ""util_pct"": 72.0, ""power_w"": 53.88, ""vram_used_mib"": 7572.0}, {""index"": 4, ""name"": ""NVIDIA P104-100"", ""pci_bus"": ""00000000:0D:00.0"", ""pcie"": ""Gen1 x1"", ""util_pct"": 72.0, ""power_w"": 53.12, ""vram_used_mib"": 7572.0}, {""index"": 5, ""name"": ""NVIDIA P104-100"", ""pci_bus"": ""00000000:0E:00.0"", ""pcie"": ""Gen1 x1"", ""util_pct"": 0.0, ""power_w"": 50.81, ""vram_used_mib"": 7796.0}]"
2026-08-16T12:27:19.995572+03:00,1786872439.995572,ctx_002048.txt,1,1,decode,36.502347417840376,"[23.364485981308412, 100.0, 7.042253521126761, 15.566037735849056]",15875.55078125,6491.8984375,9383.65234375,40.892429667179364,24575.99609375,362.421875,1.4746986189998974,"[{""index"": 0, ""name"": ""NVIDIA P104-100"", ""pci_bus"": ""00000000:01:00.0"", ""pcie"": ""Gen1 x1"", ""util_pct"": 17.0, ""power_w"": 99.04, ""vram_used_mib"": 7976.0}, {""index"": 1, ""name"": ""NVIDIA P104-100"", ""pci_bus"": ""00000000:02:00.0"", ""pcie"": ""Gen1 x1"", ""util_pct"": 15.0, ""power_w"": 140.63, ""vram_used_mib"": 6582.0}, {""index"": 2, ""name"": ""NVIDIA P104-100"", ""pci_bus"": ""00000000:0A:00.0"", ""pcie"": ""Gen1 x1"", ""util_pct"": 17.0, ""power_w"": 51.53, ""vram_used_mib"": 7976.0}, {""index"": 3, ""name"": ""NVIDIA P104-100"", ""pci_bus"": ""00000000:0C:00.0"", ""pcie"": ""Gen1 x1"", ""util_pct"": 15.0, ""power_w"": 54.1, ""vram_used_mib"": 7572.0}, {""index"": 4, ""name"": ""NVIDIA P104-100"", ""pci_bus"": ""00000000:0D:00.0"", ""pcie"": ""Gen1 x1"", ""util_pct"": 15.0, ""power_w"": 53.71, ""vram_used_mib"": 7572.0}, {""index"": 5, ""name"": ""NVIDIA P104-100"", ""pci_bus"": ""00000000:0E:00.0"", ""pcie"": ""Gen1 x1"", ""util_pct"": 18.0, ""power_w"": 52.42, ""vram_used_mib"": 7796.0}]"
2026-08-16T12:27:22.115609+03:00,1786872442.115609,ctx_002048.txt,1,1,decode,36.094674556213015,"[16.113744075829384, 100.0, 10.90047393364929, 17.53554502369668]",15875.55078125,6526.68359375,9348.8671875,41.1115411596202,24575.99609375,362.41015625,1.474650935276498,"[{""index"": 0, ""name"": ""NVIDIA P104-100"", ""pci_bus"": ""00000000:01:00.0"", ""pcie"": ""Gen1 x1"", ""util_pct"": 0.0, ""power_w"": 55.44, ""vram_used_mib"": 7976.0}, {""index"": 1, ""name"": ""NVIDIA P104-100"", ""pci_bus"": ""00000000:02:00.0"", ""pcie"": ""Gen1 x1"", ""util_pct"": 13.0, ""power_w"": 77.61, ""vram_used_mib"": 6582.0}, {""index"": 2, ""name"": ""NVIDIA P104-100"", ""pci_bus"": ""00000000:0A:00.0"", ""pcie"": ""Gen1 x1"", ""util_pct"": 17.0, ""power_w"": 165.02, ""vram_used_mib"": 7976.0}, {""index"": 3, ""name"": ""NVIDIA P104-100"", ""pci_bus"": ""00000000:0C:00.0"", ""pcie"": ""Gen1 x1"", ""util_pct"": 15.0, ""power_w"": 54.22, ""vram_used_mib"": 7572.0}, {""index"": 4, ""name"": ""NVIDIA P104-100"", ""pci_bus"": ""00000000:0D:00.0"", ""pcie"": ""Gen1 x1"", ""util_pct"": 15.0, ""power_w"": 53.49, ""vram_used_mib"": 7572.0}, {""index"": 5, ""name"": ""NVIDIA P104-100"", ""pci_bus"": ""00000000:0E:00.0"", ""pcie"": ""Gen1 x1"", ""util_pct"": 42.0, ""power_w"": 51.16, ""vram_used_mib"": 7796.0}]"
2026-08-16T12:27:24.234390+03:00,1786872444.234390,ctx_002048.txt,1,1,decode,36.00944510035419,"[10.0, 100.0, 13.615023474178404, 20.28301886792453]",15875.55078125,6501.2734375,9374.27734375,40.95148273645034,24575.99609375,362.3828125,1.4745396732552327,"[{""index"": 0, ""name"": ""NVIDIA P104-100"", ""pci_bus"": ""00000000:01:00.0"", ""pcie"": ""Gen1 x1"", ""util_pct"": 17.0, ""power_w"": 52.07, ""vram_used_mib"": 7976.0}, {""index"": 1, ""name"": ""NVIDIA P104-100"", ""pci_bus"": ""00000000:02:00.0"", ""pcie"": ""Gen1 x1"", ""util_pct"": 15.0, ""power_w"": 54.67, ""vram_used_mib"": 6582.0}, {""index"": 2, ""name"": ""NVIDIA P104-100"", ""pci_bus"": ""00000000:0A:00.0"", ""pcie"": ""Gen1 x1"", ""util_pct"": 0.0, ""power_w"": 66.65, ""vram_used_mib"": 7976.0}, {""index"": 3, ""name"": ""NVIDIA P104-100"", ""pci_bus"": ""00000000:0C:00.0"", ""pcie"": ""Gen1 x1"", ""util_pct"": 15.0, ""power_w"": 148.05, ""vram_used_mib"": 7572.0}, {""index"": 4, ""name"": ""NVIDIA P104-100"", ""pci_bus"": ""00000000:0D:00.0"", ""pcie"": ""Gen1 x1"", ""util_pct"": 15.0, ""power_w"": 103.27, ""vram_used_mib"": 7572.0}, {""index"": 5, ""name"": ""NVIDIA P104-100"", ""pci_bus"": ""00000000:0E:00.0"", ""pcie"": ""Gen1 x1"", ""util_pct"": 33.0, ""power_w"": 50.87, ""vram_used_mib"": 7796.0}]"
2026-08-16T12:27:26.352950+03:00,1786872446.352950,ctx_002048.txt,1,1,decode,36.094674556213015,"[20.187793427230048, 100.0, 20.952380952380953, 3.3175355450236967]",15875.55078125,6481.83984375,9393.7109375,40.829070644940714,24575.99609375,362.37890625,1.4745237786807661,"[{""index"": 0, ""name"": ""NVIDIA P104-100"", ""pci_bus"": ""00000000:01:00.0"", ""pcie"": ""Gen1 x1"", ""util_pct"": 2.0, ""power_w"": 51.76, ""vram_used_mib"": 7976.0}, {""index"": 1, ""name"": ""NVIDIA P104-100"", ""pci_bus"": ""00000000:02:00.0"", ""pcie"": ""Gen1 x1"", ""util_pct"": 10.0, ""power_w"": 52.9, ""vram_used_mib"": 6582.0}, {""index"": 2, ""name"": ""NVIDIA P104-100"", ""pci_bus"": ""00000000:0A:00.0"", ""pcie"": ""Gen1 x1"", ""util_pct"": 17.0, ""power_w"": 53.54, ""vram_used_mib"": 7976.0}, {""index"": 3, ""name"": ""NVIDIA P104-100"", ""pci_bus"": ""00000000:0C:00.0"", ""pcie"": ""Gen1 x1"", ""util_pct"": 15.0, ""power_w"": 66.14, ""vram_used_mib"": 7572.0}, {""index"": 4, ""name"": ""NVIDIA P104-100"", ""pci_bus"": ""00000000:0D:00.0"", ""pcie"": ""Gen1 x1"", ""util_pct"": 15.0, ""power_w"": 130.36, ""vram_used_mib"": 7572.0}, {""index"": 5, ""name"": ""NVIDIA P104-100"", ""pci_bus"": ""00000000:0E:00.0"", ""pcie"": ""Gen1 x1"", ""util_pct"": 42.0, ""power_w"": 116.09, ""vram_used_mib"": 7796.0}]"
2026-08-16T12:27:27.132030+03:00,1786872447.132030,ctx_004096.txt,1,1,outside,100.0,"[null, null, null, null]",15875.55078125,6481.07421875,9394.4765625,40.82424797761692,24575.99609375,362.2421875,1.4739674685744395,"[{""index"": 0, ""name"": ""NVIDIA P104-100"", ""pci_bus"": ""00000000:01:00.0"", ""pcie"": ""Gen1 x1"", ""util_pct"": 0.0, ""power_w"": 51.42, ""vram_used_mib"": 7976.0}, {""index"": 1, ""name"": ""NVIDIA P104-100"", ""pci_bus"": ""00000000:02:00.0"", ""pcie"": ""Gen1 x1"", ""util_pct"": 9.0, ""power_w"": 52.68, ""vram_used_mib"": 6582.0}, {""index"": 2, ""name"": ""NVIDIA P104-100"", ""pci_bus"": ""00000000:0A:00.0"", ""pcie"": ""Gen1 x1"", ""util_pct"": 17.0, ""power_w"": 51.51, ""vram_used_mib"": 7976.0}, {""index"": 3, ""name"": ""NVIDIA P104-100"", ""pci_bus"": ""00000000:0C:00.0"", ""pcie"": ""Gen1 x1"", ""util_pct"": 15.0, ""power_w"": 54.13, ""vram_used_mib"": 7572.0}, {""index"": 4, ""name"": ""NVIDIA P104-100"", ""pci_bus"": ""00000000:0D:00.0"", ""pcie"": ""Gen1 x1"", ""util_pct"": 15.0, ""power_w"": 53.39, ""vram_used_mib"": 7572.0}, {""index"": 5, ""name"": ""NVIDIA P104-100"", ""pci_bus"": ""00000000:0E:00.0"", ""pcie"": ""Gen1 x1"", ""util_pct"": 27.0, ""power_w"": 50.91, ""vram_used_mib"": 7796.0}]"
2026-08-16T12:27:29.250221+03:00,1786872449.250221,ctx_004096.txt,1,1,prefill,36.33136094674556,"[22.857142857142858, 12.264150943396226, 98.12206572769954, 11.848341232227488]",15875.55078125,7073.984375,8801.56640625,44.558985527322996,24575.99609375,362.21875,1.4738721011276406,"[{""index"": 0, ""name"": ""NVIDIA P104-100"", ""pci_bus"": ""00000000:01:00.0"", ""pcie"": ""Gen1 x1"", ""util_pct"": 0.0, ""power_w"": 51.52, ""vram_used_mib"": 7976.0}, {""index"": 1, ""name"": ""NVIDIA P104-100"", ""pci_bus"": ""00000000:02:00.0"", ""pcie"": ""Gen1 x1"", ""util_pct"": 23.0, ""power_w"": 52.68, ""vram_used_mib"": 6582.0}, {""index"": 2, ""name"": ""NVIDIA P104-100"", ""pci_bus"": ""00000000:0A:00.0"", ""pcie"": ""Gen1 x1"", ""util_pct"": 32.0, ""power_w"": 51.26, ""vram_used_mib"": 7976.0}, {""index"": 3, ""name"": ""NVIDIA P104-100"", ""pci_bus"": ""00000000:0C:00.0"", ""pcie"": ""Gen1 x1"", ""util_pct"": 30.0, ""power_w"": 54.48, ""vram_used_mib"": 7572.0}, {""index"": 4, ""name"": ""NVIDIA P104-100"", ""pci_bus"": ""00000000:0D:00.0"", ""pcie"": ""Gen1 x1"", ""util_pct"": 0.0, ""power_w"": 66.88, ""vram_used_mib"": 7572.0}, {""index"": 5, ""name"": ""NVIDIA P104-100"", ""pci_bus"": ""00000000:0E:00.0"", ""pcie"": ""Gen1 x1"", ""util_pct"": 3.0, ""power_w"": 166.79, ""vram_used_mib"": 7796.0}]"
2026-08-16T12:27:31.388347+03:00,1786872451.388347,ctx_004096.txt,1,1,prefill,38.77790834312574,"[18.779342723004696, 27.830188679245282, 91.50943396226415, 17.209302325581394]",15875.55078125,7018.8671875,8856.68359375,44.21180269090073,24575.99609375,362.2109375,1.4738403119787076,"[{""index"": 0, ""name"": ""NVIDIA P104-100"", ""pci_bus"": ""00000000:01:00.0"", ""pcie"": ""Gen1 x1"", ""util_pct"": 97.0, ""power_w"": 168.96, ""vram_used_mib"": 7976.0}, {""index"": 1, ""name"": ""NVIDIA P104-100"", ""pci_bus"": ""00000000:02:00.0"", ""pcie"": ""Gen1 x1"", ""util_pct"": 90.0, ""power_w"": 185.94, ""vram_used_mib"": 6582.0}, {""index"": 2, ""name"": ""NVIDIA P104-100"", ""pci_bus"": ""00000000:0A:00.0"", ""pcie"": ""Gen1 x1"", ""util_pct"": 97.0, ""power_w"": 179.59, ""vram_used_mib"": 7976.0}, {""index"": 3, ""name"": ""NVIDIA P104-100"", ""pci_bus"": ""00000000:0C:00.0"", ""pcie"": ""Gen1 x1"", ""util_pct"": 91.0, ""power_w"": 141.42, ""vram_used_mib"": 7572.0}, {""index"": 4, ""name"": ""NVIDIA P104-100"", ""pci_bus"": ""00000000:0D:00.0"", ""pcie"": ""Gen1 x1"", ""util_pct"": 91.0, ""power_w"": 106.28, ""vram_used_mib"": 7572.0}, {""index"": 5, ""name"": ""NVIDIA P104-100"", ""pci_bus"": ""00000000:0E:00.0"", ""pcie"": ""Gen1 x1"", ""util_pct"": 61.0, ""power_w"": 109.37, ""vram_used_mib"": 7796.0}]"
2026-08-16T12:27:33.548106+03:00,1786872453.548106,ctx_004096.txt,1,1,prefill,45.116279069767444,"[25.462962962962962, 25.11627906976744, 100.0, 29.577464788732396]",15875.55078125,6990.70703125,8884.84375,44.03442203407805,24575.99609375,362.19921875,1.4737926282553082,"[{""index"": 0, ""name"": ""NVIDIA P104-100"", ""pci_bus"": ""00000000:01:00.0"", ""pcie"": ""Gen1 x1"", ""util_pct"": 97.0, ""power_w"": 114.4, ""vram_used_mib"": 7976.0}, {""index"": 1, ""name"": ""NVIDIA P104-100"", ""pci_bus"": ""00000000:02:00.0"", ""pcie"": ""Gen1 x1"", ""util_pct"": 91.0, ""power_w"": 162.18, ""vram_used_mib"": 6582.0}, {""index"": 2, ""name"": ""NVIDIA P104-100"", ""pci_bus"": ""00000000:0A:00.0"", ""pcie"": ""Gen1 x1"", ""util_pct"": 98.0, ""power_w"": 141.22, ""vram_used_mib"": 7976.0}, {""index"": 3, ""name"": ""NVIDIA P104-100"", ""pci_bus"": ""00000000:0C:00.0"", ""pcie"": ""Gen1 x1"", ""util_pct"": 91.0, ""power_w"": 151.83, ""vram_used_mib"": 7572.0}, {""index"": 4, ""name"": ""NVIDIA P104-100"", ""pci_bus"": ""00000000:0D:00.0"", ""pcie"": ""Gen1 x1"", ""util_pct"": 92.0, ""power_w"": 164.76, ""vram_used_mib"": 7572.0}, {""index"": 5, ""name"": ""NVIDIA P104-100"", ""pci_bus"": ""00000000:0E:00.0"", ""pcie"": ""Gen1 x1"", ""util_pct"": 65.0, ""power_w"": 160.66, ""vram_used_mib"": 7796.0}]"
2026-08-16T12:27:37.075601+03:00,1786872457.075601,ctx_004096.txt,1,1,prefill,51.10320284697509,"[28.571428571428573, 98.30028328611898, 54.98575498575499, 22.285714285714285]",15875.55078125,6886.07421875,8989.4765625,43.37534057012294,24575.99609375,362.19140625,1.4737608391063752,"[{""index"": 0, ""name"": ""NVIDIA P104-100"", ""pci_bus"": ""00000000:01:00.0"", ""pcie"": ""Gen1 x1"", ""util_pct"": 97.0, ""power_w"": 135.6, ""vram_used_mib"": 7976.0}, {""index"": 1, ""name"": ""NVIDIA P104-100"", ""pci_bus"": ""00000000:02:00.0"", ""pcie"": ""Gen1 x1"", ""util_pct"": 90.0, ""power_w"": 149.99, ""vram_used_mib"": 6582.0}, {""index"": 2, ""name"": ""NVIDIA P104-100"", ""pci_bus"": ""00000000:0A:00.0"", ""pcie"": ""Gen1 x1"", ""util_pct"": 98.0, ""power_w"": 168.71, ""vram_used_mib"": 7976.0}, {""index"": 3, ""name"": ""NVIDIA P104-100"", ""pci_bus"": ""00000000:0C:00.0"", ""pcie"": ""Gen1 x1"", ""util_pct"": 91.0, ""power_w"": 163.13, ""vram_used_mib"": 7572.0}, {""index"": 4, ""name"": ""NVIDIA P104-100"", ""pci_bus"": ""00000000:0D:00.0"", ""pcie"": ""Gen1 x1"", ""util_pct"": 94.0, ""power_w"": 189.48, ""vram_used_mib"": 7572.0}, {""index"": 5, ""name"": ""NVIDIA P104-100"", ""pci_bus"": ""00000000:0E:00.0"", ""pcie"": ""Gen1 x1"", ""util_pct"": 65.0, ""power_w"": 89.01, ""vram_used_mib"": 7796.0}]"
2026-08-16T12:27:39.256244+03:00,1786872459.256244,ctx_004096.txt,1,1,prefill,38.69115958668198,"[13.302752293577981, 100.0, 19.724770642201836, 22.01834862385321]",15875.55078125,6918.55859375,8956.9921875,43.579959455146856,24575.99609375,362.1875,1.4737449445319089,"[{""index"": 0, ""name"": ""NVIDIA P104-100"", ""pci_bus"": ""00000000:01:00.0"", ""pcie"": ""Gen1 x1"", ""util_pct"": 0.0, ""power_w"": 51.77, ""vram_used_mib"": 7976.0}, {""index"": 1, ""name"": ""NVIDIA P104-100"", ""pci_bus"": ""00000000:02:00.0"", ""pcie"": ""Gen1 x1"", ""util_pct"": 0.0, ""power_w"": 53.47, ""vram_used_mib"": 6582.0}, {""index"": 2, ""name"": ""NVIDIA P104-100"", ""pci_bus"": ""00000000:0A:00.0"", ""pcie"": ""Gen1 x1"", ""util_pct"": 0.0, ""power_w"": 50.37, ""vram_used_mib"": 7976.0}, {""index"": 3, ""name"": ""NVIDIA P104-100"", ""pci_bus"": ""00000000:0C:00.0"", ""pcie"": ""Gen1 x1"", ""util_pct"": 0.0, ""power_w"": 52.28, ""vram_used_mib"": 7572.0}, {""index"": 4, ""name"": ""NVIDIA P104-100"", ""pci_bus"": ""00000000:0D:00.0"", ""pcie"": ""Gen1 x1"", ""util_pct"": 0.0, ""power_w"": 51.87, ""vram_used_mib"": 7572.0}, {""index"": 5, ""name"": ""NVIDIA P104-100"", ""pci_bus"": ""00000000:0E:00.0"", ""pcie"": ""Gen1 x1"", ""util_pct"": 98.0, ""power_w"": 102.8, ""vram_used_mib"": 7796.0}]"
2026-08-16T12:27:41.397948+03:00,1786872461.397948,ctx_004096.txt,1,1,decode,37.587822014051525,"[11.267605633802816, 100.0, 21.5962441314554, 16.50943396226415]",15875.55078125,7008.41796875,8867.1328125,44.14598312410913,24575.99609375,362.140625,1.473554209638311,"[{""index"": 0, ""name"": ""NVIDIA P104-100"", ""pci_bus"": ""00000000:01:00.0"", ""pcie"": ""Gen1 x1"", ""util_pct"": 0.0, ""power_w"": 54.95, ""vram_used_mib"": 7976.0}, {""index"": 1, ""name"": ""NVIDIA P104-100"", ""pci_bus"": ""00000000:02:00.0"", ""pcie"": ""Gen1 x1"", ""util_pct"": 0.0, ""power_w"": 183.58, ""vram_used_mib"": 6582.0}, {""index"": 2, ""name"": ""NVIDIA P104-100"", ""pci_bus"": ""00000000:0A:00.0"", ""pcie"": ""Gen1 x1"", ""util_pct"": 0.0, ""power_w"": 51.83, ""vram_used_mib"": 7976.0}, {""index"": 3, ""name"": ""NVIDIA P104-100"", ""pci_bus"": ""00000000:0C:00.0"", ""pcie"": ""Gen1 x1"", ""util_pct"": 1.0, ""power_w"": 55.19, ""vram_used_mib"": 7572.0}, {""index"": 4, ""name"": ""NVIDIA P104-100"", ""pci_bus"": ""00000000:0D:00.0"", ""pcie"": ""Gen1 x1"", ""util_pct"": 26.0, ""power_w"": 53.06, ""vram_used_mib"": 7572.0}, {""index"": 5, ""name"": ""NVIDIA P104-100"", ""pci_bus"": ""00000000:0E:00.0"", ""pcie"": ""Gen1 x1"", ""util_pct"": 90.0, ""power_w"": 50.91, ""vram_used_mib"": 7796.0}]"
2026-08-16T12:27:43.542857+03:00,1786872463.542857,ctx_004096.txt,1,1,decode,36.87281213535589,"[22.325581395348838, 100.0, 10.328638497652582, 14.883720930232558]",15875.55078125,7144.9921875,8730.55859375,45.006263316159554,24575.99609375,362.1328125,1.473522420489378,"[{""index"": 0, ""name"": ""NVIDIA P104-100"", ""pci_bus"": ""00000000:01:00.0"", ""pcie"": ""Gen1 x1"", ""util_pct"": 17.0, ""power_w"": 51.86, ""vram_used_mib"": 7976.0}, {""index"": 1, ""name"": ""NVIDIA P104-100"", ""pci_bus"": ""00000000:02:00.0"", ""pcie"": ""Gen1 x1"", ""util_pct"": 16.0, ""power_w"": 53.49, ""vram_used_mib"": 6582.0}, {""index"": 2, ""name"": ""NVIDIA P104-100"", ""pci_bus"": ""00000000:0A:00.0"", ""pcie"": ""Gen1 x1"", ""util_pct"": 6.0, ""power_w"": 52.2, ""vram_used_mib"": 7976.0}, {""index"": 3, ""name"": ""NVIDIA P104-100"", ""pci_bus"": ""00000000:0C:00.0"", ""pcie"": ""Gen1 x1"", ""util_pct"": 16.0, ""power_w"": 57.07, ""vram_used_mib"": 7572.0}, {""index"": 4, ""name"": ""NVIDIA P104-100"", ""pci_bus"": ""00000000:0D:00.0"", ""pcie"": ""Gen1 x1"", ""util_pct"": 16.0, ""power_w"": 64.54, ""vram_used_mib"": 7572.0}, {""index"": 5, ""name"": ""NVIDIA P104-100"", ""pci_bus"": ""00000000:0E:00.0"", ""pcie"": ""Gen1 x1"", ""util_pct"": 43.0, ""power_w"": 106.0, ""vram_used_mib"": 7796.0}]"
2026-08-16T12:27:45.669739+03:00,1786872465.669739,ctx_004096.txt,1,1,decode,37.382075471698116,"[18.48341232227488, 98.58490566037736, 11.737089201877934, 20.754716981132077]",15875.55078125,7072.96484375,8802.5859375,44.552563506039775,24575.99609375,362.12109375,1.4734747367659786,"[{""index"": 0, ""name"": ""NVIDIA P104-100"", ""pci_bus"": ""00000000:01:00.0"", ""pcie"": ""Gen1 x1"", ""util_pct"": 18.0, ""power_w"": 42.72, ""vram_used_mib"": 7976.0}, {""index"": 1, ""name"": ""NVIDIA P104-100"", ""pci_bus"": ""00000000:02:00.0"", ""pcie"": ""Gen1 x1"", ""util_pct"": 16.0, ""power_w"": 43.8, ""vram_used_mib"": 6582.0}, {""index"": 2, ""name"": ""NVIDIA P104-100"", ""pci_bus"": ""00000000:0A:00.0"", ""pcie"": ""Gen1 x1"", ""util_pct"": 6.0, ""power_w"": 47.05, ""vram_used_mib"": 7976.0}, {""index"": 3, ""name"": ""NVIDIA P104-100"", ""pci_bus"": ""00000000:0C:00.0"", ""pcie"": ""Gen1 x1"", ""util_pct"": 16.0, ""power_w"": 83.12, ""vram_used_mib"": 7572.0}, {""index"": 4, ""name"": ""NVIDIA P104-100"", ""pci_bus"": ""00000000:0D:00.0"", ""pcie"": ""Gen1 x1"", ""util_pct"": 17.0, ""power_w"": 99.11, ""vram_used_mib"": 7572.0}, {""index"": 5, ""name"": ""NVIDIA P104-100"", ""pci_bus"": ""00000000:0E:00.0"", ""pcie"": ""Gen1 x1"", ""util_pct"": 43.0, ""power_w"": 51.23, ""vram_used_mib"": 7796.0}]"
2026-08-16T12:27:47.803333+03:00,1786872467.803333,ctx_004096.txt,1,1,decode,39.64705882352941,"[21.02803738317757, 100.0, 16.9811320754717, 20.754716981132077]",15875.55078125,7127.12890625,8748.421875,44.89374261375282,24575.99609375,362.109375,1.4734270530425793,"[{""index"": 0, ""name"": ""NVIDIA P104-100"", ""pci_bus"": ""00000000:01:00.0"", ""pcie"": ""Gen1 x1"", ""util_pct"": 18.0, ""power_w"": 43.07, ""vram_used_mib"": 7976.0}, {""index"": 1, ""name"": ""NVIDIA P104-100"", ""pci_bus"": ""00000000:02:00.0"", ""pcie"": ""Gen1 x1"", ""util_pct"": 16.0, ""power_w"": 47.66, ""vram_used_mib"": 6582.0}, {""index"": 2, ""name"": ""NVIDIA P104-100"", ""pci_bus"": ""00000000:0A:00.0"", ""pcie"": ""Gen1 x1"", ""util_pct"": 0.0, ""power_w"": 82.11, ""vram_used_mib"": 7976.0}, {""index"": 3, ""name"": ""NVIDIA P104-100"", ""pci_bus"": ""00000000:0C:00.0"", ""pcie"": ""Gen1 x1"", ""util_pct"": 16.0, ""power_w"": 95.63, ""vram_used_mib"": 7572.0}, {""index"": 4, ""name"": ""NVIDIA P104-100"", ""pci_bus"": ""00000000:0D:00.0"", ""pcie"": ""Gen1 x1"", ""util_pct"": 17.0, ""power_w"": 43.16, ""vram_used_mib"": 7572.0}, {""index"": 5, ""name"": ""NVIDIA P104-100"", ""pci_bus"": ""00000000:0E:00.0"", ""pcie"": ""Gen1 x1"", ""util_pct"": 43.0, ""power_w"": 51.26, ""vram_used_mib"": 7796.0}]"
2026-08-16T12:27:49.953249+03:00,1786872469.953249,ctx_004096.txt,1,1,decode,40.162980209545985,"[13.615023474178404, 99.53703703703704, 22.897196261682243, 23.72093023255814]",15875.55078125,7061.9296875,8813.62109375,44.48305312241874,24575.99609375,362.1015625,1.4733952638936463,"[{""index"": 0, ""name"": ""NVIDIA P104-100"", ""pci_bus"": ""00000000:01:00.0"", ""pcie"": ""Gen1 x1"", ""util_pct"": 18.0, ""power_w"": 84.09, ""vram_used_mib"": 7976.0}, {""index"": 1, ""name"": ""NVIDIA P104-100"", ""pci_bus"": ""00000000:02:00.0"", ""pcie"": ""Gen1 x1"", ""util_pct"": 16.0, ""power_w"": 89.07, ""vram_used_mib"": 6582.0}, {""index"": 2, ""name"": ""NVIDIA P104-100"", ""pci_bus"": ""00000000:0A:00.0"", ""pcie"": ""Gen1 x1"", ""util_pct"": 0.0, ""power_w"": 41.43, ""vram_used_mib"": 7976.0}, {""index"": 3, ""name"": ""NVIDIA P104-100"", ""pci_bus"": ""00000000:0C:00.0"", ""pcie"": ""Gen1 x1"", ""util_pct"": 17.0, ""power_w"": 45.41, ""vram_used_mib"": 7572.0}, {""index"": 4, ""name"": ""NVIDIA P104-100"", ""pci_bus"": ""00000000:0D:00.0"", ""pcie"": ""Gen1 x1"", ""util_pct"": 0.0, ""power_w"": 43.06, ""vram_used_mib"": 7572.0}, {""index"": 5, ""name"": ""NVIDIA P104-100"", ""pci_bus"": ""00000000:0E:00.0"", ""pcie"": ""Gen1 x1"", ""util_pct"": 30.0, ""power_w"": 53.15, ""vram_used_mib"": 7796.0}]"
2026-08-16T12:27:52.097108+03:00,1786872472.097108,ctx_004096.txt,1,1,decode,40.328253223915596,"[23.11320754716981, 70.89201877934272, 17.757009345794394, 49.76744186046512]",15875.55078125,7125.04296875,8750.5078125,44.880603305840026,24575.99609375,362.08984375,1.4733475801702467,"[{""index"": 0, ""name"": ""NVIDIA P104-100"", ""pci_bus"": ""00000000:01:00.0"", ""pcie"": ""Gen1 x1"", ""util_pct"": 18.0, ""power_w"": 42.47, ""vram_used_mib"": 7976.0}, {""index"": 1, ""name"": ""NVIDIA P104-100"", ""pci_bus"": ""00000000:02:00.0"", ""pcie"": ""Gen1 x1"", ""util_pct"": 16.0, ""power_w"": 43.14, ""vram_used_mib"": 6582.0}, {""index"": 2, ""name"": ""NVIDIA P104-100"", ""pci_bus"": ""00000000:0A:00.0"", ""pcie"": ""Gen1 x1"", ""util_pct"": 10.0, ""power_w"": 41.46, ""vram_used_mib"": 7976.0}, {""index"": 3, ""name"": ""NVIDIA P104-100"", ""pci_bus"": ""00000000:0C:00.0"", ""pcie"": ""Gen1 x1"", ""util_pct"": 17.0, ""power_w"": 45.18, ""vram_used_mib"": 7572.0}, {""index"": 4, ""name"": ""NVIDIA P104-100"", ""pci_bus"": ""00000000:0D:00.0"", ""pcie"": ""Gen1 x1"", ""util_pct"": 1.0, ""power_w"": 43.48, ""vram_used_mib"": 7572.0}, {""index"": 5, ""name"": ""NVIDIA P104-100"", ""pci_bus"": ""00000000:0E:00.0"", ""pcie"": ""Gen1 x1"", ""util_pct"": 40.0, ""power_w"": 119.29, ""vram_used_mib"": 7796.0}]"
2026-08-16T12:27:52.978884+03:00,1786872472.978884,ctx_008192.txt,1,1,outside,,"[null, null, null, null]",15875.55078125,7175.67578125,8699.875,45.19953909079434,24575.99609375,361.91796875,1.4726482188937218,"[{""index"": 0, ""name"": ""NVIDIA P104-100"", ""pci_bus"": ""00000000:01:00.0"", ""pcie"": ""Gen1 x1"", ""util_pct"": 14.0, ""power_w"": 42.47, ""vram_used_mib"": 7976.0}, {""index"": 1, ""name"": ""NVIDIA P104-100"", ""pci_bus"": ""00000000:02:00.0"", ""pcie"": ""Gen1 x1"", ""util_pct"": 13.0, ""power_w"": 43.04, ""vram_used_mib"": 6582.0}, {""index"": 2, ""name"": ""NVIDIA P104-100"", ""pci_bus"": ""00000000:0A:00.0"", ""pcie"": ""Gen1 x1"", ""util_pct"": 0.0, ""power_w"": 41.48, ""vram_used_mib"": 7976.0}, {""index"": 3, ""name"": ""NVIDIA P104-100"", ""pci_bus"": ""00000000:0C:00.0"", ""pcie"": ""Gen1 x1"", ""util_pct"": 13.0, ""power_w"": 45.09, ""vram_used_mib"": 7572.0}, {""index"": 4, ""name"": ""NVIDIA P104-100"", ""pci_bus"": ""00000000:0D:00.0"", ""pcie"": ""Gen1 x1"", ""util_pct"": 15.0, ""power_w"": 43.16, ""vram_used_mib"": 7572.0}, {""index"": 5, ""name"": ""NVIDIA P104-100"", ""pci_bus"": ""00000000:0E:00.0"", ""pcie"": ""Gen1 x1"", ""util_pct"": 24.0, ""power_w"": 50.91, ""vram_used_mib"": 7796.0}]"
2026-08-16T12:27:55.101976+03:00,1786872475.101976,ctx_008192.txt,1,1,prefill,36.481700118063756,"[12.322274881516588, 17.452830188679247, 16.9811320754717, 99.06103286384976]",15875.55078125,7901.09375,7974.45703125,49.76894256375456,24575.99609375,361.91015625,1.4726164297447888,"[{""index"": 0, ""name"": ""NVIDIA P104-100"", ""pci_bus"": ""00000000:01:00.0"", ""pcie"": ""Gen1 x1"", ""util_pct"": 3.0, ""power_w"": 51.52, ""vram_used_mib"": 7976.0}, {""index"": 1, ""name"": ""NVIDIA P104-100"", ""pci_bus"": ""00000000:02:00.0"", ""pcie"": ""Gen1 x1"", ""util_pct"": 79.0, ""power_w"": 52.54, ""vram_used_mib"": 6582.0}, {""index"": 2, ""name"": ""NVIDIA P104-100"", ""pci_bus"": ""00000000:0A:00.0"", ""pcie"": ""Gen1 x1"", ""util_pct"": 1.0, ""power_w"": 51.51, ""vram_used_mib"": 7976.0}, {""index"": 3, ""name"": ""NVIDIA P104-100"", ""pci_bus"": ""00000000:0C:00.0"", ""pcie"": ""Gen1 x1"", ""util_pct"": 0.0, ""power_w"": 54.97, ""vram_used_mib"": 7572.0}, {""index"": 4, ""name"": ""NVIDIA P104-100"", ""pci_bus"": ""00000000:0D:00.0"", ""pcie"": ""Gen1 x1"", ""util_pct"": 0.0, ""power_w"": 51.85, ""vram_used_mib"": 7572.0}, {""index"": 5, ""name"": ""NVIDIA P104-100"", ""pci_bus"": ""00000000:0E:00.0"", ""pcie"": ""Gen1 x1"", ""util_pct"": 0.0, ""power_w"": 50.91, ""vram_used_mib"": 7796.0}]"
2026-08-16T12:27:57.242044+03:00,1786872477.242044,ctx_008192.txt,1,1,prefill,36.72514619883041,"[16.50943396226415, 19.1588785046729, 11.214953271028037, 100.0]",15875.55078125,7888.79296875,7986.7578125,49.691460015781935,24575.99609375,361.8984375,1.4725687460213894,"[{""index"": 0, ""name"": ""NVIDIA P104-100"", ""pci_bus"": ""00000000:01:00.0"", ""pcie"": ""Gen1 x1"", ""util_pct"": 95.0, ""power_w"": 51.77, ""vram_used_mib"": 7976.0}, {""index"": 1, ""name"": ""NVIDIA P104-100"", ""pci_bus"": ""00000000:02:00.0"", ""pcie"": ""Gen1 x1"", ""util_pct"": 0.0, ""power_w"": 52.67, ""vram_used_mib"": 6582.0}, {""index"": 2, ""name"": ""NVIDIA P104-100"", ""pci_bus"": ""00000000:0A:00.0"", ""pcie"": ""Gen1 x1"", ""util_pct"": 0.0, ""power_w"": 51.6, ""vram_used_mib"": 7976.0}, {""index"": 3, ""name"": ""NVIDIA P104-100"", ""pci_bus"": ""00000000:0C:00.0"", ""pcie"": ""Gen1 x1"", ""util_pct"": 0.0, ""power_w"": 54.71, ""vram_used_mib"": 7572.0}, {""index"": 4, ""name"": ""NVIDIA P104-100"", ""pci_bus"": ""00000000:0D:00.0"", ""pcie"": ""Gen1 x1"", ""util_pct"": 0.0, ""power_w"": 53.47, ""vram_used_mib"": 7572.0}, {""index"": 5, ""name"": ""NVIDIA P104-100"", ""pci_bus"": ""00000000:0E:00.0"", ""pcie"": ""Gen1 x1"", ""util_pct"": 5.0, ""power_w"": 51.01, ""vram_used_mib"": 7796.0}]"
2026-08-16T12:27:59.437044+03:00,1786872479.437044,ctx_008192.txt,1,1,prefill,52.0,"[24.8868778280543, 14.61187214611872, 68.4931506849315, 100.0]",15875.55078125,7525.03125,8350.51953125,47.40012711173161,24575.99609375,361.88671875,1.4725210622979898,"[{""index"": 0, ""name"": ""NVIDIA P104-100"", ""pci_bus"": ""00000000:01:00.0"", ""pcie"": ""Gen1 x1"", ""util_pct"": 0.0, ""power_w"": 51.62, ""vram_used_mib"": 7976.0}, {""index"": 1, ""name"": ""NVIDIA P104-100"", ""pci_bus"": ""00000000:02:00.0"", ""pcie"": ""Gen1 x1"", ""util_pct"": 0.0, ""power_w"": 52.77, ""vram_used_mib"": 6582.0}, {""index"": 2, ""name"": ""NVIDIA P104-100"", ""pci_bus"": ""00000000:0A:00.0"", ""pcie"": ""Gen1 x1"", ""util_pct"": 0.0, ""power_w"": 51.26, ""vram_used_mib"": 7976.0}, {""index"": 3, ""name"": ""NVIDIA P104-100"", ""pci_bus"": ""00000000:0C:00.0"", ""pcie"": ""Gen1 x1"", ""util_pct"": 0.0, ""power_w"": 54.71, ""vram_used_mib"": 7572.0}, {""index"": 4, ""name"": ""NVIDIA P104-100"", ""pci_bus"": ""00000000:0D:00.0"", ""pcie"": ""Gen1 x1"", ""util_pct"": 34.0, ""power_w"": 53.47, ""vram_used_mib"": 7572.0}, {""index"": 5, ""name"": ""NVIDIA P104-100"", ""pci_bus"": ""00000000:0E:00.0"", ""pcie"": ""Gen1 x1"", ""util_pct"": 47.0, ""power_w"": 51.01, ""vram_used_mib"": 7796.0}]"
2026-08-16T12:28:01.557961+03:00,1786872481.557961,ctx_008192.txt,1,1,prefill,39.59810874704492,"[24.761904761904763, 16.19047619047619, 16.50943396226415, 100.0]",15875.55078125,6525.71484375,9349.8359375,41.105439009128865,24575.99609375,361.87890625,1.4724892731490569,"[{""index"": 0, ""name"": ""NVIDIA P104-100"", ""pci_bus"": ""00000000:01:00.0"", ""pcie"": ""Gen1 x1"", ""util_pct"": 97.0, ""power_w"": 161.88, ""vram_used_mib"": 7976.0}, {""index"": 1, ""name"": ""NVIDIA P104-100"", ""pci_bus"": ""00000000:02:00.0"", ""pcie"": ""Gen1 x1"", ""util_pct"": 91.0, ""power_w"": 177.62, ""vram_used_mib"": 6582.0}, {""index"": 2, ""name"": ""NVIDIA P104-100"", ""pci_bus"": ""00000000:0A:00.0"", ""pcie"": ""Gen1 x1"", ""util_pct"": 98.0, ""power_w"": 179.2, ""vram_used_mib"": 7976.0}, {""index"": 3, ""name"": ""NVIDIA P104-100"", ""pci_bus"": ""00000000:0C:00.0"", ""pcie"": ""Gen1 x1"", ""util_pct"": 91.0, ""power_w"": 181.34, ""vram_used_mib"": 7572.0}, {""index"": 4, ""name"": ""NVIDIA P104-100"", ""pci_bus"": ""00000000:0D:00.0"", ""pcie"": ""Gen1 x1"", ""util_pct"": 91.0, ""power_w"": 180.05, ""vram_used_mib"": 7572.0}, {""index"": 5, ""name"": ""NVIDIA P104-100"", ""pci_bus"": ""00000000:0E:00.0"", ""pcie"": ""Gen1 x1"", ""util_pct"": 61.0, ""power_w"": 125.26, ""vram_used_mib"": 7796.0}]"
2026-08-16T12:28:03.727170+03:00,1786872483.727170,ctx_008192.txt,1,1,prefill,45.707656612529,"[27.649769585253456, 27.314814814814813, 27.906976744186046, 100.0]",15875.55078125,6459.19921875,9416.3515625,40.68645748265131,24575.99609375,361.875,1.4724733785745905,"[{""index"": 0, ""name"": ""NVIDIA P104-100"", ""pci_bus"": ""00000000:01:00.0"", ""pcie"": ""Gen1 x1"", ""util_pct"": 98.0, ""power_w"": 162.02, ""vram_used_mib"": 7976.0}, {""index"": 1, ""name"": ""NVIDIA P104-100"", ""pci_bus"": ""00000000:02:00.0"", ""pcie"": ""Gen1 x1"", ""util_pct"": 90.0, ""power_w"": 174.93, ""vram_used_mib"": 6582.0}, {""index"": 2, ""name"": ""NVIDIA P104-100"", ""pci_bus"": ""00000000:0A:00.0"", ""pcie"": ""Gen1 x1"", ""util_pct"": 98.0, ""power_w"": 181.64, ""vram_used_mib"": 7976.0}, {""index"": 3, ""name"": ""NVIDIA P104-100"", ""pci_bus"": ""00000000:0C:00.0"", ""pcie"": ""Gen1 x1"", ""util_pct"": 92.0, ""power_w"": 178.63, ""vram_used_mib"": 7572.0}, {""index"": 4, ""name"": ""NVIDIA P104-100"", ""pci_bus"": ""00000000:0D:00.0"", ""pcie"": ""Gen1 x1"", ""util_pct"": 91.0, ""power_w"": 186.38, ""vram_used_mib"": 7572.0}, {""index"": 5, ""name"": ""NVIDIA P104-100"", ""pci_bus"": ""00000000:0E:00.0"", ""pcie"": ""Gen1 x1"", ""util_pct"": 61.0, ""power_w"": 101.7, ""vram_used_mib"": 7796.0}]"
2026-08-16T12:28:05.881899+03:00,1786872485.881899,ctx_008192.txt,1,1,prefill,45.116279069767444,"[25.58139534883721, 30.373831775700936, 24.299065420560748, 100.0]",15875.55078125,6558.2421875,9317.30859375,41.31032855405361,24575.99609375,361.875,1.4724733785745905,"[{""index"": 0, ""name"": ""NVIDIA P104-100"", ""pci_bus"": ""00000000:01:00.0"", ""pcie"": ""Gen1 x1"", ""util_pct"": 96.0, ""power_w"": 163.2, ""vram_used_mib"": 7976.0}, {""index"": 1, ""name"": ""NVIDIA P104-100"", ""pci_bus"": ""00000000:02:00.0"", ""pcie"": ""Gen1 x1"", ""util_pct"": 89.0, ""power_w"": 157.34, ""vram_used_mib"": 6582.0}, {""index"": 2, ""name"": ""NVIDIA P104-100"", ""pci_bus"": ""00000000:0A:00.0"", ""pcie"": ""Gen1 x1"", ""util_pct"": 98.0, ""power_w"": 172.65, ""vram_used_mib"": 7976.0}, {""index"": 3, ""name"": ""NVIDIA P104-100"", ""pci_bus"": ""00000000:0C:00.0"", ""pcie"": ""Gen1 x1"", ""util_pct"": 91.0, ""power_w"": 187.87, ""vram_used_mib"": 7572.0}, {""index"": 4, ""name"": ""NVIDIA P104-100"", ""pci_bus"": ""00000000:0D:00.0"", ""pcie"": ""Gen1 x1"", ""util_pct"": 92.0, ""power_w"": 189.24, ""vram_used_mib"": 7572.0}, {""index"": 5, ""name"": ""NVIDIA P104-100"", ""pci_bus"": ""00000000:0E:00.0"", ""pcie"": ""Gen1 x1"", ""util_pct"": 63.0, ""power_w"": 87.6, ""vram_used_mib"": 7796.0}]"
2026-08-16T12:28:08.074848+03:00,1786872488.074848,ctx_008192.txt,1,1,prefill,45.4233409610984,"[25.229357798165136, 29.22374429223744, 97.26027397260275, 29.357798165137616]",15875.55078125,6490.83984375,9384.7109375,40.88576159144085,24575.99609375,361.87109375,1.4724574840001239,"[{""index"": 0, ""name"": ""NVIDIA P104-100"", ""pci_bus"": ""00000000:01:00.0"", ""pcie"": ""Gen1 x1"", ""util_pct"": 0.0, ""power_w"": 169.4, ""vram_used_mib"": 7976.0}, {""index"": 1, ""name"": ""NVIDIA P104-100"", ""pci_bus"": ""00000000:02:00.0"", ""pcie"": ""Gen1 x1"", ""util_pct"": 22.0, ""power_w"": 53.59, ""vram_used_mib"": 6582.0}, {""index"": 2, ""name"": ""NVIDIA P104-100"", ""pci_bus"": ""00000000:0A:00.0"", ""pcie"": ""Gen1 x1"", ""util_pct"": 1.0, ""power_w"": 51.09, ""vram_used_mib"": 7976.0}, {""index"": 3, ""name"": ""NVIDIA P104-100"", ""pci_bus"": ""00000000:0C:00.0"", ""pcie"": ""Gen1 x1"", ""util_pct"": 70.0, ""power_w"": 55.9, ""vram_used_mib"": 7572.0}, {""index"": 4, ""name"": ""NVIDIA P104-100"", ""pci_bus"": ""00000000:0D:00.0"", ""pcie"": ""Gen1 x1"", ""util_pct"": 35.0, ""power_w"": 54.15, ""vram_used_mib"": 7572.0}, {""index"": 5, ""name"": ""NVIDIA P104-100"", ""pci_bus"": ""00000000:0E:00.0"", ""pcie"": ""Gen1 x1"", ""util_pct"": 45.0, ""power_w"": 51.86, ""vram_used_mib"": 7796.0}]"
2026-08-16T12:28:10.193468+03:00,1786872490.193468,ctx_008192.txt,1,1,prefill,37.55924170616114,"[17.142857142857142, 18.095238095238095, 100.0, 14.691943127962086]",15875.55078125,6463.91796875,9411.6328125,40.71618086085104,24575.99609375,361.796875,1.472155487085261,"[{""index"": 0, ""name"": ""NVIDIA P104-100"", ""pci_bus"": ""00000000:01:00.0"", ""pcie"": ""Gen1 x1"", ""util_pct"": 0.0, ""power_w"": 50.96, ""vram_used_mib"": 7976.0}, {""index"": 1, ""name"": ""NVIDIA P104-100"", ""pci_bus"": ""00000000:02:00.0"", ""pcie"": ""Gen1 x1"", ""util_pct"": 0.0, ""power_w"": 51.77, ""vram_used_mib"": 6582.0}, {""index"": 2, ""name"": ""NVIDIA P104-100"", ""pci_bus"": ""00000000:0A:00.0"", ""pcie"": ""Gen1 x1"", ""util_pct"": 0.0, ""power_w"": 51.45, ""vram_used_mib"": 7976.0}, {""index"": 3, ""name"": ""NVIDIA P104-100"", ""pci_bus"": ""00000000:0C:00.0"", ""pcie"": ""Gen1 x1"", ""util_pct"": 0.0, ""power_w"": 54.56, ""vram_used_mib"": 7572.0}, {""index"": 4, ""name"": ""NVIDIA P104-100"", ""pci_bus"": ""00000000:0D:00.0"", ""pcie"": ""Gen1 x1"", ""util_pct"": 0.0, ""power_w"": 53.06, ""vram_used_mib"": 7572.0}, {""index"": 5, ""name"": ""NVIDIA P104-100"", ""pci_bus"": ""00000000:0E:00.0"", ""pcie"": ""Gen1 x1"", ""util_pct"": 64.0, ""power_w"": 51.26, ""vram_used_mib"": 7796.0}]"
2026-08-16T12:28:12.326002+03:00,1786872492.326002,ctx_008192.txt,1,1,prefill,47.76995305164319,"[36.320754716981135, 23.222748815165875, 100.0, 30.516431924882628]",15875.55078125,6616.7421875,9258.80859375,41.67881970630448,24575.99609375,361.7734375,1.472060119638462,"[{""index"": 0, ""name"": ""NVIDIA P104-100"", ""pci_bus"": ""00000000:01:00.0"", ""pcie"": ""Gen1 x1"", ""util_pct"": 98.0, ""power_w"": 149.43, ""vram_used_mib"": 7976.0}, {""index"": 1, ""name"": ""NVIDIA P104-100"", ""pci_bus"": ""00000000:02:00.0"", ""pcie"": ""Gen1 x1"", ""util_pct"": 89.0, ""power_w"": 98.4, ""vram_used_mib"": 6582.0}, {""index"": 2, ""name"": ""NVIDIA P104-100"", ""pci_bus"": ""00000000:0A:00.0"", ""pcie"": ""Gen1 x1"", ""util_pct"": 98.0, ""power_w"": 128.54, ""vram_used_mib"": 7976.0}, {""index"": 3, ""name"": ""NVIDIA P104-100"", ""pci_bus"": ""00000000:0C:00.0"", ""pcie"": ""Gen1 x1"", ""util_pct"": 94.0, ""power_w"": 136.27, ""vram_used_mib"": 7572.0}, {""index"": 4, ""name"": ""NVIDIA P104-100"", ""pci_bus"": ""00000000:0D:00.0"", ""pcie"": ""Gen1 x1"", ""util_pct"": 92.0, ""power_w"": 161.96, ""vram_used_mib"": 7572.0}, {""index"": 5, ""name"": ""NVIDIA P104-100"", ""pci_bus"": ""00000000:0E:00.0"", ""pcie"": ""Gen1 x1"", ""util_pct"": 62.0, ""power_w"": 162.27, ""vram_used_mib"": 7796.0}]"
2026-08-16T12:28:14.525006+03:00,1786872494.525006,ctx_008192.txt,1,1,prefill,45.25714285714286,"[24.09090909090909, 29.81651376146789, 100.0, 27.06422018348624]",15875.55078125,6612.171875,9263.37890625,41.65003133503488,24575.99609375,361.7734375,1.472060119638462,"[{""index"": 0, ""name"": ""NVIDIA P104-100"", ""pci_bus"": ""00000000:01:00.0"", ""pcie"": ""Gen1 x1"", ""util_pct"": 97.0, ""power_w"": 145.19, ""vram_used_mib"": 7976.0}, {""index"": 1, ""name"": ""NVIDIA P104-100"", ""pci_bus"": ""00000000:02:00.0"", ""pcie"": ""Gen1 x1"", ""util_pct"": 91.0, ""power_w"": 122.49, ""vram_used_mib"": 6582.0}, {""index"": 2, ""name"": ""NVIDIA P104-100"", ""pci_bus"": ""00000000:0A:00.0"", ""pcie"": ""Gen1 x1"", ""util_pct"": 98.0, ""power_w"": 164.29, ""vram_used_mib"": 7976.0}, {""index"": 3, ""name"": ""NVIDIA P104-100"", ""pci_bus"": ""00000000:0C:00.0"", ""pcie"": ""Gen1 x1"", ""util_pct"": 91.0, ""power_w"": 173.47, ""vram_used_mib"": 7572.0}, {""index"": 4, ""name"": ""NVIDIA P104-100"", ""pci_bus"": ""00000000:0D:00.0"", ""pcie"": ""Gen1 x1"", ""util_pct"": 92.0, ""power_w"": 185.4, ""vram_used_mib"": 7572.0}, {""index"": 5, ""name"": ""NVIDIA P104-100"", ""pci_bus"": ""00000000:0E:00.0"", ""pcie"": ""Gen1 x1"", ""util_pct"": 59.0, ""power_w"": 141.58, ""vram_used_mib"": 7796.0}]"
2026-08-16T12:28:16.748192+03:00,1786872496.748192,ctx_008192.txt,1,1,prefill,45.64971751412429,"[25.454545454545453, 32.88288288288288, 100.0, 24.774774774774773]",15875.55078125,6530.734375,9344.81640625,41.137057006634365,24575.99609375,361.7734375,1.472060119638462,"[{""index"": 0, ""name"": ""NVIDIA P104-100"", ""pci_bus"": ""00000000:01:00.0"", ""pcie"": ""Gen1 x1"", ""util_pct"": 98.0, ""power_w"": 160.94, ""vram_used_mib"": 7976.0}, {""index"": 1, ""name"": ""NVIDIA P104-100"", ""pci_bus"": ""00000000:02:00.0"", ""pcie"": ""Gen1 x1"", ""util_pct"": 87.0, ""power_w"": 168.42, ""vram_used_mib"": 6582.0}, {""index"": 2, ""name"": ""NVIDIA P104-100"", ""pci_bus"": ""00000000:0A:00.0"", ""pcie"": ""Gen1 x1"", ""util_pct"": 98.0, ""power_w"": 175.35, ""vram_used_mib"": 7976.0}, {""index"": 3, ""name"": ""NVIDIA P104-100"", ""pci_bus"": ""00000000:0C:00.0"", ""pcie"": ""Gen1 x1"", ""util_pct"": 91.0, ""power_w"": 169.53, ""vram_used_mib"": 7572.0}, {""index"": 4, ""name"": ""NVIDIA P104-100"", ""pci_bus"": ""00000000:0D:00.0"", ""pcie"": ""Gen1 x1"", ""util_pct"": 92.0, ""power_w"": 169.84, ""vram_used_mib"": 7572.0}, {""index"": 5, ""name"": ""NVIDIA P104-100"", ""pci_bus"": ""00000000:0E:00.0"", ""pcie"": ""Gen1 x1"", ""util_pct"": 70.0, ""power_w"": 105.46, ""vram_used_mib"": 7796.0}]"
2026-08-16T12:28:18.911589+03:00,1786872498.911589,ctx_008192.txt,1,1,prefill,44.779582366589324,"[27.570093457943926, 25.806451612903224, 100.0, 24.88262910798122]",15875.55078125,6542.6171875,9332.93359375,41.211906771935325,24575.99609375,361.7734375,1.472060119638462,"[{""index"": 0, ""name"": ""NVIDIA P104-100"", ""pci_bus"": ""00000000:01:00.0"", ""pcie"": ""Gen1 x1"", ""util_pct"": 0.0, ""power_w"": 170.05, ""vram_used_mib"": 7976.0}, {""index"": 1, ""name"": ""NVIDIA P104-100"", ""pci_bus"": ""00000000:02:00.0"", ""pcie"": ""Gen1 x1"", ""util_pct"": 0.0, ""power_w"": 167.98, ""vram_used_mib"": 6582.0}, {""index"": 2, ""name"": ""NVIDIA P104-100"", ""pci_bus"": ""00000000:0A:00.0"", ""pcie"": ""Gen1 x1"", ""util_pct"": 34.0, ""power_w"": 51.69, ""vram_used_mib"": 7976.0}, {""index"": 3, ""name"": ""NVIDIA P104-100"", ""pci_bus"": ""00000000:0C:00.0"", ""pcie"": ""Gen1 x1"", ""util_pct"": 18.0, ""power_w"": 55.45, ""vram_used_mib"": 7572.0}, {""index"": 4, ""name"": ""NVIDIA P104-100"", ""pci_bus"": ""00000000:0D:00.0"", ""pcie"": ""Gen1 x1"", ""util_pct"": 74.0, ""power_w"": 54.32, ""vram_used_mib"": 7572.0}, {""index"": 5, ""name"": ""NVIDIA P104-100"", ""pci_bus"": ""00000000:0E:00.0"", ""pcie"": ""Gen1 x1"", ""util_pct"": 63.0, ""power_w"": 51.08, ""vram_used_mib"": 7796.0}]"
2026-08-16T12:28:21.045624+03:00,1786872501.045624,ctx_008192.txt,1,1,decode,39.50471698113208,"[27.699530516431924, 20.187793427230048, 99.53271028037383, 10.90047393364929]",15875.55078125,6596.21875,9279.33203125,41.54954269549211,24575.99609375,361.76953125,1.4720442250639956,"[{""index"": 0, ""name"": ""NVIDIA P104-100"", ""pci_bus"": ""00000000:01:00.0"", ""pcie"": ""Gen1 x1"", ""util_pct"": 0.0, ""power_w"": 51.46, ""vram_used_mib"": 7976.0}, {""index"": 1, ""name"": ""NVIDIA P104-100"", ""pci_bus"": ""00000000:02:00.0"", ""pcie"": ""Gen1 x1"", ""util_pct"": 0.0, ""power_w"": 53.97, ""vram_used_mib"": 6582.0}, {""index"": 2, ""name"": ""NVIDIA P104-100"", ""pci_bus"": ""00000000:0A:00.0"", ""pcie"": ""Gen1 x1"", ""util_pct"": 0.0, ""power_w"": 51.8, ""vram_used_mib"": 7976.0}, {""index"": 3, ""name"": ""NVIDIA P104-100"", ""pci_bus"": ""00000000:0C:00.0"", ""pcie"": ""Gen1 x1"", ""util_pct"": 0.0, ""power_w"": 54.92, ""vram_used_mib"": 7572.0}, {""index"": 4, ""name"": ""NVIDIA P104-100"", ""pci_bus"": ""00000000:0D:00.0"", ""pcie"": ""Gen1 x1"", ""util_pct"": 0.0, ""power_w"": 52.3, ""vram_used_mib"": 7572.0}, {""index"": 5, ""name"": ""NVIDIA P104-100"", ""pci_bus"": ""00000000:0E:00.0"", ""pcie"": ""Gen1 x1"", ""util_pct"": 98.0, ""power_w"": 51.46, ""vram_used_mib"": 7796.0}]"
2026-08-16T12:28:23.218580+03:00,1786872503.218580,ctx_008192.txt,1,1,decode,51.5606936416185,"[100.0, 16.35514018691589, 57.142857142857146, 31.30841121495327]",15875.55078125,6655.48828125,9220.0625,41.92288112051231,24575.99609375,361.76171875,1.4720124359150626,"[{""index"": 0, ""name"": ""NVIDIA P104-100"", ""pci_bus"": ""00000000:01:00.0"", ""pcie"": ""Gen1 x1"", ""util_pct"": 0.0, ""power_w"": 51.71, ""vram_used_mib"": 7976.0}, {""index"": 1, ""name"": ""NVIDIA P104-100"", ""pci_bus"": ""00000000:02:00.0"", ""pcie"": ""Gen1 x1"", ""util_pct"": 0.0, ""power_w"": 54.24, ""vram_used_mib"": 6582.0}, {""index"": 2, ""name"": ""NVIDIA P104-100"", ""pci_bus"": ""00000000:0A:00.0"", ""pcie"": ""Gen1 x1"", ""util_pct"": 0.0, ""power_w"": 52.69, ""vram_used_mib"": 7976.0}, {""index"": 3, ""name"": ""NVIDIA P104-100"", ""pci_bus"": ""00000000:0C:00.0"", ""pcie"": ""Gen1 x1"", ""util_pct"": 0.0, ""power_w"": 54.07, ""vram_used_mib"": 7572.0}, {""index"": 4, ""name"": ""NVIDIA P104-100"", ""pci_bus"": ""00000000:0D:00.0"", ""pcie"": ""Gen1 x1"", ""util_pct"": 0.0, ""power_w"": 53.19, ""vram_used_mib"": 7572.0}, {""index"": 5, ""name"": ""NVIDIA P104-100"", ""pci_bus"": ""00000000:0E:00.0"", ""pcie"": ""Gen1 x1"", ""util_pct"": 98.0, ""power_w"": 90.39, ""vram_used_mib"": 7796.0}]"
2026-08-16T12:28:25.342823+03:00,1786872505.342823,ctx_008192.txt,1,1,decode,36.717827626918535,"[100.0, 25.471698113207548, 9.95260663507109, 11.320754716981131]",15875.55078125,6921.6171875,8953.93359375,43.59922551899651,24575.99609375,361.7578125,1.471996541340596,"[{""index"": 0, ""name"": ""NVIDIA P104-100"", ""pci_bus"": ""00000000:01:00.0"", ""pcie"": ""Gen1 x1"", ""util_pct"": 0.0, ""power_w"": 51.46, ""vram_used_mib"": 7976.0}, {""index"": 1, ""name"": ""NVIDIA P104-100"", ""pci_bus"": ""00000000:02:00.0"", ""pcie"": ""Gen1 x1"", ""util_pct"": 0.0, ""power_w"": 53.86, ""vram_used_mib"": 6582.0}, {""index"": 2, ""name"": ""NVIDIA P104-100"", ""pci_bus"": ""00000000:0A:00.0"", ""pcie"": ""Gen1 x1"", ""util_pct"": 0.0, ""power_w"": 52.79, ""vram_used_mib"": 7976.0}, {""index"": 3, ""name"": ""NVIDIA P104-100"", ""pci_bus"": ""00000000:0C:00.0"", ""pcie"": ""Gen1 x1"", ""util_pct"": 65.0, ""power_w"": 55.4, ""vram_used_mib"": 7572.0}, {""index"": 4, ""name"": ""NVIDIA P104-100"", ""pci_bus"": ""00000000:0D:00.0"", ""pcie"": ""Gen1 x1"", ""util_pct"": 63.0, ""power_w"": 53.03, ""vram_used_mib"": 7572.0}, {""index"": 5, ""name"": ""NVIDIA P104-100"", ""pci_bus"": ""00000000:0E:00.0"", ""pcie"": ""Gen1 x1"", ""util_pct"": 0.0, ""power_w"": 50.51, ""vram_used_mib"": 7796.0}]"
2026-08-16T12:28:27.470395+03:00,1786872507.470395,ctx_008192.txt,1,1,decode,36.35294117647059,"[100.0, 12.206572769953052, 10.328638497652582, 22.641509433962263]",15875.55078125,6952.8359375,8922.71484375,43.79587223966885,24575.99609375,361.75390625,1.4719806467661296,"[{""index"": 0, ""name"": ""NVIDIA P104-100"", ""pci_bus"": ""00000000:01:00.0"", ""pcie"": ""Gen1 x1"", ""util_pct"": 12.0, ""power_w"": 52.51, ""vram_used_mib"": 7976.0}, {""index"": 1, ""name"": ""NVIDIA P104-100"", ""pci_bus"": ""00000000:02:00.0"", ""pcie"": ""Gen1 x1"", ""util_pct"": 8.0, ""power_w"": 59.49, ""vram_used_mib"": 6582.0}, {""index"": 2, ""name"": ""NVIDIA P104-100"", ""pci_bus"": ""00000000:0A:00.0"", ""pcie"": ""Gen1 x1"", ""util_pct"": 18.0, ""power_w"": 101.29, ""vram_used_mib"": 7976.0}, {""index"": 3, ""name"": ""NVIDIA P104-100"", ""pci_bus"": ""00000000:0C:00.0"", ""pcie"": ""Gen1 x1"", ""util_pct"": 17.0, ""power_w"": 151.53, ""vram_used_mib"": 7572.0}, {""index"": 4, ""name"": ""NVIDIA P104-100"", ""pci_bus"": ""00000000:0D:00.0"", ""pcie"": ""Gen1 x1"", ""util_pct"": 16.0, ""power_w"": 53.64, ""vram_used_mib"": 7572.0}, {""index"": 5, ""name"": ""NVIDIA P104-100"", ""pci_bus"": ""00000000:0E:00.0"", ""pcie"": ""Gen1 x1"", ""util_pct"": 15.0, ""power_w"": 50.83, ""vram_used_mib"": 7796.0}]"
2026-08-16T12:28:29.592125+03:00,1786872509.592125,ctx_008192.txt,1,1,decode,36.481700118063756,"[100.0, 22.857142857142858, 7.981220657276995, 15.566037735849056]",15875.55078125,6973.85546875,8901.6953125,43.92827414206348,24575.99609375,361.7421875,1.4719329630427302,"[{""index"": 0, ""name"": ""NVIDIA P104-100"", ""pci_bus"": ""00000000:01:00.0"", ""pcie"": ""Gen1 x1"", ""util_pct"": 18.0, ""power_w"": 167.25, ""vram_used_mib"": 7976.0}, {""index"": 1, ""name"": ""NVIDIA P104-100"", ""pci_bus"": ""00000000:02:00.0"", ""pcie"": ""Gen1 x1"", ""util_pct"": 16.0, ""power_w"": 54.17, ""vram_used_mib"": 6582.0}, {""index"": 2, ""name"": ""NVIDIA P104-100"", ""pci_bus"": ""00000000:0A:00.0"", ""pcie"": ""Gen1 x1"", ""util_pct"": 18.0, ""power_w"": 52.84, ""vram_used_mib"": 7976.0}, {""index"": 3, ""name"": ""NVIDIA P104-100"", ""pci_bus"": ""00000000:0C:00.0"", ""pcie"": ""Gen1 x1"", ""util_pct"": 17.0, ""power_w"": 54.89, ""vram_used_mib"": 7572.0}, {""index"": 4, ""name"": ""NVIDIA P104-100"", ""pci_bus"": ""00000000:0D:00.0"", ""pcie"": ""Gen1 x1"", ""util_pct"": 16.0, ""power_w"": 53.75, ""vram_used_mib"": 7572.0}, {""index"": 5, ""name"": ""NVIDIA P104-100"", ""pci_bus"": ""00000000:0E:00.0"", ""pcie"": ""Gen1 x1"", ""util_pct"": 14.0, ""power_w"": 55.65, ""vram_used_mib"": 7796.0}]"
2026-08-16T12:28:31.707868+03:00,1786872511.707868,ctx_008192.txt,1,1,decode,37.410926365795724,"[100.0, 17.53554502369668, 14.832535885167465, 16.50943396226415]",15875.55078125,6993.3984375,8882.15234375,44.05137518604793,24575.99609375,361.734375,1.4719011738937973,"[{""index"": 0, ""name"": ""NVIDIA P104-100"", ""pci_bus"": ""00000000:01:00.0"", ""pcie"": ""Gen1 x1"", ""util_pct"": 19.0, ""power_w"": 42.92, ""vram_used_mib"": 7976.0}, {""index"": 1, ""name"": ""NVIDIA P104-100"", ""pci_bus"": ""00000000:02:00.0"", ""pcie"": ""Gen1 x1"", ""util_pct"": 17.0, ""power_w"": 43.57, ""vram_used_mib"": 6582.0}, {""index"": 2, ""name"": ""NVIDIA P104-100"", ""pci_bus"": ""00000000:0A:00.0"", ""pcie"": ""Gen1 x1"", ""util_pct"": 19.0, ""power_w"": 41.9, ""vram_used_mib"": 7976.0}, {""index"": 3, ""name"": ""NVIDIA P104-100"", ""pci_bus"": ""00000000:0C:00.0"", ""pcie"": ""Gen1 x1"", ""util_pct"": 17.0, ""power_w"": 47.48, ""vram_used_mib"": 7572.0}, {""index"": 4, ""name"": ""NVIDIA P104-100"", ""pci_bus"": ""00000000:0D:00.0"", ""pcie"": ""Gen1 x1"", ""util_pct"": 6.0, ""power_w"": 56.08, ""vram_used_mib"": 7572.0}, {""index"": 5, ""name"": ""NVIDIA P104-100"", ""pci_bus"": ""00000000:0E:00.0"", ""pcie"": ""Gen1 x1"", ""util_pct"": 38.0, ""power_w"": 136.73, ""vram_used_mib"": 7796.0}]"
2026-08-16T12:28:33.866792+03:00,1786872513.866792,ctx_008192.txt,1,1,decode,40.23255813953488,"[100.0, 14.084507042253522, 18.13953488372093, 28.372093023255815]",15875.55078125,6921.015625,8954.53515625,43.59543628038496,24575.99609375,361.72265625,1.4718534901703977,"[{""index"": 0, ""name"": ""NVIDIA P104-100"", ""pci_bus"": ""00000000:01:00.0"", ""pcie"": ""Gen1 x1"", ""util_pct"": 4.0, ""power_w"": 115.66, ""vram_used_mib"": 7976.0}, {""index"": 1, ""name"": ""NVIDIA P104-100"", ""pci_bus"": ""00000000:02:00.0"", ""pcie"": ""Gen1 x1"", ""util_pct"": 17.0, ""power_w"": 43.47, ""vram_used_mib"": 6582.0}, {""index"": 2, ""name"": ""NVIDIA P104-100"", ""pci_bus"": ""00000000:0A:00.0"", ""pcie"": ""Gen1 x1"", ""util_pct"": 19.0, ""power_w"": 42.04, ""vram_used_mib"": 7976.0}, {""index"": 3, ""name"": ""NVIDIA P104-100"", ""pci_bus"": ""00000000:0C:00.0"", ""pcie"": ""Gen1 x1"", ""util_pct"": 17.0, ""power_w"": 45.79, ""vram_used_mib"": 7572.0}, {""index"": 4, ""name"": ""NVIDIA P104-100"", ""pci_bus"": ""00000000:0D:00.0"", ""pcie"": ""Gen1 x1"", ""util_pct"": 18.0, ""power_w"": 43.51, ""vram_used_mib"": 7572.0}, {""index"": 5, ""name"": ""NVIDIA P104-100"", ""pci_bus"": ""00000000:0E:00.0"", ""pcie"": ""Gen1 x1"", ""util_pct"": 44.0, ""power_w"": 55.43, ""vram_used_mib"": 7796.0}]"
2026-08-16T12:28:34.515371+03:00,1786872514.515371,ctx_016384.txt,1,1,outside,,"[null, 0.0, null, null]",15875.55078125,6999.00390625,8876.546875,44.08668400038286,24575.99609375,361.65234375,1.471567387830001,"[{""index"": 0, ""name"": ""NVIDIA P104-100"", ""pci_bus"": ""00000000:01:00.0"", ""pcie"": ""Gen1 x1"", ""util_pct"": 0.0, ""power_w"": 42.92, ""vram_used_mib"": 7976.0}, {""index"": 1, ""name"": ""NVIDIA P104-100"", ""pci_bus"": ""00000000:02:00.0"", ""pcie"": ""Gen1 x1"", ""util_pct"": 13.0, ""power_w"": 43.49, ""vram_used_mib"": 6582.0}, {""index"": 2, ""name"": ""NVIDIA P104-100"", ""pci_bus"": ""00000000:0A:00.0"", ""pcie"": ""Gen1 x1"", ""util_pct"": 4.0, ""power_w"": 41.58, ""vram_used_mib"": 7976.0}, {""index"": 3, ""name"": ""NVIDIA P104-100"", ""pci_bus"": ""00000000:0C:00.0"", ""pcie"": ""Gen1 x1"", ""util_pct"": 14.0, ""power_w"": 45.62, ""vram_used_mib"": 7572.0}, {""index"": 4, ""name"": ""NVIDIA P104-100"", ""pci_bus"": ""00000000:0D:00.0"", ""pcie"": ""Gen1 x1"", ""util_pct"": 12.0, ""power_w"": 43.51, ""vram_used_mib"": 7572.0}, {""index"": 5, ""name"": ""NVIDIA P104-100"", ""pci_bus"": ""00000000:0E:00.0"", ""pcie"": ""Gen1 x1"", ""util_pct"": 16.0, ""power_w"": 50.53, ""vram_used_mib"": 7796.0}]"
2026-08-16T12:28:36.660579+03:00,1786872516.660579,ctx_016384.txt,1,1,prefill,36.87281213535589,"[97.66355140186916, 29.906542056074766, 6.542056074766355, 14.485981308411215]",15875.55078125,8128.28125,7747.26953125,51.19999527575446,24575.99609375,361.65234375,1.471567387830001,"[{""index"": 0, ""name"": ""NVIDIA P104-100"", ""pci_bus"": ""00000000:01:00.0"", ""pcie"": ""Gen1 x1"", ""util_pct"": 23.0, ""power_w"": 51.57, ""vram_used_mib"": 7976.0}, {""index"": 1, ""name"": ""NVIDIA P104-100"", ""pci_bus"": ""00000000:02:00.0"", ""pcie"": ""Gen1 x1"", ""util_pct"": 0.0, ""power_w"": 47.68, ""vram_used_mib"": 6582.0}, {""index"": 2, ""name"": ""NVIDIA P104-100"", ""pci_bus"": ""00000000:0A:00.0"", ""pcie"": ""Gen1 x1"", ""util_pct"": 0.0, ""power_w"": 51.7, ""vram_used_mib"": 7976.0}, {""index"": 3, ""name"": ""NVIDIA P104-100"", ""pci_bus"": ""00000000:0C:00.0"", ""pcie"": ""Gen1 x1"", ""util_pct"": 0.0, ""power_w"": 55.3, ""vram_used_mib"": 7572.0}, {""index"": 4, ""name"": ""NVIDIA P104-100"", ""pci_bus"": ""00000000:0D:00.0"", ""pcie"": ""Gen1 x1"", ""util_pct"": 0.0, ""power_w"": 53.17, ""vram_used_mib"": 7572.0}, {""index"": 5, ""name"": ""NVIDIA P104-100"", ""pci_bus"": ""00000000:0E:00.0"", ""pcie"": ""Gen1 x1"", ""util_pct"": 65.0, ""power_w"": 50.27, ""vram_used_mib"": 7796.0}]"
2026-08-16T12:28:38.785952+03:00,1786872518.785952,ctx_016384.txt,1,1,prefill,36.481700118063756,"[100.0, 5.714285714285714, 15.165876777251185, 23.58490566037736]",15875.55078125,8085.12890625,7790.421875,50.928178918989275,24575.99609375,361.6484375,1.4715514932555347,"[{""index"": 0, ""name"": ""NVIDIA P104-100"", ""pci_bus"": ""00000000:01:00.0"", ""pcie"": ""Gen1 x1"", ""util_pct"": 0.0, ""power_w"": 51.46, ""vram_used_mib"": 7976.0}, {""index"": 1, ""name"": ""NVIDIA P104-100"", ""pci_bus"": ""00000000:02:00.0"", ""pcie"": ""Gen1 x1"", ""util_pct"": 0.0, ""power_w"": 53.61, ""vram_used_mib"": 6582.0}, {""index"": 2, ""name"": ""NVIDIA P104-100"", ""pci_bus"": ""00000000:0A:00.0"", ""pcie"": ""Gen1 x1"", ""util_pct"": 0.0, ""power_w"": 51.7, ""vram_used_mib"": 7976.0}, {""index"": 3, ""name"": ""NVIDIA P104-100"", ""pci_bus"": ""00000000:0C:00.0"", ""pcie"": ""Gen1 x1"", ""util_pct"": 0.0, ""power_w"": 55.4, ""vram_used_mib"": 7572.0}, {""index"": 4, ""name"": ""NVIDIA P104-100"", ""pci_bus"": ""00000000:0D:00.0"", ""pcie"": ""Gen1 x1"", ""util_pct"": 7.0, ""power_w"": 53.17, ""vram_used_mib"": 7572.0}, {""index"": 5, ""name"": ""NVIDIA P104-100"", ""pci_bus"": ""00000000:0E:00.0"", ""pcie"": ""Gen1 x1"", ""util_pct"": 80.0, ""power_w"": 50.61, ""vram_used_mib"": 7796.0}]"
2026-08-16T12:28:40.906871+03:00,1786872520.906871,ctx_016384.txt,1,1,prefill,38.62559241706161,"[97.64150943396227, 17.92452830188679, 19.43127962085308, 19.81132075471698]",15875.55078125,7915.83203125,7959.71875,49.86177890973763,24575.99609375,361.640625,1.4715197041066017,"[{""index"": 0, ""name"": ""NVIDIA P104-100"", ""pci_bus"": ""00000000:01:00.0"", ""pcie"": ""Gen1 x1"", ""util_pct"": 98.0, ""power_w"": 129.39, ""vram_used_mib"": 7976.0}, {""index"": 1, ""name"": ""NVIDIA P104-100"", ""pci_bus"": ""00000000:02:00.0"", ""pcie"": ""Gen1 x1"", ""util_pct"": 91.0, ""power_w"": 155.14, ""vram_used_mib"": 6582.0}, {""index"": 2, ""name"": ""NVIDIA P104-100"", ""pci_bus"": ""00000000:0A:00.0"", ""pcie"": ""Gen1 x1"", ""util_pct"": 98.0, ""power_w"": 174.71, ""vram_used_mib"": 7976.0}, {""index"": 3, ""name"": ""NVIDIA P104-100"", ""pci_bus"": ""00000000:0C:00.0"", ""pcie"": ""Gen1 x1"", ""util_pct"": 90.0, ""power_w"": 171.1, ""vram_used_mib"": 7572.0}, {""index"": 4, ""name"": ""NVIDIA P104-100"", ""pci_bus"": ""00000000:0D:00.0"", ""pcie"": ""Gen1 x1"", ""util_pct"": 90.0, ""power_w"": 174.4, ""vram_used_mib"": 7572.0}, {""index"": 5, ""name"": ""NVIDIA P104-100"", ""pci_bus"": ""00000000:0E:00.0"", ""pcie"": ""Gen1 x1"", ""util_pct"": 62.0, ""power_w"": 133.5, ""vram_used_mib"": 7796.0}]"
2026-08-16T12:28:43.087959+03:00,1786872523.087959,ctx_016384.txt,1,1,prefill,45.55940023068051,"[100.0, 23.963133640552996, 28.571428571428573, 29.439252336448597]",15875.55078125,7835.0,8040.55078125,49.3526184253942,24575.99609375,361.640625,1.4715197041066017,"[{""index"": 0, ""name"": ""NVIDIA P104-100"", ""pci_bus"": ""00000000:01:00.0"", ""pcie"": ""Gen1 x1"", ""util_pct"": 98.0, ""power_w"": 125.4, ""vram_used_mib"": 7976.0}, {""index"": 1, ""name"": ""NVIDIA P104-100"", ""pci_bus"": ""00000000:02:00.0"", ""pcie"": ""Gen1 x1"", ""util_pct"": 90.0, ""power_w"": 147.08, ""vram_used_mib"": 6582.0}, {""index"": 2, ""name"": ""NVIDIA P104-100"", ""pci_bus"": ""00000000:0A:00.0"", ""pcie"": ""Gen1 x1"", ""util_pct"": 98.0, ""power_w"": 162.62, ""vram_used_mib"": 7976.0}, {""index"": 3, ""name"": ""NVIDIA P104-100"", ""pci_bus"": ""00000000:0C:00.0"", ""pcie"": ""Gen1 x1"", ""util_pct"": 91.0, ""power_w"": 164.87, ""vram_used_mib"": 7572.0}, {""index"": 4, ""name"": ""NVIDIA P104-100"", ""pci_bus"": ""00000000:0D:00.0"", ""pcie"": ""Gen1 x1"", ""util_pct"": 91.0, ""power_w"": 180.79, ""vram_used_mib"": 7572.0}, {""index"": 5, ""name"": ""NVIDIA P104-100"", ""pci_bus"": ""00000000:0E:00.0"", ""pcie"": ""Gen1 x1"", ""util_pct"": 61.0, ""power_w"": 143.33, ""vram_used_mib"": 7796.0}]"
2026-08-16T12:28:45.272480+03:00,1786872525.272480,ctx_016384.txt,1,1,prefill,52.81933256616801,"[100.0, 26.72811059907834, 57.142857142857146, 27.06422018348624]",15875.55078125,7817.1484375,8058.40234375,49.24017153932405,24575.99609375,361.640625,1.4715197041066017,"[{""index"": 0, ""name"": ""NVIDIA P104-100"", ""pci_bus"": ""00000000:01:00.0"", ""pcie"": ""Gen1 x1"", ""util_pct"": 97.0, ""power_w"": 178.42, ""vram_used_mib"": 7976.0}, {""index"": 1, ""name"": ""NVIDIA P104-100"", ""pci_bus"": ""00000000:02:00.0"", ""pcie"": ""Gen1 x1"", ""util_pct"": 92.0, ""power_w"": 179.73, ""vram_used_mib"": 6582.0}, {""index"": 2, ""name"": ""NVIDIA P104-100"", ""pci_bus"": ""00000000:0A:00.0"", ""pcie"": ""Gen1 x1"", ""util_pct"": 98.0, ""power_w"": 178.71, ""vram_used_mib"": 7976.0}, {""index"": 3, ""name"": ""NVIDIA P104-100"", ""pci_bus"": ""00000000:0C:00.0"", ""pcie"": ""Gen1 x1"", ""util_pct"": 92.0, ""power_w"": 137.62, ""vram_used_mib"": 7572.0}, {""index"": 4, ""name"": ""NVIDIA P104-100"", ""pci_bus"": ""00000000:0D:00.0"", ""pcie"": ""Gen1 x1"", ""util_pct"": 91.0, ""power_w"": 112.59, ""vram_used_mib"": 7572.0}, {""index"": 5, ""name"": ""NVIDIA P104-100"", ""pci_bus"": ""00000000:0E:00.0"", ""pcie"": ""Gen1 x1"", ""util_pct"": 61.0, ""power_w"": 75.46, ""vram_used_mib"": 7796.0}]"
2026-08-16T12:28:47.848606+03:00,1786872527.848606,ctx_016384.txt,1,1,prefill,45.65853658536585,"[100.0, 25.49019607843137, 33.72549019607843, 23.046875]",15875.55078125,7830.56640625,8044.984375,49.32469124471813,24575.99609375,361.640625,1.4715197041066017,"[{""index"": 0, ""name"": ""NVIDIA P104-100"", ""pci_bus"": ""00000000:01:00.0"", ""pcie"": ""Gen1 x1"", ""util_pct"": 0.0, ""power_w"": 51.82, ""vram_used_mib"": 7976.0}, {""index"": 1, ""name"": ""NVIDIA P104-100"", ""pci_bus"": ""00000000:02:00.0"", ""pcie"": ""Gen1 x1"", ""util_pct"": 0.0, ""power_w"": 53.86, ""vram_used_mib"": 6582.0}, {""index"": 2, ""name"": ""NVIDIA P104-100"", ""pci_bus"": ""00000000:0A:00.0"", ""pcie"": ""Gen1 x1"", ""util_pct"": 0.0, ""power_w"": 53.04, ""vram_used_mib"": 7976.0}, {""index"": 3, ""name"": ""NVIDIA P104-100"", ""pci_bus"": ""00000000:0C:00.0"", ""pcie"": ""Gen1 x1"", ""util_pct"": 0.0, ""power_w"": 56.05, ""vram_used_mib"": 7572.0}, {""index"": 4, ""name"": ""NVIDIA P104-100"", ""pci_bus"": ""00000000:0D:00.0"", ""pcie"": ""Gen1 x1"", ""util_pct"": 13.0, ""power_w"": 52.06, ""vram_used_mib"": 7572.0}, {""index"": 5, ""name"": ""NVIDIA P104-100"", ""pci_bus"": ""00000000:0E:00.0"", ""pcie"": ""Gen1 x1"", ""util_pct"": 51.0, ""power_w"": 101.17, ""vram_used_mib"": 7796.0}]"
2026-08-16T12:28:49.986356+03:00,1786872529.986356,ctx_016384.txt,1,1,prefill,36.41686182669789,"[100.0, 9.90566037735849, 15.023474178403756, 20.560747663551403]",15875.55078125,7851.01171875,8024.5390625,49.45347614661991,24575.99609375,361.640625,1.4715197041066017,"[{""index"": 0, ""name"": ""NVIDIA P104-100"", ""pci_bus"": ""00000000:01:00.0"", ""pcie"": ""Gen1 x1"", ""util_pct"": 0.0, ""power_w"": 175.72, ""vram_used_mib"": 7976.0}, {""index"": 1, ""name"": ""NVIDIA P104-100"", ""pci_bus"": ""00000000:02:00.0"", ""pcie"": ""Gen1 x1"", ""util_pct"": 0.0, ""power_w"": 53.43, ""vram_used_mib"": 6582.0}, {""index"": 2, ""name"": ""NVIDIA P104-100"", ""pci_bus"": ""00000000:0A:00.0"", ""pcie"": ""Gen1 x1"", ""util_pct"": 0.0, ""power_w"": 52.39, ""vram_used_mib"": 7976.0}, {""index"": 3, ""name"": ""NVIDIA P104-100"", ""pci_bus"": ""00000000:0C:00.0"", ""pcie"": ""Gen1 x1"", ""util_pct"": 0.0, ""power_w"": 55.73, ""vram_used_mib"": 7572.0}, {""index"": 4, ""name"": ""NVIDIA P104-100"", ""pci_bus"": ""00000000:0D:00.0"", ""pcie"": ""Gen1 x1"", ""util_pct"": 0.0, ""power_w"": 51.44, ""vram_used_mib"": 7572.0}, {""index"": 5, ""name"": ""NVIDIA P104-100"", ""pci_bus"": ""00000000:0E:00.0"", ""pcie"": ""Gen1 x1"", ""util_pct"": 56.0, ""power_w"": 50.61, ""vram_used_mib"": 7796.0}]"
2026-08-16T12:28:52.124368+03:00,1786872532.124368,ctx_016384.txt,1,1,prefill,44.588235294117645,"[100.0, 21.69811320754717, 29.577464788732396, 25.943396226415093]",15875.55078125,7852.41796875,8023.1328125,49.46233410701056,24575.99609375,361.640625,1.4715197041066017,"[{""index"": 0, ""name"": ""NVIDIA P104-100"", ""pci_bus"": ""00000000:01:00.0"", ""pcie"": ""Gen1 x1"", ""util_pct"": 98.0, ""power_w"": 143.14, ""vram_used_mib"": 7976.0}, {""index"": 1, ""name"": ""NVIDIA P104-100"", ""pci_bus"": ""00000000:02:00.0"", ""pcie"": ""Gen1 x1"", ""util_pct"": 89.0, ""power_w"": 159.39, ""vram_used_mib"": 6582.0}, {""index"": 2, ""name"": ""NVIDIA P104-100"", ""pci_bus"": ""00000000:0A:00.0"", ""pcie"": ""Gen1 x1"", ""util_pct"": 98.0, ""power_w"": 152.94, ""vram_used_mib"": 7976.0}, {""index"": 3, ""name"": ""NVIDIA P104-100"", ""pci_bus"": ""00000000:0C:00.0"", ""pcie"": ""Gen1 x1"", ""util_pct"": 91.0, ""power_w"": 167.58, ""vram_used_mib"": 7572.0}, {""index"": 4, ""name"": ""NVIDIA P104-100"", ""pci_bus"": ""00000000:0D:00.0"", ""pcie"": ""Gen1 x1"", ""util_pct"": 94.0, ""power_w"": 176.91, ""vram_used_mib"": 7572.0}, {""index"": 5, ""name"": ""NVIDIA P104-100"", ""pci_bus"": ""00000000:0E:00.0"", ""pcie"": ""Gen1 x1"", ""util_pct"": 61.0, ""power_w"": 160.81, ""vram_used_mib"": 7796.0}]"
2026-08-16T12:28:54.298319+03:00,1786872534.298319,ctx_016384.txt,1,1,prefill,45.202312138728324,"[100.0, 27.441860465116278, 25.0, 28.571428571428573]",15875.55078125,7843.0625,8032.48828125,49.40340406496723,24575.99609375,361.640625,1.4715197041066017,"[{""index"": 0, ""name"": ""NVIDIA P104-100"", ""pci_bus"": ""00000000:01:00.0"", ""pcie"": ""Gen1 x1"", ""util_pct"": 97.0, ""power_w"": 158.58, ""vram_used_mib"": 7976.0}, {""index"": 1, ""name"": ""NVIDIA P104-100"", ""pci_bus"": ""00000000:02:00.0"", ""pcie"": ""Gen1 x1"", ""util_pct"": 87.0, ""power_w"": 164.51, ""vram_used_mib"": 6582.0}, {""index"": 2, ""name"": ""NVIDIA P104-100"", ""pci_bus"": ""00000000:0A:00.0"", ""pcie"": ""Gen1 x1"", ""util_pct"": 98.0, ""power_w"": 166.48, ""vram_used_mib"": 7976.0}, {""index"": 3, ""name"": ""NVIDIA P104-100"", ""pci_bus"": ""00000000:0C:00.0"", ""pcie"": ""Gen1 x1"", ""util_pct"": 92.0, ""power_w"": 177.04, ""vram_used_mib"": 7572.0}, {""index"": 4, ""name"": ""NVIDIA P104-100"", ""pci_bus"": ""00000000:0D:00.0"", ""pcie"": ""Gen1 x1"", ""util_pct"": 92.0, ""power_w"": 177.61, ""vram_used_mib"": 7572.0}, {""index"": 5, ""name"": ""NVIDIA P104-100"", ""pci_bus"": ""00000000:0E:00.0"", ""pcie"": ""Gen1 x1"", ""util_pct"": 67.0, ""power_w"": 134.78, ""vram_used_mib"": 7796.0}]"
2026-08-16T12:28:56.483139+03:00,1786872536.483139,ctx_016384.txt,1,1,prefill,45.642201834862384,"[29.62962962962963, 28.89908256880734, 29.357798165137616, 94.4954128440367]",15875.55078125,7914.640625,7960.91015625,49.85427424885111,24575.99609375,361.640625,1.4715197041066017,"[{""index"": 0, ""name"": ""NVIDIA P104-100"", ""pci_bus"": ""00000000:01:00.0"", ""pcie"": ""Gen1 x1"", ""util_pct"": 98.0, ""power_w"": 177.64, ""vram_used_mib"": 7976.0}, {""index"": 1, ""name"": ""NVIDIA P104-100"", ""pci_bus"": ""00000000:02:00.0"", ""pcie"": ""Gen1 x1"", ""util_pct"": 88.0, ""power_w"": 183.2, ""vram_used_mib"": 6582.0}, {""index"": 2, ""name"": ""NVIDIA P104-100"", ""pci_bus"": ""00000000:0A:00.0"", ""pcie"": ""Gen1 x1"", ""util_pct"": 98.0, ""power_w"": 173.8, ""vram_used_mib"": 7976.0}, {""index"": 3, ""name"": ""NVIDIA P104-100"", ""pci_bus"": ""00000000:0C:00.0"", ""pcie"": ""Gen1 x1"", ""util_pct"": 92.0, ""power_w"": 179.38, ""vram_used_mib"": 7572.0}, {""index"": 4, ""name"": ""NVIDIA P104-100"", ""pci_bus"": ""00000000:0D:00.0"", ""pcie"": ""Gen1 x1"", ""util_pct"": 93.0, ""power_w"": 107.55, ""vram_used_mib"": 7572.0}, {""index"": 5, ""name"": ""NVIDIA P104-100"", ""pci_bus"": ""00000000:0E:00.0"", ""pcie"": ""Gen1 x1"", ""util_pct"": 63.0, ""power_w"": 95.31, ""vram_used_mib"": 7796.0}]"
2026-08-16T12:28:58.682427+03:00,1786872538.682427,ctx_016384.txt,1,1,prefill,43.77142857142857,"[55.96330275229358, 20.18348623853211, 25.570776255707763, 72.72727272727273]",15875.55078125,7835.734375,8039.81640625,49.35724424915376,24575.99609375,361.640625,1.4715197041066017,"[{""index"": 0, ""name"": ""NVIDIA P104-100"", ""pci_bus"": ""00000000:01:00.0"", ""pcie"": ""Gen1 x1"", ""util_pct"": 0.0, ""power_w"": 52.15, ""vram_used_mib"": 7976.0}, {""index"": 1, ""name"": ""NVIDIA P104-100"", ""pci_bus"": ""00000000:02:00.0"", ""pcie"": ""Gen1 x1"", ""util_pct"": 0.0, ""power_w"": 54.69, ""vram_used_mib"": 6582.0}, {""index"": 2, ""name"": ""NVIDIA P104-100"", ""pci_bus"": ""00000000:0A:00.0"", ""pcie"": ""Gen1 x1"", ""util_pct"": 0.0, ""power_w"": 52.15, ""vram_used_mib"": 7976.0}, {""index"": 3, ""name"": ""NVIDIA P104-100"", ""pci_bus"": ""00000000:0C:00.0"", ""pcie"": ""Gen1 x1"", ""util_pct"": 17.0, ""power_w"": 54.39, ""vram_used_mib"": 7572.0}, {""index"": 4, ""name"": ""NVIDIA P104-100"", ""pci_bus"": ""00000000:0D:00.0"", ""pcie"": ""Gen1 x1"", ""util_pct"": 49.0, ""power_w"": 54.27, ""vram_used_mib"": 7572.0}, {""index"": 5, ""name"": ""NVIDIA P104-100"", ""pci_bus"": ""00000000:0E:00.0"", ""pcie"": ""Gen1 x1"", ""util_pct"": 78.0, ""power_w"": 105.08, ""vram_used_mib"": 7796.0}]"
2026-08-16T12:29:00.800391+03:00,1786872540.800391,ctx_016384.txt,1,1,prefill,36.33136094674556,"[100.0, 21.69811320754717, 13.679245283018869, 10.42654028436019]",15875.55078125,7818.39453125,8057.15625,49.248020676447986,24575.99609375,361.63671875,1.4715038095321353,"[{""index"": 0, ""name"": ""NVIDIA P104-100"", ""pci_bus"": ""00000000:01:00.0"", ""pcie"": ""Gen1 x1"", ""util_pct"": 0.0, ""power_w"": 51.9, ""vram_used_mib"": 7976.0}, {""index"": 1, ""name"": ""NVIDIA P104-100"", ""pci_bus"": ""00000000:02:00.0"", ""pcie"": ""Gen1 x1"", ""util_pct"": 0.0, ""power_w"": 54.3, ""vram_used_mib"": 6582.0}, {""index"": 2, ""name"": ""NVIDIA P104-100"", ""pci_bus"": ""00000000:0A:00.0"", ""pcie"": ""Gen1 x1"", ""util_pct"": 0.0, ""power_w"": 51.8, ""vram_used_mib"": 7976.0}, {""index"": 3, ""name"": ""NVIDIA P104-100"", ""pci_bus"": ""00000000:0C:00.0"", ""pcie"": ""Gen1 x1"", ""util_pct"": 0.0, ""power_w"": 54.11, ""vram_used_mib"": 7572.0}, {""index"": 4, ""name"": ""NVIDIA P104-100"", ""pci_bus"": ""00000000:0D:00.0"", ""pcie"": ""Gen1 x1"", ""util_pct"": 0.0, ""power_w"": 53.85, ""vram_used_mib"": 7572.0}, {""index"": 5, ""name"": ""NVIDIA P104-100"", ""pci_bus"": ""00000000:0E:00.0"", ""pcie"": ""Gen1 x1"", ""util_pct"": 58.0, ""power_w"": 50.87, ""vram_used_mib"": 7796.0}]"
2026-08-16T12:29:02.928966+03:00,1786872542.928966,ctx_016384.txt,1,1,prefill,42.75618374558304,"[100.0, 28.30188679245283, 22.748815165876778, 19.339622641509433]",15875.55078125,7914.8046875,7960.74609375,49.85530767756335,24575.99609375,361.63671875,1.4715038095321353,"[{""index"": 0, ""name"": ""NVIDIA P104-100"", ""pci_bus"": ""00000000:01:00.0"", ""pcie"": ""Gen1 x1"", ""util_pct"": 98.0, ""power_w"": 157.98, ""vram_used_mib"": 7976.0}, {""index"": 1, ""name"": ""NVIDIA P104-100"", ""pci_bus"": ""00000000:02:00.0"", ""pcie"": ""Gen1 x1"", ""util_pct"": 86.0, ""power_w"": 169.02, ""vram_used_mib"": 6582.0}, {""index"": 2, ""name"": ""NVIDIA P104-100"", ""pci_bus"": ""00000000:0A:00.0"", ""pcie"": ""Gen1 x1"", ""util_pct"": 99.0, ""power_w"": 174.42, ""vram_used_mib"": 7976.0}, {""index"": 3, ""name"": ""NVIDIA P104-100"", ""pci_bus"": ""00000000:0C:00.0"", ""pcie"": ""Gen1 x1"", ""util_pct"": 91.0, ""power_w"": 190.82, ""vram_used_mib"": 7572.0}, {""index"": 4, ""name"": ""NVIDIA P104-100"", ""pci_bus"": ""00000000:0D:00.0"", ""pcie"": ""Gen1 x1"", ""util_pct"": 94.0, ""power_w"": 186.09, ""vram_used_mib"": 7572.0}, {""index"": 5, ""name"": ""NVIDIA P104-100"", ""pci_bus"": ""00000000:0E:00.0"", ""pcie"": ""Gen1 x1"", ""util_pct"": 70.0, ""power_w"": 73.82, ""vram_used_mib"": 7796.0}]"
2026-08-16T12:29:05.115058+03:00,1786872545.115058,ctx_016384.txt,1,1,prefill,44.87917146144994,"[100.0, 27.649769585253456, 22.580645161290324, 29.166666666666668]",15875.55078125,7859.86328125,8015.6875,49.509232086189925,24575.99609375,361.63671875,1.4715038095321353,"[{""index"": 0, ""name"": ""NVIDIA P104-100"", ""pci_bus"": ""00000000:01:00.0"", ""pcie"": ""Gen1 x1"", ""util_pct"": 98.0, ""power_w"": 170.99, ""vram_used_mib"": 7976.0}, {""index"": 1, ""name"": ""NVIDIA P104-100"", ""pci_bus"": ""00000000:02:00.0"", ""pcie"": ""Gen1 x1"", ""util_pct"": 87.0, ""power_w"": 169.7, ""vram_used_mib"": 6582.0}, {""index"": 2, ""name"": ""NVIDIA P104-100"", ""pci_bus"": ""00000000:0A:00.0"", ""pcie"": ""Gen1 x1"", ""util_pct"": 99.0, ""power_w"": 183.93, ""vram_used_mib"": 7976.0}, {""index"": 3, ""name"": ""NVIDIA P104-100"", ""pci_bus"": ""00000000:0C:00.0"", ""pcie"": ""Gen1 x1"", ""util_pct"": 94.0, ""power_w"": 175.87, ""vram_used_mib"": 7572.0}, {""index"": 4, ""name"": ""NVIDIA P104-100"", ""pci_bus"": ""00000000:0D:00.0"", ""pcie"": ""Gen1 x1"", ""util_pct"": 94.0, ""power_w"": 121.51, ""vram_used_mib"": 7572.0}, {""index"": 5, ""name"": ""NVIDIA P104-100"", ""pci_bus"": ""00000000:0E:00.0"", ""pcie"": ""Gen1 x1"", ""util_pct"": 67.0, ""power_w"": 60.4, ""vram_used_mib"": 7796.0}]"
2026-08-16T12:29:07.324720+03:00,1786872547.324720,ctx_016384.txt,1,1,prefill,45.45454545454545,"[100.0, 25.454545454545453, 23.636363636363637, 32.72727272727273]",15875.55078125,7833.87890625,8041.671875,49.34555666252721,24575.99609375,361.63671875,1.4715038095321353,"[{""index"": 0, ""name"": ""NVIDIA P104-100"", ""pci_bus"": ""00000000:01:00.0"", ""pcie"": ""Gen1 x1"", ""util_pct"": 98.0, ""power_w"": 156.57, ""vram_used_mib"": 7976.0}, {""index"": 1, ""name"": ""NVIDIA P104-100"", ""pci_bus"": ""00000000:02:00.0"", ""pcie"": ""Gen1 x1"", ""util_pct"": 89.0, ""power_w"": 164.83, ""vram_used_mib"": 6582.0}, {""index"": 2, ""name"": ""NVIDIA P104-100"", ""pci_bus"": ""00000000:0A:00.0"", ""pcie"": ""Gen1 x1"", ""util_pct"": 99.0, ""power_w"": 171.17, ""vram_used_mib"": 7976.0}, {""index"": 3, ""name"": ""NVIDIA P104-100"", ""pci_bus"": ""00000000:0C:00.0"", ""pcie"": ""Gen1 x1"", ""util_pct"": 94.0, ""power_w"": 177.17, ""vram_used_mib"": 7572.0}, {""index"": 4, ""name"": ""NVIDIA P104-100"", ""pci_bus"": ""00000000:0D:00.0"", ""pcie"": ""Gen1 x1"", ""util_pct"": 94.0, ""power_w"": 182.09, ""vram_used_mib"": 7572.0}, {""index"": 5, ""name"": ""NVIDIA P104-100"", ""pci_bus"": ""00000000:0E:00.0"", ""pcie"": ""Gen1 x1"", ""util_pct"": 71.0, ""power_w"": 92.68, ""vram_used_mib"": 7796.0}]"
2026-08-16T12:29:10.757390+03:00,1786872550.757390,ctx_016384.txt,1,1,prefill,47.657393850658856,"[55.81395348837209, 15.882352941176471, 98.83381924198251, 19.41176470588235]",15875.55078125,7946.73046875,7928.8203125,50.05640798387655,24575.99609375,361.63671875,1.4715038095321353,"[{""index"": 0, ""name"": ""NVIDIA P104-100"", ""pci_bus"": ""00000000:01:00.0"", ""pcie"": ""Gen1 x1"", ""util_pct"": 0.0, ""power_w"": 178.18, ""vram_used_mib"": 7976.0}, {""index"": 1, ""name"": ""NVIDIA P104-100"", ""pci_bus"": ""00000000:02:00.0"", ""pcie"": ""Gen1 x1"", ""util_pct"": 12.0, ""power_w"": 54.96, ""vram_used_mib"": 6582.0}, {""index"": 2, ""name"": ""NVIDIA P104-100"", ""pci_bus"": ""00000000:0A:00.0"", ""pcie"": ""Gen1 x1"", ""util_pct"": 13.0, ""power_w"": 53.26, ""vram_used_mib"": 7976.0}, {""index"": 3, ""name"": ""NVIDIA P104-100"", ""pci_bus"": ""00000000:0C:00.0"", ""pcie"": ""Gen1 x1"", ""util_pct"": 9.0, ""power_w"": 56.42, ""vram_used_mib"": 7572.0}, {""index"": 4, ""name"": ""NVIDIA P104-100"", ""pci_bus"": ""00000000:0D:00.0"", ""pcie"": ""Gen1 x1"", ""util_pct"": 9.0, ""power_w"": 53.21, ""vram_used_mib"": 7572.0}, {""index"": 5, ""name"": ""NVIDIA P104-100"", ""pci_bus"": ""00000000:0E:00.0"", ""pcie"": ""Gen1 x1"", ""util_pct"": 9.0, ""power_w"": 50.87, ""vram_used_mib"": 7796.0}]"
2026-08-16T12:29:12.898897+03:00,1786872552.898897,ctx_016384.txt,1,1,prefill,36.65105386416862,"[16.037735849056602, 18.309859154929576, 100.0, 11.737089201877934]",15875.55078125,7928.88671875,7946.6640625,49.94401030869746,24575.99609375,361.63671875,1.4715038095321353,"[{""index"": 0, ""name"": ""NVIDIA P104-100"", ""pci_bus"": ""00000000:01:00.0"", ""pcie"": ""Gen1 x1"", ""util_pct"": 0.0, ""power_w"": 51.92, ""vram_used_mib"": 7976.0}, {""index"": 1, ""name"": ""NVIDIA P104-100"", ""pci_bus"": ""00000000:02:00.0"", ""pcie"": ""Gen1 x1"", ""util_pct"": 0.0, ""power_w"": 54.44, ""vram_used_mib"": 6582.0}, {""index"": 2, ""name"": ""NVIDIA P104-100"", ""pci_bus"": ""00000000:0A:00.0"", ""pcie"": ""Gen1 x1"", ""util_pct"": 0.0, ""power_w"": 51.3, ""vram_used_mib"": 7976.0}, {""index"": 3, ""name"": ""NVIDIA P104-100"", ""pci_bus"": ""00000000:0C:00.0"", ""pcie"": ""Gen1 x1"", ""util_pct"": 0.0, ""power_w"": 55.14, ""vram_used_mib"": 7572.0}, {""index"": 4, ""name"": ""NVIDIA P104-100"", ""pci_bus"": ""00000000:0D:00.0"", ""pcie"": ""Gen1 x1"", ""util_pct"": 0.0, ""power_w"": 54.12, ""vram_used_mib"": 7572.0}, {""index"": 5, ""name"": ""NVIDIA P104-100"", ""pci_bus"": ""00000000:0E:00.0"", ""pcie"": ""Gen1 x1"", ""util_pct"": 98.0, ""power_w"": 110.41, ""vram_used_mib"": 7796.0}]"
2026-08-16T12:29:15.042513+03:00,1786872555.042513,ctx_016384.txt,1,1,prefill,38.99297423887588,"[16.901408450704224, 20.093457943925234, 100.0, 19.248826291079812]",15875.55078125,8142.7578125,7732.79296875,51.29118305688705,24575.99609375,361.63671875,1.4715038095321353,"[{""index"": 0, ""name"": ""NVIDIA P104-100"", ""pci_bus"": ""00000000:01:00.0"", ""pcie"": ""Gen1 x1"", ""util_pct"": 98.0, ""power_w"": 152.59, ""vram_used_mib"": 7976.0}, {""index"": 1, ""name"": ""NVIDIA P104-100"", ""pci_bus"": ""00000000:02:00.0"", ""pcie"": ""Gen1 x1"", ""util_pct"": 85.0, ""power_w"": 94.98, ""vram_used_mib"": 6582.0}, {""index"": 2, ""name"": ""NVIDIA P104-100"", ""pci_bus"": ""00000000:0A:00.0"", ""pcie"": ""Gen1 x1"", ""util_pct"": 98.0, ""power_w"": 113.45, ""vram_used_mib"": 7976.0}, {""index"": 3, ""name"": ""NVIDIA P104-100"", ""pci_bus"": ""00000000:0C:00.0"", ""pcie"": ""Gen1 x1"", ""util_pct"": 92.0, ""power_w"": 139.24, ""vram_used_mib"": 7572.0}, {""index"": 4, ""name"": ""NVIDIA P104-100"", ""pci_bus"": ""00000000:0D:00.0"", ""pcie"": ""Gen1 x1"", ""util_pct"": 94.0, ""power_w"": 161.38, ""vram_used_mib"": 7572.0}, {""index"": 5, ""name"": ""NVIDIA P104-100"", ""pci_bus"": ""00000000:0E:00.0"", ""pcie"": ""Gen1 x1"", ""util_pct"": 67.0, ""power_w"": 162.58, ""vram_used_mib"": 7796.0}]"
2026-08-16T12:29:17.219465+03:00,1786872557.219465,ctx_016384.txt,1,1,prefill,44.91916859122402,"[25.34562211981567, 26.267281105990783, 100.0, 27.570093457943926]",15875.55078125,8136.296875,7739.25390625,51.25048564998114,24575.99609375,361.63671875,1.4715038095321353,"[{""index"": 0, ""name"": ""NVIDIA P104-100"", ""pci_bus"": ""00000000:01:00.0"", ""pcie"": ""Gen1 x1"", ""util_pct"": 97.0, ""power_w"": 132.55, ""vram_used_mib"": 7976.0}, {""index"": 1, ""name"": ""NVIDIA P104-100"", ""pci_bus"": ""00000000:02:00.0"", ""pcie"": ""Gen1 x1"", ""util_pct"": 84.0, ""power_w"": 87.41, ""vram_used_mib"": 6582.0}, {""index"": 2, ""name"": ""NVIDIA P104-100"", ""pci_bus"": ""00000000:0A:00.0"", ""pcie"": ""Gen1 x1"", ""util_pct"": 98.0, ""power_w"": 120.54, ""vram_used_mib"": 7976.0}, {""index"": 3, ""name"": ""NVIDIA P104-100"", ""pci_bus"": ""00000000:0C:00.0"", ""pcie"": ""Gen1 x1"", ""util_pct"": 94.0, ""power_w"": 138.41, ""vram_used_mib"": 7572.0}, {""index"": 4, ""name"": ""NVIDIA P104-100"", ""pci_bus"": ""00000000:0D:00.0"", ""pcie"": ""Gen1 x1"", ""util_pct"": 94.0, ""power_w"": 154.01, ""vram_used_mib"": 7572.0}, {""index"": 5, ""name"": ""NVIDIA P104-100"", ""pci_bus"": ""00000000:0E:00.0"", ""pcie"": ""Gen1 x1"", ""util_pct"": 63.0, ""power_w"": 162.49, ""vram_used_mib"": 7796.0}]"
2026-08-16T12:29:19.395555+03:00,1786872559.395555,ctx_016384.txt,1,1,prefill,44.70046082949309,"[25.58139534883721, 30.4147465437788, 100.0, 21.296296296296298]",15875.55078125,8139.52734375,7736.0234375,51.2708343534341,24575.99609375,361.63671875,1.4715038095321353,"[{""index"": 0, ""name"": ""NVIDIA P104-100"", ""pci_bus"": ""00000000:01:00.0"", ""pcie"": ""Gen1 x1"", ""util_pct"": 98.0, ""power_w"": 179.63, ""vram_used_mib"": 7976.0}, {""index"": 1, ""name"": ""NVIDIA P104-100"", ""pci_bus"": ""00000000:02:00.0"", ""pcie"": ""Gen1 x1"", ""util_pct"": 89.0, ""power_w"": 176.29, ""vram_used_mib"": 6582.0}, {""index"": 2, ""name"": ""NVIDIA P104-100"", ""pci_bus"": ""00000000:0A:00.0"", ""pcie"": ""Gen1 x1"", ""util_pct"": 99.0, ""power_w"": 185.57, ""vram_used_mib"": 7976.0}, {""index"": 3, ""name"": ""NVIDIA P104-100"", ""pci_bus"": ""00000000:0C:00.0"", ""pcie"": ""Gen1 x1"", ""util_pct"": 95.0, ""power_w"": 179.17, ""vram_used_mib"": 7572.0}, {""index"": 4, ""name"": ""NVIDIA P104-100"", ""pci_bus"": ""00000000:0D:00.0"", ""pcie"": ""Gen1 x1"", ""util_pct"": 91.0, ""power_w"": 156.99, ""vram_used_mib"": 7572.0}, {""index"": 5, ""name"": ""NVIDIA P104-100"", ""pci_bus"": ""00000000:0E:00.0"", ""pcie"": ""Gen1 x1"", ""util_pct"": 70.0, ""power_w"": 64.35, ""vram_used_mib"": 7796.0}]"
2026-08-16T12:29:21.588251+03:00,1786872561.588251,ctx_016384.txt,1,1,prefill,45.47537227949599,"[31.963470319634702, 30.0, 100.0, 20.37037037037037]",15875.55078125,8158.38671875,7717.1640625,51.38962944445087,24575.99609375,361.63671875,1.4715038095321353,"[{""index"": 0, ""name"": ""NVIDIA P104-100"", ""pci_bus"": ""00000000:01:00.0"", ""pcie"": ""Gen1 x1"", ""util_pct"": 98.0, ""power_w"": 155.1, ""vram_used_mib"": 7976.0}, {""index"": 1, ""name"": ""NVIDIA P104-100"", ""pci_bus"": ""00000000:02:00.0"", ""pcie"": ""Gen1 x1"", ""util_pct"": 88.0, ""power_w"": 156.46, ""vram_used_mib"": 6582.0}, {""index"": 2, ""name"": ""NVIDIA P104-100"", ""pci_bus"": ""00000000:0A:00.0"", ""pcie"": ""Gen1 x1"", ""util_pct"": 99.0, ""power_w"": 159.73, ""vram_used_mib"": 7976.0}, {""index"": 3, ""name"": ""NVIDIA P104-100"", ""pci_bus"": ""00000000:0C:00.0"", ""pcie"": ""Gen1 x1"", ""util_pct"": 95.0, ""power_w"": 181.41, ""vram_used_mib"": 7572.0}, {""index"": 4, ""name"": ""NVIDIA P104-100"", ""pci_bus"": ""00000000:0D:00.0"", ""pcie"": ""Gen1 x1"", ""util_pct"": 94.0, ""power_w"": 178.75, ""vram_used_mib"": 7572.0}, {""index"": 5, ""name"": ""NVIDIA P104-100"", ""pci_bus"": ""00000000:0E:00.0"", ""pcie"": ""Gen1 x1"", ""util_pct"": 68.0, ""power_w"": 76.35, ""vram_used_mib"": 7796.0}]"
2026-08-16T12:29:23.779843+03:00,1786872563.779843,ctx_016384.txt,1,1,prefill,44.279176201373,"[19.724770642201836, 32.11009174311926, 100.0, 25.0]",15875.55078125,7576.0546875,8299.49609375,47.72152344123887,24575.99609375,361.63671875,1.4715038095321353,"[{""index"": 0, ""name"": ""NVIDIA P104-100"", ""pci_bus"": ""00000000:01:00.0"", ""pcie"": ""Gen1 x1"", ""util_pct"": 1.0, ""power_w"": 52.25, ""vram_used_mib"": 7976.0}, {""index"": 1, ""name"": ""NVIDIA P104-100"", ""pci_bus"": ""00000000:02:00.0"", ""pcie"": ""Gen1 x1"", ""util_pct"": 1.0, ""power_w"": 55.0, ""vram_used_mib"": 6582.0}, {""index"": 2, ""name"": ""NVIDIA P104-100"", ""pci_bus"": ""00000000:0A:00.0"", ""pcie"": ""Gen1 x1"", ""util_pct"": 1.0, ""power_w"": 52.08, ""vram_used_mib"": 7976.0}, {""index"": 3, ""name"": ""NVIDIA P104-100"", ""pci_bus"": ""00000000:0C:00.0"", ""pcie"": ""Gen1 x1"", ""util_pct"": 0.0, ""power_w"": 55.45, ""vram_used_mib"": 7572.0}, {""index"": 4, ""name"": ""NVIDIA P104-100"", ""pci_bus"": ""00000000:0D:00.0"", ""pcie"": ""Gen1 x1"", ""util_pct"": 1.0, ""power_w"": 54.79, ""vram_used_mib"": 7572.0}, {""index"": 5, ""name"": ""NVIDIA P104-100"", ""pci_bus"": ""00000000:0E:00.0"", ""pcie"": ""Gen1 x1"", ""util_pct"": 6.0, ""power_w"": 50.96, ""vram_used_mib"": 7796.0}]"
2026-08-16T12:29:25.895900+03:00,1786872565.895900,ctx_016384.txt,1,1,prefill,36.654804270462634,"[18.009478672985782, 18.95734597156398, 100.0, 9.95260663507109]",15875.55078125,8208.54296875,7667.0078125,51.70556336505057,24575.99609375,361.63671875,1.4715038095321353,"[{""index"": 0, ""name"": ""NVIDIA P104-100"", ""pci_bus"": ""00000000:01:00.0"", ""pcie"": ""Gen1 x1"", ""util_pct"": 0.0, ""power_w"": 52.25, ""vram_used_mib"": 7976.0}, {""index"": 1, ""name"": ""NVIDIA P104-100"", ""pci_bus"": ""00000000:02:00.0"", ""pcie"": ""Gen1 x1"", ""util_pct"": 0.0, ""power_w"": 54.67, ""vram_used_mib"": 6582.0}, {""index"": 2, ""name"": ""NVIDIA P104-100"", ""pci_bus"": ""00000000:0A:00.0"", ""pcie"": ""Gen1 x1"", ""util_pct"": 0.0, ""power_w"": 51.65, ""vram_used_mib"": 7976.0}, {""index"": 3, ""name"": ""NVIDIA P104-100"", ""pci_bus"": ""00000000:0C:00.0"", ""pcie"": ""Gen1 x1"", ""util_pct"": 0.0, ""power_w"": 54.49, ""vram_used_mib"": 7572.0}, {""index"": 4, ""name"": ""NVIDIA P104-100"", ""pci_bus"": ""00000000:0D:00.0"", ""pcie"": ""Gen1 x1"", ""util_pct"": 0.0, ""power_w"": 54.48, ""vram_used_mib"": 7572.0}, {""index"": 5, ""name"": ""NVIDIA P104-100"", ""pci_bus"": ""00000000:0E:00.0"", ""pcie"": ""Gen1 x1"", ""util_pct"": 98.0, ""power_w"": 86.0, ""vram_used_mib"": 7796.0}]"
2026-08-16T12:29:28.029914+03:00,1786872568.029914,ctx_016384.txt,1,1,prefill,40.72769953051643,"[15.09433962264151, 33.9622641509434, 100.0, 14.084507042253522]",15875.55078125,8183.98828125,7691.5625,51.55089353445168,24575.99609375,361.6328125,1.4714879149576687,"[{""index"": 0, ""name"": ""NVIDIA P104-100"", ""pci_bus"": ""00000000:01:00.0"", ""pcie"": ""Gen1 x1"", ""util_pct"": 94.0, ""power_w"": 148.62, ""vram_used_mib"": 7976.0}, {""index"": 1, ""name"": ""NVIDIA P104-100"", ""pci_bus"": ""00000000:02:00.0"", ""pcie"": ""Gen1 x1"", ""util_pct"": 88.0, ""power_w"": 156.74, ""vram_used_mib"": 6582.0}, {""index"": 2, ""name"": ""NVIDIA P104-100"", ""pci_bus"": ""00000000:0A:00.0"", ""pcie"": ""Gen1 x1"", ""util_pct"": 96.0, ""power_w"": 169.3, ""vram_used_mib"": 7976.0}, {""index"": 3, ""name"": ""NVIDIA P104-100"", ""pci_bus"": ""00000000:0C:00.0"", ""pcie"": ""Gen1 x1"", ""util_pct"": 94.0, ""power_w"": 163.67, ""vram_used_mib"": 7572.0}, {""index"": 4, ""name"": ""NVIDIA P104-100"", ""pci_bus"": ""00000000:0D:00.0"", ""pcie"": ""Gen1 x1"", ""util_pct"": 98.0, ""power_w"": 166.19, ""vram_used_mib"": 7572.0}, {""index"": 5, ""name"": ""NVIDIA P104-100"", ""pci_bus"": ""00000000:0E:00.0"", ""pcie"": ""Gen1 x1"", ""util_pct"": 65.0, ""power_w"": 161.45, ""vram_used_mib"": 7796.0}]"
2026-08-16T12:29:30.222362+03:00,1786872570.222362,ctx_016384.txt,1,1,prefill,45.53775743707094,"[28.89908256880734, 25.114155251141554, 100.0, 27.06422018348624]",15875.55078125,8141.61328125,7733.9375,51.283973661346884,24575.99609375,361.6328125,1.4714879149576687,"[{""index"": 0, ""name"": ""NVIDIA P104-100"", ""pci_bus"": ""00000000:01:00.0"", ""pcie"": ""Gen1 x1"", ""util_pct"": 97.0, ""power_w"": 113.79, ""vram_used_mib"": 7976.0}, {""index"": 1, ""name"": ""NVIDIA P104-100"", ""pci_bus"": ""00000000:02:00.0"", ""pcie"": ""Gen1 x1"", ""util_pct"": 87.0, ""power_w"": 158.86, ""vram_used_mib"": 6582.0}, {""index"": 2, ""name"": ""NVIDIA P104-100"", ""pci_bus"": ""00000000:0A:00.0"", ""pcie"": ""Gen1 x1"", ""util_pct"": 99.0, ""power_w"": 174.99, ""vram_used_mib"": 7976.0}, {""index"": 3, ""name"": ""NVIDIA P104-100"", ""pci_bus"": ""00000000:0C:00.0"", ""pcie"": ""Gen1 x1"", ""util_pct"": 94.0, ""power_w"": 169.17, ""vram_used_mib"": 7572.0}, {""index"": 4, ""name"": ""NVIDIA P104-100"", ""pci_bus"": ""00000000:0D:00.0"", ""pcie"": ""Gen1 x1"", ""util_pct"": 93.0, ""power_w"": 177.34, ""vram_used_mib"": 7572.0}, {""index"": 5, ""name"": ""NVIDIA P104-100"", ""pci_bus"": ""00000000:0E:00.0"", ""pcie"": ""Gen1 x1"", ""util_pct"": 65.0, ""power_w"": 144.95, ""vram_used_mib"": 7796.0}]"
2026-08-16T12:29:32.403378+03:00,1786872572.403378,ctx_016384.txt,1,1,decode,53.11778290993072,"[78.44036697247707, 18.055555555555557, 90.36697247706422, 25.58139534883721]",15875.55078125,8204.76953125,7670.78125,51.68179450466901,24575.99609375,361.6328125,1.4714879149576687,"[{""index"": 0, ""name"": ""NVIDIA P104-100"", ""pci_bus"": ""00000000:01:00.0"", ""pcie"": ""Gen1 x1"", ""util_pct"": 0.0, ""power_w"": 52.25, ""vram_used_mib"": 7976.0}, {""index"": 1, ""name"": ""NVIDIA P104-100"", ""pci_bus"": ""00000000:02:00.0"", ""pcie"": ""Gen1 x1"", ""util_pct"": 0.0, ""power_w"": 54.65, ""vram_used_mib"": 6582.0}, {""index"": 2, ""name"": ""NVIDIA P104-100"", ""pci_bus"": ""00000000:0A:00.0"", ""pcie"": ""Gen1 x1"", ""util_pct"": 82.0, ""power_w"": 53.14, ""vram_used_mib"": 7976.0}, {""index"": 3, ""name"": ""NVIDIA P104-100"", ""pci_bus"": ""00000000:0C:00.0"", ""pcie"": ""Gen1 x1"", ""util_pct"": 0.0, ""power_w"": 54.8, ""vram_used_mib"": 7572.0}, {""index"": 4, ""name"": ""NVIDIA P104-100"", ""pci_bus"": ""00000000:0D:00.0"", ""pcie"": ""Gen1 x1"", ""util_pct"": 0.0, ""power_w"": 54.05, ""vram_used_mib"": 7572.0}, {""index"": 5, ""name"": ""NVIDIA P104-100"", ""pci_bus"": ""00000000:0E:00.0"", ""pcie"": ""Gen1 x1"", ""util_pct"": 0.0, ""power_w"": 50.96, ""vram_used_mib"": 7796.0}]"
2026-08-16T12:29:34.527457+03:00,1786872574.527457,ctx_016384.txt,1,1,decode,36.556603773584904,"[100.0, 14.084507042253522, 10.849056603773585, 20.754716981132077]",15875.55078125,8362.6953125,7512.85546875,52.67656806198407,24575.99609375,361.6328125,1.4714879149576687,"[{""index"": 0, ""name"": ""NVIDIA P104-100"", ""pci_bus"": ""00000000:01:00.0"", ""pcie"": ""Gen1 x1"", ""util_pct"": 0.0, ""power_w"": 52.0, ""vram_used_mib"": 7976.0}, {""index"": 1, ""name"": ""NVIDIA P104-100"", ""pci_bus"": ""00000000:02:00.0"", ""pcie"": ""Gen1 x1"", ""util_pct"": 0.0, ""power_w"": 54.4, ""vram_used_mib"": 6582.0}, {""index"": 2, ""name"": ""NVIDIA P104-100"", ""pci_bus"": ""00000000:0A:00.0"", ""pcie"": ""Gen1 x1"", ""util_pct"": 0.0, ""power_w"": 53.12, ""vram_used_mib"": 7976.0}, {""index"": 3, ""name"": ""NVIDIA P104-100"", ""pci_bus"": ""00000000:0C:00.0"", ""pcie"": ""Gen1 x1"", ""util_pct"": 0.0, ""power_w"": 56.19, ""vram_used_mib"": 7572.0}, {""index"": 4, ""name"": ""NVIDIA P104-100"", ""pci_bus"": ""00000000:0D:00.0"", ""pcie"": ""Gen1 x1"", ""util_pct"": 0.0, ""power_w"": 54.1, ""vram_used_mib"": 7572.0}, {""index"": 5, ""name"": ""NVIDIA P104-100"", ""pci_bus"": ""00000000:0E:00.0"", ""pcie"": ""Gen1 x1"", ""util_pct"": 79.0, ""power_w"": 50.96, ""vram_used_mib"": 7796.0}]"
2026-08-16T12:29:36.674709+03:00,1786872576.674709,ctx_016384.txt,1,1,decode,36.670547147846335,"[100.0, 17.84037558685446, 14.418604651162791, 14.018691588785046]",15875.55078125,8429.6640625,7445.88671875,53.09840382014305,24575.99609375,361.62890625,1.4714720203832024,"[{""index"": 0, ""name"": ""NVIDIA P104-100"", ""pci_bus"": ""00000000:01:00.0"", ""pcie"": ""Gen1 x1"", ""util_pct"": 20.0, ""power_w"": 52.25, ""vram_used_mib"": 7976.0}, {""index"": 1, ""name"": ""NVIDIA P104-100"", ""pci_bus"": ""00000000:02:00.0"", ""pcie"": ""Gen1 x1"", ""util_pct"": 14.0, ""power_w"": 54.65, ""vram_used_mib"": 6582.0}, {""index"": 2, ""name"": ""NVIDIA P104-100"", ""pci_bus"": ""00000000:0A:00.0"", ""pcie"": ""Gen1 x1"", ""util_pct"": 0.0, ""power_w"": 53.49, ""vram_used_mib"": 7976.0}, {""index"": 3, ""name"": ""NVIDIA P104-100"", ""pci_bus"": ""00000000:0C:00.0"", ""pcie"": ""Gen1 x1"", ""util_pct"": 18.0, ""power_w"": 57.29, ""vram_used_mib"": 7572.0}, {""index"": 4, ""name"": ""NVIDIA P104-100"", ""pci_bus"": ""00000000:0D:00.0"", ""pcie"": ""Gen1 x1"", ""util_pct"": 0.0, ""power_w"": 60.21, ""vram_used_mib"": 7572.0}, {""index"": 5, ""name"": ""NVIDIA P104-100"", ""pci_bus"": ""00000000:0E:00.0"", ""pcie"": ""Gen1 x1"", ""util_pct"": 47.0, ""power_w"": 84.51, ""vram_used_mib"": 7796.0}]"
2026-08-16T12:29:38.807786+03:00,1786872578.807786,ctx_016384.txt,1,1,decode,36.310223266745005,"[100.0, 12.735849056603774, 13.20754716981132, 19.1588785046729]",15875.55078125,8386.85546875,7488.6953125,52.82875274258447,24575.99609375,361.625,1.4714561258087357,"[{""index"": 0, ""name"": ""NVIDIA P104-100"", ""pci_bus"": ""00000000:01:00.0"", ""pcie"": ""Gen1 x1"", ""util_pct"": 0.0, ""power_w"": 52.0, ""vram_used_mib"": 7976.0}, {""index"": 1, ""name"": ""NVIDIA P104-100"", ""pci_bus"": ""00000000:02:00.0"", ""pcie"": ""Gen1 x1"", ""util_pct"": 17.0, ""power_w"": 54.75, ""vram_used_mib"": 6582.0}, {""index"": 2, ""name"": ""NVIDIA P104-100"", ""pci_bus"": ""00000000:0A:00.0"", ""pcie"": ""Gen1 x1"", ""util_pct"": 20.0, ""power_w"": 53.14, ""vram_used_mib"": 7976.0}, {""index"": 3, ""name"": ""NVIDIA P104-100"", ""pci_bus"": ""00000000:0C:00.0"", ""pcie"": ""Gen1 x1"", ""util_pct"": 18.0, ""power_w"": 56.52, ""vram_used_mib"": 7572.0}, {""index"": 4, ""name"": ""NVIDIA P104-100"", ""pci_bus"": ""00000000:0D:00.0"", ""pcie"": ""Gen1 x1"", ""util_pct"": 18.0, ""power_w"": 54.76, ""vram_used_mib"": 7572.0}, {""index"": 5, ""name"": ""NVIDIA P104-100"", ""pci_bus"": ""00000000:0E:00.0"", ""pcie"": ""Gen1 x1"", ""util_pct"": 9.0, ""power_w"": 126.63, ""vram_used_mib"": 7796.0}]"
2026-08-16T12:29:40.947844+03:00,1786872580.947844,ctx_016384.txt,1,1,decode,36.41686182669789,"[100.0, 14.953271028037383, 13.551401869158878, 17.370892018779344]",15875.55078125,8415.36328125,7460.1875,53.00832328405929,24575.99609375,361.62109375,1.4714402312342694,"[{""index"": 0, ""name"": ""NVIDIA P104-100"", ""pci_bus"": ""00000000:01:00.0"", ""pcie"": ""Gen1 x1"", ""util_pct"": 19.0, ""power_w"": 168.62, ""vram_used_mib"": 7976.0}, {""index"": 1, ""name"": ""NVIDIA P104-100"", ""pci_bus"": ""00000000:02:00.0"", ""pcie"": ""Gen1 x1"", ""util_pct"": 16.0, ""power_w"": 71.72, ""vram_used_mib"": 6582.0}, {""index"": 2, ""name"": ""NVIDIA P104-100"", ""pci_bus"": ""00000000:0A:00.0"", ""pcie"": ""Gen1 x1"", ""util_pct"": 19.0, ""power_w"": 53.41, ""vram_used_mib"": 7976.0}, {""index"": 3, ""name"": ""NVIDIA P104-100"", ""pci_bus"": ""00000000:0C:00.0"", ""pcie"": ""Gen1 x1"", ""util_pct"": 18.0, ""power_w"": 55.19, ""vram_used_mib"": 7572.0}, {""index"": 4, ""name"": ""NVIDIA P104-100"", ""pci_bus"": ""00000000:0D:00.0"", ""pcie"": ""Gen1 x1"", ""util_pct"": 18.0, ""power_w"": 54.35, ""vram_used_mib"": 7572.0}, {""index"": 5, ""name"": ""NVIDIA P104-100"", ""pci_bus"": ""00000000:0E:00.0"", ""pcie"": ""Gen1 x1"", ""util_pct"": 46.0, ""power_w"": 54.1, ""vram_used_mib"": 7796.0}]"
2026-08-16T12:29:43.090418+03:00,1786872583.090418,ctx_016384.txt,1,1,decode,36.60818713450293,"[100.0, 8.450704225352112, 19.1588785046729, 17.84037558685446]",15875.55078125,8357.4296875,7518.12109375,52.64339992141021,24575.99609375,361.6171875,1.4714243366598028,"[{""index"": 0, ""name"": ""NVIDIA P104-100"", ""pci_bus"": ""00000000:01:00.0"", ""pcie"": ""Gen1 x1"", ""util_pct"": 10.0, ""power_w"": 62.37, ""vram_used_mib"": 7976.0}, {""index"": 1, ""name"": ""NVIDIA P104-100"", ""pci_bus"": ""00000000:02:00.0"", ""pcie"": ""Gen1 x1"", ""util_pct"": 5.0, ""power_w"": 123.18, ""vram_used_mib"": 6582.0}, {""index"": 2, ""name"": ""NVIDIA P104-100"", ""pci_bus"": ""00000000:0A:00.0"", ""pcie"": ""Gen1 x1"", ""util_pct"": 7.0, ""power_w"": 121.28, ""vram_used_mib"": 7976.0}, {""index"": 3, ""name"": ""NVIDIA P104-100"", ""pci_bus"": ""00000000:0C:00.0"", ""pcie"": ""Gen1 x1"", ""util_pct"": 18.0, ""power_w"": 55.2, ""vram_used_mib"": 7572.0}, {""index"": 4, ""name"": ""NVIDIA P104-100"", ""pci_bus"": ""00000000:0D:00.0"", ""pcie"": ""Gen1 x1"", ""util_pct"": 17.0, ""power_w"": 54.46, ""vram_used_mib"": 7572.0}, {""index"": 5, ""name"": ""NVIDIA P104-100"", ""pci_bus"": ""00000000:0E:00.0"", ""pcie"": ""Gen1 x1"", ""util_pct"": 8.0, ""power_w"": 51.21, ""vram_used_mib"": 7796.0}]"
