timestamp_iso,epoch_s,file,active_slots,repeat,stage_hint,cpu_total_pct,cpu_per_core_pct_json,ram_total_mib,ram_used_mib,ram_available_mib,ram_used_pct,swap_total_mib,swap_used_mib,swap_used_pct,gpu_samples_json
2026-08-16T16:28:44.484311+03:00,1786886924.484311,ctx_000256.txt,1,1,outside,0.0,"[null, 0.0, 0.0, null]",15875.55078125,2727.9921875,13147.55859375,17.18360657270503,24575.99609375,372.02734375,1.5137833776129688,"[{""index"": 0, ""name"": ""NVIDIA P104-100"", ""pci_bus"": ""00000000:01:00.0"", ""pcie"": ""Gen1 x1"", ""util_pct"": 0.0, ""power_w"": 42.38, ""vram_used_mib"": 7512.0}, {""index"": 1, ""name"": ""NVIDIA P104-100"", ""pci_bus"": ""00000000:02:00.0"", ""pcie"": ""Gen1 x1"", ""util_pct"": 0.0, ""power_w"": 42.95, ""vram_used_mib"": 7120.0}, {""index"": 2, ""name"": ""NVIDIA P104-100"", ""pci_bus"": ""00000000:0A:00.0"", ""pcie"": ""Gen1 x1"", ""util_pct"": 4.0, ""power_w"": 41.28, ""vram_used_mib"": 7860.0}, {""index"": 3, ""name"": ""NVIDIA P104-100"", ""pci_bus"": ""00000000:0C:00.0"", ""pcie"": ""Gen1 x1"", ""util_pct"": 0.0, ""power_w"": 51.19, ""vram_used_mib"": 7490.0}, {""index"": 4, ""name"": ""NVIDIA P104-100"", ""pci_bus"": ""00000000:0D:00.0"", ""pcie"": ""Gen1 x1"", ""util_pct"": 0.0, ""power_w"": 9.15, ""vram_used_mib"": 84.0}, {""index"": 5, ""name"": ""NVIDIA P104-100"", ""pci_bus"": ""00000000:0E:00.0"", ""pcie"": ""Gen1 x1"", ""util_pct"": 0.0, ""power_w"": 9.8, ""vram_used_mib"": 84.0}]"
2026-08-16T16:28:46.679581+03:00,1786886926.679581,ctx_000256.txt,1,1,prefill,49.48335246842709,"[28.181818181818183, 22.119815668202765, 53.63636363636363, 94.88372093023256]",15875.55078125,3794.05859375,12081.4921875,23.898752528517097,24575.99609375,372.0,1.5136721155917034,"[{""index"": 0, ""name"": ""NVIDIA P104-100"", ""pci_bus"": ""00000000:01:00.0"", ""pcie"": ""Gen1 x1"", ""util_pct"": 100.0, ""power_w"": 51.77, ""vram_used_mib"": 7512.0}, {""index"": 1, ""name"": ""NVIDIA P104-100"", ""pci_bus"": ""00000000:02:00.0"", ""pcie"": ""Gen1 x1"", ""util_pct"": 0.0, ""power_w"": 52.58, ""vram_used_mib"": 7120.0}, {""index"": 2, ""name"": ""NVIDIA P104-100"", ""pci_bus"": ""00000000:0A:00.0"", ""pcie"": ""Gen1 x1"", ""util_pct"": 0.0, ""power_w"": 51.51, ""vram_used_mib"": 7860.0}, {""index"": 3, ""name"": ""NVIDIA P104-100"", ""pci_bus"": ""00000000:0C:00.0"", ""pcie"": ""Gen1 x1"", ""util_pct"": 0.0, ""power_w"": 54.63, ""vram_used_mib"": 7490.0}, {""index"": 4, ""name"": ""NVIDIA P104-100"", ""pci_bus"": ""00000000:0D:00.0"", ""pcie"": ""Gen1 x1"", ""util_pct"": 0.0, ""power_w"": 8.85, ""vram_used_mib"": 84.0}, {""index"": 5, ""name"": ""NVIDIA P104-100"", ""pci_bus"": ""00000000:0E:00.0"", ""pcie"": ""Gen1 x1"", ""util_pct"": 0.0, ""power_w"": 9.55, ""vram_used_mib"": 84.0}]"
2026-08-16T16:28:48.955623+03:00,1786886928.955623,ctx_000256.txt,1,1,prefill,44.49339207048458,"[23.893805309734514, 27.75330396475771, 97.3568281938326, 29.07488986784141]",15875.55078125,3432.02734375,12443.5234375,21.61831983683637,24575.99609375,371.9609375,1.5135131698470385,"[{""index"": 0, ""name"": ""NVIDIA P104-100"", ""pci_bus"": ""00000000:01:00.0"", ""pcie"": ""Gen1 x1"", ""util_pct"": 50.0, ""power_w"": 83.84, ""vram_used_mib"": 7512.0}, {""index"": 1, ""name"": ""NVIDIA P104-100"", ""pci_bus"": ""00000000:02:00.0"", ""pcie"": ""Gen1 x1"", ""util_pct"": 47.0, ""power_w"": 53.64, ""vram_used_mib"": 7120.0}, {""index"": 2, ""name"": ""NVIDIA P104-100"", ""pci_bus"": ""00000000:0A:00.0"", ""pcie"": ""Gen1 x1"", ""util_pct"": 5.0, ""power_w"": 182.09, ""vram_used_mib"": 7860.0}, {""index"": 3, ""name"": ""NVIDIA P104-100"", ""pci_bus"": ""00000000:0C:00.0"", ""pcie"": ""Gen1 x1"", ""util_pct"": 0.0, ""power_w"": 54.86, ""vram_used_mib"": 7490.0}, {""index"": 4, ""name"": ""NVIDIA P104-100"", ""pci_bus"": ""00000000:0D:00.0"", ""pcie"": ""Gen1 x1"", ""util_pct"": 0.0, ""power_w"": 8.94, ""vram_used_mib"": 84.0}, {""index"": 5, ""name"": ""NVIDIA P104-100"", ""pci_bus"": ""00000000:0E:00.0"", ""pcie"": ""Gen1 x1"", ""util_pct"": 0.0, ""power_w"": 9.79, ""vram_used_mib"": 84.0}]"
2026-08-16T16:28:51.136329+03:00,1786886931.136329,ctx_000256.txt,1,1,decode,36.666666666666664,"[71.10091743119266, 21.296296296296298, 44.95412844036697, 8.796296296296296]",15875.55078125,3547.2890625,12328.26171875,22.34435271807745,24575.99609375,371.953125,1.5134813806981056,"[{""index"": 0, ""name"": ""NVIDIA P104-100"", ""pci_bus"": ""00000000:01:00.0"", ""pcie"": ""Gen1 x1"", ""util_pct"": 0.0, ""power_w"": 50.3, ""vram_used_mib"": 7512.0}, {""index"": 1, ""name"": ""NVIDIA P104-100"", ""pci_bus"": ""00000000:02:00.0"", ""pcie"": ""Gen1 x1"", ""util_pct"": 2.0, ""power_w"": 48.38, ""vram_used_mib"": 7120.0}, {""index"": 2, ""name"": ""NVIDIA P104-100"", ""pci_bus"": ""00000000:0A:00.0"", ""pcie"": ""Gen1 x1"", ""util_pct"": 72.0, ""power_w"": 50.11, ""vram_used_mib"": 7860.0}, {""index"": 3, ""name"": ""NVIDIA P104-100"", ""pci_bus"": ""00000000:0C:00.0"", ""pcie"": ""Gen1 x1"", ""util_pct"": 75.0, ""power_w"": 143.6, ""vram_used_mib"": 7490.0}, {""index"": 4, ""name"": ""NVIDIA P104-100"", ""pci_bus"": ""00000000:0D:00.0"", ""pcie"": ""Gen1 x1"", ""util_pct"": 0.0, ""power_w"": 8.95, ""vram_used_mib"": 84.0}, {""index"": 5, ""name"": ""NVIDIA P104-100"", ""pci_bus"": ""00000000:0E:00.0"", ""pcie"": ""Gen1 x1"", ""util_pct"": 0.0, ""power_w"": 9.7, ""vram_used_mib"": 84.0}]"
2026-08-16T16:28:53.318774+03:00,1786886933.318774,ctx_000256.txt,1,1,decode,39.83926521239954,"[100.0, 25.229357798165136, 13.425925925925926, 20.454545454545453]",15875.55078125,3794.265625,12081.28515625,23.900056617130165,24575.99609375,371.92578125,1.5133701186768402,"[{""index"": 0, ""name"": ""NVIDIA P104-100"", ""pci_bus"": ""00000000:01:00.0"", ""pcie"": ""Gen1 x1"", ""util_pct"": 9.0, ""power_w"": 69.21, ""vram_used_mib"": 7512.0}, {""index"": 1, ""name"": ""NVIDIA P104-100"", ""pci_bus"": ""00000000:02:00.0"", ""pcie"": ""Gen1 x1"", ""util_pct"": 0.0, ""power_w"": 193.29, ""vram_used_mib"": 7120.0}, {""index"": 2, ""name"": ""NVIDIA P104-100"", ""pci_bus"": ""00000000:0A:00.0"", ""pcie"": ""Gen1 x1"", ""util_pct"": 0.0, ""power_w"": 51.72, ""vram_used_mib"": 7860.0}, {""index"": 3, ""name"": ""NVIDIA P104-100"", ""pci_bus"": ""00000000:0C:00.0"", ""pcie"": ""Gen1 x1"", ""util_pct"": 49.0, ""power_w"": 54.84, ""vram_used_mib"": 7490.0}, {""index"": 4, ""name"": ""NVIDIA P104-100"", ""pci_bus"": ""00000000:0D:00.0"", ""pcie"": ""Gen1 x1"", ""util_pct"": 0.0, ""power_w"": 8.94, ""vram_used_mib"": 84.0}, {""index"": 5, ""name"": ""NVIDIA P104-100"", ""pci_bus"": ""00000000:0E:00.0"", ""pcie"": ""Gen1 x1"", ""util_pct"": 0.0, ""power_w"": 9.79, ""vram_used_mib"": 84.0}]"
2026-08-16T16:28:55.449262+03:00,1786886935.449262,ctx_000256.txt,1,1,decode,40.94117647058823,"[100.0, 25.821596244131456, 21.327014218009477, 16.901408450704224]",15875.55078125,3743.515625,12132.03515625,23.580382668809964,24575.99609375,371.9140625,1.5133224349534409,"[{""index"": 0, ""name"": ""NVIDIA P104-100"", ""pci_bus"": ""00000000:01:00.0"", ""pcie"": ""Gen1 x1"", ""util_pct"": 26.0, ""power_w"": 97.69, ""vram_used_mib"": 7512.0}, {""index"": 1, ""name"": ""NVIDIA P104-100"", ""pci_bus"": ""00000000:02:00.0"", ""pcie"": ""Gen1 x1"", ""util_pct"": 25.0, ""power_w"": 144.46, ""vram_used_mib"": 7120.0}, {""index"": 2, ""name"": ""NVIDIA P104-100"", ""pci_bus"": ""00000000:0A:00.0"", ""pcie"": ""Gen1 x1"", ""util_pct"": 25.0, ""power_w"": 49.06, ""vram_used_mib"": 7860.0}, {""index"": 3, ""name"": ""NVIDIA P104-100"", ""pci_bus"": ""00000000:0C:00.0"", ""pcie"": ""Gen1 x1"", ""util_pct"": 36.0, ""power_w"": 52.08, ""vram_used_mib"": 7490.0}, {""index"": 4, ""name"": ""NVIDIA P104-100"", ""pci_bus"": ""00000000:0D:00.0"", ""pcie"": ""Gen1 x1"", ""util_pct"": 0.0, ""power_w"": 8.94, ""vram_used_mib"": 84.0}, {""index"": 5, ""name"": ""NVIDIA P104-100"", ""pci_bus"": ""00000000:0E:00.0"", ""pcie"": ""Gen1 x1"", ""util_pct"": 0.0, ""power_w"": 10.09, ""vram_used_mib"": 84.0}]"
2026-08-16T16:28:57.588023+03:00,1786886937.588023,ctx_000256.txt,1,1,decode,41.14888628370457,"[39.906103286384976, 22.065727699530516, 18.22429906542056, 84.11214953271028]",15875.55078125,3706.30859375,12169.2421875,23.346015800140794,24575.99609375,371.90625,1.513290645804508,"[{""index"": 0, ""name"": ""NVIDIA P104-100"", ""pci_bus"": ""00000000:01:00.0"", ""pcie"": ""Gen1 x1"", ""util_pct"": 18.0, ""power_w"": 59.16, ""vram_used_mib"": 7512.0}, {""index"": 1, ""name"": ""NVIDIA P104-100"", ""pci_bus"": ""00000000:02:00.0"", ""pcie"": ""Gen1 x1"", ""util_pct"": 25.0, ""power_w"": 180.17, ""vram_used_mib"": 7120.0}, {""index"": 2, ""name"": ""NVIDIA P104-100"", ""pci_bus"": ""00000000:0A:00.0"", ""pcie"": ""Gen1 x1"", ""util_pct"": 0.0, ""power_w"": 49.1, ""vram_used_mib"": 7860.0}, {""index"": 3, ""name"": ""NVIDIA P104-100"", ""pci_bus"": ""00000000:0C:00.0"", ""pcie"": ""Gen1 x1"", ""util_pct"": 29.0, ""power_w"": 53.47, ""vram_used_mib"": 7490.0}, {""index"": 4, ""name"": ""NVIDIA P104-100"", ""pci_bus"": ""00000000:0D:00.0"", ""pcie"": ""Gen1 x1"", ""util_pct"": 0.0, ""power_w"": 8.94, ""vram_used_mib"": 84.0}, {""index"": 5, ""name"": ""NVIDIA P104-100"", ""pci_bus"": ""00000000:0E:00.0"", ""pcie"": ""Gen1 x1"", ""util_pct"": 0.0, ""power_w"": 9.89, ""vram_used_mib"": 84.0}]"
2026-08-16T16:28:59.785930+03:00,1786886939.785930,ctx_000256.txt,1,1,decode,41.7995444191344,"[21.559633027522935, 20.0, 25.90909090909091, 100.0]",15875.55078125,3840.94140625,12034.609375,24.19406708576302,24575.99609375,371.890625,1.513227067506642,"[{""index"": 0, ""name"": ""NVIDIA P104-100"", ""pci_bus"": ""00000000:01:00.0"", ""pcie"": ""Gen1 x1"", ""util_pct"": 27.0, ""power_w"": 179.21, ""vram_used_mib"": 7512.0}, {""index"": 1, ""name"": ""NVIDIA P104-100"", ""pci_bus"": ""00000000:02:00.0"", ""pcie"": ""Gen1 x1"", ""util_pct"": 25.0, ""power_w"": 69.66, ""vram_used_mib"": 7120.0}, {""index"": 2, ""name"": ""NVIDIA P104-100"", ""pci_bus"": ""00000000:0A:00.0"", ""pcie"": ""Gen1 x1"", ""util_pct"": 25.0, ""power_w"": 48.94, ""vram_used_mib"": 7860.0}, {""index"": 3, ""name"": ""NVIDIA P104-100"", ""pci_bus"": ""00000000:0C:00.0"", ""pcie"": ""Gen1 x1"", ""util_pct"": 42.0, ""power_w"": 54.26, ""vram_used_mib"": 7490.0}, {""index"": 4, ""name"": ""NVIDIA P104-100"", ""pci_bus"": ""00000000:0D:00.0"", ""pcie"": ""Gen1 x1"", ""util_pct"": 0.0, ""power_w"": 8.74, ""vram_used_mib"": 84.0}, {""index"": 5, ""name"": ""NVIDIA P104-100"", ""pci_bus"": ""00000000:0E:00.0"", ""pcie"": ""Gen1 x1"", ""util_pct"": 0.0, ""power_w"": 9.54, ""vram_used_mib"": 84.0}]"
2026-08-16T16:29:01.913409+03:00,1786886941.913409,ctx_000256.txt,1,1,decode,40.94117647058823,"[9.433962264150944, 26.291079812206572, 27.488151658767773, 100.0]",15875.55078125,3817.203125,12058.34765625,24.04453979327981,24575.99609375,371.8828125,1.513195278357709,"[{""index"": 0, ""name"": ""NVIDIA P104-100"", ""pci_bus"": ""00000000:01:00.0"", ""pcie"": ""Gen1 x1"", ""util_pct"": 27.0, ""power_w"": 56.88, ""vram_used_mib"": 7512.0}, {""index"": 1, ""name"": ""NVIDIA P104-100"", ""pci_bus"": ""00000000:02:00.0"", ""pcie"": ""Gen1 x1"", ""util_pct"": 25.0, ""power_w"": 172.23, ""vram_used_mib"": 7120.0}, {""index"": 2, ""name"": ""NVIDIA P104-100"", ""pci_bus"": ""00000000:0A:00.0"", ""pcie"": ""Gen1 x1"", ""util_pct"": 25.0, ""power_w"": 79.16, ""vram_used_mib"": 7860.0}, {""index"": 3, ""name"": ""NVIDIA P104-100"", ""pci_bus"": ""00000000:0C:00.0"", ""pcie"": ""Gen1 x1"", ""util_pct"": 49.0, ""power_w"": 54.46, ""vram_used_mib"": 7490.0}, {""index"": 4, ""name"": ""NVIDIA P104-100"", ""pci_bus"": ""00000000:0D:00.0"", ""pcie"": ""Gen1 x1"", ""util_pct"": 0.0, ""power_w"": 8.84, ""vram_used_mib"": 84.0}, {""index"": 5, ""name"": ""NVIDIA P104-100"", ""pci_bus"": ""00000000:0E:00.0"", ""pcie"": ""Gen1 x1"", ""util_pct"": 0.0, ""power_w"": 9.8, ""vram_used_mib"": 84.0}]"
2026-08-16T16:29:03.235488+03:00,1786886943.235488,ctx_000512.txt,1,1,outside,100.0,"[null, null, null, null]",15875.55078125,3800.16015625,12075.390625,23.937186234434286,24575.99609375,371.8125,1.5129091760173123,"[{""index"": 0, ""name"": ""NVIDIA P104-100"", ""pci_bus"": ""00000000:01:00.0"", ""pcie"": ""Gen1 x1"", ""util_pct"": 18.0, ""power_w"": 48.91, ""vram_used_mib"": 7512.0}, {""index"": 1, ""name"": ""NVIDIA P104-100"", ""pci_bus"": ""00000000:02:00.0"", ""pcie"": ""Gen1 x1"", ""util_pct"": 14.0, ""power_w"": 50.12, ""vram_used_mib"": 7120.0}, {""index"": 2, ""name"": ""NVIDIA P104-100"", ""pci_bus"": ""00000000:0A:00.0"", ""pcie"": ""Gen1 x1"", ""util_pct"": 17.0, ""power_w"": 48.7, ""vram_used_mib"": 7860.0}, {""index"": 3, ""name"": ""NVIDIA P104-100"", ""pci_bus"": ""00000000:0C:00.0"", ""pcie"": ""Gen1 x1"", ""util_pct"": 18.0, ""power_w"": 54.97, ""vram_used_mib"": 7490.0}, {""index"": 4, ""name"": ""NVIDIA P104-100"", ""pci_bus"": ""00000000:0D:00.0"", ""pcie"": ""Gen1 x1"", ""util_pct"": 0.0, ""power_w"": 8.95, ""vram_used_mib"": 84.0}, {""index"": 5, ""name"": ""NVIDIA P104-100"", ""pci_bus"": ""00000000:0E:00.0"", ""pcie"": ""Gen1 x1"", ""util_pct"": 0.0, ""power_w"": 9.7, ""vram_used_mib"": 84.0}]"
2026-08-16T16:29:05.421501+03:00,1786886945.421501,ctx_000512.txt,1,1,prefill,39.816933638443935,"[10.55045871559633, 31.050228310502284, 19.26605504587156, 98.1651376146789]",15875.55078125,4198.15234375,11677.3984375,26.444136657660252,24575.99609375,371.8203125,1.5129409651662453,"[{""index"": 0, ""name"": ""NVIDIA P104-100"", ""pci_bus"": ""00000000:01:00.0"", ""pcie"": ""Gen1 x1"", ""util_pct"": 10.0, ""power_w"": 174.17, ""vram_used_mib"": 7512.0}, {""index"": 1, ""name"": ""NVIDIA P104-100"", ""pci_bus"": ""00000000:02:00.0"", ""pcie"": ""Gen1 x1"", ""util_pct"": 15.0, ""power_w"": 52.92, ""vram_used_mib"": 7120.0}, {""index"": 2, ""name"": ""NVIDIA P104-100"", ""pci_bus"": ""00000000:0A:00.0"", ""pcie"": ""Gen1 x1"", ""util_pct"": 46.0, ""power_w"": 52.16, ""vram_used_mib"": 7860.0}, {""index"": 3, ""name"": ""NVIDIA P104-100"", ""pci_bus"": ""00000000:0C:00.0"", ""pcie"": ""Gen1 x1"", ""util_pct"": 0.0, ""power_w"": 54.58, ""vram_used_mib"": 7490.0}, {""index"": 4, ""name"": ""NVIDIA P104-100"", ""pci_bus"": ""00000000:0D:00.0"", ""pcie"": ""Gen1 x1"", ""util_pct"": 0.0, ""power_w"": 8.95, ""vram_used_mib"": 84.0}, {""index"": 5, ""name"": ""NVIDIA P104-100"", ""pci_bus"": ""00000000:0E:00.0"", ""pcie"": ""Gen1 x1"", ""util_pct"": 0.0, ""power_w"": 9.7, ""vram_used_mib"": 84.0}]"
2026-08-16T16:29:07.553444+03:00,1786886947.553444,ctx_000512.txt,1,1,prefill,39.60047003525264,"[22.065727699530516, 24.88262910798122, 11.737089201877934, 100.0]",15875.55078125,4227.203125,11648.34765625,26.62712735606368,24575.99609375,371.8203125,1.5129409651662453,"[{""index"": 0, ""name"": ""NVIDIA P104-100"", ""pci_bus"": ""00000000:01:00.0"", ""pcie"": ""Gen1 x1"", ""util_pct"": 18.0, ""power_w"": 52.01, ""vram_used_mib"": 7512.0}, {""index"": 1, ""name"": ""NVIDIA P104-100"", ""pci_bus"": ""00000000:02:00.0"", ""pcie"": ""Gen1 x1"", ""util_pct"": 26.0, ""power_w"": 53.15, ""vram_used_mib"": 7120.0}, {""index"": 2, ""name"": ""NVIDIA P104-100"", ""pci_bus"": ""00000000:0A:00.0"", ""pcie"": ""Gen1 x1"", ""util_pct"": 47.0, ""power_w"": 53.34, ""vram_used_mib"": 7860.0}, {""index"": 3, ""name"": ""NVIDIA P104-100"", ""pci_bus"": ""00000000:0C:00.0"", ""pcie"": ""Gen1 x1"", ""util_pct"": 0.0, ""power_w"": 150.77, ""vram_used_mib"": 7490.0}, {""index"": 4, ""name"": ""NVIDIA P104-100"", ""pci_bus"": ""00000000:0D:00.0"", ""pcie"": ""Gen1 x1"", ""util_pct"": 0.0, ""power_w"": 8.85, ""vram_used_mib"": 84.0}, {""index"": 5, ""name"": ""NVIDIA P104-100"", ""pci_bus"": ""00000000:0E:00.0"", ""pcie"": ""Gen1 x1"", ""util_pct"": 0.0, ""power_w"": 9.45, ""vram_used_mib"": 84.0}]"
2026-08-16T16:29:09.677583+03:00,1786886949.677583,ctx_000512.txt,1,1,prefill,40.99526066350711,"[23.58490566037736, 24.528301886792452, 17.061611374407583, 99.04306220095694]",15875.55078125,4268.3125,11607.23828125,26.886075064816893,24575.99609375,371.80859375,1.512893281442846,"[{""index"": 0, ""name"": ""NVIDIA P104-100"", ""pci_bus"": ""00000000:01:00.0"", ""pcie"": ""Gen1 x1"", ""util_pct"": 15.0, ""power_w"": 52.02, ""vram_used_mib"": 7512.0}, {""index"": 1, ""name"": ""NVIDIA P104-100"", ""pci_bus"": ""00000000:02:00.0"", ""pcie"": ""Gen1 x1"", ""util_pct"": 0.0, ""power_w"": 52.85, ""vram_used_mib"": 7120.0}, {""index"": 2, ""name"": ""NVIDIA P104-100"", ""pci_bus"": ""00000000:0A:00.0"", ""pcie"": ""Gen1 x1"", ""util_pct"": 47.0, ""power_w"": 51.75, ""vram_used_mib"": 7860.0}, {""index"": 3, ""name"": ""NVIDIA P104-100"", ""pci_bus"": ""00000000:0C:00.0"", ""pcie"": ""Gen1 x1"", ""util_pct"": 42.0, ""power_w"": 54.97, ""vram_used_mib"": 7490.0}, {""index"": 4, ""name"": ""NVIDIA P104-100"", ""pci_bus"": ""00000000:0D:00.0"", ""pcie"": ""Gen1 x1"", ""util_pct"": 0.0, ""power_w"": 8.65, ""vram_used_mib"": 84.0}, {""index"": 5, ""name"": ""NVIDIA P104-100"", ""pci_bus"": ""00000000:0E:00.0"", ""pcie"": ""Gen1 x1"", ""util_pct"": 0.0, ""power_w"": 9.8, ""vram_used_mib"": 84.0}]"
2026-08-16T16:29:12.141850+03:00,1786886952.141850,ctx_000512.txt,1,1,decode,49.18533604887984,"[100.0, 13.934426229508198, 27.235772357723576, 55.51020408163265]",15875.55078125,4312.5234375,11563.02734375,27.16455949732059,24575.99609375,371.7890625,1.5128138085705134,"[{""index"": 0, ""name"": ""NVIDIA P104-100"", ""pci_bus"": ""00000000:01:00.0"", ""pcie"": ""Gen1 x1"", ""util_pct"": 1.0, ""power_w"": 49.08, ""vram_used_mib"": 7512.0}, {""index"": 1, ""name"": ""NVIDIA P104-100"", ""pci_bus"": ""00000000:02:00.0"", ""pcie"": ""Gen1 x1"", ""util_pct"": 13.0, ""power_w"": 51.87, ""vram_used_mib"": 7120.0}, {""index"": 2, ""name"": ""NVIDIA P104-100"", ""pci_bus"": ""00000000:0A:00.0"", ""pcie"": ""Gen1 x1"", ""util_pct"": 18.0, ""power_w"": 73.3, ""vram_used_mib"": 7860.0}, {""index"": 3, ""name"": ""NVIDIA P104-100"", ""pci_bus"": ""00000000:0C:00.0"", ""pcie"": ""Gen1 x1"", ""util_pct"": 23.0, ""power_w"": 169.69, ""vram_used_mib"": 7490.0}, {""index"": 4, ""name"": ""NVIDIA P104-100"", ""pci_bus"": ""00000000:0D:00.0"", ""pcie"": ""Gen1 x1"", ""util_pct"": 0.0, ""power_w"": 8.84, ""vram_used_mib"": 84.0}, {""index"": 5, ""name"": ""NVIDIA P104-100"", ""pci_bus"": ""00000000:0E:00.0"", ""pcie"": ""Gen1 x1"", ""util_pct"": 0.0, ""power_w"": 9.54, ""vram_used_mib"": 84.0}]"
2026-08-16T16:29:14.274477+03:00,1786886954.274477,ctx_000512.txt,1,1,decode,40.77555816686252,"[99.53271028037383, 27.102803738317757, 12.735849056603774, 22.274881516587676]",15875.55078125,4200.15234375,11675.3984375,26.456734645771395,24575.99609375,371.78515625,1.512797913996047,"[{""index"": 0, ""name"": ""NVIDIA P104-100"", ""pci_bus"": ""00000000:01:00.0"", ""pcie"": ""Gen1 x1"", ""util_pct"": 0.0, ""power_w"": 49.14, ""vram_used_mib"": 7512.0}, {""index"": 1, ""name"": ""NVIDIA P104-100"", ""pci_bus"": ""00000000:02:00.0"", ""pcie"": ""Gen1 x1"", ""util_pct"": 17.0, ""power_w"": 50.8, ""vram_used_mib"": 7120.0}, {""index"": 2, ""name"": ""NVIDIA P104-100"", ""pci_bus"": ""00000000:0A:00.0"", ""pcie"": ""Gen1 x1"", ""util_pct"": 15.0, ""power_w"": 51.76, ""vram_used_mib"": 7860.0}, {""index"": 3, ""name"": ""NVIDIA P104-100"", ""pci_bus"": ""00000000:0C:00.0"", ""pcie"": ""Gen1 x1"", ""util_pct"": 22.0, ""power_w"": 116.34, ""vram_used_mib"": 7490.0}, {""index"": 4, ""name"": ""NVIDIA P104-100"", ""pci_bus"": ""00000000:0D:00.0"", ""pcie"": ""Gen1 x1"", ""util_pct"": 0.0, ""power_w"": 8.95, ""vram_used_mib"": 84.0}, {""index"": 5, ""name"": ""NVIDIA P104-100"", ""pci_bus"": ""00000000:0E:00.0"", ""pcie"": ""Gen1 x1"", ""util_pct"": 0.0, ""power_w"": 9.7, ""vram_used_mib"": 84.0}]"
2026-08-16T16:29:16.466208+03:00,1786886956.466208,ctx_000512.txt,1,1,decode,42.10526315789474,"[100.0, 19.81566820276498, 32.57918552036199, 16.513761467889907]",15875.55078125,4263.29296875,11612.2578125,26.854457067311394,24575.99609375,371.77734375,1.512766124847114,"[{""index"": 0, ""name"": ""NVIDIA P104-100"", ""pci_bus"": ""00000000:01:00.0"", ""pcie"": ""Gen1 x1"", ""util_pct"": 3.0, ""power_w"": 48.89, ""vram_used_mib"": 7512.0}, {""index"": 1, ""name"": ""NVIDIA P104-100"", ""pci_bus"": ""00000000:02:00.0"", ""pcie"": ""Gen1 x1"", ""util_pct"": 20.0, ""power_w"": 55.34, ""vram_used_mib"": 7120.0}, {""index"": 2, ""name"": ""NVIDIA P104-100"", ""pci_bus"": ""00000000:0A:00.0"", ""pcie"": ""Gen1 x1"", ""util_pct"": 12.0, ""power_w"": 158.48, ""vram_used_mib"": 7860.0}, {""index"": 3, ""name"": ""NVIDIA P104-100"", ""pci_bus"": ""00000000:0C:00.0"", ""pcie"": ""Gen1 x1"", ""util_pct"": 41.0, ""power_w"": 90.23, ""vram_used_mib"": 7490.0}, {""index"": 4, ""name"": ""NVIDIA P104-100"", ""pci_bus"": ""00000000:0D:00.0"", ""pcie"": ""Gen1 x1"", ""util_pct"": 0.0, ""power_w"": 8.74, ""vram_used_mib"": 84.0}, {""index"": 5, ""name"": ""NVIDIA P104-100"", ""pci_bus"": ""00000000:0E:00.0"", ""pcie"": ""Gen1 x1"", ""util_pct"": 0.0, ""power_w"": 9.79, ""vram_used_mib"": 84.0}]"
2026-08-16T16:29:18.593574+03:00,1786886958.593574,ctx_000512.txt,1,1,decode,40.801886792452834,"[98.59154929577464, 21.327014218009477, 23.696682464454977, 19.718309859154928]",15875.55078125,4246.05078125,11629.5,26.745848630743865,24575.99609375,371.76953125,1.512734335698181,"[{""index"": 0, ""name"": ""NVIDIA P104-100"", ""pci_bus"": ""00000000:01:00.0"", ""pcie"": ""Gen1 x1"", ""util_pct"": 5.0, ""power_w"": 55.46, ""vram_used_mib"": 7512.0}, {""index"": 1, ""name"": ""NVIDIA P104-100"", ""pci_bus"": ""00000000:02:00.0"", ""pcie"": ""Gen1 x1"", ""util_pct"": 22.0, ""power_w"": 182.15, ""vram_used_mib"": 7120.0}, {""index"": 2, ""name"": ""NVIDIA P104-100"", ""pci_bus"": ""00000000:0A:00.0"", ""pcie"": ""Gen1 x1"", ""util_pct"": 9.0, ""power_w"": 83.02, ""vram_used_mib"": 7860.0}, {""index"": 3, ""name"": ""NVIDIA P104-100"", ""pci_bus"": ""00000000:0C:00.0"", ""pcie"": ""Gen1 x1"", ""util_pct"": 48.0, ""power_w"": 54.58, ""vram_used_mib"": 7490.0}, {""index"": 4, ""name"": ""NVIDIA P104-100"", ""pci_bus"": ""00000000:0D:00.0"", ""pcie"": ""Gen1 x1"", ""util_pct"": 0.0, ""power_w"": 8.84, ""vram_used_mib"": 84.0}, {""index"": 5, ""name"": ""NVIDIA P104-100"", ""pci_bus"": ""00000000:0E:00.0"", ""pcie"": ""Gen1 x1"", ""util_pct"": 0.0, ""power_w"": 9.8, ""vram_used_mib"": 84.0}]"
2026-08-16T16:29:20.208582+03:00,1786886960.208582,ctx_001024.txt,1,1,outside,,"[null, null, null, null]",15875.55078125,4246.71484375,11628.8359375,26.75003155648389,24575.99609375,371.71875,1.5125277062301168,"[{""index"": 0, ""name"": ""NVIDIA P104-100"", ""pci_bus"": ""00000000:01:00.0"", ""pcie"": ""Gen1 x1"", ""util_pct"": 7.0, ""power_w"": 48.91, ""vram_used_mib"": 7512.0}, {""index"": 1, ""name"": ""NVIDIA P104-100"", ""pci_bus"": ""00000000:02:00.0"", ""pcie"": ""Gen1 x1"", ""util_pct"": 14.0, ""power_w"": 49.97, ""vram_used_mib"": 7120.0}, {""index"": 2, ""name"": ""NVIDIA P104-100"", ""pci_bus"": ""00000000:0A:00.0"", ""pcie"": ""Gen1 x1"", ""util_pct"": 31.0, ""power_w"": 48.06, ""vram_used_mib"": 7860.0}, {""index"": 3, ""name"": ""NVIDIA P104-100"", ""pci_bus"": ""00000000:0C:00.0"", ""pcie"": ""Gen1 x1"", ""util_pct"": 18.0, ""power_w"": 53.5, ""vram_used_mib"": 7490.0}, {""index"": 4, ""name"": ""NVIDIA P104-100"", ""pci_bus"": ""00000000:0D:00.0"", ""pcie"": ""Gen1 x1"", ""util_pct"": 0.0, ""power_w"": 8.75, ""vram_used_mib"": 84.0}, {""index"": 5, ""name"": ""NVIDIA P104-100"", ""pci_bus"": ""00000000:0E:00.0"", ""pcie"": ""Gen1 x1"", ""util_pct"": 0.0, ""power_w"": 9.8, ""vram_used_mib"": 84.0}]"
2026-08-16T16:29:22.330052+03:00,1786886962.330052,ctx_001024.txt,1,1,prefill,38.17966903073286,"[95.28301886792453, 12.735849056603774, 25.471698113207548, 18.867924528301888]",15875.55078125,4345.9296875,11529.62109375,27.37498526748949,24575.99609375,371.7109375,1.512495917081184,"[{""index"": 0, ""name"": ""NVIDIA P104-100"", ""pci_bus"": ""00000000:01:00.0"", ""pcie"": ""Gen1 x1"", ""util_pct"": 0.0, ""power_w"": 51.97, ""vram_used_mib"": 7512.0}, {""index"": 1, ""name"": ""NVIDIA P104-100"", ""pci_bus"": ""00000000:02:00.0"", ""pcie"": ""Gen1 x1"", ""util_pct"": 45.0, ""power_w"": 53.15, ""vram_used_mib"": 7120.0}, {""index"": 2, ""name"": ""NVIDIA P104-100"", ""pci_bus"": ""00000000:0A:00.0"", ""pcie"": ""Gen1 x1"", ""util_pct"": 0.0, ""power_w"": 57.03, ""vram_used_mib"": 7860.0}, {""index"": 3, ""name"": ""NVIDIA P104-100"", ""pci_bus"": ""00000000:0C:00.0"", ""pcie"": ""Gen1 x1"", ""util_pct"": 3.0, ""power_w"": 180.44, ""vram_used_mib"": 7490.0}, {""index"": 4, ""name"": ""NVIDIA P104-100"", ""pci_bus"": ""00000000:0D:00.0"", ""pcie"": ""Gen1 x1"", ""util_pct"": 0.0, ""power_w"": 8.94, ""vram_used_mib"": 84.0}, {""index"": 5, ""name"": ""NVIDIA P104-100"", ""pci_bus"": ""00000000:0E:00.0"", ""pcie"": ""Gen1 x1"", ""util_pct"": 0.0, ""power_w"": 9.64, ""vram_used_mib"": 84.0}]"
2026-08-16T16:29:24.511355+03:00,1786886964.511355,ctx_001024.txt,1,1,prefill,39.03559127439724,"[35.648148148148145, 16.972477064220183, 10.599078341013826, 93.08755760368663]",15875.55078125,4408.80078125,11466.75,27.771009913287948,24575.99609375,371.70703125,1.5124800225067174,"[{""index"": 0, ""name"": ""NVIDIA P104-100"", ""pci_bus"": ""00000000:01:00.0"", ""pcie"": ""Gen1 x1"", ""util_pct"": 0.0, ""power_w"": 69.09, ""vram_used_mib"": 7512.0}, {""index"": 1, ""name"": ""NVIDIA P104-100"", ""pci_bus"": ""00000000:02:00.0"", ""pcie"": ""Gen1 x1"", ""util_pct"": 0.0, ""power_w"": 155.79, ""vram_used_mib"": 7120.0}, {""index"": 2, ""name"": ""NVIDIA P104-100"", ""pci_bus"": ""00000000:0A:00.0"", ""pcie"": ""Gen1 x1"", ""util_pct"": 47.0, ""power_w"": 52.31, ""vram_used_mib"": 7860.0}, {""index"": 3, ""name"": ""NVIDIA P104-100"", ""pci_bus"": ""00000000:0C:00.0"", ""pcie"": ""Gen1 x1"", ""util_pct"": 13.0, ""power_w"": 53.47, ""vram_used_mib"": 7490.0}, {""index"": 4, ""name"": ""NVIDIA P104-100"", ""pci_bus"": ""00000000:0D:00.0"", ""pcie"": ""Gen1 x1"", ""util_pct"": 0.0, ""power_w"": 8.94, ""vram_used_mib"": 84.0}, {""index"": 5, ""name"": ""NVIDIA P104-100"", ""pci_bus"": ""00000000:0E:00.0"", ""pcie"": ""Gen1 x1"", ""util_pct"": 0.0, ""power_w"": 9.54, ""vram_used_mib"": 84.0}]"
2026-08-16T16:29:26.633524+03:00,1786886966.633524,ctx_001024.txt,1,1,prefill,39.479905437352244,"[6.161137440758294, 7.0754716981132075, 44.339622641509436, 100.0]",15875.55078125,4339.2421875,11536.30859375,27.332860744742863,24575.99609375,371.70703125,1.5124800225067174,"[{""index"": 0, ""name"": ""NVIDIA P104-100"", ""pci_bus"": ""00000000:01:00.0"", ""pcie"": ""Gen1 x1"", ""util_pct"": 2.0, ""power_w"": 168.01, ""vram_used_mib"": 7512.0}, {""index"": 1, ""name"": ""NVIDIA P104-100"", ""pci_bus"": ""00000000:02:00.0"", ""pcie"": ""Gen1 x1"", ""util_pct"": 2.0, ""power_w"": 53.17, ""vram_used_mib"": 7120.0}, {""index"": 2, ""name"": ""NVIDIA P104-100"", ""pci_bus"": ""00000000:0A:00.0"", ""pcie"": ""Gen1 x1"", ""util_pct"": 47.0, ""power_w"": 52.44, ""vram_used_mib"": 7860.0}, {""index"": 3, ""name"": ""NVIDIA P104-100"", ""pci_bus"": ""00000000:0C:00.0"", ""pcie"": ""Gen1 x1"", ""util_pct"": 0.0, ""power_w"": 57.75, ""vram_used_mib"": 7490.0}, {""index"": 4, ""name"": ""NVIDIA P104-100"", ""pci_bus"": ""00000000:0D:00.0"", ""pcie"": ""Gen1 x1"", ""util_pct"": 0.0, ""power_w"": 8.85, ""vram_used_mib"": 84.0}, {""index"": 5, ""name"": ""NVIDIA P104-100"", ""pci_bus"": ""00000000:0E:00.0"", ""pcie"": ""Gen1 x1"", ""util_pct"": 0.0, ""power_w"": 9.8, ""vram_used_mib"": 84.0}]"
2026-08-16T16:29:28.758032+03:00,1786886968.758032,ctx_001024.txt,1,1,prefill,37.735849056603776,"[17.92452830188679, 18.95734597156398, 17.061611374407583, 97.1563981042654]",15875.55078125,4466.05078125,11409.5,28.131627322969354,24575.99609375,371.70703125,1.5124800225067174,"[{""index"": 0, ""name"": ""NVIDIA P104-100"", ""pci_bus"": ""00000000:01:00.0"", ""pcie"": ""Gen1 x1"", ""util_pct"": 50.0, ""power_w"": 51.93, ""vram_used_mib"": 7512.0}, {""index"": 1, ""name"": ""NVIDIA P104-100"", ""pci_bus"": ""00000000:02:00.0"", ""pcie"": ""Gen1 x1"", ""util_pct"": 47.0, ""power_w"": 53.76, ""vram_used_mib"": 7120.0}, {""index"": 2, ""name"": ""NVIDIA P104-100"", ""pci_bus"": ""00000000:0A:00.0"", ""pcie"": ""Gen1 x1"", ""util_pct"": 24.0, ""power_w"": 183.33, ""vram_used_mib"": 7860.0}, {""index"": 3, ""name"": ""NVIDIA P104-100"", ""pci_bus"": ""00000000:0C:00.0"", ""pcie"": ""Gen1 x1"", ""util_pct"": 14.0, ""power_w"": 54.23, ""vram_used_mib"": 7490.0}, {""index"": 4, ""name"": ""NVIDIA P104-100"", ""pci_bus"": ""00000000:0D:00.0"", ""pcie"": ""Gen1 x1"", ""util_pct"": 0.0, ""power_w"": 8.95, ""vram_used_mib"": 84.0}, {""index"": 5, ""name"": ""NVIDIA P104-100"", ""pci_bus"": ""00000000:0E:00.0"", ""pcie"": ""Gen1 x1"", ""util_pct"": 0.0, ""power_w"": 9.8, ""vram_used_mib"": 84.0}]"
2026-08-16T16:29:30.923667+03:00,1786886970.923667,ctx_001024.txt,1,1,prefill,39.351851851851855,"[10.69767441860465, 25.0, 21.19815668202765, 100.0]",15875.55078125,4418.06640625,11457.484375,27.829374030084093,24575.99609375,371.66015625,1.5122892876131198,"[{""index"": 0, ""name"": ""NVIDIA P104-100"", ""pci_bus"": ""00000000:01:00.0"", ""pcie"": ""Gen1 x1"", ""util_pct"": 0.0, ""power_w"": 52.22, ""vram_used_mib"": 7512.0}, {""index"": 1, ""name"": ""NVIDIA P104-100"", ""pci_bus"": ""00000000:02:00.0"", ""pcie"": ""Gen1 x1"", ""util_pct"": 0.0, ""power_w"": 52.99, ""vram_used_mib"": 7120.0}, {""index"": 2, ""name"": ""NVIDIA P104-100"", ""pci_bus"": ""00000000:0A:00.0"", ""pcie"": ""Gen1 x1"", ""util_pct"": 0.0, ""power_w"": 51.75, ""vram_used_mib"": 7860.0}, {""index"": 3, ""name"": ""NVIDIA P104-100"", ""pci_bus"": ""00000000:0C:00.0"", ""pcie"": ""Gen1 x1"", ""util_pct"": 98.0, ""power_w"": 111.05, ""vram_used_mib"": 7490.0}, {""index"": 4, ""name"": ""NVIDIA P104-100"", ""pci_bus"": ""00000000:0D:00.0"", ""pcie"": ""Gen1 x1"", ""util_pct"": 0.0, ""power_w"": 9.05, ""vram_used_mib"": 84.0}, {""index"": 5, ""name"": ""NVIDIA P104-100"", ""pci_bus"": ""00000000:0E:00.0"", ""pcie"": ""Gen1 x1"", ""util_pct"": 0.0, ""power_w"": 9.9, ""vram_used_mib"": 84.0}]"
2026-08-16T16:29:33.072356+03:00,1786886973.072356,ctx_001024.txt,1,1,decode,40.84014002333722,"[16.822429906542055, 30.8411214953271, 15.88785046728972, 100.0]",15875.55078125,4773.2578125,11102.29296875,30.06672258664254,24575.99609375,371.640625,1.5122098147407874,"[{""index"": 0, ""name"": ""NVIDIA P104-100"", ""pci_bus"": ""00000000:01:00.0"", ""pcie"": ""Gen1 x1"", ""util_pct"": 26.0, ""power_w"": 51.42, ""vram_used_mib"": 7512.0}, {""index"": 1, ""name"": ""NVIDIA P104-100"", ""pci_bus"": ""00000000:02:00.0"", ""pcie"": ""Gen1 x1"", ""util_pct"": 0.0, ""power_w"": 52.73, ""vram_used_mib"": 7120.0}, {""index"": 2, ""name"": ""NVIDIA P104-100"", ""pci_bus"": ""00000000:0A:00.0"", ""pcie"": ""Gen1 x1"", ""util_pct"": 24.0, ""power_w"": 61.57, ""vram_used_mib"": 7860.0}, {""index"": 3, ""name"": ""NVIDIA P104-100"", ""pci_bus"": ""00000000:0C:00.0"", ""pcie"": ""Gen1 x1"", ""util_pct"": 55.0, ""power_w"": 135.71, ""vram_used_mib"": 7490.0}, {""index"": 4, ""name"": ""NVIDIA P104-100"", ""pci_bus"": ""00000000:0D:00.0"", ""pcie"": ""Gen1 x1"", ""util_pct"": 0.0, ""power_w"": 8.74, ""vram_used_mib"": 84.0}, {""index"": 5, ""name"": ""NVIDIA P104-100"", ""pci_bus"": ""00000000:0E:00.0"", ""pcie"": ""Gen1 x1"", ""util_pct"": 0.0, ""power_w"": 9.55, ""vram_used_mib"": 84.0}]"
2026-08-16T16:29:35.313468+03:00,1786886975.313468,ctx_001024.txt,1,1,decode,52.01793721973094,"[42.152466367713004, 84.88888888888889, 20.444444444444443, 61.085972850678736]",15875.55078125,4744.1953125,11131.35546875,29.883658071902524,24575.99609375,371.6328125,1.5121780255918544,"[{""index"": 0, ""name"": ""NVIDIA P104-100"", ""pci_bus"": ""00000000:01:00.0"", ""pcie"": ""Gen1 x1"", ""util_pct"": 27.0, ""power_w"": 49.22, ""vram_used_mib"": 7512.0}, {""index"": 1, ""name"": ""NVIDIA P104-100"", ""pci_bus"": ""00000000:02:00.0"", ""pcie"": ""Gen1 x1"", ""util_pct"": 4.0, ""power_w"": 50.68, ""vram_used_mib"": 7120.0}, {""index"": 2, ""name"": ""NVIDIA P104-100"", ""pci_bus"": ""00000000:0A:00.0"", ""pcie"": ""Gen1 x1"", ""util_pct"": 25.0, ""power_w"": 52.69, ""vram_used_mib"": 7860.0}, {""index"": 3, ""name"": ""NVIDIA P104-100"", ""pci_bus"": ""00000000:0C:00.0"", ""pcie"": ""Gen1 x1"", ""util_pct"": 43.0, ""power_w"": 132.69, ""vram_used_mib"": 7490.0}, {""index"": 4, ""name"": ""NVIDIA P104-100"", ""pci_bus"": ""00000000:0D:00.0"", ""pcie"": ""Gen1 x1"", ""util_pct"": 0.0, ""power_w"": 8.95, ""vram_used_mib"": 84.0}, {""index"": 5, ""name"": ""NVIDIA P104-100"", ""pci_bus"": ""00000000:0E:00.0"", ""pcie"": ""Gen1 x1"", ""util_pct"": 0.0, ""power_w"": 9.9, ""vram_used_mib"": 84.0}]"
2026-08-16T16:29:37.449907+03:00,1786886977.449907,ctx_001024.txt,1,1,decode,40.77555816686252,"[23.474178403755868, 99.53271028037383, 16.9811320754717, 23.004694835680752]",15875.55078125,4794.171875,11081.37890625,30.198460142007868,24575.99609375,371.62890625,1.5121621310173878,"[{""index"": 0, ""name"": ""NVIDIA P104-100"", ""pci_bus"": ""00000000:01:00.0"", ""pcie"": ""Gen1 x1"", ""util_pct"": 30.0, ""power_w"": 46.12, ""vram_used_mib"": 7512.0}, {""index"": 1, ""name"": ""NVIDIA P104-100"", ""pci_bus"": ""00000000:02:00.0"", ""pcie"": ""Gen1 x1"", ""util_pct"": 24.0, ""power_w"": 154.34, ""vram_used_mib"": 7120.0}, {""index"": 2, ""name"": ""NVIDIA P104-100"", ""pci_bus"": ""00000000:0A:00.0"", ""pcie"": ""Gen1 x1"", ""util_pct"": 28.0, ""power_w"": 83.04, ""vram_used_mib"": 7860.0}, {""index"": 3, ""name"": ""NVIDIA P104-100"", ""pci_bus"": ""00000000:0C:00.0"", ""pcie"": ""Gen1 x1"", ""util_pct"": 51.0, ""power_w"": 55.32, ""vram_used_mib"": 7490.0}, {""index"": 4, ""name"": ""NVIDIA P104-100"", ""pci_bus"": ""00000000:0D:00.0"", ""pcie"": ""Gen1 x1"", ""util_pct"": 0.0, ""power_w"": 8.85, ""vram_used_mib"": 84.0}, {""index"": 5, ""name"": ""NVIDIA P104-100"", ""pci_bus"": ""00000000:0E:00.0"", ""pcie"": ""Gen1 x1"", ""util_pct"": 0.0, ""power_w"": 9.35, ""vram_used_mib"": 84.0}]"
2026-08-16T16:29:39.604903+03:00,1786886979.604903,ctx_001024.txt,1,1,decode,41.92799070847851,"[17.757009345794394, 100.0, 21.3953488372093, 27.230046948356808]",15875.55078125,4784.47265625,11091.078125,30.13736482075794,24575.99609375,371.62890625,1.5121621310173878,"[{""index"": 0, ""name"": ""NVIDIA P104-100"", ""pci_bus"": ""00000000:01:00.0"", ""pcie"": ""Gen1 x1"", ""util_pct"": 30.0, ""power_w"": 94.77, ""vram_used_mib"": 7512.0}, {""index"": 1, ""name"": ""NVIDIA P104-100"", ""pci_bus"": ""00000000:02:00.0"", ""pcie"": ""Gen1 x1"", ""util_pct"": 28.0, ""power_w"": 43.3, ""vram_used_mib"": 7120.0}, {""index"": 2, ""name"": ""NVIDIA P104-100"", ""pci_bus"": ""00000000:0A:00.0"", ""pcie"": ""Gen1 x1"", ""util_pct"": 28.0, ""power_w"": 41.84, ""vram_used_mib"": 7860.0}, {""index"": 3, ""name"": ""NVIDIA P104-100"", ""pci_bus"": ""00000000:0C:00.0"", ""pcie"": ""Gen1 x1"", ""util_pct"": 17.0, ""power_w"": 76.08, ""vram_used_mib"": 7490.0}, {""index"": 4, ""name"": ""NVIDIA P104-100"", ""pci_bus"": ""00000000:0D:00.0"", ""pcie"": ""Gen1 x1"", ""util_pct"": 0.0, ""power_w"": 8.85, ""vram_used_mib"": 84.0}, {""index"": 5, ""name"": ""NVIDIA P104-100"", ""pci_bus"": ""00000000:0E:00.0"", ""pcie"": ""Gen1 x1"", ""util_pct"": 0.0, ""power_w"": 10.0, ""vram_used_mib"": 84.0}]"
2026-08-16T16:29:41.800333+03:00,1786886981.800333,ctx_001024.txt,1,1,decode,42.009132420091326,"[17.35159817351598, 100.0, 27.727272727272727, 22.831050228310502]",15875.55078125,4772.60546875,11102.9453125,30.0626134772391,24575.99609375,371.625,1.5121462364429215,"[{""index"": 0, ""name"": ""NVIDIA P104-100"", ""pci_bus"": ""00000000:01:00.0"", ""pcie"": ""Gen1 x1"", ""util_pct"": 13.0, ""power_w"": 109.01, ""vram_used_mib"": 7512.0}, {""index"": 1, ""name"": ""NVIDIA P104-100"", ""pci_bus"": ""00000000:02:00.0"", ""pcie"": ""Gen1 x1"", ""util_pct"": 28.0, ""power_w"": 71.19, ""vram_used_mib"": 7120.0}, {""index"": 2, ""name"": ""NVIDIA P104-100"", ""pci_bus"": ""00000000:0A:00.0"", ""pcie"": ""Gen1 x1"", ""util_pct"": 28.0, ""power_w"": 41.63, ""vram_used_mib"": 7860.0}, {""index"": 3, ""name"": ""NVIDIA P104-100"", ""pci_bus"": ""00000000:0C:00.0"", ""pcie"": ""Gen1 x1"", ""util_pct"": 51.0, ""power_w"": 55.67, ""vram_used_mib"": 7490.0}, {""index"": 4, ""name"": ""NVIDIA P104-100"", ""pci_bus"": ""00000000:0D:00.0"", ""pcie"": ""Gen1 x1"", ""util_pct"": 0.0, ""power_w"": 8.84, ""vram_used_mib"": 84.0}, {""index"": 5, ""name"": ""NVIDIA P104-100"", ""pci_bus"": ""00000000:0E:00.0"", ""pcie"": ""Gen1 x1"", ""util_pct"": 0.0, ""power_w"": 9.8, ""vram_used_mib"": 84.0}]"
2026-08-16T16:29:43.923572+03:00,1786886983.923572,ctx_001024.txt,1,1,decode,41.25295508274232,"[19.339622641509433, 99.53051643192488, 19.90521327014218, 25.592417061611375]",15875.55078125,4796.12890625,11079.421875,30.210787470218182,24575.99609375,371.625,1.5121462364429215,"[{""index"": 0, ""name"": ""NVIDIA P104-100"", ""pci_bus"": ""00000000:01:00.0"", ""pcie"": ""Gen1 x1"", ""util_pct"": 30.0, ""power_w"": 43.04, ""vram_used_mib"": 7512.0}, {""index"": 1, ""name"": ""NVIDIA P104-100"", ""pci_bus"": ""00000000:02:00.0"", ""pcie"": ""Gen1 x1"", ""util_pct"": 0.0, ""power_w"": 51.53, ""vram_used_mib"": 7120.0}, {""index"": 2, ""name"": ""NVIDIA P104-100"", ""pci_bus"": ""00000000:0A:00.0"", ""pcie"": ""Gen1 x1"", ""util_pct"": 28.0, ""power_w"": 125.0, ""vram_used_mib"": 7860.0}, {""index"": 3, ""name"": ""NVIDIA P104-100"", ""pci_bus"": ""00000000:0C:00.0"", ""pcie"": ""Gen1 x1"", ""util_pct"": 19.0, ""power_w"": 49.65, ""vram_used_mib"": 7490.0}, {""index"": 4, ""name"": ""NVIDIA P104-100"", ""pci_bus"": ""00000000:0D:00.0"", ""pcie"": ""Gen1 x1"", ""util_pct"": 0.0, ""power_w"": 9.15, ""vram_used_mib"": 84.0}, {""index"": 5, ""name"": ""NVIDIA P104-100"", ""pci_bus"": ""00000000:0E:00.0"", ""pcie"": ""Gen1 x1"", ""util_pct"": 0.0, ""power_w"": 9.7, ""vram_used_mib"": 84.0}]"
2026-08-16T16:29:45.451456+03:00,1786886985.451456,ctx_002048.txt,1,1,outside,,"[null, null, null, null]",15875.55078125,4759.62890625,11115.921875,29.980874187189865,24575.99609375,371.4921875,1.5116058209110612,"[{""index"": 0, ""name"": ""NVIDIA P104-100"", ""pci_bus"": ""00000000:01:00.0"", ""pcie"": ""Gen1 x1"", ""util_pct"": 0.0, ""power_w"": 42.73, ""vram_used_mib"": 7512.0}, {""index"": 1, ""name"": ""NVIDIA P104-100"", ""pci_bus"": ""00000000:02:00.0"", ""pcie"": ""Gen1 x1"", ""util_pct"": 18.0, ""power_w"": 43.3, ""vram_used_mib"": 7120.0}, {""index"": 2, ""name"": ""NVIDIA P104-100"", ""pci_bus"": ""00000000:0A:00.0"", ""pcie"": ""Gen1 x1"", ""util_pct"": 18.0, ""power_w"": 41.63, ""vram_used_mib"": 7860.0}, {""index"": 3, ""name"": ""NVIDIA P104-100"", ""pci_bus"": ""00000000:0C:00.0"", ""pcie"": ""Gen1 x1"", ""util_pct"": 23.0, ""power_w"": 55.34, ""vram_used_mib"": 7490.0}, {""index"": 4, ""name"": ""NVIDIA P104-100"", ""pci_bus"": ""00000000:0D:00.0"", ""pcie"": ""Gen1 x1"", ""util_pct"": 0.0, ""power_w"": 8.85, ""vram_used_mib"": 84.0}, {""index"": 5, ""name"": ""NVIDIA P104-100"", ""pci_bus"": ""00000000:0E:00.0"", ""pcie"": ""Gen1 x1"", ""util_pct"": 0.0, ""power_w"": 9.8, ""vram_used_mib"": 84.0}]"
2026-08-16T16:29:47.596245+03:00,1786886987.596245,ctx_002048.txt,1,1,prefill,37.19298245614035,"[11.627906976744185, 94.85981308411215, 30.555555555555557, 12.67605633802817]",15875.55078125,5161.46875,10714.08203125,32.51206097426246,24575.99609375,371.484375,1.5115740317621282,"[{""index"": 0, ""name"": ""NVIDIA P104-100"", ""pci_bus"": ""00000000:01:00.0"", ""pcie"": ""Gen1 x1"", ""util_pct"": 33.0, ""power_w"": 167.72, ""vram_used_mib"": 7512.0}, {""index"": 1, ""name"": ""NVIDIA P104-100"", ""pci_bus"": ""00000000:02:00.0"", ""pcie"": ""Gen1 x1"", ""util_pct"": 26.0, ""power_w"": 53.26, ""vram_used_mib"": 7120.0}, {""index"": 2, ""name"": ""NVIDIA P104-100"", ""pci_bus"": ""00000000:0A:00.0"", ""pcie"": ""Gen1 x1"", ""util_pct"": 46.0, ""power_w"": 52.44, ""vram_used_mib"": 7860.0}, {""index"": 3, ""name"": ""NVIDIA P104-100"", ""pci_bus"": ""00000000:0C:00.0"", ""pcie"": ""Gen1 x1"", ""util_pct"": 35.0, ""power_w"": 54.58, ""vram_used_mib"": 7490.0}, {""index"": 4, ""name"": ""NVIDIA P104-100"", ""pci_bus"": ""00000000:0D:00.0"", ""pcie"": ""Gen1 x1"", ""util_pct"": 0.0, ""power_w"": 8.94, ""vram_used_mib"": 84.0}, {""index"": 5, ""name"": ""NVIDIA P104-100"", ""pci_bus"": ""00000000:0E:00.0"", ""pcie"": ""Gen1 x1"", ""util_pct"": 0.0, ""power_w"": 9.64, ""vram_used_mib"": 84.0}]"
2026-08-16T16:29:49.772578+03:00,1786886989.772578,ctx_002048.txt,1,1,prefill,39.47065592635213,"[12.385321100917432, 100.0, 16.203703703703702, 29.032258064516128]",15875.55078125,5205.63671875,10669.9140625,32.79027474686533,24575.99609375,371.484375,1.5115740317621282,"[{""index"": 0, ""name"": ""NVIDIA P104-100"", ""pci_bus"": ""00000000:01:00.0"", ""pcie"": ""Gen1 x1"", ""util_pct"": 43.0, ""power_w"": 169.21, ""vram_used_mib"": 7512.0}, {""index"": 1, ""name"": ""NVIDIA P104-100"", ""pci_bus"": ""00000000:02:00.0"", ""pcie"": ""Gen1 x1"", ""util_pct"": 32.0, ""power_w"": 53.53, ""vram_used_mib"": 7120.0}, {""index"": 2, ""name"": ""NVIDIA P104-100"", ""pci_bus"": ""00000000:0A:00.0"", ""pcie"": ""Gen1 x1"", ""util_pct"": 47.0, ""power_w"": 52.27, ""vram_used_mib"": 7860.0}, {""index"": 3, ""name"": ""NVIDIA P104-100"", ""pci_bus"": ""00000000:0C:00.0"", ""pcie"": ""Gen1 x1"", ""util_pct"": 0.0, ""power_w"": 57.83, ""vram_used_mib"": 7490.0}, {""index"": 4, ""name"": ""NVIDIA P104-100"", ""pci_bus"": ""00000000:0D:00.0"", ""pcie"": ""Gen1 x1"", ""util_pct"": 0.0, ""power_w"": 9.05, ""vram_used_mib"": 84.0}, {""index"": 5, ""name"": ""NVIDIA P104-100"", ""pci_bus"": ""00000000:0E:00.0"", ""pcie"": ""Gen1 x1"", ""util_pct"": 0.0, ""power_w"": 9.8, ""vram_used_mib"": 84.0}]"
2026-08-16T16:29:51.920910+03:00,1786886991.920910,ctx_002048.txt,1,1,prefill,39.62703962703963,"[17.289719626168225, 100.0, 12.093023255813954, 29.439252336448597]",15875.55078125,5247.76953125,10627.78125,33.05566908234729,24575.99609375,371.48046875,1.5115581371876616,"[{""index"": 0, ""name"": ""NVIDIA P104-100"", ""pci_bus"": ""00000000:01:00.0"", ""pcie"": ""Gen1 x1"", ""util_pct"": 50.0, ""power_w"": 52.19, ""vram_used_mib"": 7512.0}, {""index"": 1, ""name"": ""NVIDIA P104-100"", ""pci_bus"": ""00000000:02:00.0"", ""pcie"": ""Gen1 x1"", ""util_pct"": 45.0, ""power_w"": 53.49, ""vram_used_mib"": 7120.0}, {""index"": 2, ""name"": ""NVIDIA P104-100"", ""pci_bus"": ""00000000:0A:00.0"", ""pcie"": ""Gen1 x1"", ""util_pct"": 42.0, ""power_w"": 60.55, ""vram_used_mib"": 7860.0}, {""index"": 3, ""name"": ""NVIDIA P104-100"", ""pci_bus"": ""00000000:0C:00.0"", ""pcie"": ""Gen1 x1"", ""util_pct"": 0.0, ""power_w"": 170.43, ""vram_used_mib"": 7490.0}, {""index"": 4, ""name"": ""NVIDIA P104-100"", ""pci_bus"": ""00000000:0D:00.0"", ""pcie"": ""Gen1 x1"", ""util_pct"": 0.0, ""power_w"": 8.74, ""vram_used_mib"": 84.0}, {""index"": 5, ""name"": ""NVIDIA P104-100"", ""pci_bus"": ""00000000:0E:00.0"", ""pcie"": ""Gen1 x1"", ""util_pct"": 0.0, ""power_w"": 9.99, ""vram_used_mib"": 84.0}]"
2026-08-16T16:29:54.042872+03:00,1786886994.042872,ctx_002048.txt,1,1,prefill,37.78040141676505,"[24.170616113744074, 95.260663507109, 15.165876777251185, 15.96244131455399]",15875.55078125,5205.55859375,10669.9921875,32.78978263795474,24575.99609375,371.48046875,1.5115581371876616,"[{""index"": 0, ""name"": ""NVIDIA P104-100"", ""pci_bus"": ""00000000:01:00.0"", ""pcie"": ""Gen1 x1"", ""util_pct"": 2.0, ""power_w"": 75.85, ""vram_used_mib"": 7512.0}, {""index"": 1, ""name"": ""NVIDIA P104-100"", ""pci_bus"": ""00000000:02:00.0"", ""pcie"": ""Gen1 x1"", ""util_pct"": 9.0, ""power_w"": 145.56, ""vram_used_mib"": 7120.0}, {""index"": 2, ""name"": ""NVIDIA P104-100"", ""pci_bus"": ""00000000:0A:00.0"", ""pcie"": ""Gen1 x1"", ""util_pct"": 0.0, ""power_w"": 52.3, ""vram_used_mib"": 7860.0}, {""index"": 3, ""name"": ""NVIDIA P104-100"", ""pci_bus"": ""00000000:0C:00.0"", ""pcie"": ""Gen1 x1"", ""util_pct"": 35.0, ""power_w"": 53.47, ""vram_used_mib"": 7490.0}, {""index"": 4, ""name"": ""NVIDIA P104-100"", ""pci_bus"": ""00000000:0D:00.0"", ""pcie"": ""Gen1 x1"", ""util_pct"": 0.0, ""power_w"": 8.84, ""vram_used_mib"": 84.0}, {""index"": 5, ""name"": ""NVIDIA P104-100"", ""pci_bus"": ""00000000:0E:00.0"", ""pcie"": ""Gen1 x1"", ""util_pct"": 0.0, ""power_w"": 9.44, ""vram_used_mib"": 84.0}]"
2026-08-16T16:29:56.198998+03:00,1786886996.198998,ctx_002048.txt,1,1,prefill,38.443670150987224,"[28.24074074074074, 99.07407407407408, 14.018691588785046, 12.149532710280374]",15875.55078125,5185.69140625,10689.859375,32.66463934199133,24575.99609375,371.48046875,1.5115581371876616,"[{""index"": 0, ""name"": ""NVIDIA P104-100"", ""pci_bus"": ""00000000:01:00.0"", ""pcie"": ""Gen1 x1"", ""util_pct"": 0.0, ""power_w"": 176.38, ""vram_used_mib"": 7512.0}, {""index"": 1, ""name"": ""NVIDIA P104-100"", ""pci_bus"": ""00000000:02:00.0"", ""pcie"": ""Gen1 x1"", ""util_pct"": 0.0, ""power_w"": 53.26, ""vram_used_mib"": 7120.0}, {""index"": 2, ""name"": ""NVIDIA P104-100"", ""pci_bus"": ""00000000:0A:00.0"", ""pcie"": ""Gen1 x1"", ""util_pct"": 40.0, ""power_w"": 52.12, ""vram_used_mib"": 7860.0}, {""index"": 3, ""name"": ""NVIDIA P104-100"", ""pci_bus"": ""00000000:0C:00.0"", ""pcie"": ""Gen1 x1"", ""util_pct"": 32.0, ""power_w"": 54.08, ""vram_used_mib"": 7490.0}, {""index"": 4, ""name"": ""NVIDIA P104-100"", ""pci_bus"": ""00000000:0D:00.0"", ""pcie"": ""Gen1 x1"", ""util_pct"": 0.0, ""power_w"": 8.75, ""vram_used_mib"": 84.0}, {""index"": 5, ""name"": ""NVIDIA P104-100"", ""pci_bus"": ""00000000:0E:00.0"", ""pcie"": ""Gen1 x1"", ""util_pct"": 0.0, ""power_w"": 9.8, ""vram_used_mib"": 84.0}]"
2026-08-16T16:29:58.383992+03:00,1786886998.383992,ctx_002048.txt,1,1,prefill,53.38691159586682,"[15.277777777777779, 75.34246575342466, 33.48623853211009, 88.53211009174312]",15875.55078125,5124.10546875,10751.4453125,32.2767098877721,24575.99609375,371.4765625,1.5115422426131953,"[{""index"": 0, ""name"": ""NVIDIA P104-100"", ""pci_bus"": ""00000000:01:00.0"", ""pcie"": ""Gen1 x1"", ""util_pct"": 19.0, ""power_w"": 52.19, ""vram_used_mib"": 7512.0}, {""index"": 1, ""name"": ""NVIDIA P104-100"", ""pci_bus"": ""00000000:02:00.0"", ""pcie"": ""Gen1 x1"", ""util_pct"": 37.0, ""power_w"": 53.49, ""vram_used_mib"": 7120.0}, {""index"": 2, ""name"": ""NVIDIA P104-100"", ""pci_bus"": ""00000000:0A:00.0"", ""pcie"": ""Gen1 x1"", ""util_pct"": 0.0, ""power_w"": 56.93, ""vram_used_mib"": 7860.0}, {""index"": 3, ""name"": ""NVIDIA P104-100"", ""pci_bus"": ""00000000:0C:00.0"", ""pcie"": ""Gen1 x1"", ""util_pct"": 1.0, ""power_w"": 180.79, ""vram_used_mib"": 7490.0}, {""index"": 4, ""name"": ""NVIDIA P104-100"", ""pci_bus"": ""00000000:0D:00.0"", ""pcie"": ""Gen1 x1"", ""util_pct"": 0.0, ""power_w"": 8.94, ""vram_used_mib"": 84.0}, {""index"": 5, ""name"": ""NVIDIA P104-100"", ""pci_bus"": ""00000000:0E:00.0"", ""pcie"": ""Gen1 x1"", ""util_pct"": 0.0, ""power_w"": 9.89, ""vram_used_mib"": 84.0}]"
2026-08-16T16:30:00.530513+03:00,1786887000.530513,ctx_002048.txt,1,1,prefill,39.089848308051344,"[84.11214953271028, 21.02803738317757, 20.930232558139537, 30.373831775700936]",15875.55078125,5060.45703125,10815.09375,31.875788758313256,24575.99609375,371.4765625,1.5115422426131953,"[{""index"": 0, ""name"": ""NVIDIA P104-100"", ""pci_bus"": ""00000000:01:00.0"", ""pcie"": ""Gen1 x1"", ""util_pct"": 51.0, ""power_w"": 53.18, ""vram_used_mib"": 7512.0}, {""index"": 1, ""name"": ""NVIDIA P104-100"", ""pci_bus"": ""00000000:02:00.0"", ""pcie"": ""Gen1 x1"", ""util_pct"": 0.0, ""power_w"": 179.2, ""vram_used_mib"": 7120.0}, {""index"": 2, ""name"": ""NVIDIA P104-100"", ""pci_bus"": ""00000000:0A:00.0"", ""pcie"": ""Gen1 x1"", ""util_pct"": 46.0, ""power_w"": 52.43, ""vram_used_mib"": 7860.0}, {""index"": 3, ""name"": ""NVIDIA P104-100"", ""pci_bus"": ""00000000:0C:00.0"", ""pcie"": ""Gen1 x1"", ""util_pct"": 10.0, ""power_w"": 54.3, ""vram_used_mib"": 7490.0}, {""index"": 4, ""name"": ""NVIDIA P104-100"", ""pci_bus"": ""00000000:0D:00.0"", ""pcie"": ""Gen1 x1"", ""util_pct"": 0.0, ""power_w"": 8.74, ""vram_used_mib"": 84.0}, {""index"": 5, ""name"": ""NVIDIA P104-100"", ""pci_bus"": ""00000000:0E:00.0"", ""pcie"": ""Gen1 x1"", ""util_pct"": 0.0, ""power_w"": 9.89, ""vram_used_mib"": 84.0}]"
2026-08-16T16:30:02.649492+03:00,1786887002.649492,ctx_002048.txt,1,1,prefill,38.15165876777251,"[96.22641509433963, 22.38095238095238, 29.047619047619047, 4.739336492890995]",15875.55078125,4999.37109375,10876.1796875,31.49100880112181,24575.99609375,371.4453125,1.5114150860174633,"[{""index"": 0, ""name"": ""NVIDIA P104-100"", ""pci_bus"": ""00000000:01:00.0"", ""pcie"": ""Gen1 x1"", ""util_pct"": 70.0, ""power_w"": 52.33, ""vram_used_mib"": 7512.0}, {""index"": 1, ""name"": ""NVIDIA P104-100"", ""pci_bus"": ""00000000:02:00.0"", ""pcie"": ""Gen1 x1"", ""util_pct"": 69.0, ""power_w"": 53.74, ""vram_used_mib"": 7120.0}, {""index"": 2, ""name"": ""NVIDIA P104-100"", ""pci_bus"": ""00000000:0A:00.0"", ""pcie"": ""Gen1 x1"", ""util_pct"": 65.0, ""power_w"": 59.11, ""vram_used_mib"": 7860.0}, {""index"": 3, ""name"": ""NVIDIA P104-100"", ""pci_bus"": ""00000000:0C:00.0"", ""pcie"": ""Gen1 x1"", ""util_pct"": 0.0, ""power_w"": 172.75, ""vram_used_mib"": 7490.0}, {""index"": 4, ""name"": ""NVIDIA P104-100"", ""pci_bus"": ""00000000:0D:00.0"", ""pcie"": ""Gen1 x1"", ""util_pct"": 0.0, ""power_w"": 8.84, ""vram_used_mib"": 84.0}, {""index"": 5, ""name"": ""NVIDIA P104-100"", ""pci_bus"": ""00000000:0E:00.0"", ""pcie"": ""Gen1 x1"", ""util_pct"": 0.0, ""power_w"": 9.54, ""vram_used_mib"": 84.0}]"
2026-08-16T16:30:04.791185+03:00,1786887004.791185,ctx_002048.txt,1,1,prefill,38.83040935672515,"[100.0, 11.214953271028037, 20.560747663551403, 23.364485981308412]",15875.55078125,5008.12109375,10867.4296875,31.546124999108052,24575.99609375,371.4453125,1.5114150860174633,"[{""index"": 0, ""name"": ""NVIDIA P104-100"", ""pci_bus"": ""00000000:01:00.0"", ""pcie"": ""Gen1 x1"", ""util_pct"": 93.0, ""power_w"": 52.77, ""vram_used_mib"": 7512.0}, {""index"": 1, ""name"": ""NVIDIA P104-100"", ""pci_bus"": ""00000000:02:00.0"", ""pcie"": ""Gen1 x1"", ""util_pct"": 80.0, ""power_w"": 58.05, ""vram_used_mib"": 7120.0}, {""index"": 2, ""name"": ""NVIDIA P104-100"", ""pci_bus"": ""00000000:0A:00.0"", ""pcie"": ""Gen1 x1"", ""util_pct"": 26.0, ""power_w"": 175.75, ""vram_used_mib"": 7860.0}, {""index"": 3, ""name"": ""NVIDIA P104-100"", ""pci_bus"": ""00000000:0C:00.0"", ""pcie"": ""Gen1 x1"", ""util_pct"": 1.0, ""power_w"": 179.2, ""vram_used_mib"": 7490.0}, {""index"": 4, ""name"": ""NVIDIA P104-100"", ""pci_bus"": ""00000000:0D:00.0"", ""pcie"": ""Gen1 x1"", ""util_pct"": 0.0, ""power_w"": 8.74, ""vram_used_mib"": 84.0}, {""index"": 5, ""name"": ""NVIDIA P104-100"", ""pci_bus"": ""00000000:0E:00.0"", ""pcie"": ""Gen1 x1"", ""util_pct"": 0.0, ""power_w"": 9.89, ""vram_used_mib"": 84.0}]"
2026-08-16T16:30:06.971854+03:00,1786887006.971854,ctx_002048.txt,1,1,prefill,39.03559127439724,"[99.08256880733946, 20.737327188940093, 17.05069124423963, 19.26605504587156]",15875.55078125,4941.203125,10934.34765625,31.124609111740956,24575.99609375,371.4453125,1.5114150860174633,"[{""index"": 0, ""name"": ""NVIDIA P104-100"", ""pci_bus"": ""00000000:01:00.0"", ""pcie"": ""Gen1 x1"", ""util_pct"": 0.0, ""power_w"": 52.12, ""vram_used_mib"": 7512.0}, {""index"": 1, ""name"": ""NVIDIA P104-100"", ""pci_bus"": ""00000000:02:00.0"", ""pcie"": ""Gen1 x1"", ""util_pct"": 0.0, ""power_w"": 53.32, ""vram_used_mib"": 7120.0}, {""index"": 2, ""name"": ""NVIDIA P104-100"", ""pci_bus"": ""00000000:0A:00.0"", ""pcie"": ""Gen1 x1"", ""util_pct"": 40.0, ""power_w"": 52.1, ""vram_used_mib"": 7860.0}, {""index"": 3, ""name"": ""NVIDIA P104-100"", ""pci_bus"": ""00000000:0C:00.0"", ""pcie"": ""Gen1 x1"", ""util_pct"": 67.0, ""power_w"": 106.56, ""vram_used_mib"": 7490.0}, {""index"": 4, ""name"": ""NVIDIA P104-100"", ""pci_bus"": ""00000000:0D:00.0"", ""pcie"": ""Gen1 x1"", ""util_pct"": 0.0, ""power_w"": 8.96, ""vram_used_mib"": 84.0}, {""index"": 5, ""name"": ""NVIDIA P104-100"", ""pci_bus"": ""00000000:0E:00.0"", ""pcie"": ""Gen1 x1"", ""util_pct"": 0.0, ""power_w"": 9.45, ""vram_used_mib"": 84.0}]"
2026-08-16T16:30:09.164896+03:00,1786887009.164896,ctx_002048.txt,1,1,decode,40.114285714285714,"[100.0, 17.80821917808219, 20.0, 22.831050228310502]",15875.55078125,5224.265625,10651.28515625,32.907618116595856,24575.99609375,371.390625,1.5111925619749327,"[{""index"": 0, ""name"": ""NVIDIA P104-100"", ""pci_bus"": ""00000000:01:00.0"", ""pcie"": ""Gen1 x1"", ""util_pct"": 10.0, ""power_w"": 52.57, ""vram_used_mib"": 7512.0}, {""index"": 1, ""name"": ""NVIDIA P104-100"", ""pci_bus"": ""00000000:02:00.0"", ""pcie"": ""Gen1 x1"", ""util_pct"": 5.0, ""power_w"": 53.03, ""vram_used_mib"": 7120.0}, {""index"": 2, ""name"": ""NVIDIA P104-100"", ""pci_bus"": ""00000000:0A:00.0"", ""pcie"": ""Gen1 x1"", ""util_pct"": 4.0, ""power_w"": 51.85, ""vram_used_mib"": 7860.0}, {""index"": 3, ""name"": ""NVIDIA P104-100"", ""pci_bus"": ""00000000:0C:00.0"", ""pcie"": ""Gen1 x1"", ""util_pct"": 36.0, ""power_w"": 54.08, ""vram_used_mib"": 7490.0}, {""index"": 4, ""name"": ""NVIDIA P104-100"", ""pci_bus"": ""00000000:0D:00.0"", ""pcie"": ""Gen1 x1"", ""util_pct"": 0.0, ""power_w"": 8.75, ""vram_used_mib"": 84.0}, {""index"": 5, ""name"": ""NVIDIA P104-100"", ""pci_bus"": ""00000000:0E:00.0"", ""pcie"": ""Gen1 x1"", ""util_pct"": 0.0, ""power_w"": 9.55, ""vram_used_mib"": 84.0}]"
2026-08-16T16:30:11.313565+03:00,1786887011.313565,ctx_002048.txt,1,1,decode,41.142191142191145,"[99.53703703703704, 28.037383177570092, 20.560747663551403, 15.42056074766355]",15875.55078125,5172.984375,10702.56640625,32.58459782768364,24575.99609375,371.38671875,1.511176667400466,"[{""index"": 0, ""name"": ""NVIDIA P104-100"", ""pci_bus"": ""00000000:01:00.0"", ""pcie"": ""Gen1 x1"", ""util_pct"": 27.0, ""power_w"": 54.53, ""vram_used_mib"": 7512.0}, {""index"": 1, ""name"": ""NVIDIA P104-100"", ""pci_bus"": ""00000000:02:00.0"", ""pcie"": ""Gen1 x1"", ""util_pct"": 25.0, ""power_w"": 50.32, ""vram_used_mib"": 7120.0}, {""index"": 2, ""name"": ""NVIDIA P104-100"", ""pci_bus"": ""00000000:0A:00.0"", ""pcie"": ""Gen1 x1"", ""util_pct"": 25.0, ""power_w"": 48.54, ""vram_used_mib"": 7860.0}, {""index"": 3, ""name"": ""NVIDIA P104-100"", ""pci_bus"": ""00000000:0C:00.0"", ""pcie"": ""Gen1 x1"", ""util_pct"": 28.0, ""power_w"": 98.93, ""vram_used_mib"": 7490.0}, {""index"": 4, ""name"": ""NVIDIA P104-100"", ""pci_bus"": ""00000000:0D:00.0"", ""pcie"": ""Gen1 x1"", ""util_pct"": 0.0, ""power_w"": 8.95, ""vram_used_mib"": 84.0}, {""index"": 5, ""name"": ""NVIDIA P104-100"", ""pci_bus"": ""00000000:0E:00.0"", ""pcie"": ""Gen1 x1"", ""util_pct"": 0.0, ""power_w"": 9.7, ""vram_used_mib"": 84.0}]"
2026-08-16T16:30:13.477906+03:00,1786887013.477906,ctx_002048.txt,1,1,decode,41.251448435689454,"[22.790697674418606, 34.25925925925926, 16.74418604651163, 90.78341013824885]",15875.55078125,5237.30078125,10638.25,32.98972648832804,24575.99609375,371.38671875,1.511176667400466,"[{""index"": 0, ""name"": ""NVIDIA P104-100"", ""pci_bus"": ""00000000:01:00.0"", ""pcie"": ""Gen1 x1"", ""util_pct"": 27.0, ""power_w"": 49.44, ""vram_used_mib"": 7512.0}, {""index"": 1, ""name"": ""NVIDIA P104-100"", ""pci_bus"": ""00000000:02:00.0"", ""pcie"": ""Gen1 x1"", ""util_pct"": 25.0, ""power_w"": 51.36, ""vram_used_mib"": 7120.0}, {""index"": 2, ""name"": ""NVIDIA P104-100"", ""pci_bus"": ""00000000:0A:00.0"", ""pcie"": ""Gen1 x1"", ""util_pct"": 22.0, ""power_w"": 60.52, ""vram_used_mib"": 7860.0}, {""index"": 3, ""name"": ""NVIDIA P104-100"", ""pci_bus"": ""00000000:0C:00.0"", ""pcie"": ""Gen1 x1"", ""util_pct"": 43.0, ""power_w"": 213.76, ""vram_used_mib"": 7490.0}, {""index"": 4, ""name"": ""NVIDIA P104-100"", ""pci_bus"": ""00000000:0D:00.0"", ""pcie"": ""Gen1 x1"", ""util_pct"": 0.0, ""power_w"": 8.84, ""vram_used_mib"": 84.0}, {""index"": 5, ""name"": ""NVIDIA P104-100"", ""pci_bus"": ""00000000:0E:00.0"", ""pcie"": ""Gen1 x1"", ""util_pct"": 0.0, ""power_w"": 9.89, ""vram_used_mib"": 84.0}]"
2026-08-16T16:30:15.629480+03:00,1786887015.629480,ctx_002048.txt,1,1,decode,41.25874125874126,"[21.86046511627907, 23.14814814814815, 20.187793427230048, 100.0]",15875.55078125,5212.65234375,10662.8984375,32.834466127036436,24575.99609375,371.38671875,1.511176667400466,"[{""index"": 0, ""name"": ""NVIDIA P104-100"", ""pci_bus"": ""00000000:01:00.0"", ""pcie"": ""Gen1 x1"", ""util_pct"": 27.0, ""power_w"": 49.22, ""vram_used_mib"": 7512.0}, {""index"": 1, ""name"": ""NVIDIA P104-100"", ""pci_bus"": ""00000000:02:00.0"", ""pcie"": ""Gen1 x1"", ""util_pct"": 25.0, ""power_w"": 50.76, ""vram_used_mib"": 7120.0}, {""index"": 2, ""name"": ""NVIDIA P104-100"", ""pci_bus"": ""00000000:0A:00.0"", ""pcie"": ""Gen1 x1"", ""util_pct"": 10.0, ""power_w"": 56.97, ""vram_used_mib"": 7860.0}, {""index"": 3, ""name"": ""NVIDIA P104-100"", ""pci_bus"": ""00000000:0C:00.0"", ""pcie"": ""Gen1 x1"", ""util_pct"": 52.0, ""power_w"": 175.73, ""vram_used_mib"": 7490.0}, {""index"": 4, ""name"": ""NVIDIA P104-100"", ""pci_bus"": ""00000000:0D:00.0"", ""pcie"": ""Gen1 x1"", ""util_pct"": 0.0, ""power_w"": 8.94, ""vram_used_mib"": 84.0}, {""index"": 5, ""name"": ""NVIDIA P104-100"", ""pci_bus"": ""00000000:0E:00.0"", ""pcie"": ""Gen1 x1"", ""util_pct"": 0.0, ""power_w"": 9.8, ""vram_used_mib"": 84.0}]"
2026-08-16T16:30:17.820780+03:00,1786887017.820780,ctx_002048.txt,1,1,decode,41.41876430205949,"[26.484018264840184, 20.833333333333332, 18.264840182648403, 100.0]",15875.55078125,5304.58984375,10570.9609375,33.41357989302045,24575.99609375,371.37890625,1.5111448782515333,"[{""index"": 0, ""name"": ""NVIDIA P104-100"", ""pci_bus"": ""00000000:01:00.0"", ""pcie"": ""Gen1 x1"", ""util_pct"": 15.0, ""power_w"": 52.1, ""vram_used_mib"": 7512.0}, {""index"": 1, ""name"": ""NVIDIA P104-100"", ""pci_bus"": ""00000000:02:00.0"", ""pcie"": ""Gen1 x1"", ""util_pct"": 25.0, ""power_w"": 119.36, ""vram_used_mib"": 7120.0}, {""index"": 2, ""name"": ""NVIDIA P104-100"", ""pci_bus"": ""00000000:0A:00.0"", ""pcie"": ""Gen1 x1"", ""util_pct"": 0.0, ""power_w"": 120.02, ""vram_used_mib"": 7860.0}, {""index"": 3, ""name"": ""NVIDIA P104-100"", ""pci_bus"": ""00000000:0C:00.0"", ""pcie"": ""Gen1 x1"", ""util_pct"": 53.0, ""power_w"": 55.57, ""vram_used_mib"": 7490.0}, {""index"": 4, ""name"": ""NVIDIA P104-100"", ""pci_bus"": ""00000000:0D:00.0"", ""pcie"": ""Gen1 x1"", ""util_pct"": 0.0, ""power_w"": 8.85, ""vram_used_mib"": 84.0}, {""index"": 5, ""name"": ""NVIDIA P104-100"", ""pci_bus"": ""00000000:0E:00.0"", ""pcie"": ""Gen1 x1"", ""util_pct"": 0.0, ""power_w"": 9.9, ""vram_used_mib"": 84.0}]"
2026-08-16T16:30:19.243167+03:00,1786887019.243167,ctx_004096.txt,1,1,outside,,"[null, null, null, null]",15875.55078125,5344.88671875,10530.6640625,33.667409669103506,24575.99609375,371.32421875,1.5109223542090024,"[{""index"": 0, ""name"": ""NVIDIA P104-100"", ""pci_bus"": ""00000000:01:00.0"", ""pcie"": ""Gen1 x1"", ""util_pct"": 16.0, ""power_w"": 49.25, ""vram_used_mib"": 7512.0}, {""index"": 1, ""name"": ""NVIDIA P104-100"", ""pci_bus"": ""00000000:02:00.0"", ""pcie"": ""Gen1 x1"", ""util_pct"": 14.0, ""power_w"": 50.42, ""vram_used_mib"": 7120.0}, {""index"": 2, ""name"": ""NVIDIA P104-100"", ""pci_bus"": ""00000000:0A:00.0"", ""pcie"": ""Gen1 x1"", ""util_pct"": 14.0, ""power_w"": 48.15, ""vram_used_mib"": 7860.0}, {""index"": 3, ""name"": ""NVIDIA P104-100"", ""pci_bus"": ""00000000:0C:00.0"", ""pcie"": ""Gen1 x1"", ""util_pct"": 47.0, ""power_w"": 55.32, ""vram_used_mib"": 7490.0}, {""index"": 4, ""name"": ""NVIDIA P104-100"", ""pci_bus"": ""00000000:0D:00.0"", ""pcie"": ""Gen1 x1"", ""util_pct"": 0.0, ""power_w"": 8.85, ""vram_used_mib"": 84.0}, {""index"": 5, ""name"": ""NVIDIA P104-100"", ""pci_bus"": ""00000000:0E:00.0"", ""pcie"": ""Gen1 x1"", ""util_pct"": 0.0, ""power_w"": 9.45, ""vram_used_mib"": 84.0}]"
2026-08-16T16:30:21.432833+03:00,1786887021.432833,ctx_004096.txt,1,1,prefill,54.63917525773196,"[17.431192660550458, 78.53881278538813, 22.580645161290324, 99.54128440366972]",15875.55078125,5767.19140625,10108.359375,36.32750438530553,24575.99609375,370.65234375,1.5081884874007683,"[{""index"": 0, ""name"": ""NVIDIA P104-100"", ""pci_bus"": ""00000000:01:00.0"", ""pcie"": ""Gen1 x1"", ""util_pct"": 95.0, ""power_w"": 52.18, ""vram_used_mib"": 7512.0}, {""index"": 1, ""name"": ""NVIDIA P104-100"", ""pci_bus"": ""00000000:02:00.0"", ""pcie"": ""Gen1 x1"", ""util_pct"": 83.0, ""power_w"": 53.78, ""vram_used_mib"": 7120.0}, {""index"": 2, ""name"": ""NVIDIA P104-100"", ""pci_bus"": ""00000000:0A:00.0"", ""pcie"": ""Gen1 x1"", ""util_pct"": 29.0, ""power_w"": 90.13, ""vram_used_mib"": 7860.0}, {""index"": 3, ""name"": ""NVIDIA P104-100"", ""pci_bus"": ""00000000:0C:00.0"", ""pcie"": ""Gen1 x1"", ""util_pct"": 0.0, ""power_w"": 135.81, ""vram_used_mib"": 7490.0}, {""index"": 4, ""name"": ""NVIDIA P104-100"", ""pci_bus"": ""00000000:0D:00.0"", ""pcie"": ""Gen1 x1"", ""util_pct"": 0.0, ""power_w"": 8.84, ""vram_used_mib"": 84.0}, {""index"": 5, ""name"": ""NVIDIA P104-100"", ""pci_bus"": ""00000000:0E:00.0"", ""pcie"": ""Gen1 x1"", ""util_pct"": 0.0, ""power_w"": 9.69, ""vram_used_mib"": 84.0}]"
2026-08-16T16:30:23.570830+03:00,1786887023.570830,ctx_004096.txt,1,1,prefill,38.94736842105263,"[12.206572769953052, 28.372093023255815, 15.09433962264151, 100.0]",15875.55078125,5829.625,10045.92578125,36.72077322120468,24575.99609375,370.65234375,1.5081884874007683,"[{""index"": 0, ""name"": ""NVIDIA P104-100"", ""pci_bus"": ""00000000:01:00.0"", ""pcie"": ""Gen1 x1"", ""util_pct"": 9.0, ""power_w"": 52.38, ""vram_used_mib"": 7512.0}, {""index"": 1, ""name"": ""NVIDIA P104-100"", ""pci_bus"": ""00000000:02:00.0"", ""pcie"": ""Gen1 x1"", ""util_pct"": 30.0, ""power_w"": 53.76, ""vram_used_mib"": 7120.0}, {""index"": 2, ""name"": ""NVIDIA P104-100"", ""pci_bus"": ""00000000:0A:00.0"", ""pcie"": ""Gen1 x1"", ""util_pct"": 0.0, ""power_w"": 76.64, ""vram_used_mib"": 7860.0}, {""index"": 3, ""name"": ""NVIDIA P104-100"", ""pci_bus"": ""00000000:0C:00.0"", ""pcie"": ""Gen1 x1"", ""util_pct"": 35.0, ""power_w"": 152.77, ""vram_used_mib"": 7490.0}, {""index"": 4, ""name"": ""NVIDIA P104-100"", ""pci_bus"": ""00000000:0D:00.0"", ""pcie"": ""Gen1 x1"", ""util_pct"": 0.0, ""power_w"": 8.94, ""vram_used_mib"": 84.0}, {""index"": 5, ""name"": ""NVIDIA P104-100"", ""pci_bus"": ""00000000:0E:00.0"", ""pcie"": ""Gen1 x1"", ""util_pct"": 0.0, ""power_w"": 9.54, ""vram_used_mib"": 84.0}]"
2026-08-16T16:30:25.748927+03:00,1786887025.748927,ctx_004096.txt,1,1,prefill,39.195402298850574,"[17.972350230414747, 20.18348623853211, 17.972350230414747, 100.0]",15875.55078125,5834.11328125,10041.4375,36.749044878118156,24575.99609375,370.65625,1.5082043819752347,"[{""index"": 0, ""name"": ""NVIDIA P104-100"", ""pci_bus"": ""00000000:01:00.0"", ""pcie"": ""Gen1 x1"", ""util_pct"": 20.0, ""power_w"": 52.1, ""vram_used_mib"": 7512.0}, {""index"": 1, ""name"": ""NVIDIA P104-100"", ""pci_bus"": ""00000000:02:00.0"", ""pcie"": ""Gen1 x1"", ""util_pct"": 18.0, ""power_w"": 53.76, ""vram_used_mib"": 7120.0}, {""index"": 2, ""name"": ""NVIDIA P104-100"", ""pci_bus"": ""00000000:0A:00.0"", ""pcie"": ""Gen1 x1"", ""util_pct"": 5.0, ""power_w"": 107.9, ""vram_used_mib"": 7860.0}, {""index"": 3, ""name"": ""NVIDIA P104-100"", ""pci_bus"": ""00000000:0C:00.0"", ""pcie"": ""Gen1 x1"", ""util_pct"": 5.0, ""power_w"": 108.84, ""vram_used_mib"": 7490.0}, {""index"": 4, ""name"": ""NVIDIA P104-100"", ""pci_bus"": ""00000000:0D:00.0"", ""pcie"": ""Gen1 x1"", ""util_pct"": 0.0, ""power_w"": 8.84, ""vram_used_mib"": 84.0}, {""index"": 5, ""name"": ""NVIDIA P104-100"", ""pci_bus"": ""00000000:0E:00.0"", ""pcie"": ""Gen1 x1"", ""util_pct"": 0.0, ""power_w"": 9.69, ""vram_used_mib"": 84.0}]"
2026-08-16T16:30:27.933271+03:00,1786887027.933271,ctx_004096.txt,1,1,prefill,38.96551724137931,"[21.461187214611872, 18.807339449541285, 19.724770642201836, 96.34703196347031]",15875.55078125,5850.3359375,10025.21484375,36.85123129340247,24575.99609375,370.65625,1.5082043819752347,"[{""index"": 0, ""name"": ""NVIDIA P104-100"", ""pci_bus"": ""00000000:01:00.0"", ""pcie"": ""Gen1 x1"", ""util_pct"": 4.0, ""power_w"": 102.78, ""vram_used_mib"": 7512.0}, {""index"": 1, ""name"": ""NVIDIA P104-100"", ""pci_bus"": ""00000000:02:00.0"", ""pcie"": ""Gen1 x1"", ""util_pct"": 14.0, ""power_w"": 119.12, ""vram_used_mib"": 7120.0}, {""index"": 2, ""name"": ""NVIDIA P104-100"", ""pci_bus"": ""00000000:0A:00.0"", ""pcie"": ""Gen1 x1"", ""util_pct"": 66.0, ""power_w"": 52.38, ""vram_used_mib"": 7860.0}, {""index"": 3, ""name"": ""NVIDIA P104-100"", ""pci_bus"": ""00000000:0C:00.0"", ""pcie"": ""Gen1 x1"", ""util_pct"": 57.0, ""power_w"": 54.54, ""vram_used_mib"": 7490.0}, {""index"": 4, ""name"": ""NVIDIA P104-100"", ""pci_bus"": ""00000000:0D:00.0"", ""pcie"": ""Gen1 x1"", ""util_pct"": 0.0, ""power_w"": 8.84, ""vram_used_mib"": 84.0}, {""index"": 5, ""name"": ""NVIDIA P104-100"", ""pci_bus"": ""00000000:0E:00.0"", ""pcie"": ""Gen1 x1"", ""util_pct"": 0.0, ""power_w"": 10.19, ""vram_used_mib"": 84.0}]"
2026-08-16T16:30:30.084143+03:00,1786887030.084143,ctx_004096.txt,1,1,prefill,39.62703962703963,"[10.7981220657277, 26.976744186046513, 20.0, 100.0]",15875.55078125,5817.2890625,10058.26171875,36.64306922422229,24575.99609375,370.65625,1.5082043819752347,"[{""index"": 0, ""name"": ""NVIDIA P104-100"", ""pci_bus"": ""00000000:01:00.0"", ""pcie"": ""Gen1 x1"", ""util_pct"": 26.0, ""power_w"": 137.37, ""vram_used_mib"": 7512.0}, {""index"": 1, ""name"": ""NVIDIA P104-100"", ""pci_bus"": ""00000000:02:00.0"", ""pcie"": ""Gen1 x1"", ""util_pct"": 35.0, ""power_w"": 53.88, ""vram_used_mib"": 7120.0}, {""index"": 2, ""name"": ""NVIDIA P104-100"", ""pci_bus"": ""00000000:0A:00.0"", ""pcie"": ""Gen1 x1"", ""util_pct"": 88.0, ""power_w"": 52.72, ""vram_used_mib"": 7860.0}, {""index"": 3, ""name"": ""NVIDIA P104-100"", ""pci_bus"": ""00000000:0C:00.0"", ""pcie"": ""Gen1 x1"", ""util_pct"": 39.0, ""power_w"": 66.11, ""vram_used_mib"": 7490.0}, {""index"": 4, ""name"": ""NVIDIA P104-100"", ""pci_bus"": ""00000000:0D:00.0"", ""pcie"": ""Gen1 x1"", ""util_pct"": 0.0, ""power_w"": 8.95, ""vram_used_mib"": 84.0}, {""index"": 5, ""name"": ""NVIDIA P104-100"", ""pci_bus"": ""00000000:0E:00.0"", ""pcie"": ""Gen1 x1"", ""util_pct"": 0.0, ""power_w"": 9.7, ""vram_used_mib"": 84.0}]"
2026-08-16T16:30:32.202892+03:00,1786887032.202892,ctx_004096.txt,1,1,prefill,39.2434988179669,"[8.530805687203792, 28.90995260663507, 19.626168224299064, 100.0]",15875.55078125,5756.69921875,10118.8515625,36.2614141586131,24575.99609375,370.56640625,1.5078388067625057,"[{""index"": 0, ""name"": ""NVIDIA P104-100"", ""pci_bus"": ""00000000:01:00.0"", ""pcie"": ""Gen1 x1"", ""util_pct"": 53.0, ""power_w"": 52.97, ""vram_used_mib"": 7512.0}, {""index"": 1, ""name"": ""NVIDIA P104-100"", ""pci_bus"": ""00000000:02:00.0"", ""pcie"": ""Gen1 x1"", ""util_pct"": 62.0, ""power_w"": 54.61, ""vram_used_mib"": 7120.0}, {""index"": 2, ""name"": ""NVIDIA P104-100"", ""pci_bus"": ""00000000:0A:00.0"", ""pcie"": ""Gen1 x1"", ""util_pct"": 74.0, ""power_w"": 180.74, ""vram_used_mib"": 7860.0}, {""index"": 3, ""name"": ""NVIDIA P104-100"", ""pci_bus"": ""00000000:0C:00.0"", ""pcie"": ""Gen1 x1"", ""util_pct"": 25.0, ""power_w"": 76.61, ""vram_used_mib"": 7490.0}, {""index"": 4, ""name"": ""NVIDIA P104-100"", ""pci_bus"": ""00000000:0D:00.0"", ""pcie"": ""Gen1 x1"", ""util_pct"": 0.0, ""power_w"": 8.95, ""vram_used_mib"": 84.0}, {""index"": 5, ""name"": ""NVIDIA P104-100"", ""pci_bus"": ""00000000:0E:00.0"", ""pcie"": ""Gen1 x1"", ""util_pct"": 0.0, ""power_w"": 9.8, ""vram_used_mib"": 84.0}]"
2026-08-16T16:30:34.334447+03:00,1786887034.334447,ctx_004096.txt,1,1,prefill,38.588235294117645,"[8.49056603773585, 32.863849765258216, 12.857142857142858, 100.0]",15875.55078125,5801.9375,10073.61328125,36.54636982329107,24575.99609375,370.56640625,1.5078388067625057,"[{""index"": 0, ""name"": ""NVIDIA P104-100"", ""pci_bus"": ""00000000:01:00.0"", ""pcie"": ""Gen1 x1"", ""util_pct"": 86.0, ""power_w"": 52.59, ""vram_used_mib"": 7512.0}, {""index"": 1, ""name"": ""NVIDIA P104-100"", ""pci_bus"": ""00000000:02:00.0"", ""pcie"": ""Gen1 x1"", ""util_pct"": 94.0, ""power_w"": 79.89, ""vram_used_mib"": 7120.0}, {""index"": 2, ""name"": ""NVIDIA P104-100"", ""pci_bus"": ""00000000:0A:00.0"", ""pcie"": ""Gen1 x1"", ""util_pct"": 48.0, ""power_w"": 163.71, ""vram_used_mib"": 7860.0}, {""index"": 3, ""name"": ""NVIDIA P104-100"", ""pci_bus"": ""00000000:0C:00.0"", ""pcie"": ""Gen1 x1"", ""util_pct"": 0.0, ""power_w"": 162.23, ""vram_used_mib"": 7490.0}, {""index"": 4, ""name"": ""NVIDIA P104-100"", ""pci_bus"": ""00000000:0D:00.0"", ""pcie"": ""Gen1 x1"", ""util_pct"": 0.0, ""power_w"": 8.94, ""vram_used_mib"": 84.0}, {""index"": 5, ""name"": ""NVIDIA P104-100"", ""pci_bus"": ""00000000:0E:00.0"", ""pcie"": ""Gen1 x1"", ""util_pct"": 0.0, ""power_w"": 9.79, ""vram_used_mib"": 84.0}]"
2026-08-16T16:30:36.511724+03:00,1786887036.511724,ctx_004096.txt,1,1,prefill,39.285714285714285,"[9.63302752293578, 20.833333333333332, 26.146788990825687, 100.0]",15875.55078125,5759.99609375,10115.5546875,36.28218115464006,24575.99609375,370.56640625,1.5078388067625057,"[{""index"": 0, ""name"": ""NVIDIA P104-100"", ""pci_bus"": ""00000000:01:00.0"", ""pcie"": ""Gen1 x1"", ""util_pct"": 74.0, ""power_w"": 56.34, ""vram_used_mib"": 7512.0}, {""index"": 1, ""name"": ""NVIDIA P104-100"", ""pci_bus"": ""00000000:02:00.0"", ""pcie"": ""Gen1 x1"", ""util_pct"": 60.0, ""power_w"": 177.27, ""vram_used_mib"": 7120.0}, {""index"": 2, ""name"": ""NVIDIA P104-100"", ""pci_bus"": ""00000000:0A:00.0"", ""pcie"": ""Gen1 x1"", ""util_pct"": 11.0, ""power_w"": 177.59, ""vram_used_mib"": 7860.0}, {""index"": 3, ""name"": ""NVIDIA P104-100"", ""pci_bus"": ""00000000:0C:00.0"", ""pcie"": ""Gen1 x1"", ""util_pct"": 0.0, ""power_w"": 53.8, ""vram_used_mib"": 7490.0}, {""index"": 4, ""name"": ""NVIDIA P104-100"", ""pci_bus"": ""00000000:0D:00.0"", ""pcie"": ""Gen1 x1"", ""util_pct"": 0.0, ""power_w"": 8.84, ""vram_used_mib"": 84.0}, {""index"": 5, ""name"": ""NVIDIA P104-100"", ""pci_bus"": ""00000000:0E:00.0"", ""pcie"": ""Gen1 x1"", ""util_pct"": 0.0, ""power_w"": 9.79, ""vram_used_mib"": 84.0}]"
2026-08-16T16:30:38.695942+03:00,1786887038.695942,ctx_004096.txt,1,1,prefill,39.175257731958766,"[22.580645161290324, 9.174311926605505, 25.229357798165136, 100.0]",15875.55078125,5795.35546875,10080.1953125,36.50490964757374,24575.99609375,370.56640625,1.5078388067625057,"[{""index"": 0, ""name"": ""NVIDIA P104-100"", ""pci_bus"": ""00000000:01:00.0"", ""pcie"": ""Gen1 x1"", ""util_pct"": 33.0, ""power_w"": 164.8, ""vram_used_mib"": 7512.0}, {""index"": 1, ""name"": ""NVIDIA P104-100"", ""pci_bus"": ""00000000:02:00.0"", ""pcie"": ""Gen1 x1"", ""util_pct"": 44.0, ""power_w"": 147.11, ""vram_used_mib"": 7120.0}, {""index"": 2, ""name"": ""NVIDIA P104-100"", ""pci_bus"": ""00000000:0A:00.0"", ""pcie"": ""Gen1 x1"", ""util_pct"": 48.0, ""power_w"": 52.24, ""vram_used_mib"": 7860.0}, {""index"": 3, ""name"": ""NVIDIA P104-100"", ""pci_bus"": ""00000000:0C:00.0"", ""pcie"": ""Gen1 x1"", ""util_pct"": 37.0, ""power_w"": 53.8, ""vram_used_mib"": 7490.0}, {""index"": 4, ""name"": ""NVIDIA P104-100"", ""pci_bus"": ""00000000:0D:00.0"", ""pcie"": ""Gen1 x1"", ""util_pct"": 0.0, ""power_w"": 8.74, ""vram_used_mib"": 84.0}, {""index"": 5, ""name"": ""NVIDIA P104-100"", ""pci_bus"": ""00000000:0E:00.0"", ""pcie"": ""Gen1 x1"", ""util_pct"": 0.0, ""power_w"": 9.54, ""vram_used_mib"": 84.0}]"
2026-08-16T16:30:40.883646+03:00,1786887040.883646,ctx_004096.txt,1,1,prefill,39.678899082568805,"[16.666666666666668, 28.767123287671232, 12.442396313364055, 100.0]",15875.55078125,5764.98046875,10110.5703125,36.31357770313579,24575.99609375,370.5625,1.507822912188039,"[{""index"": 0, ""name"": ""NVIDIA P104-100"", ""pci_bus"": ""00000000:01:00.0"", ""pcie"": ""Gen1 x1"", ""util_pct"": 0.0, ""power_w"": 134.15, ""vram_used_mib"": 7512.0}, {""index"": 1, ""name"": ""NVIDIA P104-100"", ""pci_bus"": ""00000000:02:00.0"", ""pcie"": ""Gen1 x1"", ""util_pct"": 48.0, ""power_w"": 53.53, ""vram_used_mib"": 7120.0}, {""index"": 2, ""name"": ""NVIDIA P104-100"", ""pci_bus"": ""00000000:0A:00.0"", ""pcie"": ""Gen1 x1"", ""util_pct"": 4.0, ""power_w"": 52.21, ""vram_used_mib"": 7860.0}, {""index"": 3, ""name"": ""NVIDIA P104-100"", ""pci_bus"": ""00000000:0C:00.0"", ""pcie"": ""Gen1 x1"", ""util_pct"": 37.0, ""power_w"": 64.61, ""vram_used_mib"": 7490.0}, {""index"": 4, ""name"": ""NVIDIA P104-100"", ""pci_bus"": ""00000000:0D:00.0"", ""pcie"": ""Gen1 x1"", ""util_pct"": 0.0, ""power_w"": 9.05, ""vram_used_mib"": 84.0}, {""index"": 5, ""name"": ""NVIDIA P104-100"", ""pci_bus"": ""00000000:0E:00.0"", ""pcie"": ""Gen1 x1"", ""util_pct"": 0.0, ""power_w"": 9.45, ""vram_used_mib"": 84.0}]"
2026-08-16T16:30:43.024143+03:00,1786887043.024143,ctx_004096.txt,1,1,prefill,39.578454332552695,"[21.49532710280374, 18.867924528301888, 17.452830188679247, 100.0]",15875.55078125,5719.5234375,10156.02734375,36.02724413350816,24575.99609375,370.5625,1.507822912188039,"[{""index"": 0, ""name"": ""NVIDIA P104-100"", ""pci_bus"": ""00000000:01:00.0"", ""pcie"": ""Gen1 x1"", ""util_pct"": 37.0, ""power_w"": 52.16, ""vram_used_mib"": 7512.0}, {""index"": 1, ""name"": ""NVIDIA P104-100"", ""pci_bus"": ""00000000:02:00.0"", ""pcie"": ""Gen1 x1"", ""util_pct"": 2.0, ""power_w"": 59.78, ""vram_used_mib"": 7120.0}, {""index"": 2, ""name"": ""NVIDIA P104-100"", ""pci_bus"": ""00000000:0A:00.0"", ""pcie"": ""Gen1 x1"", ""util_pct"": 14.0, ""power_w"": 174.44, ""vram_used_mib"": 7860.0}, {""index"": 3, ""name"": ""NVIDIA P104-100"", ""pci_bus"": ""00000000:0C:00.0"", ""pcie"": ""Gen1 x1"", ""util_pct"": 37.0, ""power_w"": 54.33, ""vram_used_mib"": 7490.0}, {""index"": 4, ""name"": ""NVIDIA P104-100"", ""pci_bus"": ""00000000:0D:00.0"", ""pcie"": ""Gen1 x1"", ""util_pct"": 0.0, ""power_w"": 9.24, ""vram_used_mib"": 84.0}, {""index"": 5, ""name"": ""NVIDIA P104-100"", ""pci_bus"": ""00000000:0E:00.0"", ""pcie"": ""Gen1 x1"", ""util_pct"": 0.0, ""power_w"": 9.7, ""vram_used_mib"": 84.0}]"
2026-08-16T16:30:45.144103+03:00,1786887045.144103,ctx_004096.txt,1,1,prefill,54.86935866983373,"[23.58490566037736, 26.41509433962264, 79.90654205607477, 89.95215311004785]",15875.55078125,5752.453125,10123.09765625,36.23466803932246,24575.99609375,370.5625,1.507822912188039,"[{""index"": 0, ""name"": ""NVIDIA P104-100"", ""pci_bus"": ""00000000:01:00.0"", ""pcie"": ""Gen1 x1"", ""util_pct"": 8.0, ""power_w"": 175.9, ""vram_used_mib"": 7512.0}, {""index"": 1, ""name"": ""NVIDIA P104-100"", ""pci_bus"": ""00000000:02:00.0"", ""pcie"": ""Gen1 x1"", ""util_pct"": 19.0, ""power_w"": 53.61, ""vram_used_mib"": 7120.0}, {""index"": 2, ""name"": ""NVIDIA P104-100"", ""pci_bus"": ""00000000:0A:00.0"", ""pcie"": ""Gen1 x1"", ""util_pct"": 49.0, ""power_w"": 52.03, ""vram_used_mib"": 7860.0}, {""index"": 3, ""name"": ""NVIDIA P104-100"", ""pci_bus"": ""00000000:0C:00.0"", ""pcie"": ""Gen1 x1"", ""util_pct"": 19.0, ""power_w"": 54.43, ""vram_used_mib"": 7490.0}, {""index"": 4, ""name"": ""NVIDIA P104-100"", ""pci_bus"": ""00000000:0D:00.0"", ""pcie"": ""Gen1 x1"", ""util_pct"": 0.0, ""power_w"": 8.85, ""vram_used_mib"": 84.0}, {""index"": 5, ""name"": ""NVIDIA P104-100"", ""pci_bus"": ""00000000:0E:00.0"", ""pcie"": ""Gen1 x1"", ""util_pct"": 0.0, ""power_w"": 9.55, ""vram_used_mib"": 84.0}]"
2026-08-16T16:30:47.267078+03:00,1786887047.267078,ctx_004096.txt,1,1,prefill,38.84297520661157,"[18.095238095238095, 10.90047393364929, 100.0, 25.118483412322274]",15875.55078125,5660.66015625,10214.890625,35.65646467482304,24575.99609375,370.5625,1.507822912188039,"[{""index"": 0, ""name"": ""NVIDIA P104-100"", ""pci_bus"": ""00000000:01:00.0"", ""pcie"": ""Gen1 x1"", ""util_pct"": 52.0, ""power_w"": 52.4, ""vram_used_mib"": 7512.0}, {""index"": 1, ""name"": ""NVIDIA P104-100"", ""pci_bus"": ""00000000:02:00.0"", ""pcie"": ""Gen1 x1"", ""util_pct"": 49.0, ""power_w"": 53.86, ""vram_used_mib"": 7120.0}, {""index"": 2, ""name"": ""NVIDIA P104-100"", ""pci_bus"": ""00000000:0A:00.0"", ""pcie"": ""Gen1 x1"", ""util_pct"": 12.0, ""power_w"": 110.97, ""vram_used_mib"": 7860.0}, {""index"": 3, ""name"": ""NVIDIA P104-100"", ""pci_bus"": ""00000000:0C:00.0"", ""pcie"": ""Gen1 x1"", ""util_pct"": 1.0, ""power_w"": 100.77, ""vram_used_mib"": 7490.0}, {""index"": 4, ""name"": ""NVIDIA P104-100"", ""pci_bus"": ""00000000:0D:00.0"", ""pcie"": ""Gen1 x1"", ""util_pct"": 0.0, ""power_w"": 8.94, ""vram_used_mib"": 84.0}, {""index"": 5, ""name"": ""NVIDIA P104-100"", ""pci_bus"": ""00000000:0E:00.0"", ""pcie"": ""Gen1 x1"", ""util_pct"": 0.0, ""power_w"": 9.44, ""vram_used_mib"": 84.0}]"
2026-08-16T16:30:49.432704+03:00,1786887049.432704,ctx_004096.txt,1,1,prefill,39.07514450867052,"[32.25806451612903, 13.953488372093023, 100.0, 10.138248847926267]",15875.55078125,5667.06640625,10208.484375,35.69681760549154,24575.99609375,370.5625,1.507822912188039,"[{""index"": 0, ""name"": ""NVIDIA P104-100"", ""pci_bus"": ""00000000:01:00.0"", ""pcie"": ""Gen1 x1"", ""util_pct"": 10.0, ""power_w"": 53.62, ""vram_used_mib"": 7512.0}, {""index"": 1, ""name"": ""NVIDIA P104-100"", ""pci_bus"": ""00000000:02:00.0"", ""pcie"": ""Gen1 x1"", ""util_pct"": 1.0, ""power_w"": 185.86, ""vram_used_mib"": 7120.0}, {""index"": 2, ""name"": ""NVIDIA P104-100"", ""pci_bus"": ""00000000:0A:00.0"", ""pcie"": ""Gen1 x1"", ""util_pct"": 19.0, ""power_w"": 52.31, ""vram_used_mib"": 7860.0}, {""index"": 3, ""name"": ""NVIDIA P104-100"", ""pci_bus"": ""00000000:0C:00.0"", ""pcie"": ""Gen1 x1"", ""util_pct"": 37.0, ""power_w"": 53.55, ""vram_used_mib"": 7490.0}, {""index"": 4, ""name"": ""NVIDIA P104-100"", ""pci_bus"": ""00000000:0D:00.0"", ""pcie"": ""Gen1 x1"", ""util_pct"": 0.0, ""power_w"": 8.84, ""vram_used_mib"": 84.0}, {""index"": 5, ""name"": ""NVIDIA P104-100"", ""pci_bus"": ""00000000:0E:00.0"", ""pcie"": ""Gen1 x1"", ""util_pct"": 0.0, ""power_w"": 9.89, ""vram_used_mib"": 84.0}]"
2026-08-16T16:30:51.614603+03:00,1786887051.614603,ctx_004096.txt,1,1,prefill,39.44954128440367,"[7.407407407407407, 24.770642201834864, 100.0, 25.68807339449541]",15875.55078125,5648.20703125,10227.34375,35.57802251447477,24575.99609375,370.55859375,1.5078070176135727,"[{""index"": 0, ""name"": ""NVIDIA P104-100"", ""pci_bus"": ""00000000:01:00.0"", ""pcie"": ""Gen1 x1"", ""util_pct"": 27.0, ""power_w"": 52.55, ""vram_used_mib"": 7512.0}, {""index"": 1, ""name"": ""NVIDIA P104-100"", ""pci_bus"": ""00000000:02:00.0"", ""pcie"": ""Gen1 x1"", ""util_pct"": 36.0, ""power_w"": 53.59, ""vram_used_mib"": 7120.0}, {""index"": 2, ""name"": ""NVIDIA P104-100"", ""pci_bus"": ""00000000:0A:00.0"", ""pcie"": ""Gen1 x1"", ""util_pct"": 49.0, ""power_w"": 53.27, ""vram_used_mib"": 7860.0}, {""index"": 3, ""name"": ""NVIDIA P104-100"", ""pci_bus"": ""00000000:0C:00.0"", ""pcie"": ""Gen1 x1"", ""util_pct"": 0.0, ""power_w"": 122.25, ""vram_used_mib"": 7490.0}, {""index"": 4, ""name"": ""NVIDIA P104-100"", ""pci_bus"": ""00000000:0D:00.0"", ""pcie"": ""Gen1 x1"", ""util_pct"": 0.0, ""power_w"": 8.95, ""vram_used_mib"": 84.0}, {""index"": 5, ""name"": ""NVIDIA P104-100"", ""pci_bus"": ""00000000:0E:00.0"", ""pcie"": ""Gen1 x1"", ""util_pct"": 0.0, ""power_w"": 9.9, ""vram_used_mib"": 84.0}]"
2026-08-16T16:30:53.813545+03:00,1786887053.813545,ctx_004096.txt,1,1,prefill,39.726027397260275,"[28.636363636363637, 19.634703196347033, 100.0, 10.091743119266056]",15875.55078125,5582.12109375,10293.4296875,35.16174758700547,24575.99609375,370.5546875,1.5077911230391061,"[{""index"": 0, ""name"": ""NVIDIA P104-100"", ""pci_bus"": ""00000000:01:00.0"", ""pcie"": ""Gen1 x1"", ""util_pct"": 46.0, ""power_w"": 52.76, ""vram_used_mib"": 7512.0}, {""index"": 1, ""name"": ""NVIDIA P104-100"", ""pci_bus"": ""00000000:02:00.0"", ""pcie"": ""Gen1 x1"", ""util_pct"": 34.0, ""power_w"": 113.92, ""vram_used_mib"": 7120.0}, {""index"": 2, ""name"": ""NVIDIA P104-100"", ""pci_bus"": ""00000000:0A:00.0"", ""pcie"": ""Gen1 x1"", ""util_pct"": 1.0, ""power_w"": 107.66, ""vram_used_mib"": 7860.0}, {""index"": 3, ""name"": ""NVIDIA P104-100"", ""pci_bus"": ""00000000:0C:00.0"", ""pcie"": ""Gen1 x1"", ""util_pct"": 28.0, ""power_w"": 53.83, ""vram_used_mib"": 7490.0}, {""index"": 4, ""name"": ""NVIDIA P104-100"", ""pci_bus"": ""00000000:0D:00.0"", ""pcie"": ""Gen1 x1"", ""util_pct"": 0.0, ""power_w"": 8.85, ""vram_used_mib"": 84.0}, {""index"": 5, ""name"": ""NVIDIA P104-100"", ""pci_bus"": ""00000000:0E:00.0"", ""pcie"": ""Gen1 x1"", ""util_pct"": 0.0, ""power_w"": 9.8, ""vram_used_mib"": 84.0}]"
2026-08-16T16:30:55.945162+03:00,1786887055.945162,ctx_004096.txt,1,1,prefill,39.71797884841363,"[20.187793427230048, 30.373831775700936, 100.0, 8.92018779342723]",15875.55078125,5658.77734375,10216.7734375,35.64460485007779,24575.99609375,370.5546875,1.5077911230391061,"[{""index"": 0, ""name"": ""NVIDIA P104-100"", ""pci_bus"": ""00000000:01:00.0"", ""pcie"": ""Gen1 x1"", ""util_pct"": 3.0, ""power_w"": 52.45, ""vram_used_mib"": 7512.0}, {""index"": 1, ""name"": ""NVIDIA P104-100"", ""pci_bus"": ""00000000:02:00.0"", ""pcie"": ""Gen1 x1"", ""util_pct"": 38.0, ""power_w"": 53.69, ""vram_used_mib"": 7120.0}, {""index"": 2, ""name"": ""NVIDIA P104-100"", ""pci_bus"": ""00000000:0A:00.0"", ""pcie"": ""Gen1 x1"", ""util_pct"": 50.0, ""power_w"": 53.27, ""vram_used_mib"": 7860.0}, {""index"": 3, ""name"": ""NVIDIA P104-100"", ""pci_bus"": ""00000000:0C:00.0"", ""pcie"": ""Gen1 x1"", ""util_pct"": 24.0, ""power_w"": 140.03, ""vram_used_mib"": 7490.0}, {""index"": 4, ""name"": ""NVIDIA P104-100"", ""pci_bus"": ""00000000:0D:00.0"", ""pcie"": ""Gen1 x1"", ""util_pct"": 0.0, ""power_w"": 8.75, ""vram_used_mib"": 84.0}, {""index"": 5, ""name"": ""NVIDIA P104-100"", ""pci_bus"": ""00000000:0E:00.0"", ""pcie"": ""Gen1 x1"", ""util_pct"": 0.0, ""power_w"": 9.65, ""vram_used_mib"": 84.0}]"
2026-08-16T16:30:58.071060+03:00,1786887058.071060,ctx_004096.txt,1,1,prefill,38.869257950530034,"[9.95260663507109, 20.379146919431278, 100.0, 24.413145539906104]",15875.55078125,5655.31640625,10220.234375,35.622804425338586,24575.99609375,370.5546875,1.5077911230391061,"[{""index"": 0, ""name"": ""NVIDIA P104-100"", ""pci_bus"": ""00000000:01:00.0"", ""pcie"": ""Gen1 x1"", ""util_pct"": 0.0, ""power_w"": 51.49, ""vram_used_mib"": 7512.0}, {""index"": 1, ""name"": ""NVIDIA P104-100"", ""pci_bus"": ""00000000:02:00.0"", ""pcie"": ""Gen1 x1"", ""util_pct"": 0.0, ""power_w"": 53.81, ""vram_used_mib"": 7120.0}, {""index"": 2, ""name"": ""NVIDIA P104-100"", ""pci_bus"": ""00000000:0A:00.0"", ""pcie"": ""Gen1 x1"", ""util_pct"": 0.0, ""power_w"": 49.48, ""vram_used_mib"": 7860.0}, {""index"": 3, ""name"": ""NVIDIA P104-100"", ""pci_bus"": ""00000000:0C:00.0"", ""pcie"": ""Gen1 x1"", ""util_pct"": 98.0, ""power_w"": 113.81, ""vram_used_mib"": 7490.0}, {""index"": 4, ""name"": ""NVIDIA P104-100"", ""pci_bus"": ""00000000:0D:00.0"", ""pcie"": ""Gen1 x1"", ""util_pct"": 0.0, ""power_w"": 8.85, ""vram_used_mib"": 84.0}, {""index"": 5, ""name"": ""NVIDIA P104-100"", ""pci_bus"": ""00000000:0E:00.0"", ""pcie"": ""Gen1 x1"", ""util_pct"": 0.0, ""power_w"": 9.7, ""vram_used_mib"": 84.0}]"
2026-08-16T16:31:00.255603+03:00,1786887060.255603,ctx_004096.txt,1,1,prefill,39.56422018348624,"[22.374429223744293, 18.807339449541285, 100.0, 17.431192660550458]",15875.55078125,5823.11328125,10052.4375,36.67975594350688,24575.99609375,370.5546875,1.5077911230391061,"[{""index"": 0, ""name"": ""NVIDIA P104-100"", ""pci_bus"": ""00000000:01:00.0"", ""pcie"": ""Gen1 x1"", ""util_pct"": 41.0, ""power_w"": 52.57, ""vram_used_mib"": 7512.0}, {""index"": 1, ""name"": ""NVIDIA P104-100"", ""pci_bus"": ""00000000:02:00.0"", ""pcie"": ""Gen1 x1"", ""util_pct"": 0.0, ""power_w"": 54.12, ""vram_used_mib"": 7120.0}, {""index"": 2, ""name"": ""NVIDIA P104-100"", ""pci_bus"": ""00000000:0A:00.0"", ""pcie"": ""Gen1 x1"", ""util_pct"": 2.0, ""power_w"": 51.95, ""vram_used_mib"": 7860.0}, {""index"": 3, ""name"": ""NVIDIA P104-100"", ""pci_bus"": ""00000000:0C:00.0"", ""pcie"": ""Gen1 x1"", ""util_pct"": 74.0, ""power_w"": 55.32, ""vram_used_mib"": 7490.0}, {""index"": 4, ""name"": ""NVIDIA P104-100"", ""pci_bus"": ""00000000:0D:00.0"", ""pcie"": ""Gen1 x1"", ""util_pct"": 0.0, ""power_w"": 8.95, ""vram_used_mib"": 84.0}, {""index"": 5, ""name"": ""NVIDIA P104-100"", ""pci_bus"": ""00000000:0E:00.0"", ""pcie"": ""Gen1 x1"", ""util_pct"": 0.0, ""power_w"": 9.8, ""vram_used_mib"": 84.0}]"
2026-08-16T16:31:02.409158+03:00,1786887062.409158,ctx_004096.txt,1,1,decode,40.0,"[25.700934579439252, 8.837209302325581, 100.0, 25.233644859813083]",15875.55078125,5935.65625,9939.89453125,37.38866343465938,24575.99609375,370.54296875,1.5077434393157068,"[{""index"": 0, ""name"": ""NVIDIA P104-100"", ""pci_bus"": ""00000000:01:00.0"", ""pcie"": ""Gen1 x1"", ""util_pct"": 0.0, ""power_w"": 50.53, ""vram_used_mib"": 7512.0}, {""index"": 1, ""name"": ""NVIDIA P104-100"", ""pci_bus"": ""00000000:02:00.0"", ""pcie"": ""Gen1 x1"", ""util_pct"": 9.0, ""power_w"": 51.36, ""vram_used_mib"": 7120.0}, {""index"": 2, ""name"": ""NVIDIA P104-100"", ""pci_bus"": ""00000000:0A:00.0"", ""pcie"": ""Gen1 x1"", ""util_pct"": 0.0, ""power_w"": 65.71, ""vram_used_mib"": 7860.0}, {""index"": 3, ""name"": ""NVIDIA P104-100"", ""pci_bus"": ""00000000:0C:00.0"", ""pcie"": ""Gen1 x1"", ""util_pct"": 70.0, ""power_w"": 209.7, ""vram_used_mib"": 7490.0}, {""index"": 4, ""name"": ""NVIDIA P104-100"", ""pci_bus"": ""00000000:0D:00.0"", ""pcie"": ""Gen1 x1"", ""util_pct"": 0.0, ""power_w"": 8.94, ""vram_used_mib"": 84.0}, {""index"": 5, ""name"": ""NVIDIA P104-100"", ""pci_bus"": ""00000000:0E:00.0"", ""pcie"": ""Gen1 x1"", ""util_pct"": 0.0, ""power_w"": 9.79, ""vram_used_mib"": 84.0}]"
2026-08-16T16:31:04.556777+03:00,1786887064.556777,ctx_004096.txt,1,1,decode,41.02564102564103,"[19.069767441860463, 19.53488372093023, 100.0, 25.58139534883721]",15875.55078125,5896.25,9979.30078125,37.14044370015706,24575.99609375,370.53125,1.5076957555923074,"[{""index"": 0, ""name"": ""NVIDIA P104-100"", ""pci_bus"": ""00000000:01:00.0"", ""pcie"": ""Gen1 x1"", ""util_pct"": 19.0, ""power_w"": 52.0, ""vram_used_mib"": 7512.0}, {""index"": 1, ""name"": ""NVIDIA P104-100"", ""pci_bus"": ""00000000:02:00.0"", ""pcie"": ""Gen1 x1"", ""util_pct"": 4.0, ""power_w"": 109.38, ""vram_used_mib"": 7120.0}, {""index"": 2, ""name"": ""NVIDIA P104-100"", ""pci_bus"": ""00000000:0A:00.0"", ""pcie"": ""Gen1 x1"", ""util_pct"": 26.0, ""power_w"": 136.31, ""vram_used_mib"": 7860.0}, {""index"": 3, ""name"": ""NVIDIA P104-100"", ""pci_bus"": ""00000000:0C:00.0"", ""pcie"": ""Gen1 x1"", ""util_pct"": 52.0, ""power_w"": 55.56, ""vram_used_mib"": 7490.0}, {""index"": 4, ""name"": ""NVIDIA P104-100"", ""pci_bus"": ""00000000:0D:00.0"", ""pcie"": ""Gen1 x1"", ""util_pct"": 0.0, ""power_w"": 8.85, ""vram_used_mib"": 84.0}, {""index"": 5, ""name"": ""NVIDIA P104-100"", ""pci_bus"": ""00000000:0E:00.0"", ""pcie"": ""Gen1 x1"", ""util_pct"": 0.0, ""power_w"": 9.9, ""vram_used_mib"": 84.0}]"
2026-08-16T16:31:06.701826+03:00,1786887066.701826,ctx_004096.txt,1,1,decode,41.87134502923977,"[20.093457943925234, 26.291079812206572, 100.0, 21.12676056338028]",15875.55078125,5889.03125,9986.51953125,37.09497283681841,24575.99609375,370.53125,1.5076957555923074,"[{""index"": 0, ""name"": ""NVIDIA P104-100"", ""pci_bus"": ""00000000:01:00.0"", ""pcie"": ""Gen1 x1"", ""util_pct"": 30.0, ""power_w"": 43.17, ""vram_used_mib"": 7512.0}, {""index"": 1, ""name"": ""NVIDIA P104-100"", ""pci_bus"": ""00000000:02:00.0"", ""pcie"": ""Gen1 x1"", ""util_pct"": 29.0, ""power_w"": 43.62, ""vram_used_mib"": 7120.0}, {""index"": 2, ""name"": ""NVIDIA P104-100"", ""pci_bus"": ""00000000:0A:00.0"", ""pcie"": ""Gen1 x1"", ""util_pct"": 24.0, ""power_w"": 41.8, ""vram_used_mib"": 7860.0}, {""index"": 3, ""name"": ""NVIDIA P104-100"", ""pci_bus"": ""00000000:0C:00.0"", ""pcie"": ""Gen1 x1"", ""util_pct"": 16.0, ""power_w"": 55.57, ""vram_used_mib"": 7490.0}, {""index"": 4, ""name"": ""NVIDIA P104-100"", ""pci_bus"": ""00000000:0D:00.0"", ""pcie"": ""Gen1 x1"", ""util_pct"": 0.0, ""power_w"": 8.85, ""vram_used_mib"": 84.0}, {""index"": 5, ""name"": ""NVIDIA P104-100"", ""pci_bus"": ""00000000:0E:00.0"", ""pcie"": ""Gen1 x1"", ""util_pct"": 0.0, ""power_w"": 9.7, ""vram_used_mib"": 84.0}]"
2026-08-16T16:31:10.012413+03:00,1786887070.012413,ctx_004096.txt,1,1,decode,48.56278366111952,"[21.45015105740181, 20.90909090909091, 51.661631419939575, 100.0]",15875.55078125,5959.34375,9916.20703125,37.5378708563507,24575.99609375,370.53125,1.5076957555923074,"[{""index"": 0, ""name"": ""NVIDIA P104-100"", ""pci_bus"": ""00000000:01:00.0"", ""pcie"": ""Gen1 x1"", ""util_pct"": 30.0, ""power_w"": 43.28, ""vram_used_mib"": 7512.0}, {""index"": 1, ""name"": ""NVIDIA P104-100"", ""pci_bus"": ""00000000:02:00.0"", ""pcie"": ""Gen1 x1"", ""util_pct"": 29.0, ""power_w"": 49.15, ""vram_used_mib"": 7120.0}, {""index"": 2, ""name"": ""NVIDIA P104-100"", ""pci_bus"": ""00000000:0A:00.0"", ""pcie"": ""Gen1 x1"", ""util_pct"": 3.0, ""power_w"": 123.87, ""vram_used_mib"": 7860.0}, {""index"": 3, ""name"": ""NVIDIA P104-100"", ""pci_bus"": ""00000000:0C:00.0"", ""pcie"": ""Gen1 x1"", ""util_pct"": 35.0, ""power_w"": 51.37, ""vram_used_mib"": 7490.0}, {""index"": 4, ""name"": ""NVIDIA P104-100"", ""pci_bus"": ""00000000:0D:00.0"", ""pcie"": ""Gen1 x1"", ""util_pct"": 0.0, ""power_w"": 8.94, ""vram_used_mib"": 84.0}, {""index"": 5, ""name"": ""NVIDIA P104-100"", ""pci_bus"": ""00000000:0E:00.0"", ""pcie"": ""Gen1 x1"", ""util_pct"": 0.0, ""power_w"": 9.99, ""vram_used_mib"": 84.0}]"
2026-08-16T16:31:12.180672+03:00,1786887072.180672,ctx_004096.txt,1,1,decode,42.3121387283237,"[22.22222222222222, 22.685185185185187, 24.074074074074073, 100.0]",15875.55078125,6004.171875,9871.37890625,37.82024294924807,24575.99609375,370.53125,1.5076957555923074,"[{""index"": 0, ""name"": ""NVIDIA P104-100"", ""pci_bus"": ""00000000:01:00.0"", ""pcie"": ""Gen1 x1"", ""util_pct"": 30.0, ""power_w"": 42.92, ""vram_used_mib"": 7512.0}, {""index"": 1, ""name"": ""NVIDIA P104-100"", ""pci_bus"": ""00000000:02:00.0"", ""pcie"": ""Gen1 x1"", ""util_pct"": 29.0, ""power_w"": 43.73, ""vram_used_mib"": 7120.0}, {""index"": 2, ""name"": ""NVIDIA P104-100"", ""pci_bus"": ""00000000:0A:00.0"", ""pcie"": ""Gen1 x1"", ""util_pct"": 24.0, ""power_w"": 42.92, ""vram_used_mib"": 7860.0}, {""index"": 3, ""name"": ""NVIDIA P104-100"", ""pci_bus"": ""00000000:0C:00.0"", ""pcie"": ""Gen1 x1"", ""util_pct"": 11.0, ""power_w"": 92.81, ""vram_used_mib"": 7490.0}, {""index"": 4, ""name"": ""NVIDIA P104-100"", ""pci_bus"": ""00000000:0D:00.0"", ""pcie"": ""Gen1 x1"", ""util_pct"": 0.0, ""power_w"": 8.95, ""vram_used_mib"": 84.0}, {""index"": 5, ""name"": ""NVIDIA P104-100"", ""pci_bus"": ""00000000:0E:00.0"", ""pcie"": ""Gen1 x1"", ""util_pct"": 0.0, ""power_w"": 9.7, ""vram_used_mib"": 84.0}]"
2026-08-16T16:31:12.456428+03:00,1786887072.456428,ctx_008192.txt,1,1,outside,,"[null, null, null, null]",15875.55078125,6021.62109375,9853.9296875,37.930155474428666,24575.99609375,370.40625,1.50718712920938,"[{""index"": 0, ""name"": ""NVIDIA P104-100"", ""pci_bus"": ""00000000:01:00.0"", ""pcie"": ""Gen1 x1"", ""util_pct"": 0.0, ""power_w"": 42.83, ""vram_used_mib"": 7512.0}, {""index"": 1, ""name"": ""NVIDIA P104-100"", ""pci_bus"": ""00000000:02:00.0"", ""pcie"": ""Gen1 x1"", ""util_pct"": 0.0, ""power_w"": 43.4, ""vram_used_mib"": 7120.0}, {""index"": 2, ""name"": ""NVIDIA P104-100"", ""pci_bus"": ""00000000:0A:00.0"", ""pcie"": ""Gen1 x1"", ""util_pct"": 0.0, ""power_w"": 41.83, ""vram_used_mib"": 7860.0}, {""index"": 3, ""name"": ""NVIDIA P104-100"", ""pci_bus"": ""00000000:0C:00.0"", ""pcie"": ""Gen1 x1"", ""util_pct"": 3.0, ""power_w"": 55.42, ""vram_used_mib"": 7490.0}, {""index"": 4, ""name"": ""NVIDIA P104-100"", ""pci_bus"": ""00000000:0D:00.0"", ""pcie"": ""Gen1 x1"", ""util_pct"": 0.0, ""power_w"": 8.85, ""vram_used_mib"": 84.0}, {""index"": 5, ""name"": ""NVIDIA P104-100"", ""pci_bus"": ""00000000:0E:00.0"", ""pcie"": ""Gen1 x1"", ""util_pct"": 0.0, ""power_w"": 9.8, ""vram_used_mib"": 84.0}]"
2026-08-16T16:31:14.646833+03:00,1786887074.646833,ctx_008192.txt,1,1,prefill,40.160183066361554,"[23.28767123287671, 99.08675799086758, 14.220183486238533, 23.963133640552996]",15875.55078125,6529.5625,9345.98828125,41.1296753729755,24575.99609375,370.40234375,1.5071712346349135,"[{""index"": 0, ""name"": ""NVIDIA P104-100"", ""pci_bus"": ""00000000:01:00.0"", ""pcie"": ""Gen1 x1"", ""util_pct"": 0.0, ""power_w"": 52.22, ""vram_used_mib"": 7512.0}, {""index"": 1, ""name"": ""NVIDIA P104-100"", ""pci_bus"": ""00000000:02:00.0"", ""pcie"": ""Gen1 x1"", ""util_pct"": 71.0, ""power_w"": 53.78, ""vram_used_mib"": 7120.0}, {""index"": 2, ""name"": ""NVIDIA P104-100"", ""pci_bus"": ""00000000:0A:00.0"", ""pcie"": ""Gen1 x1"", ""util_pct"": 0.0, ""power_w"": 52.2, ""vram_used_mib"": 7860.0}, {""index"": 3, ""name"": ""NVIDIA P104-100"", ""pci_bus"": ""00000000:0C:00.0"", ""pcie"": ""Gen1 x1"", ""util_pct"": 0.0, ""power_w"": 55.07, ""vram_used_mib"": 7490.0}, {""index"": 4, ""name"": ""NVIDIA P104-100"", ""pci_bus"": ""00000000:0D:00.0"", ""pcie"": ""Gen1 x1"", ""util_pct"": 0.0, ""power_w"": 8.85, ""vram_used_mib"": 84.0}, {""index"": 5, ""name"": ""NVIDIA P104-100"", ""pci_bus"": ""00000000:0E:00.0"", ""pcie"": ""Gen1 x1"", ""util_pct"": 0.0, ""power_w"": 9.9, ""vram_used_mib"": 84.0}]"
2026-08-16T16:31:16.787949+03:00,1786887076.787949,ctx_008192.txt,1,1,prefill,39.29824561403509,"[18.779342723004696, 100.0, 15.88785046728972, 22.429906542056074]",15875.55078125,6680.7734375,9194.77734375,42.08215216942522,24575.99609375,370.40234375,1.5071712346349135,"[{""index"": 0, ""name"": ""NVIDIA P104-100"", ""pci_bus"": ""00000000:01:00.0"", ""pcie"": ""Gen1 x1"", ""util_pct"": 72.0, ""power_w"": 52.32, ""vram_used_mib"": 7512.0}, {""index"": 1, ""name"": ""NVIDIA P104-100"", ""pci_bus"": ""00000000:02:00.0"", ""pcie"": ""Gen1 x1"", ""util_pct"": 0.0, ""power_w"": 53.78, ""vram_used_mib"": 7120.0}, {""index"": 2, ""name"": ""NVIDIA P104-100"", ""pci_bus"": ""00000000:0A:00.0"", ""pcie"": ""Gen1 x1"", ""util_pct"": 0.0, ""power_w"": 51.85, ""vram_used_mib"": 7860.0}, {""index"": 3, ""name"": ""NVIDIA P104-100"", ""pci_bus"": ""00000000:0C:00.0"", ""pcie"": ""Gen1 x1"", ""util_pct"": 0.0, ""power_w"": 55.07, ""vram_used_mib"": 7490.0}, {""index"": 4, ""name"": ""NVIDIA P104-100"", ""pci_bus"": ""00000000:0D:00.0"", ""pcie"": ""Gen1 x1"", ""util_pct"": 0.0, ""power_w"": 8.75, ""vram_used_mib"": 84.0}, {""index"": 5, ""name"": ""NVIDIA P104-100"", ""pci_bus"": ""00000000:0E:00.0"", ""pcie"": ""Gen1 x1"", ""util_pct"": 0.0, ""power_w"": 10.1, ""vram_used_mib"": 84.0}]"
2026-08-16T16:31:18.906687+03:00,1786887078.906687,ctx_008192.txt,1,1,prefill,37.70685579196218,"[14.218009478672986, 100.0, 15.639810426540285, 20.754716981132077]",15875.55078125,6579.5546875,9295.99609375,41.444575864862955,24575.99609375,370.40234375,1.5071712346349135,"[{""index"": 0, ""name"": ""NVIDIA P104-100"", ""pci_bus"": ""00000000:01:00.0"", ""pcie"": ""Gen1 x1"", ""util_pct"": 0.0, ""power_w"": 52.22, ""vram_used_mib"": 7512.0}, {""index"": 1, ""name"": ""NVIDIA P104-100"", ""pci_bus"": ""00000000:02:00.0"", ""pcie"": ""Gen1 x1"", ""util_pct"": 0.0, ""power_w"": 53.78, ""vram_used_mib"": 7120.0}, {""index"": 2, ""name"": ""NVIDIA P104-100"", ""pci_bus"": ""00000000:0A:00.0"", ""pcie"": ""Gen1 x1"", ""util_pct"": 0.0, ""power_w"": 51.95, ""vram_used_mib"": 7860.0}, {""index"": 3, ""name"": ""NVIDIA P104-100"", ""pci_bus"": ""00000000:0C:00.0"", ""pcie"": ""Gen1 x1"", ""util_pct"": 75.0, ""power_w"": 55.22, ""vram_used_mib"": 7490.0}, {""index"": 4, ""name"": ""NVIDIA P104-100"", ""pci_bus"": ""00000000:0D:00.0"", ""pcie"": ""Gen1 x1"", ""util_pct"": 0.0, ""power_w"": 8.85, ""vram_used_mib"": 84.0}, {""index"": 5, ""name"": ""NVIDIA P104-100"", ""pci_bus"": ""00000000:0E:00.0"", ""pcie"": ""Gen1 x1"", ""util_pct"": 0.0, ""power_w"": 9.9, ""vram_used_mib"": 84.0}]"
2026-08-16T16:31:21.085039+03:00,1786887081.085039,ctx_008192.txt,1,1,prefill,45.747126436781606,"[37.61467889908257, 100.0, 21.559633027522935, 23.963133640552996]",15875.55078125,5411.1484375,10464.40234375,34.08479184162164,24575.99609375,370.3984375,1.5071553400604472,"[{""index"": 0, ""name"": ""NVIDIA P104-100"", ""pci_bus"": ""00000000:01:00.0"", ""pcie"": ""Gen1 x1"", ""util_pct"": 0.0, ""power_w"": 179.94, ""vram_used_mib"": 7512.0}, {""index"": 1, ""name"": ""NVIDIA P104-100"", ""pci_bus"": ""00000000:02:00.0"", ""pcie"": ""Gen1 x1"", ""util_pct"": 0.0, ""power_w"": 53.61, ""vram_used_mib"": 7120.0}, {""index"": 2, ""name"": ""NVIDIA P104-100"", ""pci_bus"": ""00000000:0A:00.0"", ""pcie"": ""Gen1 x1"", ""util_pct"": 36.0, ""power_w"": 52.75, ""vram_used_mib"": 7860.0}, {""index"": 3, ""name"": ""NVIDIA P104-100"", ""pci_bus"": ""00000000:0C:00.0"", ""pcie"": ""Gen1 x1"", ""util_pct"": 35.0, ""power_w"": 54.16, ""vram_used_mib"": 7490.0}, {""index"": 4, ""name"": ""NVIDIA P104-100"", ""pci_bus"": ""00000000:0D:00.0"", ""pcie"": ""Gen1 x1"", ""util_pct"": 0.0, ""power_w"": 8.85, ""vram_used_mib"": 84.0}, {""index"": 5, ""name"": ""NVIDIA P104-100"", ""pci_bus"": ""00000000:0E:00.0"", ""pcie"": ""Gen1 x1"", ""util_pct"": 0.0, ""power_w"": 9.55, ""vram_used_mib"": 84.0}]"
2026-08-16T16:31:23.229574+03:00,1786887083.229574,ctx_008192.txt,1,1,prefill,40.49008168028005,"[16.431924882629108, 100.0, 16.901408450704224, 28.037383177570092]",15875.55078125,5366.125,10509.42578125,33.80118947644779,24575.99609375,370.3984375,1.5071553400604472,"[{""index"": 0, ""name"": ""NVIDIA P104-100"", ""pci_bus"": ""00000000:01:00.0"", ""pcie"": ""Gen1 x1"", ""util_pct"": 0.0, ""power_w"": 138.51, ""vram_used_mib"": 7512.0}, {""index"": 1, ""name"": ""NVIDIA P104-100"", ""pci_bus"": ""00000000:02:00.0"", ""pcie"": ""Gen1 x1"", ""util_pct"": 47.0, ""power_w"": 54.35, ""vram_used_mib"": 7120.0}, {""index"": 2, ""name"": ""NVIDIA P104-100"", ""pci_bus"": ""00000000:0A:00.0"", ""pcie"": ""Gen1 x1"", ""util_pct"": 0.0, ""power_w"": 52.18, ""vram_used_mib"": 7860.0}, {""index"": 3, ""name"": ""NVIDIA P104-100"", ""pci_bus"": ""00000000:0C:00.0"", ""pcie"": ""Gen1 x1"", ""util_pct"": 35.0, ""power_w"": 65.37, ""vram_used_mib"": 7490.0}, {""index"": 4, ""name"": ""NVIDIA P104-100"", ""pci_bus"": ""00000000:0D:00.0"", ""pcie"": ""Gen1 x1"", ""util_pct"": 0.0, ""power_w"": 8.85, ""vram_used_mib"": 84.0}, {""index"": 5, ""name"": ""NVIDIA P104-100"", ""pci_bus"": ""00000000:0E:00.0"", ""pcie"": ""Gen1 x1"", ""util_pct"": 0.0, ""power_w"": 9.8, ""vram_used_mib"": 84.0}]"
2026-08-16T16:31:25.349450+03:00,1786887085.349450,ctx_008192.txt,1,1,prefill,38.62559241706161,"[24.528301886792452, 100.0, 14.691943127962086, 15.566037735849056]",15875.55078125,5398.54296875,10477.0078125,34.00539006889771,24575.99609375,370.3984375,1.5071553400604472,"[{""index"": 0, ""name"": ""NVIDIA P104-100"", ""pci_bus"": ""00000000:01:00.0"", ""pcie"": ""Gen1 x1"", ""util_pct"": 8.0, ""power_w"": 52.55, ""vram_used_mib"": 7512.0}, {""index"": 1, ""name"": ""NVIDIA P104-100"", ""pci_bus"": ""00000000:02:00.0"", ""pcie"": ""Gen1 x1"", ""util_pct"": 32.0, ""power_w"": 53.58, ""vram_used_mib"": 7120.0}, {""index"": 2, ""name"": ""NVIDIA P104-100"", ""pci_bus"": ""00000000:0A:00.0"", ""pcie"": ""Gen1 x1"", ""util_pct"": 0.0, ""power_w"": 53.29, ""vram_used_mib"": 7860.0}, {""index"": 3, ""name"": ""NVIDIA P104-100"", ""pci_bus"": ""00000000:0C:00.0"", ""pcie"": ""Gen1 x1"", ""util_pct"": 32.0, ""power_w"": 117.77, ""vram_used_mib"": 7490.0}, {""index"": 4, ""name"": ""NVIDIA P104-100"", ""pci_bus"": ""00000000:0D:00.0"", ""pcie"": ""Gen1 x1"", ""util_pct"": 0.0, ""power_w"": 8.95, ""vram_used_mib"": 84.0}, {""index"": 5, ""name"": ""NVIDIA P104-100"", ""pci_bus"": ""00000000:0E:00.0"", ""pcie"": ""Gen1 x1"", ""util_pct"": 0.0, ""power_w"": 9.8, ""vram_used_mib"": 84.0}]"
2026-08-16T16:31:27.526034+03:00,1786887087.526034,ctx_008192.txt,1,1,prefill,39.930955120828536,"[17.889908256880734, 100.0, 15.277777777777779, 26.605504587155963]",15875.55078125,5346.3984375,10529.15234375,33.676931976523456,24575.99609375,370.3984375,1.5071553400604472,"[{""index"": 0, ""name"": ""NVIDIA P104-100"", ""pci_bus"": ""00000000:01:00.0"", ""pcie"": ""Gen1 x1"", ""util_pct"": 29.0, ""power_w"": 52.38, ""vram_used_mib"": 7512.0}, {""index"": 1, ""name"": ""NVIDIA P104-100"", ""pci_bus"": ""00000000:02:00.0"", ""pcie"": ""Gen1 x1"", ""util_pct"": 11.0, ""power_w"": 56.12, ""vram_used_mib"": 7120.0}, {""index"": 2, ""name"": ""NVIDIA P104-100"", ""pci_bus"": ""00000000:0A:00.0"", ""pcie"": ""Gen1 x1"", ""util_pct"": 1.0, ""power_w"": 178.88, ""vram_used_mib"": 7860.0}, {""index"": 3, ""name"": ""NVIDIA P104-100"", ""pci_bus"": ""00000000:0C:00.0"", ""pcie"": ""Gen1 x1"", ""util_pct"": 36.0, ""power_w"": 53.59, ""vram_used_mib"": 7490.0}, {""index"": 4, ""name"": ""NVIDIA P104-100"", ""pci_bus"": ""00000000:0D:00.0"", ""pcie"": ""Gen1 x1"", ""util_pct"": 0.0, ""power_w"": 8.75, ""vram_used_mib"": 84.0}, {""index"": 5, ""name"": ""NVIDIA P104-100"", ""pci_bus"": ""00000000:0E:00.0"", ""pcie"": ""Gen1 x1"", ""util_pct"": 0.0, ""power_w"": 9.9, ""vram_used_mib"": 84.0}]"
2026-08-16T16:31:29.667492+03:00,1786887089.667492,ctx_008192.txt,1,1,prefill,40.18691588785047,"[28.169014084507044, 100.0, 18.69158878504673, 12.735849056603774]",15875.55078125,5346.0546875,10529.49609375,33.67476669731685,24575.99609375,370.39453125,1.5071394454859806,"[{""index"": 0, ""name"": ""NVIDIA P104-100"", ""pci_bus"": ""00000000:01:00.0"", ""pcie"": ""Gen1 x1"", ""util_pct"": 0.0, ""power_w"": 55.56, ""vram_used_mib"": 7512.0}, {""index"": 1, ""name"": ""NVIDIA P104-100"", ""pci_bus"": ""00000000:02:00.0"", ""pcie"": ""Gen1 x1"", ""util_pct"": 0.0, ""power_w"": 177.88, ""vram_used_mib"": 7120.0}, {""index"": 2, ""name"": ""NVIDIA P104-100"", ""pci_bus"": ""00000000:0A:00.0"", ""pcie"": ""Gen1 x1"", ""util_pct"": 29.0, ""power_w"": 52.41, ""vram_used_mib"": 7860.0}, {""index"": 3, ""name"": ""NVIDIA P104-100"", ""pci_bus"": ""00000000:0C:00.0"", ""pcie"": ""Gen1 x1"", ""util_pct"": 36.0, ""power_w"": 53.57, ""vram_used_mib"": 7490.0}, {""index"": 4, ""name"": ""NVIDIA P104-100"", ""pci_bus"": ""00000000:0D:00.0"", ""pcie"": ""Gen1 x1"", ""util_pct"": 0.0, ""power_w"": 8.94, ""vram_used_mib"": 84.0}, {""index"": 5, ""name"": ""NVIDIA P104-100"", ""pci_bus"": ""00000000:0E:00.0"", ""pcie"": ""Gen1 x1"", ""util_pct"": 0.0, ""power_w"": 9.54, ""vram_used_mib"": 84.0}]"
2026-08-16T16:31:31.792066+03:00,1786887091.792066,ctx_008192.txt,1,1,prefill,50.943396226415096,"[10.377358490566039, 100.0, 70.28301886792453, 23.474178403755868]",15875.55078125,5348.8984375,10526.65234375,33.69267946166238,24575.99609375,370.39453125,1.5071394454859806,"[{""index"": 0, ""name"": ""NVIDIA P104-100"", ""pci_bus"": ""00000000:01:00.0"", ""pcie"": ""Gen1 x1"", ""util_pct"": 6.0, ""power_w"": 125.41, ""vram_used_mib"": 7512.0}, {""index"": 1, ""name"": ""NVIDIA P104-100"", ""pci_bus"": ""00000000:02:00.0"", ""pcie"": ""Gen1 x1"", ""util_pct"": 13.0, ""power_w"": 73.25, ""vram_used_mib"": 7120.0}, {""index"": 2, ""name"": ""NVIDIA P104-100"", ""pci_bus"": ""00000000:0A:00.0"", ""pcie"": ""Gen1 x1"", ""util_pct"": 48.0, ""power_w"": 52.58, ""vram_used_mib"": 7860.0}, {""index"": 3, ""name"": ""NVIDIA P104-100"", ""pci_bus"": ""00000000:0C:00.0"", ""pcie"": ""Gen1 x1"", ""util_pct"": 34.0, ""power_w"": 53.83, ""vram_used_mib"": 7490.0}, {""index"": 4, ""name"": ""NVIDIA P104-100"", ""pci_bus"": ""00000000:0D:00.0"", ""pcie"": ""Gen1 x1"", ""util_pct"": 0.0, ""power_w"": 9.04, ""vram_used_mib"": 84.0}, {""index"": 5, ""name"": ""NVIDIA P104-100"", ""pci_bus"": ""00000000:0E:00.0"", ""pcie"": ""Gen1 x1"", ""util_pct"": 0.0, ""power_w"": 9.54, ""vram_used_mib"": 84.0}]"
2026-08-16T16:31:33.970758+03:00,1786887093.970758,ctx_008192.txt,1,1,prefill,40.11494252873563,"[7.762557077625571, 100.0, 35.321100917431195, 17.431192660550458]",15875.55078125,5222.4609375,10653.08984375,32.8962504007612,24575.99609375,370.39453125,1.5071394454859806,"[{""index"": 0, ""name"": ""NVIDIA P104-100"", ""pci_bus"": ""00000000:01:00.0"", ""pcie"": ""Gen1 x1"", ""util_pct"": 43.0, ""power_w"": 52.53, ""vram_used_mib"": 7512.0}, {""index"": 1, ""name"": ""NVIDIA P104-100"", ""pci_bus"": ""00000000:02:00.0"", ""pcie"": ""Gen1 x1"", ""util_pct"": 48.0, ""power_w"": 54.32, ""vram_used_mib"": 7120.0}, {""index"": 2, ""name"": ""NVIDIA P104-100"", ""pci_bus"": ""00000000:0A:00.0"", ""pcie"": ""Gen1 x1"", ""util_pct"": 48.0, ""power_w"": 57.28, ""vram_used_mib"": 7860.0}, {""index"": 3, ""name"": ""NVIDIA P104-100"", ""pci_bus"": ""00000000:0C:00.0"", ""pcie"": ""Gen1 x1"", ""util_pct"": 0.0, ""power_w"": 177.78, ""vram_used_mib"": 7490.0}, {""index"": 4, ""name"": ""NVIDIA P104-100"", ""pci_bus"": ""00000000:0D:00.0"", ""pcie"": ""Gen1 x1"", ""util_pct"": 0.0, ""power_w"": 8.94, ""vram_used_mib"": 84.0}, {""index"": 5, ""name"": ""NVIDIA P104-100"", ""pci_bus"": ""00000000:0E:00.0"", ""pcie"": ""Gen1 x1"", ""util_pct"": 0.0, ""power_w"": 9.89, ""vram_used_mib"": 84.0}]"
2026-08-16T16:31:36.117923+03:00,1786887096.117923,ctx_008192.txt,1,1,prefill,40.25670945157526,"[18.69158878504673, 100.0, 29.439252336448597, 12.67605633802817]",15875.55078125,5289.58203125,10585.96875,33.319045771295826,24575.99609375,370.39453125,1.5071394454859806,"[{""index"": 0, ""name"": ""NVIDIA P104-100"", ""pci_bus"": ""00000000:01:00.0"", ""pcie"": ""Gen1 x1"", ""util_pct"": 51.0, ""power_w"": 52.63, ""vram_used_mib"": 7512.0}, {""index"": 1, ""name"": ""NVIDIA P104-100"", ""pci_bus"": ""00000000:02:00.0"", ""pcie"": ""Gen1 x1"", ""util_pct"": 7.0, ""power_w"": 84.68, ""vram_used_mib"": 7120.0}, {""index"": 2, ""name"": ""NVIDIA P104-100"", ""pci_bus"": ""00000000:0A:00.0"", ""pcie"": ""Gen1 x1"", ""util_pct"": 9.0, ""power_w"": 137.31, ""vram_used_mib"": 7860.0}, {""index"": 3, ""name"": ""NVIDIA P104-100"", ""pci_bus"": ""00000000:0C:00.0"", ""pcie"": ""Gen1 x1"", ""util_pct"": 0.0, ""power_w"": 54.33, ""vram_used_mib"": 7490.0}, {""index"": 4, ""name"": ""NVIDIA P104-100"", ""pci_bus"": ""00000000:0D:00.0"", ""pcie"": ""Gen1 x1"", ""util_pct"": 0.0, ""power_w"": 9.05, ""vram_used_mib"": 84.0}, {""index"": 5, ""name"": ""NVIDIA P104-100"", ""pci_bus"": ""00000000:0E:00.0"", ""pcie"": ""Gen1 x1"", ""util_pct"": 0.0, ""power_w"": 9.8, ""vram_used_mib"": 84.0}]"
2026-08-16T16:31:38.242708+03:00,1786887098.242708,ctx_008192.txt,1,1,prefill,38.84297520661157,"[24.528301886792452, 100.0, 10.476190476190476, 20.187793427230048]",15875.55078125,5315.484375,10560.06640625,33.48220448060242,24575.99609375,370.39453125,1.5071394454859806,"[{""index"": 0, ""name"": ""NVIDIA P104-100"", ""pci_bus"": ""00000000:01:00.0"", ""pcie"": ""Gen1 x1"", ""util_pct"": 20.0, ""power_w"": 64.1, ""vram_used_mib"": 7512.0}, {""index"": 1, ""name"": ""NVIDIA P104-100"", ""pci_bus"": ""00000000:02:00.0"", ""pcie"": ""Gen1 x1"", ""util_pct"": 12.0, ""power_w"": 167.33, ""vram_used_mib"": 7120.0}, {""index"": 2, ""name"": ""NVIDIA P104-100"", ""pci_bus"": ""00000000:0A:00.0"", ""pcie"": ""Gen1 x1"", ""util_pct"": 0.0, ""power_w"": 52.17, ""vram_used_mib"": 7860.0}, {""index"": 3, ""name"": ""NVIDIA P104-100"", ""pci_bus"": ""00000000:0C:00.0"", ""pcie"": ""Gen1 x1"", ""util_pct"": 37.0, ""power_w"": 53.65, ""vram_used_mib"": 7490.0}, {""index"": 4, ""name"": ""NVIDIA P104-100"", ""pci_bus"": ""00000000:0D:00.0"", ""pcie"": ""Gen1 x1"", ""util_pct"": 0.0, ""power_w"": 8.74, ""vram_used_mib"": 84.0}, {""index"": 5, ""name"": ""NVIDIA P104-100"", ""pci_bus"": ""00000000:0E:00.0"", ""pcie"": ""Gen1 x1"", ""util_pct"": 0.0, ""power_w"": 9.69, ""vram_used_mib"": 84.0}]"
2026-08-16T16:31:40.423939+03:00,1786887100.423939,ctx_008192.txt,1,1,prefill,39.793577981651374,"[23.61111111111111, 100.0, 18.34862385321101, 16.972477064220183]",15875.55078125,5207.1796875,10668.37109375,32.79999389784951,24575.99609375,370.39453125,1.5071394454859806,"[{""index"": 0, ""name"": ""NVIDIA P104-100"", ""pci_bus"": ""00000000:01:00.0"", ""pcie"": ""Gen1 x1"", ""util_pct"": 1.0, ""power_w"": 52.55, ""vram_used_mib"": 7512.0}, {""index"": 1, ""name"": ""NVIDIA P104-100"", ""pci_bus"": ""00000000:02:00.0"", ""pcie"": ""Gen1 x1"", ""util_pct"": 46.0, ""power_w"": 54.32, ""vram_used_mib"": 7120.0}, {""index"": 2, ""name"": ""NVIDIA P104-100"", ""pci_bus"": ""00000000:0A:00.0"", ""pcie"": ""Gen1 x1"", ""util_pct"": 1.0, ""power_w"": 53.77, ""vram_used_mib"": 7860.0}, {""index"": 3, ""name"": ""NVIDIA P104-100"", ""pci_bus"": ""00000000:0C:00.0"", ""pcie"": ""Gen1 x1"", ""util_pct"": 13.0, ""power_w"": 139.68, ""vram_used_mib"": 7490.0}, {""index"": 4, ""name"": ""NVIDIA P104-100"", ""pci_bus"": ""00000000:0D:00.0"", ""pcie"": ""Gen1 x1"", ""util_pct"": 0.0, ""power_w"": 8.85, ""vram_used_mib"": 84.0}, {""index"": 5, ""name"": ""NVIDIA P104-100"", ""pci_bus"": ""00000000:0E:00.0"", ""pcie"": ""Gen1 x1"", ""util_pct"": 0.0, ""power_w"": 9.8, ""vram_used_mib"": 84.0}]"
2026-08-16T16:31:42.579934+03:00,1786887102.579934,ctx_008192.txt,1,1,prefill,40.534262485481996,"[13.425925925925926, 100.0, 14.883720930232558, 33.95348837209303]",15875.55078125,5202.89453125,10672.65625,32.773001724103565,24575.99609375,370.39453125,1.5071394454859806,"[{""index"": 0, ""name"": ""NVIDIA P104-100"", ""pci_bus"": ""00000000:01:00.0"", ""pcie"": ""Gen1 x1"", ""util_pct"": 52.0, ""power_w"": 53.03, ""vram_used_mib"": 7512.0}, {""index"": 1, ""name"": ""NVIDIA P104-100"", ""pci_bus"": ""00000000:02:00.0"", ""pcie"": ""Gen1 x1"", ""util_pct"": 1.0, ""power_w"": 184.4, ""vram_used_mib"": 7120.0}, {""index"": 2, ""name"": ""NVIDIA P104-100"", ""pci_bus"": ""00000000:0A:00.0"", ""pcie"": ""Gen1 x1"", ""util_pct"": 27.0, ""power_w"": 52.43, ""vram_used_mib"": 7860.0}, {""index"": 3, ""name"": ""NVIDIA P104-100"", ""pci_bus"": ""00000000:0C:00.0"", ""pcie"": ""Gen1 x1"", ""util_pct"": 37.0, ""power_w"": 54.33, ""vram_used_mib"": 7490.0}, {""index"": 4, ""name"": ""NVIDIA P104-100"", ""pci_bus"": ""00000000:0D:00.0"", ""pcie"": ""Gen1 x1"", ""util_pct"": 0.0, ""power_w"": 8.75, ""vram_used_mib"": 84.0}, {""index"": 5, ""name"": ""NVIDIA P104-100"", ""pci_bus"": ""00000000:0E:00.0"", ""pcie"": ""Gen1 x1"", ""util_pct"": 0.0, ""power_w"": 9.55, ""vram_used_mib"": 84.0}]"
2026-08-16T16:31:44.703385+03:00,1786887104.703385,ctx_008192.txt,1,1,prefill,38.84297520661157,"[22.274881516587676, 100.0, 17.53554502369668, 14.622641509433961]",15875.55078125,5254.63671875,10620.9140625,33.09892545558828,24575.99609375,370.39453125,1.5071394454859806,"[{""index"": 0, ""name"": ""NVIDIA P104-100"", ""pci_bus"": ""00000000:01:00.0"", ""pcie"": ""Gen1 x1"", ""util_pct"": 31.0, ""power_w"": 178.14, ""vram_used_mib"": 7512.0}, {""index"": 1, ""name"": ""NVIDIA P104-100"", ""pci_bus"": ""00000000:02:00.0"", ""pcie"": ""Gen1 x1"", ""util_pct"": 36.0, ""power_w"": 54.26, ""vram_used_mib"": 7120.0}, {""index"": 2, ""name"": ""NVIDIA P104-100"", ""pci_bus"": ""00000000:0A:00.0"", ""pcie"": ""Gen1 x1"", ""util_pct"": 49.0, ""power_w"": 52.6, ""vram_used_mib"": 7860.0}, {""index"": 3, ""name"": ""NVIDIA P104-100"", ""pci_bus"": ""00000000:0C:00.0"", ""pcie"": ""Gen1 x1"", ""util_pct"": 4.0, ""power_w"": 54.83, ""vram_used_mib"": 7490.0}, {""index"": 4, ""name"": ""NVIDIA P104-100"", ""pci_bus"": ""00000000:0D:00.0"", ""pcie"": ""Gen1 x1"", ""util_pct"": 0.0, ""power_w"": 8.75, ""vram_used_mib"": 84.0}, {""index"": 5, ""name"": ""NVIDIA P104-100"", ""pci_bus"": ""00000000:0E:00.0"", ""pcie"": ""Gen1 x1"", ""util_pct"": 0.0, ""power_w"": 9.9, ""vram_used_mib"": 84.0}]"
2026-08-16T16:31:46.878944+03:00,1786887106.878944,ctx_008192.txt,1,1,prefill,40.0,"[10.599078341013826, 100.0, 18.72146118721461, 31.192660550458715]",15875.55078125,5299.29296875,10576.2578125,33.380214908882344,24575.99609375,370.39453125,1.5071394454859806,"[{""index"": 0, ""name"": ""NVIDIA P104-100"", ""pci_bus"": ""00000000:01:00.0"", ""pcie"": ""Gen1 x1"", ""util_pct"": 51.0, ""power_w"": 52.89, ""vram_used_mib"": 7512.0}, {""index"": 1, ""name"": ""NVIDIA P104-100"", ""pci_bus"": ""00000000:02:00.0"", ""pcie"": ""Gen1 x1"", ""util_pct"": 46.0, ""power_w"": 56.87, ""vram_used_mib"": 7120.0}, {""index"": 2, ""name"": ""NVIDIA P104-100"", ""pci_bus"": ""00000000:0A:00.0"", ""pcie"": ""Gen1 x1"", ""util_pct"": 1.0, ""power_w"": 183.94, ""vram_used_mib"": 7860.0}, {""index"": 3, ""name"": ""NVIDIA P104-100"", ""pci_bus"": ""00000000:0C:00.0"", ""pcie"": ""Gen1 x1"", ""util_pct"": 12.0, ""power_w"": 53.68, ""vram_used_mib"": 7490.0}, {""index"": 4, ""name"": ""NVIDIA P104-100"", ""pci_bus"": ""00000000:0D:00.0"", ""pcie"": ""Gen1 x1"", ""util_pct"": 0.0, ""power_w"": 9.14, ""vram_used_mib"": 84.0}, {""index"": 5, ""name"": ""NVIDIA P104-100"", ""pci_bus"": ""00000000:0E:00.0"", ""pcie"": ""Gen1 x1"", ""util_pct"": 0.0, ""power_w"": 9.55, ""vram_used_mib"": 84.0}]"
2026-08-16T16:31:49.011224+03:00,1786887109.011224,ctx_008192.txt,1,1,prefill,40.140845070422536,"[23.004694835680752, 100.0, 15.639810426540285, 21.22641509433962]",15875.55078125,5319.22265625,10556.328125,33.50575189197422,24575.99609375,370.390625,1.5071235509115142,"[{""index"": 0, ""name"": ""NVIDIA P104-100"", ""pci_bus"": ""00000000:01:00.0"", ""pcie"": ""Gen1 x1"", ""util_pct"": 0.0, ""power_w"": 174.18, ""vram_used_mib"": 7512.0}, {""index"": 1, ""name"": ""NVIDIA P104-100"", ""pci_bus"": ""00000000:02:00.0"", ""pcie"": ""Gen1 x1"", ""util_pct"": 49.0, ""power_w"": 54.35, ""vram_used_mib"": 7120.0}, {""index"": 2, ""name"": ""NVIDIA P104-100"", ""pci_bus"": ""00000000:0A:00.0"", ""pcie"": ""Gen1 x1"", ""util_pct"": 39.0, ""power_w"": 52.52, ""vram_used_mib"": 7860.0}, {""index"": 3, ""name"": ""NVIDIA P104-100"", ""pci_bus"": ""00000000:0C:00.0"", ""pcie"": ""Gen1 x1"", ""util_pct"": 37.0, ""power_w"": 55.77, ""vram_used_mib"": 7490.0}, {""index"": 4, ""name"": ""NVIDIA P104-100"", ""pci_bus"": ""00000000:0D:00.0"", ""pcie"": ""Gen1 x1"", ""util_pct"": 0.0, ""power_w"": 8.75, ""vram_used_mib"": 84.0}, {""index"": 5, ""name"": ""NVIDIA P104-100"", ""pci_bus"": ""00000000:0E:00.0"", ""pcie"": ""Gen1 x1"", ""util_pct"": 0.0, ""power_w"": 9.8, ""vram_used_mib"": 84.0}]"
2026-08-16T16:31:51.131168+03:00,1786887111.131168,ctx_008192.txt,1,1,prefill,38.53427895981088,"[6.6350710900473935, 100.0, 22.274881516587676, 25.0]",15875.55078125,5221.0,10654.55078125,32.88704796413313,24575.99609375,370.390625,1.5071235509115142,"[{""index"": 0, ""name"": ""NVIDIA P104-100"", ""pci_bus"": ""00000000:01:00.0"", ""pcie"": ""Gen1 x1"", ""util_pct"": 53.0, ""power_w"": 52.62, ""vram_used_mib"": 7512.0}, {""index"": 1, ""name"": ""NVIDIA P104-100"", ""pci_bus"": ""00000000:02:00.0"", ""pcie"": ""Gen1 x1"", ""util_pct"": 49.0, ""power_w"": 54.45, ""vram_used_mib"": 7120.0}, {""index"": 2, ""name"": ""NVIDIA P104-100"", ""pci_bus"": ""00000000:0A:00.0"", ""pcie"": ""Gen1 x1"", ""util_pct"": 34.0, ""power_w"": 153.52, ""vram_used_mib"": 7860.0}, {""index"": 3, ""name"": ""NVIDIA P104-100"", ""pci_bus"": ""00000000:0C:00.0"", ""pcie"": ""Gen1 x1"", ""util_pct"": 0.0, ""power_w"": 53.59, ""vram_used_mib"": 7490.0}, {""index"": 4, ""name"": ""NVIDIA P104-100"", ""pci_bus"": ""00000000:0D:00.0"", ""pcie"": ""Gen1 x1"", ""util_pct"": 0.0, ""power_w"": 8.85, ""vram_used_mib"": 84.0}, {""index"": 5, ""name"": ""NVIDIA P104-100"", ""pci_bus"": ""00000000:0E:00.0"", ""pcie"": ""Gen1 x1"", ""util_pct"": 0.0, ""power_w"": 9.89, ""vram_used_mib"": 84.0}]"
2026-08-16T16:31:53.314970+03:00,1786887113.314970,ctx_008192.txt,1,1,prefill,40.736478711162256,"[23.744292237442924, 100.0, 10.599078341013826, 28.372093023255815]",15875.55078125,5263.5859375,10611.96484375,33.15529653129653,24575.99609375,370.390625,1.5071235509115142,"[{""index"": 0, ""name"": ""NVIDIA P104-100"", ""pci_bus"": ""00000000:01:00.0"", ""pcie"": ""Gen1 x1"", ""util_pct"": 8.0, ""power_w"": 168.5, ""vram_used_mib"": 7512.0}, {""index"": 1, ""name"": ""NVIDIA P104-100"", ""pci_bus"": ""00000000:02:00.0"", ""pcie"": ""Gen1 x1"", ""util_pct"": 49.0, ""power_w"": 74.92, ""vram_used_mib"": 7120.0}, {""index"": 2, ""name"": ""NVIDIA P104-100"", ""pci_bus"": ""00000000:0A:00.0"", ""pcie"": ""Gen1 x1"", ""util_pct"": 11.0, ""power_w"": 52.15, ""vram_used_mib"": 7860.0}, {""index"": 3, ""name"": ""NVIDIA P104-100"", ""pci_bus"": ""00000000:0C:00.0"", ""pcie"": ""Gen1 x1"", ""util_pct"": 38.0, ""power_w"": 53.8, ""vram_used_mib"": 7490.0}, {""index"": 4, ""name"": ""NVIDIA P104-100"", ""pci_bus"": ""00000000:0D:00.0"", ""pcie"": ""Gen1 x1"", ""util_pct"": 0.0, ""power_w"": 8.84, ""vram_used_mib"": 84.0}, {""index"": 5, ""name"": ""NVIDIA P104-100"", ""pci_bus"": ""00000000:0E:00.0"", ""pcie"": ""Gen1 x1"", ""util_pct"": 0.0, ""power_w"": 9.99, ""vram_used_mib"": 84.0}]"
2026-08-16T16:31:55.655606+03:00,1786887115.655606,ctx_008192.txt,1,1,prefill,51.2847965738758,"[93.16239316239316, 31.759656652360515, 63.40425531914894, 16.810344827586206]",15875.55078125,5303.8203125,10571.73046875,33.408732620251115,24575.99609375,370.390625,1.5071235509115142,"[{""index"": 0, ""name"": ""NVIDIA P104-100"", ""pci_bus"": ""00000000:01:00.0"", ""pcie"": ""Gen1 x1"", ""util_pct"": 0.0, ""power_w"": 49.25, ""vram_used_mib"": 7512.0}, {""index"": 1, ""name"": ""NVIDIA P104-100"", ""pci_bus"": ""00000000:02:00.0"", ""pcie"": ""Gen1 x1"", ""util_pct"": 0.0, ""power_w"": 52.28, ""vram_used_mib"": 7120.0}, {""index"": 2, ""name"": ""NVIDIA P104-100"", ""pci_bus"": ""00000000:0A:00.0"", ""pcie"": ""Gen1 x1"", ""util_pct"": 0.0, ""power_w"": 49.5, ""vram_used_mib"": 7860.0}, {""index"": 3, ""name"": ""NVIDIA P104-100"", ""pci_bus"": ""00000000:0C:00.0"", ""pcie"": ""Gen1 x1"", ""util_pct"": 98.0, ""power_w"": 114.69, ""vram_used_mib"": 7490.0}, {""index"": 4, ""name"": ""NVIDIA P104-100"", ""pci_bus"": ""00000000:0D:00.0"", ""pcie"": ""Gen1 x1"", ""util_pct"": 0.0, ""power_w"": 8.95, ""vram_used_mib"": 84.0}, {""index"": 5, ""name"": ""NVIDIA P104-100"", ""pci_bus"": ""00000000:0E:00.0"", ""pcie"": ""Gen1 x1"", ""util_pct"": 0.0, ""power_w"": 9.8, ""vram_used_mib"": 84.0}]"
2026-08-16T16:31:57.791252+03:00,1786887117.791252,ctx_008192.txt,1,1,prefill,39.247943595769684,"[100.0, 20.560747663551403, 7.0754716981132075, 29.107981220657276]",15875.55078125,5323.390625,10552.16015625,33.53200590235427,24575.99609375,370.390625,1.5071235509115142,"[{""index"": 0, ""name"": ""NVIDIA P104-100"", ""pci_bus"": ""00000000:01:00.0"", ""pcie"": ""Gen1 x1"", ""util_pct"": 26.0, ""power_w"": 51.9, ""vram_used_mib"": 7512.0}, {""index"": 1, ""name"": ""NVIDIA P104-100"", ""pci_bus"": ""00000000:02:00.0"", ""pcie"": ""Gen1 x1"", ""util_pct"": 24.0, ""power_w"": 61.44, ""vram_used_mib"": 7120.0}, {""index"": 2, ""name"": ""NVIDIA P104-100"", ""pci_bus"": ""00000000:0A:00.0"", ""pcie"": ""Gen1 x1"", ""util_pct"": 1.0, ""power_w"": 172.57, ""vram_used_mib"": 7860.0}, {""index"": 3, ""name"": ""NVIDIA P104-100"", ""pci_bus"": ""00000000:0C:00.0"", ""pcie"": ""Gen1 x1"", ""util_pct"": 38.0, ""power_w"": 54.43, ""vram_used_mib"": 7490.0}, {""index"": 4, ""name"": ""NVIDIA P104-100"", ""pci_bus"": ""00000000:0D:00.0"", ""pcie"": ""Gen1 x1"", ""util_pct"": 0.0, ""power_w"": 8.85, ""vram_used_mib"": 84.0}, {""index"": 5, ""name"": ""NVIDIA P104-100"", ""pci_bus"": ""00000000:0E:00.0"", ""pcie"": ""Gen1 x1"", ""util_pct"": 0.0, ""power_w"": 9.9, ""vram_used_mib"": 84.0}]"
2026-08-16T16:31:59.910748+03:00,1786887119.910748,ctx_008192.txt,1,1,prefill,38.84297520661157,"[100.0, 34.59715639810427, 14.150943396226415, 6.6350710900473935]",15875.55078125,5273.29296875,10602.2578125,33.216441063437514,24575.99609375,370.390625,1.5071235509115142,"[{""index"": 0, ""name"": ""NVIDIA P104-100"", ""pci_bus"": ""00000000:01:00.0"", ""pcie"": ""Gen1 x1"", ""util_pct"": 31.0, ""power_w"": 169.88, ""vram_used_mib"": 7512.0}, {""index"": 1, ""name"": ""NVIDIA P104-100"", ""pci_bus"": ""00000000:02:00.0"", ""pcie"": ""Gen1 x1"", ""util_pct"": 32.0, ""power_w"": 53.86, ""vram_used_mib"": 7120.0}, {""index"": 2, ""name"": ""NVIDIA P104-100"", ""pci_bus"": ""00000000:0A:00.0"", ""pcie"": ""Gen1 x1"", ""util_pct"": 50.0, ""power_w"": 52.5, ""vram_used_mib"": 7860.0}, {""index"": 3, ""name"": ""NVIDIA P104-100"", ""pci_bus"": ""00000000:0C:00.0"", ""pcie"": ""Gen1 x1"", ""util_pct"": 2.0, ""power_w"": 55.77, ""vram_used_mib"": 7490.0}, {""index"": 4, ""name"": ""NVIDIA P104-100"", ""pci_bus"": ""00000000:0D:00.0"", ""pcie"": ""Gen1 x1"", ""util_pct"": 0.0, ""power_w"": 8.85, ""vram_used_mib"": 84.0}, {""index"": 5, ""name"": ""NVIDIA P104-100"", ""pci_bus"": ""00000000:0E:00.0"", ""pcie"": ""Gen1 x1"", ""util_pct"": 0.0, ""power_w"": 9.7, ""vram_used_mib"": 84.0}]"
2026-08-16T16:32:02.089404+03:00,1786887122.089404,ctx_008192.txt,1,1,prefill,39.930955120828536,"[100.0, 18.34862385321101, 16.129032258064516, 25.229357798165136]",15875.55078125,5256.8203125,10618.73046875,33.11267989963931,24575.99609375,370.390625,1.5071235509115142,"[{""index"": 0, ""name"": ""NVIDIA P104-100"", ""pci_bus"": ""00000000:01:00.0"", ""pcie"": ""Gen1 x1"", ""util_pct"": 19.0, ""power_w"": 52.63, ""vram_used_mib"": 7512.0}, {""index"": 1, ""name"": ""NVIDIA P104-100"", ""pci_bus"": ""00000000:02:00.0"", ""pcie"": ""Gen1 x1"", ""util_pct"": 15.0, ""power_w"": 183.48, ""vram_used_mib"": 7120.0}, {""index"": 2, ""name"": ""NVIDIA P104-100"", ""pci_bus"": ""00000000:0A:00.0"", ""pcie"": ""Gen1 x1"", ""util_pct"": 2.0, ""power_w"": 52.41, ""vram_used_mib"": 7860.0}, {""index"": 3, ""name"": ""NVIDIA P104-100"", ""pci_bus"": ""00000000:0C:00.0"", ""pcie"": ""Gen1 x1"", ""util_pct"": 39.0, ""power_w"": 53.81, ""vram_used_mib"": 7490.0}, {""index"": 4, ""name"": ""NVIDIA P104-100"", ""pci_bus"": ""00000000:0D:00.0"", ""pcie"": ""Gen1 x1"", ""util_pct"": 0.0, ""power_w"": 8.84, ""vram_used_mib"": 84.0}, {""index"": 5, ""name"": ""NVIDIA P104-100"", ""pci_bus"": ""00000000:0E:00.0"", ""pcie"": ""Gen1 x1"", ""util_pct"": 0.0, ""power_w"": 9.99, ""vram_used_mib"": 84.0}]"
2026-08-16T16:32:04.236271+03:00,1786887124.236271,ctx_008192.txt,1,1,prefill,40.070093457943926,"[100.0, 18.69158878504673, 15.09433962264151, 25.700934579439252]",15875.55078125,5287.51953125,10588.03125,33.306054096056215,24575.99609375,370.390625,1.5071235509115142,"[{""index"": 0, ""name"": ""NVIDIA P104-100"", ""pci_bus"": ""00000000:01:00.0"", ""pcie"": ""Gen1 x1"", ""util_pct"": 50.0, ""power_w"": 52.03, ""vram_used_mib"": 7512.0}, {""index"": 1, ""name"": ""NVIDIA P104-100"", ""pci_bus"": ""00000000:02:00.0"", ""pcie"": ""Gen1 x1"", ""util_pct"": 50.0, ""power_w"": 54.85, ""vram_used_mib"": 7120.0}, {""index"": 2, ""name"": ""NVIDIA P104-100"", ""pci_bus"": ""00000000:0A:00.0"", ""pcie"": ""Gen1 x1"", ""util_pct"": 42.0, ""power_w"": 107.9, ""vram_used_mib"": 7860.0}, {""index"": 3, ""name"": ""NVIDIA P104-100"", ""pci_bus"": ""00000000:0C:00.0"", ""pcie"": ""Gen1 x1"", ""util_pct"": 0.0, ""power_w"": 109.73, ""vram_used_mib"": 7490.0}, {""index"": 4, ""name"": ""NVIDIA P104-100"", ""pci_bus"": ""00000000:0D:00.0"", ""pcie"": ""Gen1 x1"", ""util_pct"": 0.0, ""power_w"": 8.94, ""vram_used_mib"": 84.0}, {""index"": 5, ""name"": ""NVIDIA P104-100"", ""pci_bus"": ""00000000:0E:00.0"", ""pcie"": ""Gen1 x1"", ""util_pct"": 0.0, ""power_w"": 9.89, ""vram_used_mib"": 84.0}]"
2026-08-16T16:32:06.358912+03:00,1786887126.358912,ctx_008192.txt,1,1,prefill,38.96103896103896,"[100.0, 19.43127962085308, 12.796208530805687, 23.58490566037736]",15875.55078125,5299.4609375,10576.08984375,33.381272943040116,24575.99609375,370.390625,1.5071235509115142,"[{""index"": 0, ""name"": ""NVIDIA P104-100"", ""pci_bus"": ""00000000:01:00.0"", ""pcie"": ""Gen1 x1"", ""util_pct"": 0.0, ""power_w"": 167.58, ""vram_used_mib"": 7512.0}, {""index"": 1, ""name"": ""NVIDIA P104-100"", ""pci_bus"": ""00000000:02:00.0"", ""pcie"": ""Gen1 x1"", ""util_pct"": 1.0, ""power_w"": 54.35, ""vram_used_mib"": 7120.0}, {""index"": 2, ""name"": ""NVIDIA P104-100"", ""pci_bus"": ""00000000:0A:00.0"", ""pcie"": ""Gen1 x1"", ""util_pct"": 29.0, ""power_w"": 52.5, ""vram_used_mib"": 7860.0}, {""index"": 3, ""name"": ""NVIDIA P104-100"", ""pci_bus"": ""00000000:0C:00.0"", ""pcie"": ""Gen1 x1"", ""util_pct"": 39.0, ""power_w"": 54.58, ""vram_used_mib"": 7490.0}, {""index"": 4, ""name"": ""NVIDIA P104-100"", ""pci_bus"": ""00000000:0D:00.0"", ""pcie"": ""Gen1 x1"", ""util_pct"": 0.0, ""power_w"": 8.75, ""vram_used_mib"": 84.0}, {""index"": 5, ""name"": ""NVIDIA P104-100"", ""pci_bus"": ""00000000:0E:00.0"", ""pcie"": ""Gen1 x1"", ""util_pct"": 0.0, ""power_w"": 9.9, ""vram_used_mib"": 84.0}]"
2026-08-16T16:32:08.540674+03:00,1786887128.540674,ctx_008192.txt,1,1,prefill,39.70080552359033,"[100.0, 19.35483870967742, 27.314814814814813, 11.059907834101383]",15875.55078125,5322.91015625,10552.640625,33.52897943255414,24575.99609375,370.390625,1.5071235509115142,"[{""index"": 0, ""name"": ""NVIDIA P104-100"", ""pci_bus"": ""00000000:01:00.0"", ""pcie"": ""Gen1 x1"", ""util_pct"": 55.0, ""power_w"": 52.4, ""vram_used_mib"": 7512.0}, {""index"": 1, ""name"": ""NVIDIA P104-100"", ""pci_bus"": ""00000000:02:00.0"", ""pcie"": ""Gen1 x1"", ""util_pct"": 1.0, ""power_w"": 137.98, ""vram_used_mib"": 7120.0}, {""index"": 2, ""name"": ""NVIDIA P104-100"", ""pci_bus"": ""00000000:0A:00.0"", ""pcie"": ""Gen1 x1"", ""util_pct"": 6.0, ""power_w"": 175.19, ""vram_used_mib"": 7860.0}, {""index"": 3, ""name"": ""NVIDIA P104-100"", ""pci_bus"": ""00000000:0C:00.0"", ""pcie"": ""Gen1 x1"", ""util_pct"": 1.0, ""power_w"": 54.33, ""vram_used_mib"": 7490.0}, {""index"": 4, ""name"": ""NVIDIA P104-100"", ""pci_bus"": ""00000000:0D:00.0"", ""pcie"": ""Gen1 x1"", ""util_pct"": 0.0, ""power_w"": 8.95, ""vram_used_mib"": 84.0}, {""index"": 5, ""name"": ""NVIDIA P104-100"", ""pci_bus"": ""00000000:0E:00.0"", ""pcie"": ""Gen1 x1"", ""util_pct"": 0.0, ""power_w"": 9.8, ""vram_used_mib"": 84.0}]"
2026-08-16T16:32:10.738176+03:00,1786887130.738176,ctx_008192.txt,1,1,prefill,40.31890660592255,"[100.0, 20.361990950226243, 24.09090909090909, 17.35159817351598]",15875.55078125,5308.66015625,10566.890625,33.43921876726226,24575.99609375,370.390625,1.5071235509115142,"[{""index"": 0, ""name"": ""NVIDIA P104-100"", ""pci_bus"": ""00000000:01:00.0"", ""pcie"": ""Gen1 x1"", ""util_pct"": 14.0, ""power_w"": 52.15, ""vram_used_mib"": 7512.0}, {""index"": 1, ""name"": ""NVIDIA P104-100"", ""pci_bus"": ""00000000:02:00.0"", ""pcie"": ""Gen1 x1"", ""util_pct"": 92.0, ""power_w"": 53.94, ""vram_used_mib"": 7120.0}, {""index"": 2, ""name"": ""NVIDIA P104-100"", ""pci_bus"": ""00000000:0A:00.0"", ""pcie"": ""Gen1 x1"", ""util_pct"": 70.0, ""power_w"": 54.02, ""vram_used_mib"": 7860.0}, {""index"": 3, ""name"": ""NVIDIA P104-100"", ""pci_bus"": ""00000000:0C:00.0"", ""pcie"": ""Gen1 x1"", ""util_pct"": 57.0, ""power_w"": 187.52, ""vram_used_mib"": 7490.0}, {""index"": 4, ""name"": ""NVIDIA P104-100"", ""pci_bus"": ""00000000:0D:00.0"", ""pcie"": ""Gen1 x1"", ""util_pct"": 0.0, ""power_w"": 8.74, ""vram_used_mib"": 84.0}, {""index"": 5, ""name"": ""NVIDIA P104-100"", ""pci_bus"": ""00000000:0E:00.0"", ""pcie"": ""Gen1 x1"", ""util_pct"": 0.0, ""power_w"": 9.79, ""vram_used_mib"": 84.0}]"
2026-08-16T16:32:12.875051+03:00,1786887132.875051,ctx_008192.txt,1,1,prefill,39.671361502347416,"[100.0, 17.452830188679247, 14.553990610328638, 26.635514018691588]",15875.55078125,5348.50390625,10527.046875,33.690194311663895,24575.99609375,370.390625,1.5071235509115142,"[{""index"": 0, ""name"": ""NVIDIA P104-100"", ""pci_bus"": ""00000000:01:00.0"", ""pcie"": ""Gen1 x1"", ""util_pct"": 67.0, ""power_w"": 172.57, ""vram_used_mib"": 7512.0}, {""index"": 1, ""name"": ""NVIDIA P104-100"", ""pci_bus"": ""00000000:02:00.0"", ""pcie"": ""Gen1 x1"", ""util_pct"": 2.0, ""power_w"": 180.77, ""vram_used_mib"": 7120.0}, {""index"": 2, ""name"": ""NVIDIA P104-100"", ""pci_bus"": ""00000000:0A:00.0"", ""pcie"": ""Gen1 x1"", ""util_pct"": 50.0, ""power_w"": 52.22, ""vram_used_mib"": 7860.0}, {""index"": 3, ""name"": ""NVIDIA P104-100"", ""pci_bus"": ""00000000:0C:00.0"", ""pcie"": ""Gen1 x1"", ""util_pct"": 38.0, ""power_w"": 53.9, ""vram_used_mib"": 7490.0}, {""index"": 4, ""name"": ""NVIDIA P104-100"", ""pci_bus"": ""00000000:0D:00.0"", ""pcie"": ""Gen1 x1"", ""util_pct"": 0.0, ""power_w"": 9.04, ""vram_used_mib"": 84.0}, {""index"": 5, ""name"": ""NVIDIA P104-100"", ""pci_bus"": ""00000000:0E:00.0"", ""pcie"": ""Gen1 x1"", ""util_pct"": 0.0, ""power_w"": 9.54, ""vram_used_mib"": 84.0}]"
2026-08-16T16:32:14.992526+03:00,1786887134.992526,ctx_008192.txt,1,1,prefill,38.46153846153846,"[100.0, 18.95734597156398, 23.696682464454977, 10.90047393364929]",15875.55078125,5289.87109375,10585.6796875,33.32086657426502,24575.99609375,370.390625,1.5071235509115142,"[{""index"": 0, ""name"": ""NVIDIA P104-100"", ""pci_bus"": ""00000000:01:00.0"", ""pcie"": ""Gen1 x1"", ""util_pct"": 23.0, ""power_w"": 51.52, ""vram_used_mib"": 7512.0}, {""index"": 1, ""name"": ""NVIDIA P104-100"", ""pci_bus"": ""00000000:02:00.0"", ""pcie"": ""Gen1 x1"", ""util_pct"": 36.0, ""power_w"": 54.45, ""vram_used_mib"": 7120.0}, {""index"": 2, ""name"": ""NVIDIA P104-100"", ""pci_bus"": ""00000000:0A:00.0"", ""pcie"": ""Gen1 x1"", ""util_pct"": 1.0, ""power_w"": 185.26, ""vram_used_mib"": 7860.0}, {""index"": 3, ""name"": ""NVIDIA P104-100"", ""pci_bus"": ""00000000:0C:00.0"", ""pcie"": ""Gen1 x1"", ""util_pct"": 30.0, ""power_w"": 53.59, ""vram_used_mib"": 7490.0}, {""index"": 4, ""name"": ""NVIDIA P104-100"", ""pci_bus"": ""00000000:0D:00.0"", ""pcie"": ""Gen1 x1"", ""util_pct"": 0.0, ""power_w"": 8.75, ""vram_used_mib"": 84.0}, {""index"": 5, ""name"": ""NVIDIA P104-100"", ""pci_bus"": ""00000000:0E:00.0"", ""pcie"": ""Gen1 x1"", ""util_pct"": 0.0, ""power_w"": 9.8, ""vram_used_mib"": 84.0}]"
2026-08-16T16:32:17.168242+03:00,1786887137.168242,ctx_008192.txt,1,1,prefill,43.483275663206456,"[99.53917050691244, 30.87557603686636, 25.34562211981567, 17.757009345794394]",15875.55078125,5253.79296875,10621.7578125,33.093610679353894,24575.99609375,370.390625,1.5071235509115142,"[{""index"": 0, ""name"": ""NVIDIA P104-100"", ""pci_bus"": ""00000000:01:00.0"", ""pcie"": ""Gen1 x1"", ""util_pct"": 56.0, ""power_w"": 52.05, ""vram_used_mib"": 7512.0}, {""index"": 1, ""name"": ""NVIDIA P104-100"", ""pci_bus"": ""00000000:02:00.0"", ""pcie"": ""Gen1 x1"", ""util_pct"": 51.0, ""power_w"": 54.34, ""vram_used_mib"": 7120.0}, {""index"": 2, ""name"": ""NVIDIA P104-100"", ""pci_bus"": ""00000000:0A:00.0"", ""pcie"": ""Gen1 x1"", ""util_pct"": 36.0, ""power_w"": 55.44, ""vram_used_mib"": 7860.0}, {""index"": 3, ""name"": ""NVIDIA P104-100"", ""pci_bus"": ""00000000:0C:00.0"", ""pcie"": ""Gen1 x1"", ""util_pct"": 0.0, ""power_w"": 54.68, ""vram_used_mib"": 7490.0}, {""index"": 4, ""name"": ""NVIDIA P104-100"", ""pci_bus"": ""00000000:0D:00.0"", ""pcie"": ""Gen1 x1"", ""util_pct"": 0.0, ""power_w"": 8.85, ""vram_used_mib"": 84.0}, {""index"": 5, ""name"": ""NVIDIA P104-100"", ""pci_bus"": ""00000000:0E:00.0"", ""pcie"": ""Gen1 x1"", ""util_pct"": 0.0, ""power_w"": 9.9, ""vram_used_mib"": 84.0}]"
2026-08-16T16:32:19.863892+03:00,1786887139.863892,ctx_008192.txt,1,1,prefill,47.201492537313435,"[52.22222222222222, 19.33085501858736, 100.0, 16.60377358490566]",15875.55078125,5348.28515625,10527.265625,33.68881640671424,24575.99609375,370.38671875,1.5071076563370476,"[{""index"": 0, ""name"": ""NVIDIA P104-100"", ""pci_bus"": ""00000000:01:00.0"", ""pcie"": ""Gen1 x1"", ""util_pct"": 51.0, ""power_w"": 51.88, ""vram_used_mib"": 7512.0}, {""index"": 1, ""name"": ""NVIDIA P104-100"", ""pci_bus"": ""00000000:02:00.0"", ""pcie"": ""Gen1 x1"", ""util_pct"": 51.0, ""power_w"": 54.45, ""vram_used_mib"": 7120.0}, {""index"": 2, ""name"": ""NVIDIA P104-100"", ""pci_bus"": ""00000000:0A:00.0"", ""pcie"": ""Gen1 x1"", ""util_pct"": 1.0, ""power_w"": 182.33, ""vram_used_mib"": 7860.0}, {""index"": 3, ""name"": ""NVIDIA P104-100"", ""pci_bus"": ""00000000:0C:00.0"", ""pcie"": ""Gen1 x1"", ""util_pct"": 9.0, ""power_w"": 54.33, ""vram_used_mib"": 7490.0}, {""index"": 4, ""name"": ""NVIDIA P104-100"", ""pci_bus"": ""00000000:0D:00.0"", ""pcie"": ""Gen1 x1"", ""util_pct"": 0.0, ""power_w"": 8.95, ""vram_used_mib"": 84.0}, {""index"": 5, ""name"": ""NVIDIA P104-100"", ""pci_bus"": ""00000000:0E:00.0"", ""pcie"": ""Gen1 x1"", ""util_pct"": 0.0, ""power_w"": 9.8, ""vram_used_mib"": 84.0}]"
2026-08-16T16:32:21.996853+03:00,1786887141.996853,ctx_008192.txt,1,1,prefill,38.77790834312574,"[11.320754716981131, 22.748815165876778, 100.0, 20.187793427230048]",15875.55078125,5290.27734375,10585.2734375,33.32342554060009,24575.99609375,370.38671875,1.5071076563370476,"[{""index"": 0, ""name"": ""NVIDIA P104-100"", ""pci_bus"": ""00000000:01:00.0"", ""pcie"": ""Gen1 x1"", ""util_pct"": 4.0, ""power_w"": 138.75, ""vram_used_mib"": 7512.0}, {""index"": 1, ""name"": ""NVIDIA P104-100"", ""pci_bus"": ""00000000:02:00.0"", ""pcie"": ""Gen1 x1"", ""util_pct"": 42.0, ""power_w"": 54.61, ""vram_used_mib"": 7120.0}, {""index"": 2, ""name"": ""NVIDIA P104-100"", ""pci_bus"": ""00000000:0A:00.0"", ""pcie"": ""Gen1 x1"", ""util_pct"": 48.0, ""power_w"": 53.29, ""vram_used_mib"": 7860.0}, {""index"": 3, ""name"": ""NVIDIA P104-100"", ""pci_bus"": ""00000000:0C:00.0"", ""pcie"": ""Gen1 x1"", ""util_pct"": 0.0, ""power_w"": 66.6, ""vram_used_mib"": 7490.0}, {""index"": 4, ""name"": ""NVIDIA P104-100"", ""pci_bus"": ""00000000:0D:00.0"", ""pcie"": ""Gen1 x1"", ""util_pct"": 0.0, ""power_w"": 8.75, ""vram_used_mib"": 84.0}, {""index"": 5, ""name"": ""NVIDIA P104-100"", ""pci_bus"": ""00000000:0E:00.0"", ""pcie"": ""Gen1 x1"", ""util_pct"": 0.0, ""power_w"": 9.8, ""vram_used_mib"": 84.0}]"
2026-08-16T16:32:24.177654+03:00,1786887144.177654,ctx_008192.txt,1,1,prefill,40.11494252873563,"[24.88479262672811, 18.72146118721461, 100.0, 17.51152073732719]",15875.55078125,5295.08984375,10580.4609375,33.35373944949252,24575.99609375,370.375,1.5070599726136482,"[{""index"": 0, ""name"": ""NVIDIA P104-100"", ""pci_bus"": ""00000000:01:00.0"", ""pcie"": ""Gen1 x1"", ""util_pct"": 6.0, ""power_w"": 165.9, ""vram_used_mib"": 7512.0}, {""index"": 1, ""name"": ""NVIDIA P104-100"", ""pci_bus"": ""00000000:02:00.0"", ""pcie"": ""Gen1 x1"", ""util_pct"": 1.0, ""power_w"": 53.96, ""vram_used_mib"": 7120.0}, {""index"": 2, ""name"": ""NVIDIA P104-100"", ""pci_bus"": ""00000000:0A:00.0"", ""pcie"": ""Gen1 x1"", ""util_pct"": 52.0, ""power_w"": 52.78, ""vram_used_mib"": 7860.0}, {""index"": 3, ""name"": ""NVIDIA P104-100"", ""pci_bus"": ""00000000:0C:00.0"", ""pcie"": ""Gen1 x1"", ""util_pct"": 32.0, ""power_w"": 55.77, ""vram_used_mib"": 7490.0}, {""index"": 4, ""name"": ""NVIDIA P104-100"", ""pci_bus"": ""00000000:0D:00.0"", ""pcie"": ""Gen1 x1"", ""util_pct"": 0.0, ""power_w"": 9.15, ""vram_used_mib"": 84.0}, {""index"": 5, ""name"": ""NVIDIA P104-100"", ""pci_bus"": ""00000000:0E:00.0"", ""pcie"": ""Gen1 x1"", ""util_pct"": 0.0, ""power_w"": 9.8, ""vram_used_mib"": 84.0}]"
2026-08-16T16:32:26.313732+03:00,1786887146.313732,ctx_008192.txt,1,1,prefill,40.093786635404456,"[14.953271028037383, 21.12676056338028, 100.0, 23.58490566037736]",15875.55078125,5286.74609375,10588.8046875,33.30118221784136,24575.99609375,370.37109375,1.5070440780391816,"[{""index"": 0, ""name"": ""NVIDIA P104-100"", ""pci_bus"": ""00000000:01:00.0"", ""pcie"": ""Gen1 x1"", ""util_pct"": 0.0, ""power_w"": 172.18, ""vram_used_mib"": 7512.0}, {""index"": 1, ""name"": ""NVIDIA P104-100"", ""pci_bus"": ""00000000:02:00.0"", ""pcie"": ""Gen1 x1"", ""util_pct"": 52.0, ""power_w"": 54.35, ""vram_used_mib"": 7120.0}, {""index"": 2, ""name"": ""NVIDIA P104-100"", ""pci_bus"": ""00000000:0A:00.0"", ""pcie"": ""Gen1 x1"", ""util_pct"": 14.0, ""power_w"": 52.77, ""vram_used_mib"": 7860.0}, {""index"": 3, ""name"": ""NVIDIA P104-100"", ""pci_bus"": ""00000000:0C:00.0"", ""pcie"": ""Gen1 x1"", ""util_pct"": 40.0, ""power_w"": 55.92, ""vram_used_mib"": 7490.0}, {""index"": 4, ""name"": ""NVIDIA P104-100"", ""pci_bus"": ""00000000:0D:00.0"", ""pcie"": ""Gen1 x1"", ""util_pct"": 0.0, ""power_w"": 9.05, ""vram_used_mib"": 84.0}, {""index"": 5, ""name"": ""NVIDIA P104-100"", ""pci_bus"": ""00000000:0E:00.0"", ""pcie"": ""Gen1 x1"", ""util_pct"": 0.0, ""power_w"": 9.7, ""vram_used_mib"": 84.0}]"
2026-08-16T16:32:28.434307+03:00,1786887148.434307,ctx_008192.txt,1,1,prefill,38.60684769775679,"[13.270142180094787, 9.523809523809524, 100.0, 30.805687203791468]",15875.55078125,5280.2578125,10595.29296875,33.26031257281674,24575.99609375,370.37109375,1.5070440780391816,"[{""index"": 0, ""name"": ""NVIDIA P104-100"", ""pci_bus"": ""00000000:01:00.0"", ""pcie"": ""Gen1 x1"", ""util_pct"": 31.0, ""power_w"": 53.47, ""vram_used_mib"": 7512.0}, {""index"": 1, ""name"": ""NVIDIA P104-100"", ""pci_bus"": ""00000000:02:00.0"", ""pcie"": ""Gen1 x1"", ""util_pct"": 12.0, ""power_w"": 185.05, ""vram_used_mib"": 7120.0}, {""index"": 2, ""name"": ""NVIDIA P104-100"", ""pci_bus"": ""00000000:0A:00.0"", ""pcie"": ""Gen1 x1"", ""util_pct"": 2.0, ""power_w"": 52.41, ""vram_used_mib"": 7860.0}, {""index"": 3, ""name"": ""NVIDIA P104-100"", ""pci_bus"": ""00000000:0C:00.0"", ""pcie"": ""Gen1 x1"", ""util_pct"": 26.0, ""power_w"": 53.81, ""vram_used_mib"": 7490.0}, {""index"": 4, ""name"": ""NVIDIA P104-100"", ""pci_bus"": ""00000000:0D:00.0"", ""pcie"": ""Gen1 x1"", ""util_pct"": 0.0, ""power_w"": 8.84, ""vram_used_mib"": 84.0}, {""index"": 5, ""name"": ""NVIDIA P104-100"", ""pci_bus"": ""00000000:0E:00.0"", ""pcie"": ""Gen1 x1"", ""util_pct"": 0.0, ""power_w"": 9.89, ""vram_used_mib"": 84.0}]"
2026-08-16T16:32:30.618210+03:00,1786887150.618210,ctx_008192.txt,1,1,prefill,40.068886337543056,"[30.73394495412844, 11.926605504587156, 100.0, 17.80821917808219]",15875.55078125,5293.01953125,10582.53125,33.340698563361855,24575.99609375,370.37109375,1.5070440780391816,"[{""index"": 0, ""name"": ""NVIDIA P104-100"", ""pci_bus"": ""00000000:01:00.0"", ""pcie"": ""Gen1 x1"", ""util_pct"": 57.0, ""power_w"": 53.47, ""vram_used_mib"": 7512.0}, {""index"": 1, ""name"": ""NVIDIA P104-100"", ""pci_bus"": ""00000000:02:00.0"", ""pcie"": ""Gen1 x1"", ""util_pct"": 1.0, ""power_w"": 185.07, ""vram_used_mib"": 7120.0}, {""index"": 2, ""name"": ""NVIDIA P104-100"", ""pci_bus"": ""00000000:0A:00.0"", ""pcie"": ""Gen1 x1"", ""util_pct"": 42.0, ""power_w"": 53.15, ""vram_used_mib"": 7860.0}, {""index"": 3, ""name"": ""NVIDIA P104-100"", ""pci_bus"": ""00000000:0C:00.0"", ""pcie"": ""Gen1 x1"", ""util_pct"": 39.0, ""power_w"": 54.39, ""vram_used_mib"": 7490.0}, {""index"": 4, ""name"": ""NVIDIA P104-100"", ""pci_bus"": ""00000000:0D:00.0"", ""pcie"": ""Gen1 x1"", ""util_pct"": 0.0, ""power_w"": 8.84, ""vram_used_mib"": 84.0}, {""index"": 5, ""name"": ""NVIDIA P104-100"", ""pci_bus"": ""00000000:0E:00.0"", ""pcie"": ""Gen1 x1"", ""util_pct"": 0.0, ""power_w"": 9.79, ""vram_used_mib"": 84.0}]"
2026-08-16T16:32:32.755750+03:00,1786887152.755750,ctx_008192.txt,1,1,prefill,40.56271981242673,"[15.023474178403756, 28.63849765258216, 100.0, 18.779342723004696]",15875.55078125,5261.1875,10614.36328125,33.14018878774137,24575.99609375,370.37109375,1.5070440780391816,"[{""index"": 0, ""name"": ""NVIDIA P104-100"", ""pci_bus"": ""00000000:01:00.0"", ""pcie"": ""Gen1 x1"", ""util_pct"": 57.0, ""power_w"": 52.63, ""vram_used_mib"": 7512.0}, {""index"": 1, ""name"": ""NVIDIA P104-100"", ""pci_bus"": ""00000000:02:00.0"", ""pcie"": ""Gen1 x1"", ""util_pct"": 8.0, ""power_w"": 182.6, ""vram_used_mib"": 7120.0}, {""index"": 2, ""name"": ""NVIDIA P104-100"", ""pci_bus"": ""00000000:0A:00.0"", ""pcie"": ""Gen1 x1"", ""util_pct"": 10.0, ""power_w"": 52.41, ""vram_used_mib"": 7860.0}, {""index"": 3, ""name"": ""NVIDIA P104-100"", ""pci_bus"": ""00000000:0C:00.0"", ""pcie"": ""Gen1 x1"", ""util_pct"": 46.0, ""power_w"": 55.54, ""vram_used_mib"": 7490.0}, {""index"": 4, ""name"": ""NVIDIA P104-100"", ""pci_bus"": ""00000000:0D:00.0"", ""pcie"": ""Gen1 x1"", ""util_pct"": 0.0, ""power_w"": 8.74, ""vram_used_mib"": 84.0}, {""index"": 5, ""name"": ""NVIDIA P104-100"", ""pci_bus"": ""00000000:0E:00.0"", ""pcie"": ""Gen1 x1"", ""util_pct"": 0.0, ""power_w"": 9.44, ""vram_used_mib"": 84.0}]"
2026-08-16T16:32:34.875846+03:00,1786887154.875846,ctx_008192.txt,1,1,prefill,39.00709219858156,"[10.42654028436019, 22.641509433962263, 100.0, 22.38095238095238]",15875.55078125,5329.9765625,10545.57421875,33.57349068351713,24575.99609375,370.37109375,1.5070440780391816,"[{""index"": 0, ""name"": ""NVIDIA P104-100"", ""pci_bus"": ""00000000:01:00.0"", ""pcie"": ""Gen1 x1"", ""util_pct"": 63.0, ""power_w"": 52.56, ""vram_used_mib"": 7512.0}, {""index"": 1, ""name"": ""NVIDIA P104-100"", ""pci_bus"": ""00000000:02:00.0"", ""pcie"": ""Gen1 x1"", ""util_pct"": 88.0, ""power_w"": 112.02, ""vram_used_mib"": 7120.0}, {""index"": 2, ""name"": ""NVIDIA P104-100"", ""pci_bus"": ""00000000:0A:00.0"", ""pcie"": ""Gen1 x1"", ""util_pct"": 28.0, ""power_w"": 181.72, ""vram_used_mib"": 7860.0}, {""index"": 3, ""name"": ""NVIDIA P104-100"", ""pci_bus"": ""00000000:0C:00.0"", ""pcie"": ""Gen1 x1"", ""util_pct"": 0.0, ""power_w"": 151.3, ""vram_used_mib"": 7490.0}, {""index"": 4, ""name"": ""NVIDIA P104-100"", ""pci_bus"": ""00000000:0D:00.0"", ""pcie"": ""Gen1 x1"", ""util_pct"": 0.0, ""power_w"": 9.05, ""vram_used_mib"": 84.0}, {""index"": 5, ""name"": ""NVIDIA P104-100"", ""pci_bus"": ""00000000:0E:00.0"", ""pcie"": ""Gen1 x1"", ""util_pct"": 0.0, ""power_w"": 9.6, ""vram_used_mib"": 84.0}]"
2026-08-16T16:32:37.081336+03:00,1786887157.081336,ctx_008192.txt,1,1,prefill,39.38706015891033,"[24.545454545454547, 16.216216216216218, 100.0, 17.272727272727273]",15875.55078125,5321.80859375,10553.7421875,33.5220406969148,24575.99609375,370.37109375,1.5070440780391816,"[{""index"": 0, ""name"": ""NVIDIA P104-100"", ""pci_bus"": ""00000000:01:00.0"", ""pcie"": ""Gen1 x1"", ""util_pct"": 0.0, ""power_w"": 169.01, ""vram_used_mib"": 7512.0}, {""index"": 1, ""name"": ""NVIDIA P104-100"", ""pci_bus"": ""00000000:02:00.0"", ""pcie"": ""Gen1 x1"", ""util_pct"": 2.0, ""power_w"": 53.71, ""vram_used_mib"": 7120.0}, {""index"": 2, ""name"": ""NVIDIA P104-100"", ""pci_bus"": ""00000000:0A:00.0"", ""pcie"": ""Gen1 x1"", ""util_pct"": 2.0, ""power_w"": 47.97, ""vram_used_mib"": 7860.0}, {""index"": 3, ""name"": ""NVIDIA P104-100"", ""pci_bus"": ""00000000:0C:00.0"", ""pcie"": ""Gen1 x1"", ""util_pct"": 86.0, ""power_w"": 55.82, ""vram_used_mib"": 7490.0}, {""index"": 4, ""name"": ""NVIDIA P104-100"", ""pci_bus"": ""00000000:0D:00.0"", ""pcie"": ""Gen1 x1"", ""util_pct"": 0.0, ""power_w"": 8.95, ""vram_used_mib"": 84.0}, {""index"": 5, ""name"": ""NVIDIA P104-100"", ""pci_bus"": ""00000000:0E:00.0"", ""pcie"": ""Gen1 x1"", ""util_pct"": 0.0, ""power_w"": 9.55, ""vram_used_mib"": 84.0}]"
2026-08-16T16:32:39.225186+03:00,1786887159.225186,ctx_008192.txt,1,1,prefill,40.23391812865497,"[11.682242990654206, 14.084507042253522, 100.0, 34.883720930232556]",15875.55078125,5287.6328125,10587.91796875,33.30676765397657,24575.99609375,370.3671875,1.5070281834647152,"[{""index"": 0, ""name"": ""NVIDIA P104-100"", ""pci_bus"": ""00000000:01:00.0"", ""pcie"": ""Gen1 x1"", ""util_pct"": 28.0, ""power_w"": 168.7, ""vram_used_mib"": 7512.0}, {""index"": 1, ""name"": ""NVIDIA P104-100"", ""pci_bus"": ""00000000:02:00.0"", ""pcie"": ""Gen1 x1"", ""util_pct"": 41.0, ""power_w"": 180.48, ""vram_used_mib"": 7120.0}, {""index"": 2, ""name"": ""NVIDIA P104-100"", ""pci_bus"": ""00000000:0A:00.0"", ""pcie"": ""Gen1 x1"", ""util_pct"": 4.0, ""power_w"": 52.08, ""vram_used_mib"": 7860.0}, {""index"": 3, ""name"": ""NVIDIA P104-100"", ""pci_bus"": ""00000000:0C:00.0"", ""pcie"": ""Gen1 x1"", ""util_pct"": 28.0, ""power_w"": 53.88, ""vram_used_mib"": 7490.0}, {""index"": 4, ""name"": ""NVIDIA P104-100"", ""pci_bus"": ""00000000:0D:00.0"", ""pcie"": ""Gen1 x1"", ""util_pct"": 0.0, ""power_w"": 8.94, ""vram_used_mib"": 84.0}, {""index"": 5, ""name"": ""NVIDIA P104-100"", ""pci_bus"": ""00000000:0E:00.0"", ""pcie"": ""Gen1 x1"", ""util_pct"": 0.0, ""power_w"": 9.54, ""vram_used_mib"": 84.0}]"
2026-08-16T16:32:41.346787+03:00,1786887161.346787,ctx_008192.txt,1,1,decode,49.11032028469751,"[59.905660377358494, 18.95734597156398, 100.0, 16.826923076923077]",15875.55078125,5207.3203125,10668.23046875,32.800879693888575,24575.99609375,370.3671875,1.5070281834647152,"[{""index"": 0, ""name"": ""NVIDIA P104-100"", ""pci_bus"": ""00000000:01:00.0"", ""pcie"": ""Gen1 x1"", ""util_pct"": 39.0, ""power_w"": 170.95, ""vram_used_mib"": 7512.0}, {""index"": 1, ""name"": ""NVIDIA P104-100"", ""pci_bus"": ""00000000:02:00.0"", ""pcie"": ""Gen1 x1"", ""util_pct"": 2.0, ""power_w"": 54.45, ""vram_used_mib"": 7120.0}, {""index"": 2, ""name"": ""NVIDIA P104-100"", ""pci_bus"": ""00000000:0A:00.0"", ""pcie"": ""Gen1 x1"", ""util_pct"": 54.0, ""power_w"": 53.26, ""vram_used_mib"": 7860.0}, {""index"": 3, ""name"": ""NVIDIA P104-100"", ""pci_bus"": ""00000000:0C:00.0"", ""pcie"": ""Gen1 x1"", ""util_pct"": 25.0, ""power_w"": 53.59, ""vram_used_mib"": 7490.0}, {""index"": 4, ""name"": ""NVIDIA P104-100"", ""pci_bus"": ""00000000:0D:00.0"", ""pcie"": ""Gen1 x1"", ""util_pct"": 0.0, ""power_w"": 8.84, ""vram_used_mib"": 84.0}, {""index"": 5, ""name"": ""NVIDIA P104-100"", ""pci_bus"": ""00000000:0E:00.0"", ""pcie"": ""Gen1 x1"", ""util_pct"": 0.0, ""power_w"": 9.65, ""vram_used_mib"": 84.0}]"
2026-08-16T16:32:43.773073+03:00,1786887163.773073,ctx_008192.txt,1,1,decode,42.414860681114554,"[40.082644628099175, 14.522821576763485, 100.0, 14.462809917355372]",15875.55078125,5386.609375,10488.94140625,33.930220432804866,24575.99609375,370.3671875,1.5070281834647152,"[{""index"": 0, ""name"": ""NVIDIA P104-100"", ""pci_bus"": ""00000000:01:00.0"", ""pcie"": ""Gen1 x1"", ""util_pct"": 87.0, ""power_w"": 51.82, ""vram_used_mib"": 7512.0}, {""index"": 1, ""name"": ""NVIDIA P104-100"", ""pci_bus"": ""00000000:02:00.0"", ""pcie"": ""Gen1 x1"", ""util_pct"": 31.0, ""power_w"": 52.75, ""vram_used_mib"": 7120.0}, {""index"": 2, ""name"": ""NVIDIA P104-100"", ""pci_bus"": ""00000000:0A:00.0"", ""pcie"": ""Gen1 x1"", ""util_pct"": 0.0, ""power_w"": 52.2, ""vram_used_mib"": 7860.0}, {""index"": 3, ""name"": ""NVIDIA P104-100"", ""pci_bus"": ""00000000:0C:00.0"", ""pcie"": ""Gen1 x1"", ""util_pct"": 0.0, ""power_w"": 55.32, ""vram_used_mib"": 7490.0}, {""index"": 4, ""name"": ""NVIDIA P104-100"", ""pci_bus"": ""00000000:0D:00.0"", ""pcie"": ""Gen1 x1"", ""util_pct"": 0.0, ""power_w"": 8.85, ""vram_used_mib"": 84.0}, {""index"": 5, ""name"": ""NVIDIA P104-100"", ""pci_bus"": ""00000000:0E:00.0"", ""pcie"": ""Gen1 x1"", ""util_pct"": 0.0, ""power_w"": 9.7, ""vram_used_mib"": 84.0}]"
2026-08-16T16:32:45.897358+03:00,1786887165.897358,ctx_008192.txt,1,1,decode,38.01652892561984,"[33.0188679245283, 7.981220657276995, 100.0, 11.320754716981131]",15875.55078125,5575.4609375,10300.08984375,35.11979530237755,24575.99609375,370.3671875,1.5070281834647152,"[{""index"": 0, ""name"": ""NVIDIA P104-100"", ""pci_bus"": ""00000000:01:00.0"", ""pcie"": ""Gen1 x1"", ""util_pct"": 9.0, ""power_w"": 52.07, ""vram_used_mib"": 7512.0}, {""index"": 1, ""name"": ""NVIDIA P104-100"", ""pci_bus"": ""00000000:02:00.0"", ""pcie"": ""Gen1 x1"", ""util_pct"": 26.0, ""power_w"": 52.96, ""vram_used_mib"": 7120.0}, {""index"": 2, ""name"": ""NVIDIA P104-100"", ""pci_bus"": ""00000000:0A:00.0"", ""pcie"": ""Gen1 x1"", ""util_pct"": 14.0, ""power_w"": 54.33, ""vram_used_mib"": 7860.0}, {""index"": 3, ""name"": ""NVIDIA P104-100"", ""pci_bus"": ""00000000:0C:00.0"", ""pcie"": ""Gen1 x1"", ""util_pct"": 41.0, ""power_w"": 163.2, ""vram_used_mib"": 7490.0}, {""index"": 4, ""name"": ""NVIDIA P104-100"", ""pci_bus"": ""00000000:0D:00.0"", ""pcie"": ""Gen1 x1"", ""util_pct"": 0.0, ""power_w"": 8.84, ""vram_used_mib"": 84.0}, {""index"": 5, ""name"": ""NVIDIA P104-100"", ""pci_bus"": ""00000000:0E:00.0"", ""pcie"": ""Gen1 x1"", ""util_pct"": 0.0, ""power_w"": 9.7, ""vram_used_mib"": 84.0}]"
2026-08-16T16:32:48.081679+03:00,1786887168.081679,ctx_008192.txt,1,1,decode,42.020665901262916,"[23.502304147465438, 25.34562211981567, 100.0, 18.433179723502302]",15875.55078125,5646.74609375,10228.8046875,35.56882007784671,24575.99609375,370.359375,1.5069963943157823,"[{""index"": 0, ""name"": ""NVIDIA P104-100"", ""pci_bus"": ""00000000:01:00.0"", ""pcie"": ""Gen1 x1"", ""util_pct"": 28.0, ""power_w"": 171.31, ""vram_used_mib"": 7512.0}, {""index"": 1, ""name"": ""NVIDIA P104-100"", ""pci_bus"": ""00000000:02:00.0"", ""pcie"": ""Gen1 x1"", ""util_pct"": 27.0, ""power_w"": 50.76, ""vram_used_mib"": 7120.0}, {""index"": 2, ""name"": ""NVIDIA P104-100"", ""pci_bus"": ""00000000:0A:00.0"", ""pcie"": ""Gen1 x1"", ""util_pct"": 27.0, ""power_w"": 49.54, ""vram_used_mib"": 7860.0}, {""index"": 3, ""name"": ""NVIDIA P104-100"", ""pci_bus"": ""00000000:0C:00.0"", ""pcie"": ""Gen1 x1"", ""util_pct"": 52.0, ""power_w"": 60.11, ""vram_used_mib"": 7490.0}, {""index"": 4, ""name"": ""NVIDIA P104-100"", ""pci_bus"": ""00000000:0D:00.0"", ""pcie"": ""Gen1 x1"", ""util_pct"": 0.0, ""power_w"": 8.85, ""vram_used_mib"": 84.0}, {""index"": 5, ""name"": ""NVIDIA P104-100"", ""pci_bus"": ""00000000:0E:00.0"", ""pcie"": ""Gen1 x1"", ""util_pct"": 0.0, ""power_w"": 9.8, ""vram_used_mib"": 84.0}]"
2026-08-16T16:32:50.210050+03:00,1786887170.210050,ctx_008192.txt,1,1,decode,40.8716136631331,"[21.80094786729858, 17.92452830188679, 100.0, 23.58490566037736]",15875.55078125,5566.4375,10309.11328125,35.06295672320424,24575.99609375,370.359375,1.5069963943157823,"[{""index"": 0, ""name"": ""NVIDIA P104-100"", ""pci_bus"": ""00000000:01:00.0"", ""pcie"": ""Gen1 x1"", ""util_pct"": 7.0, ""power_w"": 107.63, ""vram_used_mib"": 7512.0}, {""index"": 1, ""name"": ""NVIDIA P104-100"", ""pci_bus"": ""00000000:02:00.0"", ""pcie"": ""Gen1 x1"", ""util_pct"": 30.0, ""power_w"": 71.38, ""vram_used_mib"": 7120.0}, {""index"": 2, ""name"": ""NVIDIA P104-100"", ""pci_bus"": ""00000000:0A:00.0"", ""pcie"": ""Gen1 x1"", ""util_pct"": 24.0, ""power_w"": 42.0, ""vram_used_mib"": 7860.0}, {""index"": 3, ""name"": ""NVIDIA P104-100"", ""pci_bus"": ""00000000:0C:00.0"", ""pcie"": ""Gen1 x1"", ""util_pct"": 54.0, ""power_w"": 55.02, ""vram_used_mib"": 7490.0}, {""index"": 4, ""name"": ""NVIDIA P104-100"", ""pci_bus"": ""00000000:0D:00.0"", ""pcie"": ""Gen1 x1"", ""util_pct"": 0.0, ""power_w"": 8.85, ""vram_used_mib"": 84.0}, {""index"": 5, ""name"": ""NVIDIA P104-100"", ""pci_bus"": ""00000000:0E:00.0"", ""pcie"": ""Gen1 x1"", ""util_pct"": 0.0, ""power_w"": 10.0, ""vram_used_mib"": 84.0}]"
2026-08-16T16:32:52.411690+03:00,1786887172.411690,ctx_008192.txt,1,1,decode,42.48291571753986,"[25.79185520361991, 21.461187214611872, 100.0, 22.727272727272727]",15875.55078125,5551.3671875,10324.18359375,34.96802891435115,24575.99609375,370.35546875,1.5069804997413159,"[{""index"": 0, ""name"": ""NVIDIA P104-100"", ""pci_bus"": ""00000000:01:00.0"", ""pcie"": ""Gen1 x1"", ""util_pct"": 25.0, ""power_w"": 118.88, ""vram_used_mib"": 7512.0}, {""index"": 1, ""name"": ""NVIDIA P104-100"", ""pci_bus"": ""00000000:02:00.0"", ""pcie"": ""Gen1 x1"", ""util_pct"": 30.0, ""power_w"": 43.73, ""vram_used_mib"": 7120.0}, {""index"": 2, ""name"": ""NVIDIA P104-100"", ""pci_bus"": ""00000000:0A:00.0"", ""pcie"": ""Gen1 x1"", ""util_pct"": 27.0, ""power_w"": 41.77, ""vram_used_mib"": 7860.0}, {""index"": 3, ""name"": ""NVIDIA P104-100"", ""pci_bus"": ""00000000:0C:00.0"", ""pcie"": ""Gen1 x1"", ""util_pct"": 54.0, ""power_w"": 60.26, ""vram_used_mib"": 7490.0}, {""index"": 4, ""name"": ""NVIDIA P104-100"", ""pci_bus"": ""00000000:0D:00.0"", ""pcie"": ""Gen1 x1"", ""util_pct"": 0.0, ""power_w"": 8.95, ""vram_used_mib"": 84.0}, {""index"": 5, ""name"": ""NVIDIA P104-100"", ""pci_bus"": ""00000000:0E:00.0"", ""pcie"": ""Gen1 x1"", ""util_pct"": 0.0, ""power_w"": 9.8, ""vram_used_mib"": 84.0}]"
2026-08-16T16:32:54.542061+03:00,1786887174.542061,ctx_008192.txt,1,1,decode,40.91981132075472,"[22.641509433962263, 19.43127962085308, 100.0, 21.327014218009477]",15875.55078125,5589.73046875,10285.8203125,35.209678994897075,24575.99609375,370.35546875,1.5069804997413159,"[{""index"": 0, ""name"": ""NVIDIA P104-100"", ""pci_bus"": ""00000000:01:00.0"", ""pcie"": ""Gen1 x1"", ""util_pct"": 32.0, ""power_w"": 43.17, ""vram_used_mib"": 7512.0}, {""index"": 1, ""name"": ""NVIDIA P104-100"", ""pci_bus"": ""00000000:02:00.0"", ""pcie"": ""Gen1 x1"", ""util_pct"": 24.0, ""power_w"": 43.85, ""vram_used_mib"": 7120.0}, {""index"": 2, ""name"": ""NVIDIA P104-100"", ""pci_bus"": ""00000000:0A:00.0"", ""pcie"": ""Gen1 x1"", ""util_pct"": 4.0, ""power_w"": 42.68, ""vram_used_mib"": 7860.0}, {""index"": 3, ""name"": ""NVIDIA P104-100"", ""pci_bus"": ""00000000:0C:00.0"", ""pcie"": ""Gen1 x1"", ""util_pct"": 54.0, ""power_w"": 109.28, ""vram_used_mib"": 7490.0}, {""index"": 4, ""name"": ""NVIDIA P104-100"", ""pci_bus"": ""00000000:0D:00.0"", ""pcie"": ""Gen1 x1"", ""util_pct"": 0.0, ""power_w"": 8.85, ""vram_used_mib"": 84.0}, {""index"": 5, ""name"": ""NVIDIA P104-100"", ""pci_bus"": ""00000000:0E:00.0"", ""pcie"": ""Gen1 x1"", ""util_pct"": 0.0, ""power_w"": 9.8, ""vram_used_mib"": 84.0}]"
2026-08-16T16:32:55.276645+03:00,1786887175.276645,ctx_016384.txt,1,1,outside,,"[null, null, 0.0, null]",15875.55078125,5607.44921875,10268.1015625,35.32128929581921,24575.99609375,370.20703125,1.5063765059115897,"[{""index"": 0, ""name"": ""NVIDIA P104-100"", ""pci_bus"": ""00000000:01:00.0"", ""pcie"": ""Gen1 x1"", ""util_pct"": 17.0, ""power_w"": 43.17, ""vram_used_mib"": 7512.0}, {""index"": 1, ""name"": ""NVIDIA P104-100"", ""pci_bus"": ""00000000:02:00.0"", ""pcie"": ""Gen1 x1"", ""util_pct"": 3.0, ""power_w"": 43.85, ""vram_used_mib"": 7120.0}, {""index"": 2, ""name"": ""NVIDIA P104-100"", ""pci_bus"": ""00000000:0A:00.0"", ""pcie"": ""Gen1 x1"", ""util_pct"": 16.0, ""power_w"": 41.83, ""vram_used_mib"": 7860.0}, {""index"": 3, ""name"": ""NVIDIA P104-100"", ""pci_bus"": ""00000000:0C:00.0"", ""pcie"": ""Gen1 x1"", ""util_pct"": 19.0, ""power_w"": 51.72, ""vram_used_mib"": 7490.0}, {""index"": 4, ""name"": ""NVIDIA P104-100"", ""pci_bus"": ""00000000:0D:00.0"", ""pcie"": ""Gen1 x1"", ""util_pct"": 0.0, ""power_w"": 8.85, ""vram_used_mib"": 84.0}, {""index"": 5, ""name"": ""NVIDIA P104-100"", ""pci_bus"": ""00000000:0E:00.0"", ""pcie"": ""Gen1 x1"", ""util_pct"": 0.0, ""power_w"": 9.8, ""vram_used_mib"": 84.0}]"
2026-08-16T16:32:57.458992+03:00,1786887177.458992,ctx_016384.txt,1,1,prefill,39.42528735632184,"[19.724770642201836, 17.889908256880734, 23.963133640552996, 96.3302752293578]",15875.55078125,6632.953125,9242.59765625,41.78093230525221,24575.99609375,370.20703125,1.5063765059115897,"[{""index"": 0, ""name"": ""NVIDIA P104-100"", ""pci_bus"": ""00000000:01:00.0"", ""pcie"": ""Gen1 x1"", ""util_pct"": 55.0, ""power_w"": 51.92, ""vram_used_mib"": 7512.0}, {""index"": 1, ""name"": ""NVIDIA P104-100"", ""pci_bus"": ""00000000:02:00.0"", ""pcie"": ""Gen1 x1"", ""util_pct"": 0.0, ""power_w"": 53.97, ""vram_used_mib"": 7120.0}, {""index"": 2, ""name"": ""NVIDIA P104-100"", ""pci_bus"": ""00000000:0A:00.0"", ""pcie"": ""Gen1 x1"", ""util_pct"": 0.0, ""power_w"": 52.6, ""vram_used_mib"": 7860.0}, {""index"": 3, ""name"": ""NVIDIA P104-100"", ""pci_bus"": ""00000000:0C:00.0"", ""pcie"": ""Gen1 x1"", ""util_pct"": 0.0, ""power_w"": 55.07, ""vram_used_mib"": 7490.0}, {""index"": 4, ""name"": ""NVIDIA P104-100"", ""pci_bus"": ""00000000:0D:00.0"", ""pcie"": ""Gen1 x1"", ""util_pct"": 0.0, ""power_w"": 8.75, ""vram_used_mib"": 84.0}, {""index"": 5, ""name"": ""NVIDIA P104-100"", ""pci_bus"": ""00000000:0E:00.0"", ""pcie"": ""Gen1 x1"", ""util_pct"": 0.0, ""power_w"": 9.8, ""vram_used_mib"": 84.0}]"
2026-08-16T16:32:59.582752+03:00,1786887179.582752,ctx_016384.txt,1,1,prefill,38.443396226415096,"[11.320754716981131, 16.587677725118482, 25.471698113207548, 100.0]",15875.55078125,6682.23046875,9193.3203125,42.091330000607755,24575.99609375,370.20703125,1.5063765059115897,"[{""index"": 0, ""name"": ""NVIDIA P104-100"", ""pci_bus"": ""00000000:01:00.0"", ""pcie"": ""Gen1 x1"", ""util_pct"": 0.0, ""power_w"": 103.29, ""vram_used_mib"": 7512.0}, {""index"": 1, ""name"": ""NVIDIA P104-100"", ""pci_bus"": ""00000000:02:00.0"", ""pcie"": ""Gen1 x1"", ""util_pct"": 0.0, ""power_w"": 54.21, ""vram_used_mib"": 7120.0}, {""index"": 2, ""name"": ""NVIDIA P104-100"", ""pci_bus"": ""00000000:0A:00.0"", ""pcie"": ""Gen1 x1"", ""util_pct"": 0.0, ""power_w"": 52.15, ""vram_used_mib"": 7860.0}, {""index"": 3, ""name"": ""NVIDIA P104-100"", ""pci_bus"": ""00000000:0C:00.0"", ""pcie"": ""Gen1 x1"", ""util_pct"": 97.0, ""power_w"": 55.32, ""vram_used_mib"": 7490.0}, {""index"": 4, ""name"": ""NVIDIA P104-100"", ""pci_bus"": ""00000000:0D:00.0"", ""pcie"": ""Gen1 x1"", ""util_pct"": 0.0, ""power_w"": 8.84, ""vram_used_mib"": 84.0}, {""index"": 5, ""name"": ""NVIDIA P104-100"", ""pci_bus"": ""00000000:0E:00.0"", ""pcie"": ""Gen1 x1"", ""util_pct"": 0.0, ""power_w"": 9.7, ""vram_used_mib"": 84.0}]"
2026-08-16T16:33:01.768057+03:00,1786887181.768057,ctx_016384.txt,1,1,prefill,40.32073310423826,"[18.34862385321101, 22.831050228310502, 19.81566820276498, 100.0]",15875.55078125,6626.73828125,9248.8125,41.74178504141466,24575.99609375,370.19921875,1.5063447167626567,"[{""index"": 0, ""name"": ""NVIDIA P104-100"", ""pci_bus"": ""00000000:01:00.0"", ""pcie"": ""Gen1 x1"", ""util_pct"": 88.0, ""power_w"": 52.3, ""vram_used_mib"": 7512.0}, {""index"": 1, ""name"": ""NVIDIA P104-100"", ""pci_bus"": ""00000000:02:00.0"", ""pcie"": ""Gen1 x1"", ""util_pct"": 22.0, ""power_w"": 106.43, ""vram_used_mib"": 7120.0}, {""index"": 2, ""name"": ""NVIDIA P104-100"", ""pci_bus"": ""00000000:0A:00.0"", ""pcie"": ""Gen1 x1"", ""util_pct"": 50.0, ""power_w"": 147.98, ""vram_used_mib"": 7860.0}, {""index"": 3, ""name"": ""NVIDIA P104-100"", ""pci_bus"": ""00000000:0C:00.0"", ""pcie"": ""Gen1 x1"", ""util_pct"": 6.0, ""power_w"": 155.05, ""vram_used_mib"": 7490.0}, {""index"": 4, ""name"": ""NVIDIA P104-100"", ""pci_bus"": ""00000000:0D:00.0"", ""pcie"": ""Gen1 x1"", ""util_pct"": 0.0, ""power_w"": 9.04, ""vram_used_mib"": 84.0}, {""index"": 5, ""name"": ""NVIDIA P104-100"", ""pci_bus"": ""00000000:0E:00.0"", ""pcie"": ""Gen1 x1"", ""util_pct"": 0.0, ""power_w"": 9.79, ""vram_used_mib"": 84.0}]"
2026-08-16T16:33:03.927726+03:00,1786887183.927726,ctx_016384.txt,1,1,prefill,40.25522041763341,"[16.74418604651163, 26.85185185185185, 20.46511627906977, 97.22222222222223]",15875.55078125,6606.7109375,9268.83984375,41.61563292218454,24575.99609375,370.19921875,1.5063447167626567,"[{""index"": 0, ""name"": ""NVIDIA P104-100"", ""pci_bus"": ""00000000:01:00.0"", ""pcie"": ""Gen1 x1"", ""util_pct"": 41.0, ""power_w"": 51.87, ""vram_used_mib"": 7512.0}, {""index"": 1, ""name"": ""NVIDIA P104-100"", ""pci_bus"": ""00000000:02:00.0"", ""pcie"": ""Gen1 x1"", ""util_pct"": 47.0, ""power_w"": 54.93, ""vram_used_mib"": 7120.0}, {""index"": 2, ""name"": ""NVIDIA P104-100"", ""pci_bus"": ""00000000:0A:00.0"", ""pcie"": ""Gen1 x1"", ""util_pct"": 0.0, ""power_w"": 171.04, ""vram_used_mib"": 7860.0}, {""index"": 3, ""name"": ""NVIDIA P104-100"", ""pci_bus"": ""00000000:0C:00.0"", ""pcie"": ""Gen1 x1"", ""util_pct"": 17.0, ""power_w"": 67.56, ""vram_used_mib"": 7490.0}, {""index"": 4, ""name"": ""NVIDIA P104-100"", ""pci_bus"": ""00000000:0D:00.0"", ""pcie"": ""Gen1 x1"", ""util_pct"": 0.0, ""power_w"": 9.04, ""vram_used_mib"": 84.0}, {""index"": 5, ""name"": ""NVIDIA P104-100"", ""pci_bus"": ""00000000:0E:00.0"", ""pcie"": ""Gen1 x1"", ""util_pct"": 0.0, ""power_w"": 9.44, ""vram_used_mib"": 84.0}]"
2026-08-16T16:33:06.915237+03:00,1786887186.915237,ctx_016384.txt,1,1,prefill,47.69488683989941,"[55.369127516778526, 18.456375838926174, 16.722408026755854, 100.0]",15875.55078125,6492.23828125,9383.3125,40.89457034094043,24575.99609375,370.19921875,1.5063447167626567,"[{""index"": 0, ""name"": ""NVIDIA P104-100"", ""pci_bus"": ""00000000:01:00.0"", ""pcie"": ""Gen1 x1"", ""util_pct"": 32.0, ""power_w"": 52.25, ""vram_used_mib"": 7512.0}, {""index"": 1, ""name"": ""NVIDIA P104-100"", ""pci_bus"": ""00000000:02:00.0"", ""pcie"": ""Gen1 x1"", ""util_pct"": 31.0, ""power_w"": 54.63, ""vram_used_mib"": 7120.0}, {""index"": 2, ""name"": ""NVIDIA P104-100"", ""pci_bus"": ""00000000:0A:00.0"", ""pcie"": ""Gen1 x1"", ""util_pct"": 4.0, ""power_w"": 179.89, ""vram_used_mib"": 7860.0}, {""index"": 3, ""name"": ""NVIDIA P104-100"", ""pci_bus"": ""00000000:0C:00.0"", ""pcie"": ""Gen1 x1"", ""util_pct"": 35.0, ""power_w"": 54.43, ""vram_used_mib"": 7490.0}, {""index"": 4, ""name"": ""NVIDIA P104-100"", ""pci_bus"": ""00000000:0D:00.0"", ""pcie"": ""Gen1 x1"", ""util_pct"": 0.0, ""power_w"": 8.84, ""vram_used_mib"": 84.0}, {""index"": 5, ""name"": ""NVIDIA P104-100"", ""pci_bus"": ""00000000:0E:00.0"", ""pcie"": ""Gen1 x1"", ""util_pct"": 0.0, ""power_w"": 9.9, ""vram_used_mib"": 84.0}]"
2026-08-16T16:33:09.041771+03:00,1786887189.041771,ctx_016384.txt,1,1,prefill,39.85849056603774,"[28.90995260663507, 15.165876777251185, 15.09433962264151, 100.0]",15875.55078125,6611.78515625,9263.765625,41.64759539592745,24575.99609375,370.19921875,1.5063447167626567,"[{""index"": 0, ""name"": ""NVIDIA P104-100"", ""pci_bus"": ""00000000:01:00.0"", ""pcie"": ""Gen1 x1"", ""util_pct"": 51.0, ""power_w"": 52.46, ""vram_used_mib"": 7512.0}, {""index"": 1, ""name"": ""NVIDIA P104-100"", ""pci_bus"": ""00000000:02:00.0"", ""pcie"": ""Gen1 x1"", ""util_pct"": 5.0, ""power_w"": 73.83, ""vram_used_mib"": 7120.0}, {""index"": 2, ""name"": ""NVIDIA P104-100"", ""pci_bus"": ""00000000:0A:00.0"", ""pcie"": ""Gen1 x1"", ""util_pct"": 28.0, ""power_w"": 149.82, ""vram_used_mib"": 7860.0}, {""index"": 3, ""name"": ""NVIDIA P104-100"", ""pci_bus"": ""00000000:0C:00.0"", ""pcie"": ""Gen1 x1"", ""util_pct"": 36.0, ""power_w"": 54.43, ""vram_used_mib"": 7490.0}, {""index"": 4, ""name"": ""NVIDIA P104-100"", ""pci_bus"": ""00000000:0D:00.0"", ""pcie"": ""Gen1 x1"", ""util_pct"": 0.0, ""power_w"": 8.95, ""vram_used_mib"": 84.0}, {""index"": 5, ""name"": ""NVIDIA P104-100"", ""pci_bus"": ""00000000:0E:00.0"", ""pcie"": ""Gen1 x1"", ""util_pct"": 0.0, ""power_w"": 9.7, ""vram_used_mib"": 84.0}]"
2026-08-16T16:33:11.226067+03:00,1786887191.226067,ctx_016384.txt,1,1,prefill,40.41331802525833,"[19.17808219178082, 16.05504587155963, 26.267281105990783, 100.0]",15875.55078125,6556.26171875,9319.2890625,41.29785359317012,24575.99609375,370.19140625,1.5063129276137237,"[{""index"": 0, ""name"": ""NVIDIA P104-100"", ""pci_bus"": ""00000000:01:00.0"", ""pcie"": ""Gen1 x1"", ""util_pct"": 13.0, ""power_w"": 174.72, ""vram_used_mib"": 7512.0}, {""index"": 1, ""name"": ""NVIDIA P104-100"", ""pci_bus"": ""00000000:02:00.0"", ""pcie"": ""Gen1 x1"", ""util_pct"": 0.0, ""power_w"": 53.96, ""vram_used_mib"": 7120.0}, {""index"": 2, ""name"": ""NVIDIA P104-100"", ""pci_bus"": ""00000000:0A:00.0"", ""pcie"": ""Gen1 x1"", ""util_pct"": 48.0, ""power_w"": 52.75, ""vram_used_mib"": 7860.0}, {""index"": 3, ""name"": ""NVIDIA P104-100"", ""pci_bus"": ""00000000:0C:00.0"", ""pcie"": ""Gen1 x1"", ""util_pct"": 32.0, ""power_w"": 53.93, ""vram_used_mib"": 7490.0}, {""index"": 4, ""name"": ""NVIDIA P104-100"", ""pci_bus"": ""00000000:0D:00.0"", ""pcie"": ""Gen1 x1"", ""util_pct"": 0.0, ""power_w"": 9.54, ""vram_used_mib"": 84.0}, {""index"": 5, ""name"": ""NVIDIA P104-100"", ""pci_bus"": ""00000000:0E:00.0"", ""pcie"": ""Gen1 x1"", ""util_pct"": 0.0, ""power_w"": 9.55, ""vram_used_mib"": 84.0}]"
2026-08-16T16:33:13.369395+03:00,1786887193.369395,ctx_016384.txt,1,1,prefill,40.11695906432749,"[16.901408450704224, 23.364485981308412, 21.3953488372093, 99.06542056074767]",15875.55078125,6498.41796875,9377.1328125,40.93349615576822,24575.99609375,370.19140625,1.5063129276137237,"[{""index"": 0, ""name"": ""NVIDIA P104-100"", ""pci_bus"": ""00000000:01:00.0"", ""pcie"": ""Gen1 x1"", ""util_pct"": 52.0, ""power_w"": 52.03, ""vram_used_mib"": 7512.0}, {""index"": 1, ""name"": ""NVIDIA P104-100"", ""pci_bus"": ""00000000:02:00.0"", ""pcie"": ""Gen1 x1"", ""util_pct"": 44.0, ""power_w"": 54.17, ""vram_used_mib"": 7120.0}, {""index"": 2, ""name"": ""NVIDIA P104-100"", ""pci_bus"": ""00000000:0A:00.0"", ""pcie"": ""Gen1 x1"", ""util_pct"": 35.0, ""power_w"": 63.88, ""vram_used_mib"": 7860.0}, {""index"": 3, ""name"": ""NVIDIA P104-100"", ""pci_bus"": ""00000000:0C:00.0"", ""pcie"": ""Gen1 x1"", ""util_pct"": 0.0, ""power_w"": 182.67, ""vram_used_mib"": 7490.0}, {""index"": 4, ""name"": ""NVIDIA P104-100"", ""pci_bus"": ""00000000:0D:00.0"", ""pcie"": ""Gen1 x1"", ""util_pct"": 0.0, ""power_w"": 8.74, ""vram_used_mib"": 84.0}, {""index"": 5, ""name"": ""NVIDIA P104-100"", ""pci_bus"": ""00000000:0E:00.0"", ""pcie"": ""Gen1 x1"", ""util_pct"": 0.0, ""power_w"": 9.89, ""vram_used_mib"": 84.0}]"
2026-08-16T16:33:15.502315+03:00,1786887195.502315,ctx_016384.txt,1,1,prefill,38.51590106007067,"[23.943661971830984, 18.309859154929576, 13.80952380952381, 97.66355140186916]",15875.55078125,6461.80859375,9413.7421875,40.70289392026507,24575.99609375,370.1875,1.506297033039257,"[{""index"": 0, ""name"": ""NVIDIA P104-100"", ""pci_bus"": ""00000000:01:00.0"", ""pcie"": ""Gen1 x1"", ""util_pct"": 12.0, ""power_w"": 52.73, ""vram_used_mib"": 7512.0}, {""index"": 1, ""name"": ""NVIDIA P104-100"", ""pci_bus"": ""00000000:02:00.0"", ""pcie"": ""Gen1 x1"", ""util_pct"": 32.0, ""power_w"": 180.85, ""vram_used_mib"": 7120.0}, {""index"": 2, ""name"": ""NVIDIA P104-100"", ""pci_bus"": ""00000000:0A:00.0"", ""pcie"": ""Gen1 x1"", ""util_pct"": 0.0, ""power_w"": 52.41, ""vram_used_mib"": 7860.0}, {""index"": 3, ""name"": ""NVIDIA P104-100"", ""pci_bus"": ""00000000:0C:00.0"", ""pcie"": ""Gen1 x1"", ""util_pct"": 14.0, ""power_w"": 54.3, ""vram_used_mib"": 7490.0}, {""index"": 4, ""name"": ""NVIDIA P104-100"", ""pci_bus"": ""00000000:0D:00.0"", ""pcie"": ""Gen1 x1"", ""util_pct"": 0.0, ""power_w"": 8.94, ""vram_used_mib"": 84.0}, {""index"": 5, ""name"": ""NVIDIA P104-100"", ""pci_bus"": ""00000000:0E:00.0"", ""pcie"": ""Gen1 x1"", ""util_pct"": 0.0, ""power_w"": 9.7, ""vram_used_mib"": 84.0}]"
2026-08-16T16:33:17.682702+03:00,1786887197.682702,ctx_016384.txt,1,1,prefill,40.137614678899084,"[15.2073732718894, 24.770642201834864, 24.31192660550459, 95.85253456221199]",15875.55078125,6397.6015625,9477.94921875,40.29845421209549,24575.99609375,370.1875,1.506297033039257,"[{""index"": 0, ""name"": ""NVIDIA P104-100"", ""pci_bus"": ""00000000:01:00.0"", ""pcie"": ""Gen1 x1"", ""util_pct"": 57.0, ""power_w"": 51.24, ""vram_used_mib"": 7512.0}, {""index"": 1, ""name"": ""NVIDIA P104-100"", ""pci_bus"": ""00000000:02:00.0"", ""pcie"": ""Gen1 x1"", ""util_pct"": 61.0, ""power_w"": 54.47, ""vram_used_mib"": 7120.0}, {""index"": 2, ""name"": ""NVIDIA P104-100"", ""pci_bus"": ""00000000:0A:00.0"", ""pcie"": ""Gen1 x1"", ""util_pct"": 93.0, ""power_w"": 121.22, ""vram_used_mib"": 7860.0}, {""index"": 3, ""name"": ""NVIDIA P104-100"", ""pci_bus"": ""00000000:0C:00.0"", ""pcie"": ""Gen1 x1"", ""util_pct"": 37.0, ""power_w"": 121.12, ""vram_used_mib"": 7490.0}, {""index"": 4, ""name"": ""NVIDIA P104-100"", ""pci_bus"": ""00000000:0D:00.0"", ""pcie"": ""Gen1 x1"", ""util_pct"": 0.0, ""power_w"": 8.74, ""vram_used_mib"": 84.0}, {""index"": 5, ""name"": ""NVIDIA P104-100"", ""pci_bus"": ""00000000:0E:00.0"", ""pcie"": ""Gen1 x1"", ""util_pct"": 0.0, ""power_w"": 10.09, ""vram_used_mib"": 84.0}]"
2026-08-16T16:33:19.819889+03:00,1786887199.819889,ctx_016384.txt,1,1,prefill,40.093786635404456,"[14.553990610328638, 31.92488262910798, 13.145539906103286, 100.0]",15875.55078125,6439.32421875,9436.2265625,40.56126497579685,24575.99609375,370.1875,1.506297033039257,"[{""index"": 0, ""name"": ""NVIDIA P104-100"", ""pci_bus"": ""00000000:01:00.0"", ""pcie"": ""Gen1 x1"", ""util_pct"": 89.0, ""power_w"": 52.17, ""vram_used_mib"": 7512.0}, {""index"": 1, ""name"": ""NVIDIA P104-100"", ""pci_bus"": ""00000000:02:00.0"", ""pcie"": ""Gen1 x1"", ""util_pct"": 16.0, ""power_w"": 91.04, ""vram_used_mib"": 7120.0}, {""index"": 2, ""name"": ""NVIDIA P104-100"", ""pci_bus"": ""00000000:0A:00.0"", ""pcie"": ""Gen1 x1"", ""util_pct"": 44.0, ""power_w"": 144.24, ""vram_used_mib"": 7860.0}, {""index"": 3, ""name"": ""NVIDIA P104-100"", ""pci_bus"": ""00000000:0C:00.0"", ""pcie"": ""Gen1 x1"", ""util_pct"": 1.0, ""power_w"": 156.0, ""vram_used_mib"": 7490.0}, {""index"": 4, ""name"": ""NVIDIA P104-100"", ""pci_bus"": ""00000000:0D:00.0"", ""pcie"": ""Gen1 x1"", ""util_pct"": 0.0, ""power_w"": 8.84, ""vram_used_mib"": 84.0}, {""index"": 5, ""name"": ""NVIDIA P104-100"", ""pci_bus"": ""00000000:0E:00.0"", ""pcie"": ""Gen1 x1"", ""util_pct"": 0.0, ""power_w"": 9.79, ""vram_used_mib"": 84.0}]"
2026-08-16T16:33:22.012573+03:00,1786887202.012573,ctx_016384.txt,1,1,prefill,40.34285714285714,"[15.068493150684931, 21.559633027522935, 24.65753424657534, 100.0]",15875.55078125,6396.11328125,9479.4375,40.28907953734873,24575.99609375,370.1875,1.506297033039257,"[{""index"": 0, ""name"": ""NVIDIA P104-100"", ""pci_bus"": ""00000000:01:00.0"", ""pcie"": ""Gen1 x1"", ""util_pct"": 32.0, ""power_w"": 173.37, ""vram_used_mib"": 7512.0}, {""index"": 1, ""name"": ""NVIDIA P104-100"", ""pci_bus"": ""00000000:02:00.0"", ""pcie"": ""Gen1 x1"", ""util_pct"": 4.0, ""power_w"": 176.7, ""vram_used_mib"": 7120.0}, {""index"": 2, ""name"": ""NVIDIA P104-100"", ""pci_bus"": ""00000000:0A:00.0"", ""pcie"": ""Gen1 x1"", ""util_pct"": 49.0, ""power_w"": 52.34, ""vram_used_mib"": 7860.0}, {""index"": 3, ""name"": ""NVIDIA P104-100"", ""pci_bus"": ""00000000:0C:00.0"", ""pcie"": ""Gen1 x1"", ""util_pct"": 26.0, ""power_w"": 53.9, ""vram_used_mib"": 7490.0}, {""index"": 4, ""name"": ""NVIDIA P104-100"", ""pci_bus"": ""00000000:0D:00.0"", ""pcie"": ""Gen1 x1"", ""util_pct"": 0.0, ""power_w"": 8.84, ""vram_used_mib"": 84.0}, {""index"": 5, ""name"": ""NVIDIA P104-100"", ""pci_bus"": ""00000000:0E:00.0"", ""pcie"": ""Gen1 x1"", ""util_pct"": 0.0, ""power_w"": 9.54, ""vram_used_mib"": 84.0}]"
2026-08-16T16:33:24.200411+03:00,1786887204.200411,ctx_016384.txt,1,1,prefill,40.43528064146621,"[22.93577981651376, 32.42009132420091, 7.8341013824884795, 98.63636363636364]",15875.55078125,6386.875,9488.67578125,40.23088765867129,24575.99609375,370.1875,1.506297033039257,"[{""index"": 0, ""name"": ""NVIDIA P104-100"", ""pci_bus"": ""00000000:01:00.0"", ""pcie"": ""Gen1 x1"", ""util_pct"": 13.0, ""power_w"": 52.15, ""vram_used_mib"": 7512.0}, {""index"": 1, ""name"": ""NVIDIA P104-100"", ""pci_bus"": ""00000000:02:00.0"", ""pcie"": ""Gen1 x1"", ""util_pct"": 48.0, ""power_w"": 54.45, ""vram_used_mib"": 7120.0}, {""index"": 2, ""name"": ""NVIDIA P104-100"", ""pci_bus"": ""00000000:0A:00.0"", ""pcie"": ""Gen1 x1"", ""util_pct"": 1.0, ""power_w"": 53.29, ""vram_used_mib"": 7860.0}, {""index"": 3, ""name"": ""NVIDIA P104-100"", ""pci_bus"": ""00000000:0C:00.0"", ""pcie"": ""Gen1 x1"", ""util_pct"": 31.0, ""power_w"": 120.49, ""vram_used_mib"": 7490.0}, {""index"": 4, ""name"": ""NVIDIA P104-100"", ""pci_bus"": ""00000000:0D:00.0"", ""pcie"": ""Gen1 x1"", ""util_pct"": 0.0, ""power_w"": 8.85, ""vram_used_mib"": 84.0}, {""index"": 5, ""name"": ""NVIDIA P104-100"", ""pci_bus"": ""00000000:0E:00.0"", ""pcie"": ""Gen1 x1"", ""util_pct"": 0.0, ""power_w"": 10.59, ""vram_used_mib"": 84.0}]"
2026-08-16T16:33:26.320793+03:00,1786887206.320793,ctx_016384.txt,1,1,prefill,39.83451536643026,"[33.175355450236964, 12.380952380952381, 12.796208530805687, 100.0]",15875.55078125,6396.171875,9479.37890625,40.289448619031674,24575.99609375,370.1875,1.506297033039257,"[{""index"": 0, ""name"": ""NVIDIA P104-100"", ""pci_bus"": ""00000000:01:00.0"", ""pcie"": ""Gen1 x1"", ""util_pct"": 53.0, ""power_w"": 51.7, ""vram_used_mib"": 7512.0}, {""index"": 1, ""name"": ""NVIDIA P104-100"", ""pci_bus"": ""00000000:02:00.0"", ""pcie"": ""Gen1 x1"", ""util_pct"": 1.0, ""power_w"": 83.68, ""vram_used_mib"": 7120.0}, {""index"": 2, ""name"": ""NVIDIA P104-100"", ""pci_bus"": ""00000000:0A:00.0"", ""pcie"": ""Gen1 x1"", ""util_pct"": 38.0, ""power_w"": 147.39, ""vram_used_mib"": 7860.0}, {""index"": 3, ""name"": ""NVIDIA P104-100"", ""pci_bus"": ""00000000:0C:00.0"", ""pcie"": ""Gen1 x1"", ""util_pct"": 0.0, ""power_w"": 53.59, ""vram_used_mib"": 7490.0}, {""index"": 4, ""name"": ""NVIDIA P104-100"", ""pci_bus"": ""00000000:0D:00.0"", ""pcie"": ""Gen1 x1"", ""util_pct"": 0.0, ""power_w"": 8.85, ""vram_used_mib"": 84.0}, {""index"": 5, ""name"": ""NVIDIA P104-100"", ""pci_bus"": ""00000000:0E:00.0"", ""pcie"": ""Gen1 x1"", ""util_pct"": 0.0, ""power_w"": 9.8, ""vram_used_mib"": 84.0}]"
2026-08-16T16:33:28.484760+03:00,1786887208.484760,ctx_016384.txt,1,1,prefill,46.91501746216531,"[77.41935483870968, 11.627906976744185, 9.767441860465116, 89.2018779342723]",15875.55078125,6357.68359375,9517.8671875,40.0470111642288,24575.99609375,370.1875,1.506297033039257,"[{""index"": 0, ""name"": ""NVIDIA P104-100"", ""pci_bus"": ""00000000:01:00.0"", ""pcie"": ""Gen1 x1"", ""util_pct"": 0.0, ""power_w"": 162.19, ""vram_used_mib"": 7512.0}, {""index"": 1, ""name"": ""NVIDIA P104-100"", ""pci_bus"": ""00000000:02:00.0"", ""pcie"": ""Gen1 x1"", ""util_pct"": 49.0, ""power_w"": 54.71, ""vram_used_mib"": 7120.0}, {""index"": 2, ""name"": ""NVIDIA P104-100"", ""pci_bus"": ""00000000:0A:00.0"", ""pcie"": ""Gen1 x1"", ""util_pct"": 14.0, ""power_w"": 53.01, ""vram_used_mib"": 7860.0}, {""index"": 3, ""name"": ""NVIDIA P104-100"", ""pci_bus"": ""00000000:0C:00.0"", ""pcie"": ""Gen1 x1"", ""util_pct"": 38.0, ""power_w"": 58.43, ""vram_used_mib"": 7490.0}, {""index"": 4, ""name"": ""NVIDIA P104-100"", ""pci_bus"": ""00000000:0D:00.0"", ""pcie"": ""Gen1 x1"", ""util_pct"": 0.0, ""power_w"": 9.05, ""vram_used_mib"": 84.0}, {""index"": 5, ""name"": ""NVIDIA P104-100"", ""pci_bus"": ""00000000:0E:00.0"", ""pcie"": ""Gen1 x1"", ""util_pct"": 0.0, ""power_w"": 9.7, ""vram_used_mib"": 84.0}]"
2026-08-16T16:33:30.671683+03:00,1786887210.671683,ctx_016384.txt,1,1,prefill,40.52812858783008,"[100.0, 20.18348623853211, 18.181818181818183, 24.31192660550459]",15875.55078125,6508.33203125,9367.21875,40.99594477652227,24575.99609375,370.1875,1.506297033039257,"[{""index"": 0, ""name"": ""NVIDIA P104-100"", ""pci_bus"": ""00000000:01:00.0"", ""pcie"": ""Gen1 x1"", ""util_pct"": 53.0, ""power_w"": 52.38, ""vram_used_mib"": 7512.0}, {""index"": 1, ""name"": ""NVIDIA P104-100"", ""pci_bus"": ""00000000:02:00.0"", ""pcie"": ""Gen1 x1"", ""util_pct"": 11.0, ""power_w"": 189.31, ""vram_used_mib"": 7120.0}, {""index"": 2, ""name"": ""NVIDIA P104-100"", ""pci_bus"": ""00000000:0A:00.0"", ""pcie"": ""Gen1 x1"", ""util_pct"": 24.0, ""power_w"": 52.41, ""vram_used_mib"": 7860.0}, {""index"": 3, ""name"": ""NVIDIA P104-100"", ""pci_bus"": ""00000000:0C:00.0"", ""pcie"": ""Gen1 x1"", ""util_pct"": 38.0, ""power_w"": 53.65, ""vram_used_mib"": 7490.0}, {""index"": 4, ""name"": ""NVIDIA P104-100"", ""pci_bus"": ""00000000:0D:00.0"", ""pcie"": ""Gen1 x1"", ""util_pct"": 0.0, ""power_w"": 8.84, ""vram_used_mib"": 84.0}, {""index"": 5, ""name"": ""NVIDIA P104-100"", ""pci_bus"": ""00000000:0E:00.0"", ""pcie"": ""Gen1 x1"", ""util_pct"": 0.0, ""power_w"": 9.8, ""vram_used_mib"": 84.0}]"
2026-08-16T16:33:32.800551+03:00,1786887212.800551,ctx_016384.txt,1,1,prefill,40.18801410105758,"[100.0, 24.413145539906104, 8.056872037914692, 28.169014084507044]",15875.55078125,6398.87109375,9476.6796875,40.30645098189261,24575.99609375,370.1875,1.506297033039257,"[{""index"": 0, ""name"": ""NVIDIA P104-100"", ""pci_bus"": ""00000000:01:00.0"", ""pcie"": ""Gen1 x1"", ""util_pct"": 53.0, ""power_w"": 52.05, ""vram_used_mib"": 7512.0}, {""index"": 1, ""name"": ""NVIDIA P104-100"", ""pci_bus"": ""00000000:02:00.0"", ""pcie"": ""Gen1 x1"", ""util_pct"": 32.0, ""power_w"": 54.44, ""vram_used_mib"": 7120.0}, {""index"": 2, ""name"": ""NVIDIA P104-100"", ""pci_bus"": ""00000000:0A:00.0"", ""pcie"": ""Gen1 x1"", ""util_pct"": 43.0, ""power_w"": 54.6, ""vram_used_mib"": 7860.0}, {""index"": 3, ""name"": ""NVIDIA P104-100"", ""pci_bus"": ""00000000:0C:00.0"", ""pcie"": ""Gen1 x1"", ""util_pct"": 0.0, ""power_w"": 165.76, ""vram_used_mib"": 7490.0}, {""index"": 4, ""name"": ""NVIDIA P104-100"", ""pci_bus"": ""00000000:0D:00.0"", ""pcie"": ""Gen1 x1"", ""util_pct"": 0.0, ""power_w"": 8.84, ""vram_used_mib"": 84.0}, {""index"": 5, ""name"": ""NVIDIA P104-100"", ""pci_bus"": ""00000000:0E:00.0"", ""pcie"": ""Gen1 x1"", ""util_pct"": 0.0, ""power_w"": 10.0, ""vram_used_mib"": 84.0}]"
2026-08-16T16:33:34.936709+03:00,1786887214.936709,ctx_016384.txt,1,1,prefill,39.08450704225352,"[99.06103286384976, 30.18867924528302, 8.92018779342723, 18.309859154929576]",15875.55078125,6363.61328125,9511.9375,40.08436223054269,24575.99609375,370.1875,1.506297033039257,"[{""index"": 0, ""name"": ""NVIDIA P104-100"", ""pci_bus"": ""00000000:01:00.0"", ""pcie"": ""Gen1 x1"", ""util_pct"": 0.0, ""power_w"": 54.57, ""vram_used_mib"": 7512.0}, {""index"": 1, ""name"": ""NVIDIA P104-100"", ""pci_bus"": ""00000000:02:00.0"", ""pcie"": ""Gen1 x1"", ""util_pct"": 14.0, ""power_w"": 184.56, ""vram_used_mib"": 7120.0}, {""index"": 2, ""name"": ""NVIDIA P104-100"", ""pci_bus"": ""00000000:0A:00.0"", ""pcie"": ""Gen1 x1"", ""util_pct"": 20.0, ""power_w"": 52.41, ""vram_used_mib"": 7860.0}, {""index"": 3, ""name"": ""NVIDIA P104-100"", ""pci_bus"": ""00000000:0C:00.0"", ""pcie"": ""Gen1 x1"", ""util_pct"": 38.0, ""power_w"": 54.54, ""vram_used_mib"": 7490.0}, {""index"": 4, ""name"": ""NVIDIA P104-100"", ""pci_bus"": ""00000000:0D:00.0"", ""pcie"": ""Gen1 x1"", ""util_pct"": 0.0, ""power_w"": 8.94, ""vram_used_mib"": 84.0}, {""index"": 5, ""name"": ""NVIDIA P104-100"", ""pci_bus"": ""00000000:0E:00.0"", ""pcie"": ""Gen1 x1"", ""util_pct"": 0.0, ""power_w"": 9.89, ""vram_used_mib"": 84.0}]"
2026-08-16T16:33:37.116153+03:00,1786887217.116153,ctx_016384.txt,1,1,prefill,39.88505747126437,"[100.0, 33.48623853211009, 12.903225806451612, 12.903225806451612]",15875.55078125,6441.82421875,9433.7265625,40.57701246093578,24575.99609375,370.1875,1.506297033039257,"[{""index"": 0, ""name"": ""NVIDIA P104-100"", ""pci_bus"": ""00000000:01:00.0"", ""pcie"": ""Gen1 x1"", ""util_pct"": 0.0, ""power_w"": 51.59, ""vram_used_mib"": 7512.0}, {""index"": 1, ""name"": ""NVIDIA P104-100"", ""pci_bus"": ""00000000:02:00.0"", ""pcie"": ""Gen1 x1"", ""util_pct"": 0.0, ""power_w"": 49.95, ""vram_used_mib"": 7120.0}, {""index"": 2, ""name"": ""NVIDIA P104-100"", ""pci_bus"": ""00000000:0A:00.0"", ""pcie"": ""Gen1 x1"", ""util_pct"": 0.0, ""power_w"": 49.48, ""vram_used_mib"": 7860.0}, {""index"": 3, ""name"": ""NVIDIA P104-100"", ""pci_bus"": ""00000000:0C:00.0"", ""pcie"": ""Gen1 x1"", ""util_pct"": 98.0, ""power_w"": 129.15, ""vram_used_mib"": 7490.0}, {""index"": 4, ""name"": ""NVIDIA P104-100"", ""pci_bus"": ""00000000:0D:00.0"", ""pcie"": ""Gen1 x1"", ""util_pct"": 0.0, ""power_w"": 8.85, ""vram_used_mib"": 84.0}, {""index"": 5, ""name"": ""NVIDIA P104-100"", ""pci_bus"": ""00000000:0E:00.0"", ""pcie"": ""Gen1 x1"", ""util_pct"": 0.0, ""power_w"": 10.0, ""vram_used_mib"": 84.0}]"
2026-08-16T16:33:39.250345+03:00,1786887219.250345,ctx_016384.txt,1,1,prefill,39.76470588235294,"[100.0, 10.377358490566039, 31.60377358490566, 16.50943396226415]",15875.55078125,6480.0390625,9395.51171875,40.81772753455158,24575.99609375,370.18359375,1.5062811384647907,"[{""index"": 0, ""name"": ""NVIDIA P104-100"", ""pci_bus"": ""00000000:01:00.0"", ""pcie"": ""Gen1 x1"", ""util_pct"": 0.0, ""power_w"": 171.99, ""vram_used_mib"": 7512.0}, {""index"": 1, ""name"": ""NVIDIA P104-100"", ""pci_bus"": ""00000000:02:00.0"", ""pcie"": ""Gen1 x1"", ""util_pct"": 34.0, ""power_w"": 54.45, ""vram_used_mib"": 7120.0}, {""index"": 2, ""name"": ""NVIDIA P104-100"", ""pci_bus"": ""00000000:0A:00.0"", ""pcie"": ""Gen1 x1"", ""util_pct"": 41.0, ""power_w"": 53.46, ""vram_used_mib"": 7860.0}, {""index"": 3, ""name"": ""NVIDIA P104-100"", ""pci_bus"": ""00000000:0C:00.0"", ""pcie"": ""Gen1 x1"", ""util_pct"": 38.0, ""power_w"": 54.43, ""vram_used_mib"": 7490.0}, {""index"": 4, ""name"": ""NVIDIA P104-100"", ""pci_bus"": ""00000000:0D:00.0"", ""pcie"": ""Gen1 x1"", ""util_pct"": 0.0, ""power_w"": 8.85, ""vram_used_mib"": 84.0}, {""index"": 5, ""name"": ""NVIDIA P104-100"", ""pci_bus"": ""00000000:0E:00.0"", ""pcie"": ""Gen1 x1"", ""util_pct"": 0.0, ""power_w"": 9.9, ""vram_used_mib"": 84.0}]"
2026-08-16T16:33:41.372312+03:00,1786887221.372312,ctx_016384.txt,1,1,prefill,39.315230224321134,"[100.0, 20.187793427230048, 13.679245283018869, 23.58490566037736]",15875.55078125,6352.38671875,9523.1640625,40.0136461800907,24575.99609375,370.18359375,1.5062811384647907,"[{""index"": 0, ""name"": ""NVIDIA P104-100"", ""pci_bus"": ""00000000:01:00.0"", ""pcie"": ""Gen1 x1"", ""util_pct"": 54.0, ""power_w"": 52.53, ""vram_used_mib"": 7512.0}, {""index"": 1, ""name"": ""NVIDIA P104-100"", ""pci_bus"": ""00000000:02:00.0"", ""pcie"": ""Gen1 x1"", ""util_pct"": 16.0, ""power_w"": 87.26, ""vram_used_mib"": 7120.0}, {""index"": 2, ""name"": ""NVIDIA P104-100"", ""pci_bus"": ""00000000:0A:00.0"", ""pcie"": ""Gen1 x1"", ""util_pct"": 18.0, ""power_w"": 159.88, ""vram_used_mib"": 7860.0}, {""index"": 3, ""name"": ""NVIDIA P104-100"", ""pci_bus"": ""00000000:0C:00.0"", ""pcie"": ""Gen1 x1"", ""util_pct"": 0.0, ""power_w"": 53.59, ""vram_used_mib"": 7490.0}, {""index"": 4, ""name"": ""NVIDIA P104-100"", ""pci_bus"": ""00000000:0D:00.0"", ""pcie"": ""Gen1 x1"", ""util_pct"": 0.0, ""power_w"": 8.84, ""vram_used_mib"": 84.0}, {""index"": 5, ""name"": ""NVIDIA P104-100"", ""pci_bus"": ""00000000:0E:00.0"", ""pcie"": ""Gen1 x1"", ""util_pct"": 0.0, ""power_w"": 9.8, ""vram_used_mib"": 84.0}]"
2026-08-16T16:33:43.564016+03:00,1786887223.564016,ctx_016384.txt,1,1,prefill,40.22857142857143,"[100.0, 23.853211009174313, 10.502283105022832, 25.806451612903224]",15875.55078125,6382.06640625,9493.484375,40.200598355224386,24575.99609375,370.18359375,1.5062811384647907,"[{""index"": 0, ""name"": ""NVIDIA P104-100"", ""pci_bus"": ""00000000:01:00.0"", ""pcie"": ""Gen1 x1"", ""util_pct"": 0.0, ""power_w"": 94.03, ""vram_used_mib"": 7512.0}, {""index"": 1, ""name"": ""NVIDIA P104-100"", ""pci_bus"": ""00000000:02:00.0"", ""pcie"": ""Gen1 x1"", ""util_pct"": 47.0, ""power_w"": 54.61, ""vram_used_mib"": 7120.0}, {""index"": 2, ""name"": ""NVIDIA P104-100"", ""pci_bus"": ""00000000:0A:00.0"", ""pcie"": ""Gen1 x1"", ""util_pct"": 29.0, ""power_w"": 53.13, ""vram_used_mib"": 7860.0}, {""index"": 3, ""name"": ""NVIDIA P104-100"", ""pci_bus"": ""00000000:0C:00.0"", ""pcie"": ""Gen1 x1"", ""util_pct"": 0.0, ""power_w"": 80.51, ""vram_used_mib"": 7490.0}, {""index"": 4, ""name"": ""NVIDIA P104-100"", ""pci_bus"": ""00000000:0D:00.0"", ""pcie"": ""Gen1 x1"", ""util_pct"": 0.0, ""power_w"": 9.05, ""vram_used_mib"": 84.0}, {""index"": 5, ""name"": ""NVIDIA P104-100"", ""pci_bus"": ""00000000:0E:00.0"", ""pcie"": ""Gen1 x1"", ""util_pct"": 0.0, ""power_w"": 9.8, ""vram_used_mib"": 84.0}]"
2026-08-16T16:33:45.689649+03:00,1786887225.689649,ctx_016384.txt,1,1,prefill,39.92932862190813,"[100.0, 16.037735849056602, 21.327014218009477, 21.80094786729858]",15875.55078125,6418.8984375,9456.65234375,40.43260310112272,24575.99609375,370.18359375,1.5062811384647907,"[{""index"": 0, ""name"": ""NVIDIA P104-100"", ""pci_bus"": ""00000000:01:00.0"", ""pcie"": ""Gen1 x1"", ""util_pct"": 55.0, ""power_w"": 54.32, ""vram_used_mib"": 7512.0}, {""index"": 1, ""name"": ""NVIDIA P104-100"", ""pci_bus"": ""00000000:02:00.0"", ""pcie"": ""Gen1 x1"", ""util_pct"": 1.0, ""power_w"": 177.38, ""vram_used_mib"": 7120.0}, {""index"": 2, ""name"": ""NVIDIA P104-100"", ""pci_bus"": ""00000000:0A:00.0"", ""pcie"": ""Gen1 x1"", ""util_pct"": 38.0, ""power_w"": 52.41, ""vram_used_mib"": 7860.0}, {""index"": 3, ""name"": ""NVIDIA P104-100"", ""pci_bus"": ""00000000:0C:00.0"", ""pcie"": ""Gen1 x1"", ""util_pct"": 38.0, ""power_w"": 53.9, ""vram_used_mib"": 7490.0}, {""index"": 4, ""name"": ""NVIDIA P104-100"", ""pci_bus"": ""00000000:0D:00.0"", ""pcie"": ""Gen1 x1"", ""util_pct"": 0.0, ""power_w"": 8.94, ""vram_used_mib"": 84.0}, {""index"": 5, ""name"": ""NVIDIA P104-100"", ""pci_bus"": ""00000000:0E:00.0"", ""pcie"": ""Gen1 x1"", ""util_pct"": 0.0, ""power_w"": 9.99, ""vram_used_mib"": 84.0}]"
2026-08-16T16:33:47.857343+03:00,1786887227.857343,ctx_016384.txt,1,1,prefill,39.53757225433526,"[100.0, 16.589861751152075, 16.05504587155963, 25.925925925925927]",15875.55078125,6403.69921875,9471.8515625,40.33686331256716,24575.99609375,370.18359375,1.5062811384647907,"[{""index"": 0, ""name"": ""NVIDIA P104-100"", ""pci_bus"": ""00000000:01:00.0"", ""pcie"": ""Gen1 x1"", ""util_pct"": 16.0, ""power_w"": 52.5, ""vram_used_mib"": 7512.0}, {""index"": 1, ""name"": ""NVIDIA P104-100"", ""pci_bus"": ""00000000:02:00.0"", ""pcie"": ""Gen1 x1"", ""util_pct"": 50.0, ""power_w"": 54.68, ""vram_used_mib"": 7120.0}, {""index"": 2, ""name"": ""NVIDIA P104-100"", ""pci_bus"": ""00000000:0A:00.0"", ""pcie"": ""Gen1 x1"", ""util_pct"": 1.0, ""power_w"": 59.9, ""vram_used_mib"": 7860.0}, {""index"": 3, ""name"": ""NVIDIA P104-100"", ""pci_bus"": ""00000000:0C:00.0"", ""pcie"": ""Gen1 x1"", ""util_pct"": 14.0, ""power_w"": 171.51, ""vram_used_mib"": 7490.0}, {""index"": 4, ""name"": ""NVIDIA P104-100"", ""pci_bus"": ""00000000:0D:00.0"", ""pcie"": ""Gen1 x1"", ""util_pct"": 0.0, ""power_w"": 8.94, ""vram_used_mib"": 84.0}, {""index"": 5, ""name"": ""NVIDIA P104-100"", ""pci_bus"": ""00000000:0E:00.0"", ""pcie"": ""Gen1 x1"", ""util_pct"": 0.0, ""power_w"": 10.09, ""vram_used_mib"": 84.0}]"
2026-08-16T16:33:50.047595+03:00,1786887230.047595,ctx_016384.txt,1,1,prefill,40.617848970251714,"[100.0, 11.009174311926605, 26.267281105990783, 24.770642201834864]",15875.55078125,6377.31640625,9498.234375,40.17067813346043,24575.99609375,370.18359375,1.5062811384647907,"[{""index"": 0, ""name"": ""NVIDIA P104-100"", ""pci_bus"": ""00000000:01:00.0"", ""pcie"": ""Gen1 x1"", ""util_pct"": 19.0, ""power_w"": 168.47, ""vram_used_mib"": 7512.0}, {""index"": 1, ""name"": ""NVIDIA P104-100"", ""pci_bus"": ""00000000:02:00.0"", ""pcie"": ""Gen1 x1"", ""util_pct"": 1.0, ""power_w"": 53.96, ""vram_used_mib"": 7120.0}, {""index"": 2, ""name"": ""NVIDIA P104-100"", ""pci_bus"": ""00000000:0A:00.0"", ""pcie"": ""Gen1 x1"", ""util_pct"": 51.0, ""power_w"": 52.13, ""vram_used_mib"": 7860.0}, {""index"": 3, ""name"": ""NVIDIA P104-100"", ""pci_bus"": ""00000000:0C:00.0"", ""pcie"": ""Gen1 x1"", ""util_pct"": 5.0, ""power_w"": 56.59, ""vram_used_mib"": 7490.0}, {""index"": 4, ""name"": ""NVIDIA P104-100"", ""pci_bus"": ""00000000:0D:00.0"", ""pcie"": ""Gen1 x1"", ""util_pct"": 0.0, ""power_w"": 8.75, ""vram_used_mib"": 84.0}, {""index"": 5, ""name"": ""NVIDIA P104-100"", ""pci_bus"": ""00000000:0E:00.0"", ""pcie"": ""Gen1 x1"", ""util_pct"": 0.0, ""power_w"": 9.9, ""vram_used_mib"": 84.0}]"
2026-08-16T16:33:52.168726+03:00,1786887232.168726,ctx_016384.txt,1,1,prefill,49.70344009489917,"[100.0, 12.322274881516588, 24.528301886792452, 61.35265700483092]",15875.55078125,6410.0703125,9465.48046875,40.37699479422589,24575.99609375,370.18359375,1.5062811384647907,"[{""index"": 0, ""name"": ""NVIDIA P104-100"", ""pci_bus"": ""00000000:01:00.0"", ""pcie"": ""Gen1 x1"", ""util_pct"": 55.0, ""power_w"": 52.4, ""vram_used_mib"": 7512.0}, {""index"": 1, ""name"": ""NVIDIA P104-100"", ""pci_bus"": ""00000000:02:00.0"", ""pcie"": ""Gen1 x1"", ""util_pct"": 32.0, ""power_w"": 180.61, ""vram_used_mib"": 7120.0}, {""index"": 2, ""name"": ""NVIDIA P104-100"", ""pci_bus"": ""00000000:0A:00.0"", ""pcie"": ""Gen1 x1"", ""util_pct"": 7.0, ""power_w"": 53.35, ""vram_used_mib"": 7860.0}, {""index"": 3, ""name"": ""NVIDIA P104-100"", ""pci_bus"": ""00000000:0C:00.0"", ""pcie"": ""Gen1 x1"", ""util_pct"": 39.0, ""power_w"": 54.56, ""vram_used_mib"": 7490.0}, {""index"": 4, ""name"": ""NVIDIA P104-100"", ""pci_bus"": ""00000000:0D:00.0"", ""pcie"": ""Gen1 x1"", ""util_pct"": 0.0, ""power_w"": 8.84, ""vram_used_mib"": 84.0}, {""index"": 5, ""name"": ""NVIDIA P104-100"", ""pci_bus"": ""00000000:0E:00.0"", ""pcie"": ""Gen1 x1"", ""util_pct"": 0.0, ""power_w"": 9.7, ""vram_used_mib"": 84.0}]"
2026-08-16T16:33:54.354768+03:00,1786887234.354768,ctx_016384.txt,1,1,prefill,40.068886337543056,"[100.0, 22.93577981651376, 16.438356164383563, 22.01834862385321]",15875.55078125,6366.62109375,9508.9296875,40.10330842360046,24575.99609375,370.18359375,1.5062811384647907,"[{""index"": 0, ""name"": ""NVIDIA P104-100"", ""pci_bus"": ""00000000:01:00.0"", ""pcie"": ""Gen1 x1"", ""util_pct"": 55.0, ""power_w"": 51.9, ""vram_used_mib"": 7512.0}, {""index"": 1, ""name"": ""NVIDIA P104-100"", ""pci_bus"": ""00000000:02:00.0"", ""pcie"": ""Gen1 x1"", ""util_pct"": 1.0, ""power_w"": 56.37, ""vram_used_mib"": 7120.0}, {""index"": 2, ""name"": ""NVIDIA P104-100"", ""pci_bus"": ""00000000:0A:00.0"", ""pcie"": ""Gen1 x1"", ""util_pct"": 16.0, ""power_w"": 184.01, ""vram_used_mib"": 7860.0}, {""index"": 3, ""name"": ""NVIDIA P104-100"", ""pci_bus"": ""00000000:0C:00.0"", ""pcie"": ""Gen1 x1"", ""util_pct"": 1.0, ""power_w"": 53.83, ""vram_used_mib"": 7490.0}, {""index"": 4, ""name"": ""NVIDIA P104-100"", ""pci_bus"": ""00000000:0D:00.0"", ""pcie"": ""Gen1 x1"", ""util_pct"": 0.0, ""power_w"": 8.95, ""vram_used_mib"": 84.0}, {""index"": 5, ""name"": ""NVIDIA P104-100"", ""pci_bus"": ""00000000:0E:00.0"", ""pcie"": ""Gen1 x1"", ""util_pct"": 0.0, ""power_w"": 9.8, ""vram_used_mib"": 84.0}]"
2026-08-16T16:33:56.498853+03:00,1786887236.498853,ctx_016384.txt,1,1,prefill,40.42056074766355,"[100.0, 14.953271028037383, 16.9811320754717, 28.63849765258216]",15875.55078125,6401.453125,9474.09765625,40.32271518138765,24575.99609375,370.18359375,1.5062811384647907,"[{""index"": 0, ""name"": ""NVIDIA P104-100"", ""pci_bus"": ""00000000:01:00.0"", ""pcie"": ""Gen1 x1"", ""util_pct"": 39.0, ""power_w"": 52.15, ""vram_used_mib"": 7512.0}, {""index"": 1, ""name"": ""NVIDIA P104-100"", ""pci_bus"": ""00000000:02:00.0"", ""pcie"": ""Gen1 x1"", ""util_pct"": 85.0, ""power_w"": 54.67, ""vram_used_mib"": 7120.0}, {""index"": 2, ""name"": ""NVIDIA P104-100"", ""pci_bus"": ""00000000:0A:00.0"", ""pcie"": ""Gen1 x1"", ""util_pct"": 71.0, ""power_w"": 55.21, ""vram_used_mib"": 7860.0}, {""index"": 3, ""name"": ""NVIDIA P104-100"", ""pci_bus"": ""00000000:0C:00.0"", ""pcie"": ""Gen1 x1"", ""util_pct"": 46.0, ""power_w"": 195.13, ""vram_used_mib"": 7490.0}, {""index"": 4, ""name"": ""NVIDIA P104-100"", ""pci_bus"": ""00000000:0D:00.0"", ""pcie"": ""Gen1 x1"", ""util_pct"": 0.0, ""power_w"": 8.84, ""vram_used_mib"": 84.0}, {""index"": 5, ""name"": ""NVIDIA P104-100"", ""pci_bus"": ""00000000:0E:00.0"", ""pcie"": ""Gen1 x1"", ""util_pct"": 0.0, ""power_w"": 9.54, ""vram_used_mib"": 84.0}]"
2026-08-16T16:33:58.640587+03:00,1786887238.640587,ctx_016384.txt,1,1,prefill,39.11007025761124,"[100.0, 28.63849765258216, 11.627906976744185, 16.35514018691589]",15875.55078125,6411.03125,9464.51953125,40.38304773382617,24575.99609375,370.18359375,1.5062811384647907,"[{""index"": 0, ""name"": ""NVIDIA P104-100"", ""pci_bus"": ""00000000:01:00.0"", ""pcie"": ""Gen1 x1"", ""util_pct"": 31.0, ""power_w"": 162.03, ""vram_used_mib"": 7512.0}, {""index"": 1, ""name"": ""NVIDIA P104-100"", ""pci_bus"": ""00000000:02:00.0"", ""pcie"": ""Gen1 x1"", ""util_pct"": 3.0, ""power_w"": 114.48, ""vram_used_mib"": 7120.0}, {""index"": 2, ""name"": ""NVIDIA P104-100"", ""pci_bus"": ""00000000:0A:00.0"", ""pcie"": ""Gen1 x1"", ""util_pct"": 3.0, ""power_w"": 101.75, ""vram_used_mib"": 7860.0}, {""index"": 3, ""name"": ""NVIDIA P104-100"", ""pci_bus"": ""00000000:0C:00.0"", ""pcie"": ""Gen1 x1"", ""util_pct"": 21.0, ""power_w"": 53.57, ""vram_used_mib"": 7490.0}, {""index"": 4, ""name"": ""NVIDIA P104-100"", ""pci_bus"": ""00000000:0D:00.0"", ""pcie"": ""Gen1 x1"", ""util_pct"": 0.0, ""power_w"": 8.75, ""vram_used_mib"": 84.0}, {""index"": 5, ""name"": ""NVIDIA P104-100"", ""pci_bus"": ""00000000:0E:00.0"", ""pcie"": ""Gen1 x1"", ""util_pct"": 0.0, ""power_w"": 9.54, ""vram_used_mib"": 84.0}]"
2026-08-16T16:34:00.824999+03:00,1786887240.824999,ctx_016384.txt,1,1,prefill,39.86254295532646,"[100.0, 9.216589861751151, 12.903225806451612, 36.986301369863014]",15875.55078125,6408.2421875,9467.30859375,40.36547944571805,24575.99609375,370.18359375,1.5062811384647907,"[{""index"": 0, ""name"": ""NVIDIA P104-100"", ""pci_bus"": ""00000000:01:00.0"", ""pcie"": ""Gen1 x1"", ""util_pct"": 56.0, ""power_w"": 52.13, ""vram_used_mib"": 7512.0}, {""index"": 1, ""name"": ""NVIDIA P104-100"", ""pci_bus"": ""00000000:02:00.0"", ""pcie"": ""Gen1 x1"", ""util_pct"": 37.0, ""power_w"": 53.94, ""vram_used_mib"": 7120.0}, {""index"": 2, ""name"": ""NVIDIA P104-100"", ""pci_bus"": ""00000000:0A:00.0"", ""pcie"": ""Gen1 x1"", ""util_pct"": 48.0, ""power_w"": 62.46, ""vram_used_mib"": 7860.0}, {""index"": 3, ""name"": ""NVIDIA P104-100"", ""pci_bus"": ""00000000:0C:00.0"", ""pcie"": ""Gen1 x1"", ""util_pct"": 0.0, ""power_w"": 166.79, ""vram_used_mib"": 7490.0}, {""index"": 4, ""name"": ""NVIDIA P104-100"", ""pci_bus"": ""00000000:0D:00.0"", ""pcie"": ""Gen1 x1"", ""util_pct"": 0.0, ""power_w"": 8.84, ""vram_used_mib"": 84.0}, {""index"": 5, ""name"": ""NVIDIA P104-100"", ""pci_bus"": ""00000000:0E:00.0"", ""pcie"": ""Gen1 x1"", ""util_pct"": 0.0, ""power_w"": 9.79, ""vram_used_mib"": 84.0}]"
2026-08-16T16:34:03.013846+03:00,1786887243.013846,ctx_016384.txt,1,1,prefill,40.664375715922105,"[100.0, 23.853211009174313, 17.80821917808219, 21.004566210045663]",15875.55078125,6432.453125,9443.09765625,40.517983997110335,24575.99609375,370.18359375,1.5062811384647907,"[{""index"": 0, ""name"": ""NVIDIA P104-100"", ""pci_bus"": ""00000000:01:00.0"", ""pcie"": ""Gen1 x1"", ""util_pct"": 21.0, ""power_w"": 52.15, ""vram_used_mib"": 7512.0}, {""index"": 1, ""name"": ""NVIDIA P104-100"", ""pci_bus"": ""00000000:02:00.0"", ""pcie"": ""Gen1 x1"", ""util_pct"": 51.0, ""power_w"": 54.68, ""vram_used_mib"": 7120.0}, {""index"": 2, ""name"": ""NVIDIA P104-100"", ""pci_bus"": ""00000000:0A:00.0"", ""pcie"": ""Gen1 x1"", ""util_pct"": 1.0, ""power_w"": 54.25, ""vram_used_mib"": 7860.0}, {""index"": 3, ""name"": ""NVIDIA P104-100"", ""pci_bus"": ""00000000:0C:00.0"", ""pcie"": ""Gen1 x1"", ""util_pct"": 27.0, ""power_w"": 158.11, ""vram_used_mib"": 7490.0}, {""index"": 4, ""name"": ""NVIDIA P104-100"", ""pci_bus"": ""00000000:0D:00.0"", ""pcie"": ""Gen1 x1"", ""util_pct"": 0.0, ""power_w"": 8.95, ""vram_used_mib"": 84.0}, {""index"": 5, ""name"": ""NVIDIA P104-100"", ""pci_bus"": ""00000000:0E:00.0"", ""pcie"": ""Gen1 x1"", ""util_pct"": 0.0, ""power_w"": 9.8, ""vram_used_mib"": 84.0}]"
2026-08-16T16:34:05.136700+03:00,1786887245.136700,ctx_016384.txt,1,1,prefill,39.952718676122934,"[100.0, 12.380952380952381, 23.58490566037736, 23.222748815165875]",15875.55078125,6368.29296875,9507.2578125,40.11383955428712,24575.99609375,370.18359375,1.5062811384647907,"[{""index"": 0, ""name"": ""NVIDIA P104-100"", ""pci_bus"": ""00000000:01:00.0"", ""pcie"": ""Gen1 x1"", ""util_pct"": 0.0, ""power_w"": 168.17, ""vram_used_mib"": 7512.0}, {""index"": 1, ""name"": ""NVIDIA P104-100"", ""pci_bus"": ""00000000:02:00.0"", ""pcie"": ""Gen1 x1"", ""util_pct"": 15.0, ""power_w"": 53.96, ""vram_used_mib"": 7120.0}, {""index"": 2, ""name"": ""NVIDIA P104-100"", ""pci_bus"": ""00000000:0A:00.0"", ""pcie"": ""Gen1 x1"", ""util_pct"": 49.0, ""power_w"": 52.68, ""vram_used_mib"": 7860.0}, {""index"": 3, ""name"": ""NVIDIA P104-100"", ""pci_bus"": ""00000000:0C:00.0"", ""pcie"": ""Gen1 x1"", ""util_pct"": 40.0, ""power_w"": 55.07, ""vram_used_mib"": 7490.0}, {""index"": 4, ""name"": ""NVIDIA P104-100"", ""pci_bus"": ""00000000:0D:00.0"", ""pcie"": ""Gen1 x1"", ""util_pct"": 0.0, ""power_w"": 8.85, ""vram_used_mib"": 84.0}, {""index"": 5, ""name"": ""NVIDIA P104-100"", ""pci_bus"": ""00000000:0E:00.0"", ""pcie"": ""Gen1 x1"", ""util_pct"": 0.0, ""power_w"": 9.9, ""vram_used_mib"": 84.0}]"
2026-08-16T16:34:07.300474+03:00,1786887247.300474,ctx_016384.txt,1,1,prefill,39.559164733178655,"[100.0, 17.889908256880734, 17.757009345794394, 22.429906542056074]",15875.55078125,6470.84375,9404.70703125,40.759806315774966,24575.99609375,370.18359375,1.5062811384647907,"[{""index"": 0, ""name"": ""NVIDIA P104-100"", ""pci_bus"": ""00000000:01:00.0"", ""pcie"": ""Gen1 x1"", ""util_pct"": 24.0, ""power_w"": 161.82, ""vram_used_mib"": 7512.0}, {""index"": 1, ""name"": ""NVIDIA P104-100"", ""pci_bus"": ""00000000:02:00.0"", ""pcie"": ""Gen1 x1"", ""util_pct"": 1.0, ""power_w"": 65.95, ""vram_used_mib"": 7120.0}, {""index"": 2, ""name"": ""NVIDIA P104-100"", ""pci_bus"": ""00000000:0A:00.0"", ""pcie"": ""Gen1 x1"", ""util_pct"": 53.0, ""power_w"": 52.76, ""vram_used_mib"": 7860.0}, {""index"": 3, ""name"": ""NVIDIA P104-100"", ""pci_bus"": ""00000000:0C:00.0"", ""pcie"": ""Gen1 x1"", ""util_pct"": 24.0, ""power_w"": 53.9, ""vram_used_mib"": 7490.0}, {""index"": 4, ""name"": ""NVIDIA P104-100"", ""pci_bus"": ""00000000:0D:00.0"", ""pcie"": ""Gen1 x1"", ""util_pct"": 0.0, ""power_w"": 8.84, ""vram_used_mib"": 84.0}, {""index"": 5, ""name"": ""NVIDIA P104-100"", ""pci_bus"": ""00000000:0E:00.0"", ""pcie"": ""Gen1 x1"", ""util_pct"": 0.0, ""power_w"": 9.79, ""vram_used_mib"": 84.0}]"
2026-08-16T16:34:09.484943+03:00,1786887249.484943,ctx_016384.txt,1,1,prefill,40.481651376146786,"[100.0, 30.4147465437788, 16.513761467889907, 15.137614678899082]",15875.55078125,6473.38671875,9402.1640625,40.77582446081472,24575.99609375,370.18359375,1.5062811384647907,"[{""index"": 0, ""name"": ""NVIDIA P104-100"", ""pci_bus"": ""00000000:01:00.0"", ""pcie"": ""Gen1 x1"", ""util_pct"": 57.0, ""power_w"": 54.07, ""vram_used_mib"": 7512.0}, {""index"": 1, ""name"": ""NVIDIA P104-100"", ""pci_bus"": ""00000000:02:00.0"", ""pcie"": ""Gen1 x1"", ""util_pct"": 17.0, ""power_w"": 182.12, ""vram_used_mib"": 7120.0}, {""index"": 2, ""name"": ""NVIDIA P104-100"", ""pci_bus"": ""00000000:0A:00.0"", ""pcie"": ""Gen1 x1"", ""util_pct"": 24.0, ""power_w"": 52.51, ""vram_used_mib"": 7860.0}, {""index"": 3, ""name"": ""NVIDIA P104-100"", ""pci_bus"": ""00000000:0C:00.0"", ""pcie"": ""Gen1 x1"", ""util_pct"": 40.0, ""power_w"": 55.63, ""vram_used_mib"": 7490.0}, {""index"": 4, ""name"": ""NVIDIA P104-100"", ""pci_bus"": ""00000000:0D:00.0"", ""pcie"": ""Gen1 x1"", ""util_pct"": 0.0, ""power_w"": 8.84, ""vram_used_mib"": 84.0}, {""index"": 5, ""name"": ""NVIDIA P104-100"", ""pci_bus"": ""00000000:0E:00.0"", ""pcie"": ""Gen1 x1"", ""util_pct"": 0.0, ""power_w"": 9.89, ""vram_used_mib"": 84.0}]"
2026-08-16T16:34:11.608833+03:00,1786887251.608833,ctx_016384.txt,1,1,prefill,39.952718676122934,"[100.0, 17.92452830188679, 8.095238095238095, 33.0188679245283]",15875.55078125,6426.08203125,9449.46875,40.4778525154516,24575.99609375,370.18359375,1.5062811384647907,"[{""index"": 0, ""name"": ""NVIDIA P104-100"", ""pci_bus"": ""00000000:01:00.0"", ""pcie"": ""Gen1 x1"", ""util_pct"": 57.0, ""power_w"": 52.38, ""vram_used_mib"": 7512.0}, {""index"": 1, ""name"": ""NVIDIA P104-100"", ""pci_bus"": ""00000000:02:00.0"", ""pcie"": ""Gen1 x1"", ""util_pct"": 50.0, ""power_w"": 121.12, ""vram_used_mib"": 7120.0}, {""index"": 2, ""name"": ""NVIDIA P104-100"", ""pci_bus"": ""00000000:0A:00.0"", ""pcie"": ""Gen1 x1"", ""util_pct"": 2.0, ""power_w"": 84.61, ""vram_used_mib"": 7860.0}, {""index"": 3, ""name"": ""NVIDIA P104-100"", ""pci_bus"": ""00000000:0C:00.0"", ""pcie"": ""Gen1 x1"", ""util_pct"": 40.0, ""power_w"": 55.42, ""vram_used_mib"": 7490.0}, {""index"": 4, ""name"": ""NVIDIA P104-100"", ""pci_bus"": ""00000000:0D:00.0"", ""pcie"": ""Gen1 x1"", ""util_pct"": 0.0, ""power_w"": 8.95, ""vram_used_mib"": 84.0}, {""index"": 5, ""name"": ""NVIDIA P104-100"", ""pci_bus"": ""00000000:0E:00.0"", ""pcie"": ""Gen1 x1"", ""util_pct"": 0.0, ""power_w"": 9.55, ""vram_used_mib"": 84.0}]"
2026-08-16T16:34:13.764109+03:00,1786887253.764109,ctx_016384.txt,1,1,prefill,44.690781796966164,"[100.0, 18.69158878504673, 13.023255813953488, 46.948356807511736]",15875.55078125,6376.55859375,9498.9921875,40.16590467702769,24575.99609375,370.18359375,1.5062811384647907,"[{""index"": 0, ""name"": ""NVIDIA P104-100"", ""pci_bus"": ""00000000:01:00.0"", ""pcie"": ""Gen1 x1"", ""util_pct"": 32.0, ""power_w"": 51.85, ""vram_used_mib"": 7512.0}, {""index"": 1, ""name"": ""NVIDIA P104-100"", ""pci_bus"": ""00000000:02:00.0"", ""pcie"": ""Gen1 x1"", ""util_pct"": 2.0, ""power_w"": 61.04, ""vram_used_mib"": 7120.0}, {""index"": 2, ""name"": ""NVIDIA P104-100"", ""pci_bus"": ""00000000:0A:00.0"", ""pcie"": ""Gen1 x1"", ""util_pct"": 0.0, ""power_w"": 172.34, ""vram_used_mib"": 7860.0}, {""index"": 3, ""name"": ""NVIDIA P104-100"", ""pci_bus"": ""00000000:0C:00.0"", ""pcie"": ""Gen1 x1"", ""util_pct"": 18.0, ""power_w"": 53.83, ""vram_used_mib"": 7490.0}, {""index"": 4, ""name"": ""NVIDIA P104-100"", ""pci_bus"": ""00000000:0D:00.0"", ""pcie"": ""Gen1 x1"", ""util_pct"": 0.0, ""power_w"": 8.95, ""vram_used_mib"": 84.0}, {""index"": 5, ""name"": ""NVIDIA P104-100"", ""pci_bus"": ""00000000:0E:00.0"", ""pcie"": ""Gen1 x1"", ""util_pct"": 0.0, ""power_w"": 9.45, ""vram_used_mib"": 84.0}]"
2026-08-16T16:34:15.991022+03:00,1786887255.991022,ctx_016384.txt,1,1,prefill,45.669291338582674,"[100.0, 21.17117117117117, 28.251121076233183, 33.333333333333336]",15875.55078125,6409.40625,9466.14453125,40.37281186848586,24575.99609375,370.18359375,1.5062811384647907,"[{""index"": 0, ""name"": ""NVIDIA P104-100"", ""pci_bus"": ""00000000:01:00.0"", ""pcie"": ""Gen1 x1"", ""util_pct"": 35.0, ""power_w"": 50.45, ""vram_used_mib"": 7512.0}, {""index"": 1, ""name"": ""NVIDIA P104-100"", ""pci_bus"": ""00000000:02:00.0"", ""pcie"": ""Gen1 x1"", ""util_pct"": 68.0, ""power_w"": 54.97, ""vram_used_mib"": 7120.0}, {""index"": 2, ""name"": ""NVIDIA P104-100"", ""pci_bus"": ""00000000:0A:00.0"", ""pcie"": ""Gen1 x1"", ""util_pct"": 78.0, ""power_w"": 51.52, ""vram_used_mib"": 7860.0}, {""index"": 3, ""name"": ""NVIDIA P104-100"", ""pci_bus"": ""00000000:0C:00.0"", ""pcie"": ""Gen1 x1"", ""util_pct"": 86.0, ""power_w"": 100.53, ""vram_used_mib"": 7490.0}, {""index"": 4, ""name"": ""NVIDIA P104-100"", ""pci_bus"": ""00000000:0D:00.0"", ""pcie"": ""Gen1 x1"", ""util_pct"": 0.0, ""power_w"": 8.85, ""vram_used_mib"": 84.0}, {""index"": 5, ""name"": ""NVIDIA P104-100"", ""pci_bus"": ""00000000:0E:00.0"", ""pcie"": ""Gen1 x1"", ""util_pct"": 0.0, ""power_w"": 9.9, ""vram_used_mib"": 84.0}]"
2026-08-16T16:34:18.210948+03:00,1786887258.210948,ctx_016384.txt,1,1,prefill,39.32203389830509,"[100.0, 14.864864864864865, 22.272727272727273, 19.90950226244344]",15875.55078125,6516.3515625,9359.19921875,41.04645975619448,24575.99609375,370.18359375,1.5062811384647907,"[{""index"": 0, ""name"": ""NVIDIA P104-100"", ""pci_bus"": ""00000000:01:00.0"", ""pcie"": ""Gen1 x1"", ""util_pct"": 58.0, ""power_w"": 51.82, ""vram_used_mib"": 7512.0}, {""index"": 1, ""name"": ""NVIDIA P104-100"", ""pci_bus"": ""00000000:02:00.0"", ""pcie"": ""Gen1 x1"", ""util_pct"": 29.0, ""power_w"": 97.78, ""vram_used_mib"": 7120.0}, {""index"": 2, ""name"": ""NVIDIA P104-100"", ""pci_bus"": ""00000000:0A:00.0"", ""pcie"": ""Gen1 x1"", ""util_pct"": 2.0, ""power_w"": 119.8, ""vram_used_mib"": 7860.0}, {""index"": 3, ""name"": ""NVIDIA P104-100"", ""pci_bus"": ""00000000:0C:00.0"", ""pcie"": ""Gen1 x1"", ""util_pct"": 50.0, ""power_w"": 55.67, ""vram_used_mib"": 7490.0}, {""index"": 4, ""name"": ""NVIDIA P104-100"", ""pci_bus"": ""00000000:0D:00.0"", ""pcie"": ""Gen1 x1"", ""util_pct"": 0.0, ""power_w"": 9.05, ""vram_used_mib"": 84.0}, {""index"": 5, ""name"": ""NVIDIA P104-100"", ""pci_bus"": ""00000000:0E:00.0"", ""pcie"": ""Gen1 x1"", ""util_pct"": 0.0, ""power_w"": 9.8, ""vram_used_mib"": 84.0}]"
2026-08-16T16:34:20.348438+03:00,1786887260.348438,ctx_016384.txt,1,1,prefill,40.16393442622951,"[100.0, 21.5962441314554, 11.267605633802816, 27.570093457943926]",15875.55078125,6489.546875,9386.00390625,40.87761718897056,24575.99609375,370.18359375,1.5062811384647907,"[{""index"": 0, ""name"": ""NVIDIA P104-100"", ""pci_bus"": ""00000000:01:00.0"", ""pcie"": ""Gen1 x1"", ""util_pct"": 80.0, ""power_w"": 52.18, ""vram_used_mib"": 7512.0}, {""index"": 1, ""name"": ""NVIDIA P104-100"", ""pci_bus"": ""00000000:02:00.0"", ""pcie"": ""Gen1 x1"", ""util_pct"": 88.0, ""power_w"": 180.44, ""vram_used_mib"": 7120.0}, {""index"": 2, ""name"": ""NVIDIA P104-100"", ""pci_bus"": ""00000000:0A:00.0"", ""pcie"": ""Gen1 x1"", ""util_pct"": 7.0, ""power_w"": 181.23, ""vram_used_mib"": 7860.0}, {""index"": 3, ""name"": ""NVIDIA P104-100"", ""pci_bus"": ""00000000:0C:00.0"", ""pcie"": ""Gen1 x1"", ""util_pct"": 7.0, ""power_w"": 54.37, ""vram_used_mib"": 7490.0}, {""index"": 4, ""name"": ""NVIDIA P104-100"", ""pci_bus"": ""00000000:0D:00.0"", ""pcie"": ""Gen1 x1"", ""util_pct"": 0.0, ""power_w"": 8.94, ""vram_used_mib"": 84.0}, {""index"": 5, ""name"": ""NVIDIA P104-100"", ""pci_bus"": ""00000000:0E:00.0"", ""pcie"": ""Gen1 x1"", ""util_pct"": 0.0, ""power_w"": 9.79, ""vram_used_mib"": 84.0}]"
2026-08-16T16:34:22.481276+03:00,1786887262.481276,ctx_016384.txt,1,1,prefill,38.967136150234744,"[100.0, 13.615023474178404, 28.169014084507044, 14.622641509433961]",15875.55078125,6375.11328125,9500.4375,40.15680066218175,24575.99609375,370.18359375,1.5062811384647907,"[{""index"": 0, ""name"": ""NVIDIA P104-100"", ""pci_bus"": ""00000000:01:00.0"", ""pcie"": ""Gen1 x1"", ""util_pct"": 7.0, ""power_w"": 52.15, ""vram_used_mib"": 7512.0}, {""index"": 1, ""name"": ""NVIDIA P104-100"", ""pci_bus"": ""00000000:02:00.0"", ""pcie"": ""Gen1 x1"", ""util_pct"": 41.0, ""power_w"": 54.78, ""vram_used_mib"": 7120.0}, {""index"": 2, ""name"": ""NVIDIA P104-100"", ""pci_bus"": ""00000000:0A:00.0"", ""pcie"": ""Gen1 x1"", ""util_pct"": 25.0, ""power_w"": 56.53, ""vram_used_mib"": 7860.0}, {""index"": 3, ""name"": ""NVIDIA P104-100"", ""pci_bus"": ""00000000:0C:00.0"", ""pcie"": ""Gen1 x1"", ""util_pct"": 0.0, ""power_w"": 184.97, ""vram_used_mib"": 7490.0}, {""index"": 4, ""name"": ""NVIDIA P104-100"", ""pci_bus"": ""00000000:0D:00.0"", ""pcie"": ""Gen1 x1"", ""util_pct"": 0.0, ""power_w"": 8.84, ""vram_used_mib"": 84.0}, {""index"": 5, ""name"": ""NVIDIA P104-100"", ""pci_bus"": ""00000000:0E:00.0"", ""pcie"": ""Gen1 x1"", ""util_pct"": 0.0, ""power_w"": 9.89, ""vram_used_mib"": 84.0}]"
2026-08-16T16:34:24.669895+03:00,1786887264.669895,ctx_016384.txt,1,1,prefill,40.114285714285714,"[100.0, 21.004566210045663, 13.302752293577981, 25.114155251141554]",15875.55078125,6426.9375,9448.61328125,40.48324110802258,24575.99609375,370.18359375,1.5062811384647907,"[{""index"": 0, ""name"": ""NVIDIA P104-100"", ""pci_bus"": ""00000000:01:00.0"", ""pcie"": ""Gen1 x1"", ""util_pct"": 0.0, ""power_w"": 52.01, ""vram_used_mib"": 7512.0}, {""index"": 1, ""name"": ""NVIDIA P104-100"", ""pci_bus"": ""00000000:02:00.0"", ""pcie"": ""Gen1 x1"", ""util_pct"": 25.0, ""power_w"": 54.04, ""vram_used_mib"": 7120.0}, {""index"": 2, ""name"": ""NVIDIA P104-100"", ""pci_bus"": ""00000000:0A:00.0"", ""pcie"": ""Gen1 x1"", ""util_pct"": 37.0, ""power_w"": 82.78, ""vram_used_mib"": 7860.0}, {""index"": 3, ""name"": ""NVIDIA P104-100"", ""pci_bus"": ""00000000:0C:00.0"", ""pcie"": ""Gen1 x1"", ""util_pct"": 0.0, ""power_w"": 149.26, ""vram_used_mib"": 7490.0}, {""index"": 4, ""name"": ""NVIDIA P104-100"", ""pci_bus"": ""00000000:0D:00.0"", ""pcie"": ""Gen1 x1"", ""util_pct"": 0.0, ""power_w"": 8.74, ""vram_used_mib"": 84.0}, {""index"": 5, ""name"": ""NVIDIA P104-100"", ""pci_bus"": ""00000000:0E:00.0"", ""pcie"": ""Gen1 x1"", ""util_pct"": 0.0, ""power_w"": 9.79, ""vram_used_mib"": 84.0}]"
2026-08-16T16:34:26.809912+03:00,1786887266.809912,ctx_016384.txt,1,1,prefill,40.5152224824356,"[100.0, 22.065727699530516, 14.553990610328638, 26.046511627906977]",15875.55078125,6343.4921875,9532.05859375,39.95761958061986,24575.99609375,370.18359375,1.5062811384647907,"[{""index"": 0, ""name"": ""NVIDIA P104-100"", ""pci_bus"": ""00000000:01:00.0"", ""pcie"": ""Gen1 x1"", ""util_pct"": 58.0, ""power_w"": 52.11, ""vram_used_mib"": 7512.0}, {""index"": 1, ""name"": ""NVIDIA P104-100"", ""pci_bus"": ""00000000:02:00.0"", ""pcie"": ""Gen1 x1"", ""util_pct"": 34.0, ""power_w"": 54.3, ""vram_used_mib"": 7120.0}, {""index"": 2, ""name"": ""NVIDIA P104-100"", ""pci_bus"": ""00000000:0A:00.0"", ""pcie"": ""Gen1 x1"", ""util_pct"": 48.0, ""power_w"": 105.31, ""vram_used_mib"": 7860.0}, {""index"": 3, ""name"": ""NVIDIA P104-100"", ""pci_bus"": ""00000000:0C:00.0"", ""pcie"": ""Gen1 x1"", ""util_pct"": 0.0, ""power_w"": 127.7, ""vram_used_mib"": 7490.0}, {""index"": 4, ""name"": ""NVIDIA P104-100"", ""pci_bus"": ""00000000:0D:00.0"", ""pcie"": ""Gen1 x1"", ""util_pct"": 0.0, ""power_w"": 8.94, ""vram_used_mib"": 84.0}, {""index"": 5, ""name"": ""NVIDIA P104-100"", ""pci_bus"": ""00000000:0E:00.0"", ""pcie"": ""Gen1 x1"", ""util_pct"": 0.0, ""power_w"": 9.89, ""vram_used_mib"": 84.0}]"
2026-08-16T16:34:28.943522+03:00,1786887268.943522,ctx_016384.txt,1,1,prefill,39.201877934272304,"[100.0, 16.901408450704224, 20.657276995305164, 18.779342723004696]",15875.55078125,6312.60546875,9562.9453125,39.76306432281754,24575.99609375,370.18359375,1.5062811384647907,"[{""index"": 0, ""name"": ""NVIDIA P104-100"", ""pci_bus"": ""00000000:01:00.0"", ""pcie"": ""Gen1 x1"", ""util_pct"": 58.0, ""power_w"": 52.09, ""vram_used_mib"": 7512.0}, {""index"": 1, ""name"": ""NVIDIA P104-100"", ""pci_bus"": ""00000000:02:00.0"", ""pcie"": ""Gen1 x1"", ""util_pct"": 41.0, ""power_w"": 54.04, ""vram_used_mib"": 7120.0}, {""index"": 2, ""name"": ""NVIDIA P104-100"", ""pci_bus"": ""00000000:0A:00.0"", ""pcie"": ""Gen1 x1"", ""util_pct"": 53.0, ""power_w"": 74.86, ""vram_used_mib"": 7860.0}, {""index"": 3, ""name"": ""NVIDIA P104-100"", ""pci_bus"": ""00000000:0C:00.0"", ""pcie"": ""Gen1 x1"", ""util_pct"": 0.0, ""power_w"": 159.4, ""vram_used_mib"": 7490.0}, {""index"": 4, ""name"": ""NVIDIA P104-100"", ""pci_bus"": ""00000000:0D:00.0"", ""pcie"": ""Gen1 x1"", ""util_pct"": 0.0, ""power_w"": 9.04, ""vram_used_mib"": 84.0}, {""index"": 5, ""name"": ""NVIDIA P104-100"", ""pci_bus"": ""00000000:0E:00.0"", ""pcie"": ""Gen1 x1"", ""util_pct"": 0.0, ""power_w"": 9.79, ""vram_used_mib"": 84.0}]"
2026-08-16T16:34:31.119524+03:00,1786887271.119524,ctx_016384.txt,1,1,prefill,40.229885057471265,"[100.0, 12.037037037037036, 28.703703703703702, 19.81566820276498]",15875.55078125,6366.93359375,9508.6171875,40.10527685924283,24575.99609375,370.18359375,1.5062811384647907,"[{""index"": 0, ""name"": ""NVIDIA P104-100"", ""pci_bus"": ""00000000:01:00.0"", ""pcie"": ""Gen1 x1"", ""util_pct"": 59.0, ""power_w"": 51.87, ""vram_used_mib"": 7512.0}, {""index"": 1, ""name"": ""NVIDIA P104-100"", ""pci_bus"": ""00000000:02:00.0"", ""pcie"": ""Gen1 x1"", ""util_pct"": 41.0, ""power_w"": 55.87, ""vram_used_mib"": 7120.0}, {""index"": 2, ""name"": ""NVIDIA P104-100"", ""pci_bus"": ""00000000:0A:00.0"", ""pcie"": ""Gen1 x1"", ""util_pct"": 2.0, ""power_w"": 174.31, ""vram_used_mib"": 7860.0}, {""index"": 3, ""name"": ""NVIDIA P104-100"", ""pci_bus"": ""00000000:0C:00.0"", ""pcie"": ""Gen1 x1"", ""util_pct"": 42.0, ""power_w"": 55.56, ""vram_used_mib"": 7490.0}, {""index"": 4, ""name"": ""NVIDIA P104-100"", ""pci_bus"": ""00000000:0D:00.0"", ""pcie"": ""Gen1 x1"", ""util_pct"": 0.0, ""power_w"": 8.85, ""vram_used_mib"": 84.0}, {""index"": 5, ""name"": ""NVIDIA P104-100"", ""pci_bus"": ""00000000:0E:00.0"", ""pcie"": ""Gen1 x1"", ""util_pct"": 0.0, ""power_w"": 9.8, ""vram_used_mib"": 84.0}]"
2026-08-16T16:34:33.250978+03:00,1786887273.250978,ctx_016384.txt,1,1,prefill,40.11764705882353,"[100.0, 18.779342723004696, 14.084507042253522, 26.88679245283019]",15875.55078125,6452.18359375,9423.3671875,40.64226610248021,24575.99609375,370.18359375,1.5062811384647907,"[{""index"": 0, ""name"": ""NVIDIA P104-100"", ""pci_bus"": ""00000000:01:00.0"", ""pcie"": ""Gen1 x1"", ""util_pct"": 59.0, ""power_w"": 52.47, ""vram_used_mib"": 7512.0}, {""index"": 1, ""name"": ""NVIDIA P104-100"", ""pci_bus"": ""00000000:02:00.0"", ""pcie"": ""Gen1 x1"", ""util_pct"": 40.0, ""power_w"": 115.14, ""vram_used_mib"": 7120.0}, {""index"": 2, ""name"": ""NVIDIA P104-100"", ""pci_bus"": ""00000000:0A:00.0"", ""pcie"": ""Gen1 x1"", ""util_pct"": 2.0, ""power_w"": 95.79, ""vram_used_mib"": 7860.0}, {""index"": 3, ""name"": ""NVIDIA P104-100"", ""pci_bus"": ""00000000:0C:00.0"", ""pcie"": ""Gen1 x1"", ""util_pct"": 42.0, ""power_w"": 55.67, ""vram_used_mib"": 7490.0}, {""index"": 4, ""name"": ""NVIDIA P104-100"", ""pci_bus"": ""00000000:0D:00.0"", ""pcie"": ""Gen1 x1"", ""util_pct"": 0.0, ""power_w"": 8.85, ""vram_used_mib"": 84.0}, {""index"": 5, ""name"": ""NVIDIA P104-100"", ""pci_bus"": ""00000000:0E:00.0"", ""pcie"": ""Gen1 x1"", ""util_pct"": 0.0, ""power_w"": 9.65, ""vram_used_mib"": 84.0}]"
2026-08-16T16:34:35.368487+03:00,1786887275.368487,ctx_016384.txt,1,1,prefill,38.69822485207101,"[100.0, 11.904761904761905, 16.587677725118482, 26.41509433962264]",15875.55078125,6469.08984375,9406.4609375,40.74875847073219,24575.99609375,370.1796875,1.5062652438903243,"[{""index"": 0, ""name"": ""NVIDIA P104-100"", ""pci_bus"": ""00000000:01:00.0"", ""pcie"": ""Gen1 x1"", ""util_pct"": 86.0, ""power_w"": 52.46, ""vram_used_mib"": 7512.0}, {""index"": 1, ""name"": ""NVIDIA P104-100"", ""pci_bus"": ""00000000:02:00.0"", ""pcie"": ""Gen1 x1"", ""util_pct"": 85.0, ""power_w"": 77.65, ""vram_used_mib"": 7120.0}, {""index"": 2, ""name"": ""NVIDIA P104-100"", ""pci_bus"": ""00000000:0A:00.0"", ""pcie"": ""Gen1 x1"", ""util_pct"": 7.0, ""power_w"": 166.89, ""vram_used_mib"": 7860.0}, {""index"": 3, ""name"": ""NVIDIA P104-100"", ""pci_bus"": ""00000000:0C:00.0"", ""pcie"": ""Gen1 x1"", ""util_pct"": 1.0, ""power_w"": 180.73, ""vram_used_mib"": 7490.0}, {""index"": 4, ""name"": ""NVIDIA P104-100"", ""pci_bus"": ""00000000:0D:00.0"", ""pcie"": ""Gen1 x1"", ""util_pct"": 0.0, ""power_w"": 9.14, ""vram_used_mib"": 84.0}, {""index"": 5, ""name"": ""NVIDIA P104-100"", ""pci_bus"": ""00000000:0E:00.0"", ""pcie"": ""Gen1 x1"", ""util_pct"": 0.0, ""power_w"": 9.89, ""vram_used_mib"": 84.0}]"
2026-08-16T16:34:37.757273+03:00,1786887277.757273,ctx_016384.txt,1,1,prefill,53.69198312236287,"[100.0, 30.672268907563026, 26.470588235294116, 57.69230769230769]",15875.55078125,6482.84375,9392.70703125,40.835394244441815,24575.99609375,370.1796875,1.5062652438903243,"[{""index"": 0, ""name"": ""NVIDIA P104-100"", ""pci_bus"": ""00000000:01:00.0"", ""pcie"": ""Gen1 x1"", ""util_pct"": 8.0, ""power_w"": 169.49, ""vram_used_mib"": 7512.0}, {""index"": 1, ""name"": ""NVIDIA P104-100"", ""pci_bus"": ""00000000:02:00.0"", ""pcie"": ""Gen1 x1"", ""util_pct"": 2.0, ""power_w"": 54.8, ""vram_used_mib"": 7120.0}, {""index"": 2, ""name"": ""NVIDIA P104-100"", ""pci_bus"": ""00000000:0A:00.0"", ""pcie"": ""Gen1 x1"", ""util_pct"": 55.0, ""power_w"": 52.37, ""vram_used_mib"": 7860.0}, {""index"": 3, ""name"": ""NVIDIA P104-100"", ""pci_bus"": ""00000000:0C:00.0"", ""pcie"": ""Gen1 x1"", ""util_pct"": 34.0, ""power_w"": 53.93, ""vram_used_mib"": 7490.0}, {""index"": 4, ""name"": ""NVIDIA P104-100"", ""pci_bus"": ""00000000:0D:00.0"", ""pcie"": ""Gen1 x1"", ""util_pct"": 0.0, ""power_w"": 8.75, ""vram_used_mib"": 84.0}, {""index"": 5, ""name"": ""NVIDIA P104-100"", ""pci_bus"": ""00000000:0E:00.0"", ""pcie"": ""Gen1 x1"", ""util_pct"": 0.0, ""power_w"": 9.7, ""vram_used_mib"": 84.0}]"
2026-08-16T16:34:39.902344+03:00,1786887279.902344,ctx_016384.txt,1,1,prefill,40.23391812865497,"[100.0, 17.370892018779344, 18.51851851851852, 24.88262910798122]",15875.55078125,6440.16015625,9435.390625,40.56653054114018,24575.99609375,370.1796875,1.5062652438903243,"[{""index"": 0, ""name"": ""NVIDIA P104-100"", ""pci_bus"": ""00000000:01:00.0"", ""pcie"": ""Gen1 x1"", ""util_pct"": 0.0, ""power_w"": 136.02, ""vram_used_mib"": 7512.0}, {""index"": 1, ""name"": ""NVIDIA P104-100"", ""pci_bus"": ""00000000:02:00.0"", ""pcie"": ""Gen1 x1"", ""util_pct"": 2.0, ""power_w"": 54.71, ""vram_used_mib"": 7120.0}, {""index"": 2, ""name"": ""NVIDIA P104-100"", ""pci_bus"": ""00000000:0A:00.0"", ""pcie"": ""Gen1 x1"", ""util_pct"": 55.0, ""power_w"": 52.67, ""vram_used_mib"": 7860.0}, {""index"": 3, ""name"": ""NVIDIA P104-100"", ""pci_bus"": ""00000000:0C:00.0"", ""pcie"": ""Gen1 x1"", ""util_pct"": 21.0, ""power_w"": 61.78, ""vram_used_mib"": 7490.0}, {""index"": 4, ""name"": ""NVIDIA P104-100"", ""pci_bus"": ""00000000:0D:00.0"", ""pcie"": ""Gen1 x1"", ""util_pct"": 0.0, ""power_w"": 8.75, ""vram_used_mib"": 84.0}, {""index"": 5, ""name"": ""NVIDIA P104-100"", ""pci_bus"": ""00000000:0E:00.0"", ""pcie"": ""Gen1 x1"", ""util_pct"": 0.0, ""power_w"": 10.0, ""vram_used_mib"": 84.0}]"
2026-08-16T16:34:42.032161+03:00,1786887282.032161,ctx_016384.txt,1,1,prefill,39.34040047114252,"[100.0, 16.037735849056602, 15.714285714285714, 24.88262910798122]",15875.55078125,6388.91796875,9486.6328125,40.24375630668326,24575.99609375,370.1796875,1.5062652438903243,"[{""index"": 0, ""name"": ""NVIDIA P104-100"", ""pci_bus"": ""00000000:01:00.0"", ""pcie"": ""Gen1 x1"", ""util_pct"": 0.0, ""power_w"": 52.13, ""vram_used_mib"": 7512.0}, {""index"": 1, ""name"": ""NVIDIA P104-100"", ""pci_bus"": ""00000000:02:00.0"", ""pcie"": ""Gen1 x1"", ""util_pct"": 47.0, ""power_w"": 54.78, ""vram_used_mib"": 7120.0}, {""index"": 2, ""name"": ""NVIDIA P104-100"", ""pci_bus"": ""00000000:0A:00.0"", ""pcie"": ""Gen1 x1"", ""util_pct"": 55.0, ""power_w"": 60.05, ""vram_used_mib"": 7860.0}, {""index"": 3, ""name"": ""NVIDIA P104-100"", ""pci_bus"": ""00000000:0C:00.0"", ""pcie"": ""Gen1 x1"", ""util_pct"": 0.0, ""power_w"": 172.51, ""vram_used_mib"": 7490.0}, {""index"": 4, ""name"": ""NVIDIA P104-100"", ""pci_bus"": ""00000000:0D:00.0"", ""pcie"": ""Gen1 x1"", ""util_pct"": 0.0, ""power_w"": 8.84, ""vram_used_mib"": 84.0}, {""index"": 5, ""name"": ""NVIDIA P104-100"", ""pci_bus"": ""00000000:0E:00.0"", ""pcie"": ""Gen1 x1"", ""util_pct"": 0.0, ""power_w"": 9.89, ""vram_used_mib"": 84.0}]"
2026-08-16T16:34:44.235535+03:00,1786887284.235535,ctx_016384.txt,1,1,prefill,40.40862656072645,"[100.0, 22.171945701357465, 20.454545454545453, 19.09090909090909]",15875.55078125,6377.55859375,9497.9921875,40.17220367108326,24575.99609375,370.1796875,1.5062652438903243,"[{""index"": 0, ""name"": ""NVIDIA P104-100"", ""pci_bus"": ""00000000:01:00.0"", ""pcie"": ""Gen1 x1"", ""util_pct"": 0.0, ""power_w"": 51.81, ""vram_used_mib"": 7512.0}, {""index"": 1, ""name"": ""NVIDIA P104-100"", ""pci_bus"": ""00000000:02:00.0"", ""pcie"": ""Gen1 x1"", ""util_pct"": 27.0, ""power_w"": 55.05, ""vram_used_mib"": 7120.0}, {""index"": 2, ""name"": ""NVIDIA P104-100"", ""pci_bus"": ""00000000:0A:00.0"", ""pcie"": ""Gen1 x1"", ""util_pct"": 41.0, ""power_w"": 146.3, ""vram_used_mib"": 7860.0}, {""index"": 3, ""name"": ""NVIDIA P104-100"", ""pci_bus"": ""00000000:0C:00.0"", ""pcie"": ""Gen1 x1"", ""util_pct"": 0.0, ""power_w"": 70.0, ""vram_used_mib"": 7490.0}, {""index"": 4, ""name"": ""NVIDIA P104-100"", ""pci_bus"": ""00000000:0D:00.0"", ""pcie"": ""Gen1 x1"", ""util_pct"": 0.0, ""power_w"": 8.84, ""vram_used_mib"": 84.0}, {""index"": 5, ""name"": ""NVIDIA P104-100"", ""pci_bus"": ""00000000:0E:00.0"", ""pcie"": ""Gen1 x1"", ""util_pct"": 0.0, ""power_w"": 9.79, ""vram_used_mib"": 84.0}]"
2026-08-16T16:34:46.353290+03:00,1786887286.353290,ctx_016384.txt,1,1,prefill,39.33649289099526,"[100.0, 25.592417061611375, 10.90047393364929, 20.476190476190474]",15875.55078125,6458.77734375,9416.7734375,40.68380009453412,24575.99609375,370.1796875,1.5062652438903243,"[{""index"": 0, ""name"": ""NVIDIA P104-100"", ""pci_bus"": ""00000000:01:00.0"", ""pcie"": ""Gen1 x1"", ""util_pct"": 26.0, ""power_w"": 52.09, ""vram_used_mib"": 7512.0}, {""index"": 1, ""name"": ""NVIDIA P104-100"", ""pci_bus"": ""00000000:02:00.0"", ""pcie"": ""Gen1 x1"", ""util_pct"": 2.0, ""power_w"": 59.48, ""vram_used_mib"": 7120.0}, {""index"": 2, ""name"": ""NVIDIA P104-100"", ""pci_bus"": ""00000000:0A:00.0"", ""pcie"": ""Gen1 x1"", ""util_pct"": 16.0, ""power_w"": 171.96, ""vram_used_mib"": 7860.0}, {""index"": 3, ""name"": ""NVIDIA P104-100"", ""pci_bus"": ""00000000:0C:00.0"", ""pcie"": ""Gen1 x1"", ""util_pct"": 0.0, ""power_w"": 55.67, ""vram_used_mib"": 7490.0}, {""index"": 4, ""name"": ""NVIDIA P104-100"", ""pci_bus"": ""00000000:0D:00.0"", ""pcie"": ""Gen1 x1"", ""util_pct"": 0.0, ""power_w"": 8.85, ""vram_used_mib"": 84.0}, {""index"": 5, ""name"": ""NVIDIA P104-100"", ""pci_bus"": ""00000000:0E:00.0"", ""pcie"": ""Gen1 x1"", ""util_pct"": 0.0, ""power_w"": 9.7, ""vram_used_mib"": 84.0}]"
2026-08-16T16:34:48.522093+03:00,1786887288.522093,ctx_016384.txt,1,1,prefill,39.81481481481482,"[100.0, 18.055555555555557, 24.186046511627907, 16.666666666666668]",15875.55078125,6497.4921875,9378.05859375,40.92766466517771,24575.99609375,370.17578125,1.5062493493158577,"[{""index"": 0, ""name"": ""NVIDIA P104-100"", ""pci_bus"": ""00000000:01:00.0"", ""pcie"": ""Gen1 x1"", ""util_pct"": 3.0, ""power_w"": 54.32, ""vram_used_mib"": 7512.0}, {""index"": 1, ""name"": ""NVIDIA P104-100"", ""pci_bus"": ""00000000:02:00.0"", ""pcie"": ""Gen1 x1"", ""util_pct"": 2.0, ""power_w"": 176.39, ""vram_used_mib"": 7120.0}, {""index"": 2, ""name"": ""NVIDIA P104-100"", ""pci_bus"": ""00000000:0A:00.0"", ""pcie"": ""Gen1 x1"", ""util_pct"": 56.0, ""power_w"": 53.25, ""vram_used_mib"": 7860.0}, {""index"": 3, ""name"": ""NVIDIA P104-100"", ""pci_bus"": ""00000000:0C:00.0"", ""pcie"": ""Gen1 x1"", ""util_pct"": 78.0, ""power_w"": 54.54, ""vram_used_mib"": 7490.0}, {""index"": 4, ""name"": ""NVIDIA P104-100"", ""pci_bus"": ""00000000:0D:00.0"", ""pcie"": ""Gen1 x1"", ""util_pct"": 0.0, ""power_w"": 8.74, ""vram_used_mib"": 84.0}, {""index"": 5, ""name"": ""NVIDIA P104-100"", ""pci_bus"": ""00000000:0E:00.0"", ""pcie"": ""Gen1 x1"", ""util_pct"": 0.0, ""power_w"": 9.54, ""vram_used_mib"": 84.0}]"
2026-08-16T16:34:50.722720+03:00,1786887290.722720,ctx_016384.txt,1,1,prefill,40.27303754266212,"[100.0, 26.605504587155963, 14.93212669683258, 18.807339449541285]",15875.55078125,6434.52734375,9441.0234375,40.53104948868654,24575.99609375,370.17578125,1.5062493493158577,"[{""index"": 0, ""name"": ""NVIDIA P104-100"", ""pci_bus"": ""00000000:01:00.0"", ""pcie"": ""Gen1 x1"", ""util_pct"": 27.0, ""power_w"": 173.94, ""vram_used_mib"": 7512.0}, {""index"": 1, ""name"": ""NVIDIA P104-100"", ""pci_bus"": ""00000000:02:00.0"", ""pcie"": ""Gen1 x1"", ""util_pct"": 5.0, ""power_w"": 166.66, ""vram_used_mib"": 7120.0}, {""index"": 2, ""name"": ""NVIDIA P104-100"", ""pci_bus"": ""00000000:0A:00.0"", ""pcie"": ""Gen1 x1"", ""util_pct"": 36.0, ""power_w"": 65.81, ""vram_used_mib"": 7860.0}, {""index"": 3, ""name"": ""NVIDIA P104-100"", ""pci_bus"": ""00000000:0C:00.0"", ""pcie"": ""Gen1 x1"", ""util_pct"": 43.0, ""power_w"": 55.65, ""vram_used_mib"": 7490.0}, {""index"": 4, ""name"": ""NVIDIA P104-100"", ""pci_bus"": ""00000000:0D:00.0"", ""pcie"": ""Gen1 x1"", ""util_pct"": 0.0, ""power_w"": 8.95, ""vram_used_mib"": 84.0}, {""index"": 5, ""name"": ""NVIDIA P104-100"", ""pci_bus"": ""00000000:0E:00.0"", ""pcie"": ""Gen1 x1"", ""util_pct"": 0.0, ""power_w"": 9.8, ""vram_used_mib"": 84.0}]"
2026-08-16T16:34:52.847487+03:00,1786887292.847487,ctx_016384.txt,1,1,prefill,39.83451536643026,"[100.0, 32.22748815165877, 9.004739336492891, 18.39622641509434]",15875.55078125,6381.02734375,9494.5234375,40.19405330671352,24575.99609375,370.17578125,1.5062493493158577,"[{""index"": 0, ""name"": ""NVIDIA P104-100"", ""pci_bus"": ""00000000:01:00.0"", ""pcie"": ""Gen1 x1"", ""util_pct"": 0.0, ""power_w"": 61.18, ""vram_used_mib"": 7512.0}, {""index"": 1, ""name"": ""NVIDIA P104-100"", ""pci_bus"": ""00000000:02:00.0"", ""pcie"": ""Gen1 x1"", ""util_pct"": 2.0, ""power_w"": 166.8, ""vram_used_mib"": 7120.0}, {""index"": 2, ""name"": ""NVIDIA P104-100"", ""pci_bus"": ""00000000:0A:00.0"", ""pcie"": ""Gen1 x1"", ""util_pct"": 56.0, ""power_w"": 53.5, ""vram_used_mib"": 7860.0}, {""index"": 3, ""name"": ""NVIDIA P104-100"", ""pci_bus"": ""00000000:0C:00.0"", ""pcie"": ""Gen1 x1"", ""util_pct"": 26.0, ""power_w"": 53.8, ""vram_used_mib"": 7490.0}, {""index"": 4, ""name"": ""NVIDIA P104-100"", ""pci_bus"": ""00000000:0D:00.0"", ""pcie"": ""Gen1 x1"", ""util_pct"": 0.0, ""power_w"": 8.74, ""vram_used_mib"": 84.0}, {""index"": 5, ""name"": ""NVIDIA P104-100"", ""pci_bus"": ""00000000:0E:00.0"", ""pcie"": ""Gen1 x1"", ""util_pct"": 0.0, ""power_w"": 9.89, ""vram_used_mib"": 84.0}]"
2026-08-16T16:34:55.018513+03:00,1786887295.018513,ctx_016384.txt,1,1,prefill,39.561707035755475,"[100.0, 28.571428571428573, 10.138248847926267, 19.35483870967742]",15875.55078125,6313.1875,9562.36328125,39.76673053420144,24575.99609375,370.171875,1.5062334547413914,"[{""index"": 0, ""name"": ""NVIDIA P104-100"", ""pci_bus"": ""00000000:01:00.0"", ""pcie"": ""Gen1 x1"", ""util_pct"": 0.0, ""power_w"": 139.24, ""vram_used_mib"": 7512.0}, {""index"": 1, ""name"": ""NVIDIA P104-100"", ""pci_bus"": ""00000000:02:00.0"", ""pcie"": ""Gen1 x1"", ""util_pct"": 27.0, ""power_w"": 54.06, ""vram_used_mib"": 7120.0}, {""index"": 2, ""name"": ""NVIDIA P104-100"", ""pci_bus"": ""00000000:0A:00.0"", ""pcie"": ""Gen1 x1"", ""util_pct"": 41.0, ""power_w"": 53.13, ""vram_used_mib"": 7860.0}, {""index"": 3, ""name"": ""NVIDIA P104-100"", ""pci_bus"": ""00000000:0C:00.0"", ""pcie"": ""Gen1 x1"", ""util_pct"": 0.0, ""power_w"": 60.34, ""vram_used_mib"": 7490.0}, {""index"": 4, ""name"": ""NVIDIA P104-100"", ""pci_bus"": ""00000000:0D:00.0"", ""pcie"": ""Gen1 x1"", ""util_pct"": 0.0, ""power_w"": 8.95, ""vram_used_mib"": 84.0}, {""index"": 5, ""name"": ""NVIDIA P104-100"", ""pci_bus"": ""00000000:0E:00.0"", ""pcie"": ""Gen1 x1"", ""util_pct"": 0.0, ""power_w"": 9.8, ""vram_used_mib"": 84.0}]"
2026-08-16T16:34:57.212614+03:00,1786887297.212614,ctx_016384.txt,1,1,prefill,40.68571428571428,"[100.0, 21.658986175115206, 19.17808219178082, 21.559633027522935]",15875.55078125,6389.734375,9485.81640625,40.24889884479894,24575.99609375,370.171875,1.5062334547413914,"[{""index"": 0, ""name"": ""NVIDIA P104-100"", ""pci_bus"": ""00000000:01:00.0"", ""pcie"": ""Gen1 x1"", ""util_pct"": 43.0, ""power_w"": 52.12, ""vram_used_mib"": 7512.0}, {""index"": 1, ""name"": ""NVIDIA P104-100"", ""pci_bus"": ""00000000:02:00.0"", ""pcie"": ""Gen1 x1"", ""util_pct"": 55.0, ""power_w"": 54.76, ""vram_used_mib"": 7120.0}, {""index"": 2, ""name"": ""NVIDIA P104-100"", ""pci_bus"": ""00000000:0A:00.0"", ""pcie"": ""Gen1 x1"", ""util_pct"": 0.0, ""power_w"": 64.38, ""vram_used_mib"": 7860.0}, {""index"": 3, ""name"": ""NVIDIA P104-100"", ""pci_bus"": ""00000000:0C:00.0"", ""pcie"": ""Gen1 x1"", ""util_pct"": 2.0, ""power_w"": 174.43, ""vram_used_mib"": 7490.0}, {""index"": 4, ""name"": ""NVIDIA P104-100"", ""pci_bus"": ""00000000:0D:00.0"", ""pcie"": ""Gen1 x1"", ""util_pct"": 0.0, ""power_w"": 8.74, ""vram_used_mib"": 84.0}, {""index"": 5, ""name"": ""NVIDIA P104-100"", ""pci_bus"": ""00000000:0E:00.0"", ""pcie"": ""Gen1 x1"", ""util_pct"": 0.0, ""power_w"": 9.99, ""vram_used_mib"": 84.0}]"
2026-08-16T16:34:59.343060+03:00,1786887299.343060,ctx_016384.txt,1,1,prefill,42.570754716981135,"[99.53051643192488, 23.943661971830984, 15.09433962264151, 31.753554502369667]",15875.55078125,6493.91015625,9381.640625,40.90510147162709,24575.99609375,370.171875,1.5062334547413914,"[{""index"": 0, ""name"": ""NVIDIA P104-100"", ""pci_bus"": ""00000000:01:00.0"", ""pcie"": ""Gen1 x1"", ""util_pct"": 0.0, ""power_w"": 50.7, ""vram_used_mib"": 7512.0}, {""index"": 1, ""name"": ""NVIDIA P104-100"", ""pci_bus"": ""00000000:02:00.0"", ""pcie"": ""Gen1 x1"", ""util_pct"": 0.0, ""power_w"": 49.7, ""vram_used_mib"": 7120.0}, {""index"": 2, ""name"": ""NVIDIA P104-100"", ""pci_bus"": ""00000000:0A:00.0"", ""pcie"": ""Gen1 x1"", ""util_pct"": 0.0, ""power_w"": 49.33, ""vram_used_mib"": 7860.0}, {""index"": 3, ""name"": ""NVIDIA P104-100"", ""pci_bus"": ""00000000:0C:00.0"", ""pcie"": ""Gen1 x1"", ""util_pct"": 98.0, ""power_w"": 135.67, ""vram_used_mib"": 7490.0}, {""index"": 4, ""name"": ""NVIDIA P104-100"", ""pci_bus"": ""00000000:0D:00.0"", ""pcie"": ""Gen1 x1"", ""util_pct"": 0.0, ""power_w"": 10.15, ""vram_used_mib"": 84.0}, {""index"": 5, ""name"": ""NVIDIA P104-100"", ""pci_bus"": ""00000000:0E:00.0"", ""pcie"": ""Gen1 x1"", ""util_pct"": 0.0, ""power_w"": 9.8, ""vram_used_mib"": 84.0}]"
2026-08-16T16:35:01.541819+03:00,1786887301.541819,ctx_016384.txt,1,1,prefill,52.10466439135381,"[51.598173515981735, 15.83710407239819, 41.36363636363637, 100.0]",15875.55078125,6498.7890625,9376.76171875,40.935833673093526,24575.99609375,370.16796875,1.5062175601669248,"[{""index"": 0, ""name"": ""NVIDIA P104-100"", ""pci_bus"": ""00000000:01:00.0"", ""pcie"": ""Gen1 x1"", ""util_pct"": 2.0, ""power_w"": 167.15, ""vram_used_mib"": 7512.0}, {""index"": 1, ""name"": ""NVIDIA P104-100"", ""pci_bus"": ""00000000:02:00.0"", ""pcie"": ""Gen1 x1"", ""util_pct"": 2.0, ""power_w"": 54.55, ""vram_used_mib"": 7120.0}, {""index"": 2, ""name"": ""NVIDIA P104-100"", ""pci_bus"": ""00000000:0A:00.0"", ""pcie"": ""Gen1 x1"", ""util_pct"": 58.0, ""power_w"": 53.36, ""vram_used_mib"": 7860.0}, {""index"": 3, ""name"": ""NVIDIA P104-100"", ""pci_bus"": ""00000000:0C:00.0"", ""pcie"": ""Gen1 x1"", ""util_pct"": 41.0, ""power_w"": 54.91, ""vram_used_mib"": 7490.0}, {""index"": 4, ""name"": ""NVIDIA P104-100"", ""pci_bus"": ""00000000:0D:00.0"", ""pcie"": ""Gen1 x1"", ""util_pct"": 0.0, ""power_w"": 8.75, ""vram_used_mib"": 84.0}, {""index"": 5, ""name"": ""NVIDIA P104-100"", ""pci_bus"": ""00000000:0E:00.0"", ""pcie"": ""Gen1 x1"", ""util_pct"": 0.0, ""power_w"": 9.8, ""vram_used_mib"": 84.0}]"
2026-08-16T16:35:03.660417+03:00,1786887303.660417,ctx_016384.txt,1,1,prefill,39.053254437869825,"[13.679245283018869, 20.0, 21.428571428571427, 100.0]",15875.55078125,6589.50390625,9286.046875,41.50724593462677,24575.99609375,370.1640625,1.5062016655924584,"[{""index"": 0, ""name"": ""NVIDIA P104-100"", ""pci_bus"": ""00000000:01:00.0"", ""pcie"": ""Gen1 x1"", ""util_pct"": 0.0, ""power_w"": 52.15, ""vram_used_mib"": 7512.0}, {""index"": 1, ""name"": ""NVIDIA P104-100"", ""pci_bus"": ""00000000:02:00.0"", ""pcie"": ""Gen1 x1"", ""util_pct"": 22.0, ""power_w"": 54.71, ""vram_used_mib"": 7120.0}, {""index"": 2, ""name"": ""NVIDIA P104-100"", ""pci_bus"": ""00000000:0A:00.0"", ""pcie"": ""Gen1 x1"", ""util_pct"": 98.0, ""power_w"": 53.34, ""vram_used_mib"": 7860.0}, {""index"": 3, ""name"": ""NVIDIA P104-100"", ""pci_bus"": ""00000000:0C:00.0"", ""pcie"": ""Gen1 x1"", ""util_pct"": 44.0, ""power_w"": 92.46, ""vram_used_mib"": 7490.0}, {""index"": 4, ""name"": ""NVIDIA P104-100"", ""pci_bus"": ""00000000:0D:00.0"", ""pcie"": ""Gen1 x1"", ""util_pct"": 0.0, ""power_w"": 8.75, ""vram_used_mib"": 84.0}, {""index"": 5, ""name"": ""NVIDIA P104-100"", ""pci_bus"": ""00000000:0E:00.0"", ""pcie"": ""Gen1 x1"", ""util_pct"": 0.0, ""power_w"": 9.8, ""vram_used_mib"": 84.0}]"
2026-08-16T16:35:05.839643+03:00,1786887305.839643,ctx_016384.txt,1,1,prefill,39.26521239954076,"[10.185185185185185, 26.605504587155963, 20.18348623853211, 100.0]",15875.55078125,6517.29296875,9358.2578125,41.05238966856711,24575.99609375,370.1640625,1.5062016655924584,"[{""index"": 0, ""name"": ""NVIDIA P104-100"", ""pci_bus"": ""00000000:01:00.0"", ""pcie"": ""Gen1 x1"", ""util_pct"": 0.0, ""power_w"": 52.05, ""vram_used_mib"": 7512.0}, {""index"": 1, ""name"": ""NVIDIA P104-100"", ""pci_bus"": ""00000000:02:00.0"", ""pcie"": ""Gen1 x1"", ""util_pct"": 19.0, ""power_w"": 54.76, ""vram_used_mib"": 7120.0}, {""index"": 2, ""name"": ""NVIDIA P104-100"", ""pci_bus"": ""00000000:0A:00.0"", ""pcie"": ""Gen1 x1"", ""util_pct"": 43.0, ""power_w"": 53.07, ""vram_used_mib"": 7860.0}, {""index"": 3, ""name"": ""NVIDIA P104-100"", ""pci_bus"": ""00000000:0C:00.0"", ""pcie"": ""Gen1 x1"", ""util_pct"": 0.0, ""power_w"": 67.92, ""vram_used_mib"": 7490.0}, {""index"": 4, ""name"": ""NVIDIA P104-100"", ""pci_bus"": ""00000000:0D:00.0"", ""pcie"": ""Gen1 x1"", ""util_pct"": 0.0, ""power_w"": 8.95, ""vram_used_mib"": 84.0}, {""index"": 5, ""name"": ""NVIDIA P104-100"", ""pci_bus"": ""00000000:0E:00.0"", ""pcie"": ""Gen1 x1"", ""util_pct"": 0.0, ""power_w"": 9.8, ""vram_used_mib"": 84.0}]"
2026-08-16T16:35:08.026674+03:00,1786887308.026674,ctx_016384.txt,1,1,prefill,40.11494252873563,"[12.385321100917432, 29.032258064516128, 19.17808219178082, 100.0]",15875.55078125,6449.92578125,9425.625,40.62804415496411,24575.99609375,370.1640625,1.5062016655924584,"[{""index"": 0, ""name"": ""NVIDIA P104-100"", ""pci_bus"": ""00000000:01:00.0"", ""pcie"": ""Gen1 x1"", ""util_pct"": 49.0, ""power_w"": 51.99, ""vram_used_mib"": 7512.0}, {""index"": 1, ""name"": ""NVIDIA P104-100"", ""pci_bus"": ""00000000:02:00.0"", ""pcie"": ""Gen1 x1"", ""util_pct"": 3.0, ""power_w"": 62.78, ""vram_used_mib"": 7120.0}, {""index"": 2, ""name"": ""NVIDIA P104-100"", ""pci_bus"": ""00000000:0A:00.0"", ""pcie"": ""Gen1 x1"", ""util_pct"": 3.0, ""power_w"": 174.21, ""vram_used_mib"": 7860.0}, {""index"": 3, ""name"": ""NVIDIA P104-100"", ""pci_bus"": ""00000000:0C:00.0"", ""pcie"": ""Gen1 x1"", ""util_pct"": 1.0, ""power_w"": 55.67, ""vram_used_mib"": 7490.0}, {""index"": 4, ""name"": ""NVIDIA P104-100"", ""pci_bus"": ""00000000:0D:00.0"", ""pcie"": ""Gen1 x1"", ""util_pct"": 0.0, ""power_w"": 8.85, ""vram_used_mib"": 84.0}, {""index"": 5, ""name"": ""NVIDIA P104-100"", ""pci_bus"": ""00000000:0E:00.0"", ""pcie"": ""Gen1 x1"", ""util_pct"": 0.0, ""power_w"": 9.8, ""vram_used_mib"": 84.0}]"
2026-08-16T16:35:10.148514+03:00,1786887310.148514,ctx_016384.txt,1,1,prefill,39.62264150943396,"[20.28301886792453, 16.587677725118482, 21.80094786729858, 100.0]",15875.55078125,6462.78515625,9412.765625,40.70904528164746,24575.99609375,370.1640625,1.5062016655924584,"[{""index"": 0, ""name"": ""NVIDIA P104-100"", ""pci_bus"": ""00000000:01:00.0"", ""pcie"": ""Gen1 x1"", ""util_pct"": 45.0, ""power_w"": 172.38, ""vram_used_mib"": 7512.0}, {""index"": 1, ""name"": ""NVIDIA P104-100"", ""pci_bus"": ""00000000:02:00.0"", ""pcie"": ""Gen1 x1"", ""util_pct"": 29.0, ""power_w"": 53.96, ""vram_used_mib"": 7120.0}, {""index"": 2, ""name"": ""NVIDIA P104-100"", ""pci_bus"": ""00000000:0A:00.0"", ""pcie"": ""Gen1 x1"", ""util_pct"": 27.0, ""power_w"": 52.37, ""vram_used_mib"": 7860.0}, {""index"": 3, ""name"": ""NVIDIA P104-100"", ""pci_bus"": ""00000000:0C:00.0"", ""pcie"": ""Gen1 x1"", ""util_pct"": 45.0, ""power_w"": 54.92, ""vram_used_mib"": 7490.0}, {""index"": 4, ""name"": ""NVIDIA P104-100"", ""pci_bus"": ""00000000:0D:00.0"", ""pcie"": ""Gen1 x1"", ""util_pct"": 0.0, ""power_w"": 8.84, ""vram_used_mib"": 84.0}, {""index"": 5, ""name"": ""NVIDIA P104-100"", ""pci_bus"": ""00000000:0E:00.0"", ""pcie"": ""Gen1 x1"", ""util_pct"": 0.0, ""power_w"": 9.8, ""vram_used_mib"": 84.0}]"
2026-08-16T16:35:12.290883+03:00,1786887312.290883,ctx_016384.txt,1,1,prefill,39.038686987104334,"[17.84037558685446, 21.02803738317757, 16.901408450704224, 100.0]",15875.55078125,6506.15625,9369.39453125,40.9822395433623,24575.99609375,370.15625,1.5061698764435254,"[{""index"": 0, ""name"": ""NVIDIA P104-100"", ""pci_bus"": ""00000000:01:00.0"", ""pcie"": ""Gen1 x1"", ""util_pct"": 0.0, ""power_w"": 52.15, ""vram_used_mib"": 7512.0}, {""index"": 1, ""name"": ""NVIDIA P104-100"", ""pci_bus"": ""00000000:02:00.0"", ""pcie"": ""Gen1 x1"", ""util_pct"": 56.0, ""power_w"": 54.76, ""vram_used_mib"": 7120.0}, {""index"": 2, ""name"": ""NVIDIA P104-100"", ""pci_bus"": ""00000000:0A:00.0"", ""pcie"": ""Gen1 x1"", ""util_pct"": 58.0, ""power_w"": 55.09, ""vram_used_mib"": 7860.0}, {""index"": 3, ""name"": ""NVIDIA P104-100"", ""pci_bus"": ""00000000:0C:00.0"", ""pcie"": ""Gen1 x1"", ""util_pct"": 23.0, ""power_w"": 182.39, ""vram_used_mib"": 7490.0}, {""index"": 4, ""name"": ""NVIDIA P104-100"", ""pci_bus"": ""00000000:0D:00.0"", ""pcie"": ""Gen1 x1"", ""util_pct"": 0.0, ""power_w"": 8.84, ""vram_used_mib"": 84.0}, {""index"": 5, ""name"": ""NVIDIA P104-100"", ""pci_bus"": ""00000000:0E:00.0"", ""pcie"": ""Gen1 x1"", ""util_pct"": 0.0, ""power_w"": 10.59, ""vram_used_mib"": 84.0}]"
2026-08-16T16:35:14.476983+03:00,1786887314.476983,ctx_016384.txt,1,1,prefill,40.457142857142856,"[12.844036697247706, 21.559633027522935, 26.605504587155963, 100.0]",15875.55078125,6473.5546875,9401.99609375,40.77688249497249,24575.99609375,370.15625,1.5061698764435254,"[{""index"": 0, ""name"": ""NVIDIA P104-100"", ""pci_bus"": ""00000000:01:00.0"", ""pcie"": ""Gen1 x1"", ""util_pct"": 23.0, ""power_w"": 52.63, ""vram_used_mib"": 7512.0}, {""index"": 1, ""name"": ""NVIDIA P104-100"", ""pci_bus"": ""00000000:02:00.0"", ""pcie"": ""Gen1 x1"", ""util_pct"": 3.0, ""power_w"": 178.15, ""vram_used_mib"": 7120.0}, {""index"": 2, ""name"": ""NVIDIA P104-100"", ""pci_bus"": ""00000000:0A:00.0"", ""pcie"": ""Gen1 x1"", ""util_pct"": 48.0, ""power_w"": 53.4, ""vram_used_mib"": 7860.0}, {""index"": 3, ""name"": ""NVIDIA P104-100"", ""pci_bus"": ""00000000:0C:00.0"", ""pcie"": ""Gen1 x1"", ""util_pct"": 56.0, ""power_w"": 55.62, ""vram_used_mib"": 7490.0}, {""index"": 4, ""name"": ""NVIDIA P104-100"", ""pci_bus"": ""00000000:0D:00.0"", ""pcie"": ""Gen1 x1"", ""util_pct"": 0.0, ""power_w"": 8.84, ""vram_used_mib"": 84.0}, {""index"": 5, ""name"": ""NVIDIA P104-100"", ""pci_bus"": ""00000000:0E:00.0"", ""pcie"": ""Gen1 x1"", ""util_pct"": 0.0, ""power_w"": 9.79, ""vram_used_mib"": 84.0}]"
2026-08-16T16:35:16.618210+03:00,1786887316.618210,ctx_016384.txt,1,1,prefill,40.23391812865497,"[27.102803738317757, 21.962616822429908, 12.149532710280374, 100.0]",15875.55078125,6458.62109375,9416.9296875,40.68281587671294,24575.99609375,370.15625,1.5061698764435254,"[{""index"": 0, ""name"": ""NVIDIA P104-100"", ""pci_bus"": ""00000000:01:00.0"", ""pcie"": ""Gen1 x1"", ""util_pct"": 8.0, ""power_w"": 142.12, ""vram_used_mib"": 7512.0}, {""index"": 1, ""name"": ""NVIDIA P104-100"", ""pci_bus"": ""00000000:02:00.0"", ""pcie"": ""Gen1 x1"", ""util_pct"": 5.0, ""power_w"": 108.34, ""vram_used_mib"": 7120.0}, {""index"": 2, ""name"": ""NVIDIA P104-100"", ""pci_bus"": ""00000000:0A:00.0"", ""pcie"": ""Gen1 x1"", ""util_pct"": 58.0, ""power_w"": 53.15, ""vram_used_mib"": 7860.0}, {""index"": 3, ""name"": ""NVIDIA P104-100"", ""pci_bus"": ""00000000:0C:00.0"", ""pcie"": ""Gen1 x1"", ""util_pct"": 43.0, ""power_w"": 53.8, ""vram_used_mib"": 7490.0}, {""index"": 4, ""name"": ""NVIDIA P104-100"", ""pci_bus"": ""00000000:0D:00.0"", ""pcie"": ""Gen1 x1"", ""util_pct"": 0.0, ""power_w"": 8.84, ""vram_used_mib"": 84.0}, {""index"": 5, ""name"": ""NVIDIA P104-100"", ""pci_bus"": ""00000000:0E:00.0"", ""pcie"": ""Gen1 x1"", ""util_pct"": 0.0, ""power_w"": 9.89, ""vram_used_mib"": 84.0}]"
2026-08-16T16:35:18.739159+03:00,1786887318.739159,ctx_016384.txt,1,1,prefill,38.72491145218418,"[12.796208530805687, 18.95734597156398, 22.748815165876778, 100.0]",15875.55078125,6411.81640625,9463.734375,40.387993428377605,24575.99609375,370.15625,1.5061698764435254,"[{""index"": 0, ""name"": ""NVIDIA P104-100"", ""pci_bus"": ""00000000:01:00.0"", ""pcie"": ""Gen1 x1"", ""util_pct"": 17.0, ""power_w"": 52.15, ""vram_used_mib"": 7512.0}, {""index"": 1, ""name"": ""NVIDIA P104-100"", ""pci_bus"": ""00000000:02:00.0"", ""pcie"": ""Gen1 x1"", ""util_pct"": 40.0, ""power_w"": 54.76, ""vram_used_mib"": 7120.0}, {""index"": 2, ""name"": ""NVIDIA P104-100"", ""pci_bus"": ""00000000:0A:00.0"", ""pcie"": ""Gen1 x1"", ""util_pct"": 17.0, ""power_w"": 53.87, ""vram_used_mib"": 7860.0}, {""index"": 3, ""name"": ""NVIDIA P104-100"", ""pci_bus"": ""00000000:0C:00.0"", ""pcie"": ""Gen1 x1"", ""util_pct"": 0.0, ""power_w"": 194.01, ""vram_used_mib"": 7490.0}, {""index"": 4, ""name"": ""NVIDIA P104-100"", ""pci_bus"": ""00000000:0D:00.0"", ""pcie"": ""Gen1 x1"", ""util_pct"": 0.0, ""power_w"": 8.74, ""vram_used_mib"": 84.0}, {""index"": 5, ""name"": ""NVIDIA P104-100"", ""pci_bus"": ""00000000:0E:00.0"", ""pcie"": ""Gen1 x1"", ""util_pct"": 0.0, ""power_w"": 9.69, ""vram_used_mib"": 84.0}]"
2026-08-16T16:35:20.923361+03:00,1786887320.923361,ctx_016384.txt,1,1,prefill,40.45977011494253,"[15.277777777777779, 24.770642201834864, 21.10091743119266, 100.0]",15875.55078125,6430.921875,9444.62890625,40.50833866246274,24575.99609375,370.15625,1.5061698764435254,"[{""index"": 0, ""name"": ""NVIDIA P104-100"", ""pci_bus"": ""00000000:01:00.0"", ""pcie"": ""Gen1 x1"", ""util_pct"": 62.0, ""power_w"": 53.47, ""vram_used_mib"": 7512.0}, {""index"": 1, ""name"": ""NVIDIA P104-100"", ""pci_bus"": ""00000000:02:00.0"", ""pcie"": ""Gen1 x1"", ""util_pct"": 36.0, ""power_w"": 175.83, ""vram_used_mib"": 7120.0}, {""index"": 2, ""name"": ""NVIDIA P104-100"", ""pci_bus"": ""00000000:0A:00.0"", ""pcie"": ""Gen1 x1"", ""util_pct"": 8.0, ""power_w"": 52.51, ""vram_used_mib"": 7860.0}, {""index"": 3, ""name"": ""NVIDIA P104-100"", ""pci_bus"": ""00000000:0C:00.0"", ""pcie"": ""Gen1 x1"", ""util_pct"": 28.0, ""power_w"": 53.8, ""vram_used_mib"": 7490.0}, {""index"": 4, ""name"": ""NVIDIA P104-100"", ""pci_bus"": ""00000000:0D:00.0"", ""pcie"": ""Gen1 x1"", ""util_pct"": 0.0, ""power_w"": 8.94, ""vram_used_mib"": 84.0}, {""index"": 5, ""name"": ""NVIDIA P104-100"", ""pci_bus"": ""00000000:0E:00.0"", ""pcie"": ""Gen1 x1"", ""util_pct"": 0.0, ""power_w"": 9.79, ""vram_used_mib"": 84.0}]"
2026-08-16T16:35:23.051893+03:00,1786887323.051893,ctx_016384.txt,1,1,prefill,44.11764705882353,"[29.107981220657276, 24.88262910798122, 23.004694835680752, 100.0]",15875.55078125,6417.72265625,9457.828125,40.42519686201832,24575.99609375,370.15234375,1.5061539818690588,"[{""index"": 0, ""name"": ""NVIDIA P104-100"", ""pci_bus"": ""00000000:01:00.0"", ""pcie"": ""Gen1 x1"", ""util_pct"": 63.0, ""power_w"": 52.38, ""vram_used_mib"": 7512.0}, {""index"": 1, ""name"": ""NVIDIA P104-100"", ""pci_bus"": ""00000000:02:00.0"", ""pcie"": ""Gen1 x1"", ""util_pct"": 45.0, ""power_w"": 186.71, ""vram_used_mib"": 7120.0}, {""index"": 2, ""name"": ""NVIDIA P104-100"", ""pci_bus"": ""00000000:0A:00.0"", ""pcie"": ""Gen1 x1"", ""util_pct"": 3.0, ""power_w"": 53.25, ""vram_used_mib"": 7860.0}, {""index"": 3, ""name"": ""NVIDIA P104-100"", ""pci_bus"": ""00000000:0C:00.0"", ""pcie"": ""Gen1 x1"", ""util_pct"": 15.0, ""power_w"": 55.57, ""vram_used_mib"": 7490.0}, {""index"": 4, ""name"": ""NVIDIA P104-100"", ""pci_bus"": ""00000000:0D:00.0"", ""pcie"": ""Gen1 x1"", ""util_pct"": 0.0, ""power_w"": 8.95, ""vram_used_mib"": 84.0}, {""index"": 5, ""name"": ""NVIDIA P104-100"", ""pci_bus"": ""00000000:0E:00.0"", ""pcie"": ""Gen1 x1"", ""util_pct"": 0.0, ""power_w"": 9.7, ""vram_used_mib"": 84.0}]"
2026-08-16T16:35:25.418441+03:00,1786887325.418441,ctx_016384.txt,1,1,prefill,48.148148148148145,"[46.835443037974684, 21.008403361344538, 25.0, 100.0]",15875.55078125,6356.82421875,9518.7265625,40.041597966212294,24575.99609375,370.1484375,1.5061380872945924,"[{""index"": 0, ""name"": ""NVIDIA P104-100"", ""pci_bus"": ""00000000:01:00.0"", ""pcie"": ""Gen1 x1"", ""util_pct"": 0.0, ""power_w"": 161.76, ""vram_used_mib"": 7512.0}, {""index"": 1, ""name"": ""NVIDIA P104-100"", ""pci_bus"": ""00000000:02:00.0"", ""pcie"": ""Gen1 x1"", ""util_pct"": 3.0, ""power_w"": 54.8, ""vram_used_mib"": 7120.0}, {""index"": 2, ""name"": ""NVIDIA P104-100"", ""pci_bus"": ""00000000:0A:00.0"", ""pcie"": ""Gen1 x1"", ""util_pct"": 59.0, ""power_w"": 53.6, ""vram_used_mib"": 7860.0}, {""index"": 3, ""name"": ""NVIDIA P104-100"", ""pci_bus"": ""00000000:0C:00.0"", ""pcie"": ""Gen1 x1"", ""util_pct"": 40.0, ""power_w"": 56.11, ""vram_used_mib"": 7490.0}, {""index"": 4, ""name"": ""NVIDIA P104-100"", ""pci_bus"": ""00000000:0D:00.0"", ""pcie"": ""Gen1 x1"", ""util_pct"": 0.0, ""power_w"": 8.95, ""vram_used_mib"": 84.0}, {""index"": 5, ""name"": ""NVIDIA P104-100"", ""pci_bus"": ""00000000:0E:00.0"", ""pcie"": ""Gen1 x1"", ""util_pct"": 0.0, ""power_w"": 9.8, ""vram_used_mib"": 84.0}]"
2026-08-16T16:35:27.576560+03:00,1786887327.576560,ctx_016384.txt,1,1,prefill,39.443155452436194,"[13.08411214953271, 26.85185185185185, 17.209302325581394, 100.0]",15875.55078125,6390.59765625,9484.953125,40.254336648260974,24575.99609375,370.1484375,1.5061380872945924,"[{""index"": 0, ""name"": ""NVIDIA P104-100"", ""pci_bus"": ""00000000:01:00.0"", ""pcie"": ""Gen1 x1"", ""util_pct"": 54.0, ""power_w"": 52.09, ""vram_used_mib"": 7512.0}, {""index"": 1, ""name"": ""NVIDIA P104-100"", ""pci_bus"": ""00000000:02:00.0"", ""pcie"": ""Gen1 x1"", ""util_pct"": 49.0, ""power_w"": 67.77, ""vram_used_mib"": 7120.0}, {""index"": 2, ""name"": ""NVIDIA P104-100"", ""pci_bus"": ""00000000:0A:00.0"", ""pcie"": ""Gen1 x1"", ""util_pct"": 46.0, ""power_w"": 169.89, ""vram_used_mib"": 7860.0}, {""index"": 3, ""name"": ""NVIDIA P104-100"", ""pci_bus"": ""00000000:0C:00.0"", ""pcie"": ""Gen1 x1"", ""util_pct"": 10.0, ""power_w"": 171.91, ""vram_used_mib"": 7490.0}, {""index"": 4, ""name"": ""NVIDIA P104-100"", ""pci_bus"": ""00000000:0D:00.0"", ""pcie"": ""Gen1 x1"", ""util_pct"": 0.0, ""power_w"": 8.84, ""vram_used_mib"": 84.0}, {""index"": 5, ""name"": ""NVIDIA P104-100"", ""pci_bus"": ""00000000:0E:00.0"", ""pcie"": ""Gen1 x1"", ""util_pct"": 0.0, ""power_w"": 9.64, ""vram_used_mib"": 84.0}]"
2026-08-16T16:35:29.759937+03:00,1786887329.759937,ctx_016384.txt,1,1,prefill,40.18369690011481,"[14.351851851851851, 22.580645161290324, 22.93577981651376, 100.0]",15875.55078125,6374.80078125,9500.75,40.154832226539384,24575.99609375,370.140625,1.5061062981456594,"[{""index"": 0, ""name"": ""NVIDIA P104-100"", ""pci_bus"": ""00000000:01:00.0"", ""pcie"": ""Gen1 x1"", ""util_pct"": 63.0, ""power_w"": 54.55, ""vram_used_mib"": 7512.0}, {""index"": 1, ""name"": ""NVIDIA P104-100"", ""pci_bus"": ""00000000:02:00.0"", ""pcie"": ""Gen1 x1"", ""util_pct"": 3.0, ""power_w"": 181.29, ""vram_used_mib"": 7120.0}, {""index"": 2, ""name"": ""NVIDIA P104-100"", ""pci_bus"": ""00000000:0A:00.0"", ""pcie"": ""Gen1 x1"", ""util_pct"": 3.0, ""power_w"": 52.51, ""vram_used_mib"": 7860.0}, {""index"": 3, ""name"": ""NVIDIA P104-100"", ""pci_bus"": ""00000000:0C:00.0"", ""pcie"": ""Gen1 x1"", ""util_pct"": 13.0, ""power_w"": 54.64, ""vram_used_mib"": 7490.0}, {""index"": 4, ""name"": ""NVIDIA P104-100"", ""pci_bus"": ""00000000:0D:00.0"", ""pcie"": ""Gen1 x1"", ""util_pct"": 0.0, ""power_w"": 8.84, ""vram_used_mib"": 84.0}, {""index"": 5, ""name"": ""NVIDIA P104-100"", ""pci_bus"": ""00000000:0E:00.0"", ""pcie"": ""Gen1 x1"", ""util_pct"": 0.0, ""power_w"": 9.54, ""vram_used_mib"": 84.0}]"
2026-08-16T16:35:31.878196+03:00,1786887331.878196,ctx_016384.txt,1,1,prefill,38.86255924170616,"[17.92452830188679, 17.061611374407583, 20.952380952380953, 100.0]",15875.55078125,6410.5078125,9465.04296875,40.3797506041252,24575.99609375,370.140625,1.5061062981456594,"[{""index"": 0, ""name"": ""NVIDIA P104-100"", ""pci_bus"": ""00000000:01:00.0"", ""pcie"": ""Gen1 x1"", ""util_pct"": 0.0, ""power_w"": 52.15, ""vram_used_mib"": 7512.0}, {""index"": 1, ""name"": ""NVIDIA P104-100"", ""pci_bus"": ""00000000:02:00.0"", ""pcie"": ""Gen1 x1"", ""util_pct"": 57.0, ""power_w"": 54.76, ""vram_used_mib"": 7120.0}, {""index"": 2, ""name"": ""NVIDIA P104-100"", ""pci_bus"": ""00000000:0A:00.0"", ""pcie"": ""Gen1 x1"", ""util_pct"": 59.0, ""power_w"": 54.37, ""vram_used_mib"": 7860.0}, {""index"": 3, ""name"": ""NVIDIA P104-100"", ""pci_bus"": ""00000000:0C:00.0"", ""pcie"": ""Gen1 x1"", ""util_pct"": 29.0, ""power_w"": 181.63, ""vram_used_mib"": 7490.0}, {""index"": 4, ""name"": ""NVIDIA P104-100"", ""pci_bus"": ""00000000:0D:00.0"", ""pcie"": ""Gen1 x1"", ""util_pct"": 0.0, ""power_w"": 8.84, ""vram_used_mib"": 84.0}, {""index"": 5, ""name"": ""NVIDIA P104-100"", ""pci_bus"": ""00000000:0E:00.0"", ""pcie"": ""Gen1 x1"", ""util_pct"": 0.0, ""power_w"": 9.8, ""vram_used_mib"": 84.0}]"
2026-08-16T16:35:34.065968+03:00,1786887334.065968,ctx_016384.txt,1,1,prefill,40.160183066361554,"[20.18348623853211, 20.18348623853211, 20.454545454545453, 100.0]",15875.55078125,6438.7421875,9436.80859375,40.557598764412944,24575.99609375,370.1328125,1.5060745089967265,"[{""index"": 0, ""name"": ""NVIDIA P104-100"", ""pci_bus"": ""00000000:01:00.0"", ""pcie"": ""Gen1 x1"", ""util_pct"": 0.0, ""power_w"": 61.67, ""vram_used_mib"": 7512.0}, {""index"": 1, ""name"": ""NVIDIA P104-100"", ""pci_bus"": ""00000000:02:00.0"", ""pcie"": ""Gen1 x1"", ""util_pct"": 3.0, ""power_w"": 167.7, ""vram_used_mib"": 7120.0}, {""index"": 2, ""name"": ""NVIDIA P104-100"", ""pci_bus"": ""00000000:0A:00.0"", ""pcie"": ""Gen1 x1"", ""util_pct"": 3.0, ""power_w"": 53.25, ""vram_used_mib"": 7860.0}, {""index"": 3, ""name"": ""NVIDIA P104-100"", ""pci_bus"": ""00000000:0C:00.0"", ""pcie"": ""Gen1 x1"", ""util_pct"": 43.0, ""power_w"": 55.63, ""vram_used_mib"": 7490.0}, {""index"": 4, ""name"": ""NVIDIA P104-100"", ""pci_bus"": ""00000000:0D:00.0"", ""pcie"": ""Gen1 x1"", ""util_pct"": 0.0, ""power_w"": 9.04, ""vram_used_mib"": 84.0}, {""index"": 5, ""name"": ""NVIDIA P104-100"", ""pci_bus"": ""00000000:0E:00.0"", ""pcie"": ""Gen1 x1"", ""util_pct"": 0.0, ""power_w"": 9.74, ""vram_used_mib"": 84.0}]"
2026-08-16T16:35:36.199671+03:00,1786887336.199671,ctx_016384.txt,1,1,prefill,39.952996474735606,"[18.867924528301888, 23.474178403755868, 17.370892018779344, 100.0]",15875.55078125,6427.96875,9447.58203125,40.489736945642385,24575.99609375,370.1328125,1.5060745089967265,"[{""index"": 0, ""name"": ""NVIDIA P104-100"", ""pci_bus"": ""00000000:01:00.0"", ""pcie"": ""Gen1 x1"", ""util_pct"": 62.0, ""power_w"": 52.33, ""vram_used_mib"": 7512.0}, {""index"": 1, ""name"": ""NVIDIA P104-100"", ""pci_bus"": ""00000000:02:00.0"", ""pcie"": ""Gen1 x1"", ""util_pct"": 57.0, ""power_w"": 55.28, ""vram_used_mib"": 7120.0}, {""index"": 2, ""name"": ""NVIDIA P104-100"", ""pci_bus"": ""00000000:0A:00.0"", ""pcie"": ""Gen1 x1"", ""util_pct"": 3.0, ""power_w"": 185.32, ""vram_used_mib"": 7860.0}, {""index"": 3, ""name"": ""NVIDIA P104-100"", ""pci_bus"": ""00000000:0C:00.0"", ""pcie"": ""Gen1 x1"", ""util_pct"": 0.0, ""power_w"": 55.65, ""vram_used_mib"": 7490.0}, {""index"": 4, ""name"": ""NVIDIA P104-100"", ""pci_bus"": ""00000000:0D:00.0"", ""pcie"": ""Gen1 x1"", ""util_pct"": 0.0, ""power_w"": 8.94, ""vram_used_mib"": 84.0}, {""index"": 5, ""name"": ""NVIDIA P104-100"", ""pci_bus"": ""00000000:0E:00.0"", ""pcie"": ""Gen1 x1"", ""util_pct"": 0.0, ""power_w"": 9.8, ""vram_used_mib"": 84.0}]"
2026-08-16T16:35:38.318128+03:00,1786887338.318128,ctx_016384.txt,1,1,prefill,38.93491124260355,"[13.333333333333334, 18.571428571428573, 22.857142857142858, 100.0]",15875.55078125,6502.12890625,9373.421875,40.95687132902131,24575.99609375,370.125,1.5060427198477935,"[{""index"": 0, ""name"": ""NVIDIA P104-100"", ""pci_bus"": ""00000000:01:00.0"", ""pcie"": ""Gen1 x1"", ""util_pct"": 51.0, ""power_w"": 170.21, ""vram_used_mib"": 7512.0}, {""index"": 1, ""name"": ""NVIDIA P104-100"", ""pci_bus"": ""00000000:02:00.0"", ""pcie"": ""Gen1 x1"", ""util_pct"": 39.0, ""power_w"": 152.28, ""vram_used_mib"": 7120.0}, {""index"": 2, ""name"": ""NVIDIA P104-100"", ""pci_bus"": ""00000000:0A:00.0"", ""pcie"": ""Gen1 x1"", ""util_pct"": 10.0, ""power_w"": 58.23, ""vram_used_mib"": 7860.0}, {""index"": 3, ""name"": ""NVIDIA P104-100"", ""pci_bus"": ""00000000:0C:00.0"", ""pcie"": ""Gen1 x1"", ""util_pct"": 24.0, ""power_w"": 53.91, ""vram_used_mib"": 7490.0}, {""index"": 4, ""name"": ""NVIDIA P104-100"", ""pci_bus"": ""00000000:0D:00.0"", ""pcie"": ""Gen1 x1"", ""util_pct"": 0.0, ""power_w"": 8.85, ""vram_used_mib"": 84.0}, {""index"": 5, ""name"": ""NVIDIA P104-100"", ""pci_bus"": ""00000000:0E:00.0"", ""pcie"": ""Gen1 x1"", ""util_pct"": 0.0, ""power_w"": 9.9, ""vram_used_mib"": 84.0}]"
2026-08-16T16:35:40.496604+03:00,1786887340.496604,ctx_016384.txt,1,1,prefill,39.58573072497123,"[20.18348623853211, 20.642201834862384, 17.51152073732719, 100.0]",15875.55078125,6451.61328125,9423.9375,40.638673707432886,24575.99609375,370.12109375,1.506026825273327,"[{""index"": 0, ""name"": ""NVIDIA P104-100"", ""pci_bus"": ""00000000:01:00.0"", ""pcie"": ""Gen1 x1"", ""util_pct"": 5.0, ""power_w"": 52.15, ""vram_used_mib"": 7512.0}, {""index"": 1, ""name"": ""NVIDIA P104-100"", ""pci_bus"": ""00000000:02:00.0"", ""pcie"": ""Gen1 x1"", ""util_pct"": 15.0, ""power_w"": 54.06, ""vram_used_mib"": 7120.0}, {""index"": 2, ""name"": ""NVIDIA P104-100"", ""pci_bus"": ""00000000:0A:00.0"", ""pcie"": ""Gen1 x1"", ""util_pct"": 37.0, ""power_w"": 53.43, ""vram_used_mib"": 7860.0}, {""index"": 3, ""name"": ""NVIDIA P104-100"", ""pci_bus"": ""00000000:0C:00.0"", ""pcie"": ""Gen1 x1"", ""util_pct"": 6.0, ""power_w"": 64.94, ""vram_used_mib"": 7490.0}, {""index"": 4, ""name"": ""NVIDIA P104-100"", ""pci_bus"": ""00000000:0D:00.0"", ""pcie"": ""Gen1 x1"", ""util_pct"": 0.0, ""power_w"": 8.85, ""vram_used_mib"": 84.0}, {""index"": 5, ""name"": ""NVIDIA P104-100"", ""pci_bus"": ""00000000:0E:00.0"", ""pcie"": ""Gen1 x1"", ""util_pct"": 0.0, ""power_w"": 9.8, ""vram_used_mib"": 84.0}]"
2026-08-16T16:35:42.681454+03:00,1786887342.681454,ctx_016384.txt,1,1,prefill,40.229885057471265,"[9.67741935483871, 11.872146118721462, 39.1705069124424, 100.0]",15875.55078125,6370.78515625,9504.765625,40.129537828534986,24575.99609375,370.12109375,1.506026825273327,"[{""index"": 0, ""name"": ""NVIDIA P104-100"", ""pci_bus"": ""00000000:01:00.0"", ""pcie"": ""Gen1 x1"", ""util_pct"": 39.0, ""power_w"": 58.42, ""vram_used_mib"": 7512.0}, {""index"": 1, ""name"": ""NVIDIA P104-100"", ""pci_bus"": ""00000000:02:00.0"", ""pcie"": ""Gen1 x1"", ""util_pct"": 8.0, ""power_w"": 169.1, ""vram_used_mib"": 7120.0}, {""index"": 2, ""name"": ""NVIDIA P104-100"", ""pci_bus"": ""00000000:0A:00.0"", ""pcie"": ""Gen1 x1"", ""util_pct"": 21.0, ""power_w"": 52.51, ""vram_used_mib"": 7860.0}, {""index"": 3, ""name"": ""NVIDIA P104-100"", ""pci_bus"": ""00000000:0C:00.0"", ""pcie"": ""Gen1 x1"", ""util_pct"": 32.0, ""power_w"": 54.64, ""vram_used_mib"": 7490.0}, {""index"": 4, ""name"": ""NVIDIA P104-100"", ""pci_bus"": ""00000000:0D:00.0"", ""pcie"": ""Gen1 x1"", ""util_pct"": 0.0, ""power_w"": 8.94, ""vram_used_mib"": 84.0}, {""index"": 5, ""name"": ""NVIDIA P104-100"", ""pci_bus"": ""00000000:0E:00.0"", ""pcie"": ""Gen1 x1"", ""util_pct"": 0.0, ""power_w"": 9.89, ""vram_used_mib"": 84.0}]"
2026-08-16T16:35:44.799977+03:00,1786887344.799977,ctx_016384.txt,1,1,prefill,39.59810874704492,"[47.867298578199055, 15.165876777251185, 21.80094786729858, 73.11320754716981]",15875.55078125,6439.74609375,9435.8046875,40.563922363914045,24575.99609375,370.1171875,1.5060109306988605,"[{""index"": 0, ""name"": ""NVIDIA P104-100"", ""pci_bus"": ""00000000:01:00.0"", ""pcie"": ""Gen1 x1"", ""util_pct"": 0.0, ""power_w"": 51.94, ""vram_used_mib"": 7512.0}, {""index"": 1, ""name"": ""NVIDIA P104-100"", ""pci_bus"": ""00000000:02:00.0"", ""pcie"": ""Gen1 x1"", ""util_pct"": 0.0, ""power_w"": 49.88, ""vram_used_mib"": 7120.0}, {""index"": 2, ""name"": ""NVIDIA P104-100"", ""pci_bus"": ""00000000:0A:00.0"", ""pcie"": ""Gen1 x1"", ""util_pct"": 0.0, ""power_w"": 49.83, ""vram_used_mib"": 7860.0}, {""index"": 3, ""name"": ""NVIDIA P104-100"", ""pci_bus"": ""00000000:0C:00.0"", ""pcie"": ""Gen1 x1"", ""util_pct"": 98.0, ""power_w"": 118.02, ""vram_used_mib"": 7490.0}, {""index"": 4, ""name"": ""NVIDIA P104-100"", ""pci_bus"": ""00000000:0D:00.0"", ""pcie"": ""Gen1 x1"", ""util_pct"": 0.0, ""power_w"": 8.75, ""vram_used_mib"": 84.0}, {""index"": 5, ""name"": ""NVIDIA P104-100"", ""pci_bus"": ""00000000:0E:00.0"", ""pcie"": ""Gen1 x1"", ""util_pct"": 0.0, ""power_w"": 9.8, ""vram_used_mib"": 84.0}]"
2026-08-16T16:35:46.954221+03:00,1786887346.954221,ctx_016384.txt,1,1,prefill,53.44224037339556,"[99.06542056074767, 38.3177570093458, 15.348837209302326, 61.6822429906542]",15875.55078125,6397.79296875,9477.7578125,40.29965987892645,24575.99609375,370.11328125,1.5059950361243941,"[{""index"": 0, ""name"": ""NVIDIA P104-100"", ""pci_bus"": ""00000000:01:00.0"", ""pcie"": ""Gen1 x1"", ""util_pct"": 39.0, ""power_w"": 43.4, ""vram_used_mib"": 7512.0}, {""index"": 1, ""name"": ""NVIDIA P104-100"", ""pci_bus"": ""00000000:02:00.0"", ""pcie"": ""Gen1 x1"", ""util_pct"": 9.0, ""power_w"": 44.66, ""vram_used_mib"": 7120.0}, {""index"": 2, ""name"": ""NVIDIA P104-100"", ""pci_bus"": ""00000000:0A:00.0"", ""pcie"": ""Gen1 x1"", ""util_pct"": 0.0, ""power_w"": 103.84, ""vram_used_mib"": 7860.0}, {""index"": 3, ""name"": ""NVIDIA P104-100"", ""pci_bus"": ""00000000:0C:00.0"", ""pcie"": ""Gen1 x1"", ""util_pct"": 0.0, ""power_w"": 55.77, ""vram_used_mib"": 7490.0}, {""index"": 4, ""name"": ""NVIDIA P104-100"", ""pci_bus"": ""00000000:0D:00.0"", ""pcie"": ""Gen1 x1"", ""util_pct"": 0.0, ""power_w"": 8.85, ""vram_used_mib"": 84.0}, {""index"": 5, ""name"": ""NVIDIA P104-100"", ""pci_bus"": ""00000000:0E:00.0"", ""pcie"": ""Gen1 x1"", ""util_pct"": 0.0, ""power_w"": 9.7, ""vram_used_mib"": 84.0}]"
2026-08-16T16:35:49.156812+03:00,1786887349.156812,ctx_016384.txt,1,1,prefill,40.386803185438,"[12.272727272727273, 22.727272727272727, 26.484018264840184, 100.0]",15875.55078125,6439.1640625,9436.38671875,40.560256152530144,24575.99609375,370.11328125,1.5059950361243941,"[{""index"": 0, ""name"": ""NVIDIA P104-100"", ""pci_bus"": ""00000000:01:00.0"", ""pcie"": ""Gen1 x1"", ""util_pct"": 21.0, ""power_w"": 166.73, ""vram_used_mib"": 7512.0}, {""index"": 1, ""name"": ""NVIDIA P104-100"", ""pci_bus"": ""00000000:02:00.0"", ""pcie"": ""Gen1 x1"", ""util_pct"": 29.0, ""power_w"": 54.71, ""vram_used_mib"": 7120.0}, {""index"": 2, ""name"": ""NVIDIA P104-100"", ""pci_bus"": ""00000000:0A:00.0"", ""pcie"": ""Gen1 x1"", ""util_pct"": 41.0, ""power_w"": 53.86, ""vram_used_mib"": 7860.0}, {""index"": 3, ""name"": ""NVIDIA P104-100"", ""pci_bus"": ""00000000:0C:00.0"", ""pcie"": ""Gen1 x1"", ""util_pct"": 4.0, ""power_w"": 54.92, ""vram_used_mib"": 7490.0}, {""index"": 4, ""name"": ""NVIDIA P104-100"", ""pci_bus"": ""00000000:0D:00.0"", ""pcie"": ""Gen1 x1"", ""util_pct"": 0.0, ""power_w"": 8.85, ""vram_used_mib"": 84.0}, {""index"": 5, ""name"": ""NVIDIA P104-100"", ""pci_bus"": ""00000000:0E:00.0"", ""pcie"": ""Gen1 x1"", ""util_pct"": 0.0, ""power_w"": 9.7, ""vram_used_mib"": 84.0}]"
2026-08-16T16:35:51.297478+03:00,1786887351.297478,ctx_016384.txt,1,1,prefill,38.94736842105263,"[8.450704225352112, 23.11320754716981, 23.72093023255814, 100.0]",15875.55078125,6422.8515625,9452.69921875,40.45750381199865,24575.99609375,370.109375,1.5059791415499277,"[{""index"": 0, ""name"": ""NVIDIA P104-100"", ""pci_bus"": ""00000000:01:00.0"", ""pcie"": ""Gen1 x1"", ""util_pct"": 47.0, ""power_w"": 51.98, ""vram_used_mib"": 7512.0}, {""index"": 1, ""name"": ""NVIDIA P104-100"", ""pci_bus"": ""00000000:02:00.0"", ""pcie"": ""Gen1 x1"", ""util_pct"": 3.0, ""power_w"": 56.95, ""vram_used_mib"": 7120.0}, {""index"": 2, ""name"": ""NVIDIA P104-100"", ""pci_bus"": ""00000000:0A:00.0"", ""pcie"": ""Gen1 x1"", ""util_pct"": 0.0, ""power_w"": 176.16, ""vram_used_mib"": 7860.0}, {""index"": 3, ""name"": ""NVIDIA P104-100"", ""pci_bus"": ""00000000:0C:00.0"", ""pcie"": ""Gen1 x1"", ""util_pct"": 43.0, ""power_w"": 55.67, ""vram_used_mib"": 7490.0}, {""index"": 4, ""name"": ""NVIDIA P104-100"", ""pci_bus"": ""00000000:0D:00.0"", ""pcie"": ""Gen1 x1"", ""util_pct"": 0.0, ""power_w"": 8.95, ""vram_used_mib"": 84.0}, {""index"": 5, ""name"": ""NVIDIA P104-100"", ""pci_bus"": ""00000000:0E:00.0"", ""pcie"": ""Gen1 x1"", ""util_pct"": 0.0, ""power_w"": 9.7, ""vram_used_mib"": 84.0}]"
2026-08-16T16:35:53.490839+03:00,1786887353.490839,ctx_016384.txt,1,1,prefill,40.364880273660205,"[24.545454545454547, 12.785388127853881, 23.744292237442924, 100.0]",15875.55078125,6490.58203125,9384.96875,40.884137632035895,24575.99609375,370.109375,1.5059791415499277,"[{""index"": 0, ""name"": ""NVIDIA P104-100"", ""pci_bus"": ""00000000:01:00.0"", ""pcie"": ""Gen1 x1"", ""util_pct"": 0.0, ""power_w"": 52.15, ""vram_used_mib"": 7512.0}, {""index"": 1, ""name"": ""NVIDIA P104-100"", ""pci_bus"": ""00000000:02:00.0"", ""pcie"": ""Gen1 x1"", ""util_pct"": 58.0, ""power_w"": 54.55, ""vram_used_mib"": 7120.0}, {""index"": 2, ""name"": ""NVIDIA P104-100"", ""pci_bus"": ""00000000:0A:00.0"", ""pcie"": ""Gen1 x1"", ""util_pct"": 61.0, ""power_w"": 52.79, ""vram_used_mib"": 7860.0}, {""index"": 3, ""name"": ""NVIDIA P104-100"", ""pci_bus"": ""00000000:0C:00.0"", ""pcie"": ""Gen1 x1"", ""util_pct"": 0.0, ""power_w"": 91.05, ""vram_used_mib"": 7490.0}, {""index"": 4, ""name"": ""NVIDIA P104-100"", ""pci_bus"": ""00000000:0D:00.0"", ""pcie"": ""Gen1 x1"", ""util_pct"": 0.0, ""power_w"": 8.75, ""vram_used_mib"": 84.0}, {""index"": 5, ""name"": ""NVIDIA P104-100"", ""pci_bus"": ""00000000:0E:00.0"", ""pcie"": ""Gen1 x1"", ""util_pct"": 0.0, ""power_w"": 9.8, ""vram_used_mib"": 84.0}]"
2026-08-16T16:35:55.648895+03:00,1786887355.648895,ctx_016384.txt,1,1,prefill,39.76744186046512,"[16.27906976744186, 18.13953488372093, 24.299065420560748, 100.0]",15875.55078125,6453.38671875,9422.1640625,40.64984457970331,24575.99609375,370.109375,1.5059791415499277,"[{""index"": 0, ""name"": ""NVIDIA P104-100"", ""pci_bus"": ""00000000:01:00.0"", ""pcie"": ""Gen1 x1"", ""util_pct"": 0.0, ""power_w"": 96.28, ""vram_used_mib"": 7512.0}, {""index"": 1, ""name"": ""NVIDIA P104-100"", ""pci_bus"": ""00000000:02:00.0"", ""pcie"": ""Gen1 x1"", ""util_pct"": 3.0, ""power_w"": 110.49, ""vram_used_mib"": 7120.0}, {""index"": 2, ""name"": ""NVIDIA P104-100"", ""pci_bus"": ""00000000:0A:00.0"", ""pcie"": ""Gen1 x1"", ""util_pct"": 61.0, ""power_w"": 52.58, ""vram_used_mib"": 7860.0}, {""index"": 3, ""name"": ""NVIDIA P104-100"", ""pci_bus"": ""00000000:0C:00.0"", ""pcie"": ""Gen1 x1"", ""util_pct"": 47.0, ""power_w"": 55.65, ""vram_used_mib"": 7490.0}, {""index"": 4, ""name"": ""NVIDIA P104-100"", ""pci_bus"": ""00000000:0D:00.0"", ""pcie"": ""Gen1 x1"", ""util_pct"": 0.0, ""power_w"": 8.84, ""vram_used_mib"": 84.0}, {""index"": 5, ""name"": ""NVIDIA P104-100"", ""pci_bus"": ""00000000:0E:00.0"", ""pcie"": ""Gen1 x1"", ""util_pct"": 0.0, ""power_w"": 9.89, ""vram_used_mib"": 84.0}]"
2026-08-16T16:35:57.767724+03:00,1786887357.767724,ctx_016384.txt,1,1,prefill,38.81656804733728,"[16.19047619047619, 23.58490566037736, 15.566037735849056, 100.0]",15875.55078125,6449.5625,9425.98828125,40.62575584852986,24575.99609375,370.109375,1.5059791415499277,"[{""index"": 0, ""name"": ""NVIDIA P104-100"", ""pci_bus"": ""00000000:01:00.0"", ""pcie"": ""Gen1 x1"", ""util_pct"": 4.0, ""power_w"": 52.31, ""vram_used_mib"": 7512.0}, {""index"": 1, ""name"": ""NVIDIA P104-100"", ""pci_bus"": ""00000000:02:00.0"", ""pcie"": ""Gen1 x1"", ""util_pct"": 96.0, ""power_w"": 55.01, ""vram_used_mib"": 7120.0}, {""index"": 2, ""name"": ""NVIDIA P104-100"", ""pci_bus"": ""00000000:0A:00.0"", ""pcie"": ""Gen1 x1"", ""util_pct"": 99.0, ""power_w"": 175.57, ""vram_used_mib"": 7860.0}, {""index"": 3, ""name"": ""NVIDIA P104-100"", ""pci_bus"": ""00000000:0C:00.0"", ""pcie"": ""Gen1 x1"", ""util_pct"": 3.0, ""power_w"": 121.12, ""vram_used_mib"": 7490.0}, {""index"": 4, ""name"": ""NVIDIA P104-100"", ""pci_bus"": ""00000000:0D:00.0"", ""pcie"": ""Gen1 x1"", ""util_pct"": 0.0, ""power_w"": 8.85, ""vram_used_mib"": 84.0}, {""index"": 5, ""name"": ""NVIDIA P104-100"", ""pci_bus"": ""00000000:0E:00.0"", ""pcie"": ""Gen1 x1"", ""util_pct"": 0.0, ""power_w"": 9.7, ""vram_used_mib"": 84.0}]"
2026-08-16T16:35:59.966252+03:00,1786887359.966252,ctx_016384.txt,1,1,decode,39.68072976054732,"[25.0, 15.068493150684931, 18.264840182648403, 100.0]",15875.55078125,6383.66015625,9491.890625,40.21063737700045,24575.99609375,370.109375,1.5059791415499277,"[{""index"": 0, ""name"": ""NVIDIA P104-100"", ""pci_bus"": ""00000000:01:00.0"", ""pcie"": ""Gen1 x1"", ""util_pct"": 78.0, ""power_w"": 167.25, ""vram_used_mib"": 7512.0}, {""index"": 1, ""name"": ""NVIDIA P104-100"", ""pci_bus"": ""00000000:02:00.0"", ""pcie"": ""Gen1 x1"", ""util_pct"": 3.0, ""power_w"": 181.97, ""vram_used_mib"": 7120.0}, {""index"": 2, ""name"": ""NVIDIA P104-100"", ""pci_bus"": ""00000000:0A:00.0"", ""pcie"": ""Gen1 x1"", ""util_pct"": 4.0, ""power_w"": 52.57, ""vram_used_mib"": 7860.0}, {""index"": 3, ""name"": ""NVIDIA P104-100"", ""pci_bus"": ""00000000:0C:00.0"", ""pcie"": ""Gen1 x1"", ""util_pct"": 47.0, ""power_w"": 55.62, ""vram_used_mib"": 7490.0}, {""index"": 4, ""name"": ""NVIDIA P104-100"", ""pci_bus"": ""00000000:0D:00.0"", ""pcie"": ""Gen1 x1"", ""util_pct"": 0.0, ""power_w"": 8.74, ""vram_used_mib"": 84.0}, {""index"": 5, ""name"": ""NVIDIA P104-100"", ""pci_bus"": ""00000000:0E:00.0"", ""pcie"": ""Gen1 x1"", ""util_pct"": 0.0, ""power_w"": 9.54, ""vram_used_mib"": 84.0}]"
2026-08-16T16:36:02.152412+03:00,1786887362.152412,ctx_016384.txt,1,1,decode,39.51890034364261,"[6.451612903225806, 33.64055299539171, 17.35159817351598, 100.0]",15875.55078125,6631.515625,9244.03515625,41.771877501297325,24575.99609375,370.109375,1.5059791415499277,"[{""index"": 0, ""name"": ""NVIDIA P104-100"", ""pci_bus"": ""00000000:01:00.0"", ""pcie"": ""Gen1 x1"", ""util_pct"": 0.0, ""power_w"": 51.92, ""vram_used_mib"": 7512.0}, {""index"": 1, ""name"": ""NVIDIA P104-100"", ""pci_bus"": ""00000000:02:00.0"", ""pcie"": ""Gen1 x1"", ""util_pct"": 0.0, ""power_w"": 54.21, ""vram_used_mib"": 7120.0}, {""index"": 2, ""name"": ""NVIDIA P104-100"", ""pci_bus"": ""00000000:0A:00.0"", ""pcie"": ""Gen1 x1"", ""util_pct"": 13.0, ""power_w"": 53.04, ""vram_used_mib"": 7860.0}, {""index"": 3, ""name"": ""NVIDIA P104-100"", ""pci_bus"": ""00000000:0C:00.0"", ""pcie"": ""Gen1 x1"", ""util_pct"": 79.0, ""power_w"": 55.67, ""vram_used_mib"": 7490.0}, {""index"": 4, ""name"": ""NVIDIA P104-100"", ""pci_bus"": ""00000000:0D:00.0"", ""pcie"": ""Gen1 x1"", ""util_pct"": 0.0, ""power_w"": 8.75, ""vram_used_mib"": 84.0}, {""index"": 5, ""name"": ""NVIDIA P104-100"", ""pci_bus"": ""00000000:0E:00.0"", ""pcie"": ""Gen1 x1"", ""util_pct"": 0.0, ""power_w"": 9.8, ""vram_used_mib"": 84.0}]"
2026-08-16T16:36:04.290634+03:00,1786887364.290634,ctx_016384.txt,1,1,decode,39.578454332552695,"[21.962616822429908, 26.976744186046513, 9.90566037735849, 100.0]",15875.55078125,6882.71484375,8992.8359375,43.35417988696751,24575.99609375,370.1015625,1.5059473524009948,"[{""index"": 0, ""name"": ""NVIDIA P104-100"", ""pci_bus"": ""00000000:01:00.0"", ""pcie"": ""Gen1 x1"", ""util_pct"": 25.0, ""power_w"": 88.54, ""vram_used_mib"": 7512.0}, {""index"": 1, ""name"": ""NVIDIA P104-100"", ""pci_bus"": ""00000000:02:00.0"", ""pcie"": ""Gen1 x1"", ""util_pct"": 4.0, ""power_w"": 151.61, ""vram_used_mib"": 7120.0}, {""index"": 2, ""name"": ""NVIDIA P104-100"", ""pci_bus"": ""00000000:0A:00.0"", ""pcie"": ""Gen1 x1"", ""util_pct"": 29.0, ""power_w"": 50.03, ""vram_used_mib"": 7860.0}, {""index"": 3, ""name"": ""NVIDIA P104-100"", ""pci_bus"": ""00000000:0C:00.0"", ""pcie"": ""Gen1 x1"", ""util_pct"": 47.0, ""power_w"": 54.64, ""vram_used_mib"": 7490.0}, {""index"": 4, ""name"": ""NVIDIA P104-100"", ""pci_bus"": ""00000000:0D:00.0"", ""pcie"": ""Gen1 x1"", ""util_pct"": 0.0, ""power_w"": 8.94, ""vram_used_mib"": 84.0}, {""index"": 5, ""name"": ""NVIDIA P104-100"", ""pci_bus"": ""00000000:0E:00.0"", ""pcie"": ""Gen1 x1"", ""util_pct"": 0.0, ""power_w"": 9.79, ""vram_used_mib"": 84.0}]"
2026-08-16T16:36:06.425653+03:00,1786887366.425653,ctx_016384.txt,1,1,decode,40.65804935370153,"[24.056603773584907, 14.622641509433961, 23.943661971830984, 100.0]",15875.55078125,6864.7265625,9010.82421875,43.24087181030382,24575.99609375,370.09765625,1.5059314578265282,"[{""index"": 0, ""name"": ""NVIDIA P104-100"", ""pci_bus"": ""00000000:01:00.0"", ""pcie"": ""Gen1 x1"", ""util_pct"": 27.0, ""power_w"": 57.14, ""vram_used_mib"": 7512.0}, {""index"": 1, ""name"": ""NVIDIA P104-100"", ""pci_bus"": ""00000000:02:00.0"", ""pcie"": ""Gen1 x1"", ""util_pct"": 23.0, ""power_w"": 51.82, ""vram_used_mib"": 7120.0}, {""index"": 2, ""name"": ""NVIDIA P104-100"", ""pci_bus"": ""00000000:0A:00.0"", ""pcie"": ""Gen1 x1"", ""util_pct"": 29.0, ""power_w"": 49.56, ""vram_used_mib"": 7860.0}, {""index"": 3, ""name"": ""NVIDIA P104-100"", ""pci_bus"": ""00000000:0C:00.0"", ""pcie"": ""Gen1 x1"", ""util_pct"": 39.0, ""power_w"": 103.39, ""vram_used_mib"": 7490.0}, {""index"": 4, ""name"": ""NVIDIA P104-100"", ""pci_bus"": ""00000000:0D:00.0"", ""pcie"": ""Gen1 x1"", ""util_pct"": 0.0, ""power_w"": 8.95, ""vram_used_mib"": 84.0}, {""index"": 5, ""name"": ""NVIDIA P104-100"", ""pci_bus"": ""00000000:0E:00.0"", ""pcie"": ""Gen1 x1"", ""util_pct"": 0.0, ""power_w"": 10.49, ""vram_used_mib"": 84.0}]"
2026-08-16T16:36:08.576853+03:00,1786887368.576853,ctx_016384.txt,1,1,decode,44.98834498834499,"[19.1588785046729, 32.863849765258216, 28.24074074074074, 99.06103286384976]",15875.55078125,6815.890625,9059.66015625,42.93325453029312,24575.99609375,370.09765625,1.5059314578265282,"[{""index"": 0, ""name"": ""NVIDIA P104-100"", ""pci_bus"": ""00000000:01:00.0"", ""pcie"": ""Gen1 x1"", ""util_pct"": 30.0, ""power_w"": 50.91, ""vram_used_mib"": 7512.0}, {""index"": 1, ""name"": ""NVIDIA P104-100"", ""pci_bus"": ""00000000:02:00.0"", ""pcie"": ""Gen1 x1"", ""util_pct"": 29.0, ""power_w"": 51.08, ""vram_used_mib"": 7120.0}, {""index"": 2, ""name"": ""NVIDIA P104-100"", ""pci_bus"": ""00000000:0A:00.0"", ""pcie"": ""Gen1 x1"", ""util_pct"": 0.0, ""power_w"": 53.44, ""vram_used_mib"": 7860.0}, {""index"": 3, ""name"": ""NVIDIA P104-100"", ""pci_bus"": ""00000000:0C:00.0"", ""pcie"": ""Gen1 x1"", ""util_pct"": 18.0, ""power_w"": 85.59, ""vram_used_mib"": 7490.0}, {""index"": 4, ""name"": ""NVIDIA P104-100"", ""pci_bus"": ""00000000:0D:00.0"", ""pcie"": ""Gen1 x1"", ""util_pct"": 0.0, ""power_w"": 9.05, ""vram_used_mib"": 84.0}, {""index"": 5, ""name"": ""NVIDIA P104-100"", ""pci_bus"": ""00000000:0E:00.0"", ""pcie"": ""Gen1 x1"", ""util_pct"": 0.0, ""power_w"": 10.0, ""vram_used_mib"": 84.0}]"
2026-08-16T16:36:10.986562+03:00,1786887370.986562,ctx_016384.txt,1,1,decode,48.229166666666664,"[24.066390041493776, 99.17355371900827, 19.502074688796682, 50.2092050209205]",15875.55078125,6853.02734375,9022.5234375,43.16717850094276,24575.99609375,370.09375,1.5059155632520618,"[{""index"": 0, ""name"": ""NVIDIA P104-100"", ""pci_bus"": ""00000000:01:00.0"", ""pcie"": ""Gen1 x1"", ""util_pct"": 24.0, ""power_w"": 51.16, ""vram_used_mib"": 7512.0}, {""index"": 1, ""name"": ""NVIDIA P104-100"", ""pci_bus"": ""00000000:02:00.0"", ""pcie"": ""Gen1 x1"", ""util_pct"": 29.0, ""power_w"": 52.27, ""vram_used_mib"": 7120.0}, {""index"": 2, ""name"": ""NVIDIA P104-100"", ""pci_bus"": ""00000000:0A:00.0"", ""pcie"": ""Gen1 x1"", ""util_pct"": 14.0, ""power_w"": 84.93, ""vram_used_mib"": 7860.0}, {""index"": 3, ""name"": ""NVIDIA P104-100"", ""pci_bus"": ""00000000:0C:00.0"", ""pcie"": ""Gen1 x1"", ""util_pct"": 13.0, ""power_w"": 173.09, ""vram_used_mib"": 7490.0}, {""index"": 4, ""name"": ""NVIDIA P104-100"", ""pci_bus"": ""00000000:0D:00.0"", ""pcie"": ""Gen1 x1"", ""util_pct"": 0.0, ""power_w"": 8.84, ""vram_used_mib"": 84.0}, {""index"": 5, ""name"": ""NVIDIA P104-100"", ""pci_bus"": ""00000000:0E:00.0"", ""pcie"": ""Gen1 x1"", ""util_pct"": 0.0, ""power_w"": 9.44, ""vram_used_mib"": 84.0}]"
2026-08-16T16:36:13.130304+03:00,1786887373.130304,ctx_016384.txt,1,1,decode,40.749414519906324,"[20.657276995305164, 100.0, 14.150943396226415, 28.037383177570092]",15875.55078125,6845.765625,9029.78515625,43.12143697770328,24575.99609375,370.0859375,1.5058837741031288,"[{""index"": 0, ""name"": ""NVIDIA P104-100"", ""pci_bus"": ""00000000:01:00.0"", ""pcie"": ""Gen1 x1"", ""util_pct"": 11.0, ""power_w"": 53.22, ""vram_used_mib"": 7512.0}, {""index"": 1, ""name"": ""NVIDIA P104-100"", ""pci_bus"": ""00000000:02:00.0"", ""pcie"": ""Gen1 x1"", ""util_pct"": 29.0, ""power_w"": 104.96, ""vram_used_mib"": 7120.0}, {""index"": 2, ""name"": ""NVIDIA P104-100"", ""pci_bus"": ""00000000:0A:00.0"", ""pcie"": ""Gen1 x1"", ""util_pct"": 27.0, ""power_w"": 150.79, ""vram_used_mib"": 7860.0}, {""index"": 3, ""name"": ""NVIDIA P104-100"", ""pci_bus"": ""00000000:0C:00.0"", ""pcie"": ""Gen1 x1"", ""util_pct"": 31.0, ""power_w"": 52.94, ""vram_used_mib"": 7490.0}, {""index"": 4, ""name"": ""NVIDIA P104-100"", ""pci_bus"": ""00000000:0D:00.0"", ""pcie"": ""Gen1 x1"", ""util_pct"": 0.0, ""power_w"": 8.95, ""vram_used_mib"": 84.0}, {""index"": 5, ""name"": ""NVIDIA P104-100"", ""pci_bus"": ""00000000:0E:00.0"", ""pcie"": ""Gen1 x1"", ""util_pct"": 0.0, ""power_w"": 9.7, ""vram_used_mib"": 84.0}]"
