timestamp_iso,epoch_s,file,active_slots,repeat,stage_hint,cpu_total_pct,cpu_per_core_pct_json,ram_total_mib,ram_used_mib,ram_available_mib,ram_used_pct,swap_total_mib,swap_used_mib,swap_used_pct,gpu_samples_json
2026-08-16T14:44:29.355520+03:00,1786880669.355520,ctx_000256.txt,1,1,outside,0.0,"[null, null, 0.0, 0.0]",15875.55078125,2715.73046875,13159.8203125,17.106370079187705,24575.99609375,380.40625,1.5478772398435656,"[{""index"": 0, ""name"": ""NVIDIA P104-100"", ""pci_bus"": ""00000000:01:00.0"", ""pcie"": ""Gen1 x1"", ""util_pct"": 0.0, ""power_w"": 42.17, ""vram_used_mib"": 6086.0}, {""index"": 1, ""name"": ""NVIDIA P104-100"", ""pci_bus"": ""00000000:02:00.0"", ""pcie"": ""Gen1 x1"", ""util_pct"": 0.0, ""power_w"": 42.84, ""vram_used_mib"": 4708.0}, {""index"": 2, ""name"": ""NVIDIA P104-100"", ""pci_bus"": ""00000000:0A:00.0"", ""pcie"": ""Gen1 x1"", ""util_pct"": 0.0, ""power_w"": 40.94, ""vram_used_mib"": 5924.0}, {""index"": 3, ""name"": ""NVIDIA P104-100"", ""pci_bus"": ""00000000:0C:00.0"", ""pcie"": ""Gen1 x1"", ""util_pct"": 0.0, ""power_w"": 44.75, ""vram_used_mib"": 5670.0}, {""index"": 4, ""name"": ""NVIDIA P104-100"", ""pci_bus"": ""00000000:0D:00.0"", ""pcie"": ""Gen1 x1"", ""util_pct"": 11.0, ""power_w"": 51.06, ""vram_used_mib"": 5738.0}, {""index"": 5, ""name"": ""NVIDIA P104-100"", ""pci_bus"": ""00000000:0E:00.0"", ""pcie"": ""Gen1 x1"", ""util_pct"": 15.0, ""power_w"": 50.07, ""vram_used_mib"": 6274.0}]"
2026-08-16T14:44:31.510063+03:00,1786880671.510063,ctx_000256.txt,1,1,prefill,37.97909407665505,"[23.04147465437788, 99.06976744186046, 9.813084112149532, 19.90740740740741]",15875.55078125,3836.359375,12039.19140625,24.16520489815683,24575.99609375,380.375,1.5477500832478337,"[{""index"": 0, ""name"": ""NVIDIA P104-100"", ""pci_bus"": ""00000000:01:00.0"", ""pcie"": ""Gen1 x1"", ""util_pct"": 99.0, ""power_w"": 51.67, ""vram_used_mib"": 6086.0}, {""index"": 1, ""name"": ""NVIDIA P104-100"", ""pci_bus"": ""00000000:02:00.0"", ""pcie"": ""Gen1 x1"", ""util_pct"": 0.0, ""power_w"": 52.74, ""vram_used_mib"": 4708.0}, {""index"": 2, ""name"": ""NVIDIA P104-100"", ""pci_bus"": ""00000000:0A:00.0"", ""pcie"": ""Gen1 x1"", ""util_pct"": 0.0, ""power_w"": 50.81, ""vram_used_mib"": 5924.0}, {""index"": 3, ""name"": ""NVIDIA P104-100"", ""pci_bus"": ""00000000:0C:00.0"", ""pcie"": ""Gen1 x1"", ""util_pct"": 0.0, ""power_w"": 54.26, ""vram_used_mib"": 5670.0}, {""index"": 4, ""name"": ""NVIDIA P104-100"", ""pci_bus"": ""00000000:0D:00.0"", ""pcie"": ""Gen1 x1"", ""util_pct"": 0.0, ""power_w"": 53.01, ""vram_used_mib"": 5738.0}, {""index"": 5, ""name"": ""NVIDIA P104-100"", ""pci_bus"": ""00000000:0E:00.0"", ""pcie"": ""Gen1 x1"", ""util_pct"": 0.0, ""power_w"": 49.97, ""vram_used_mib"": 6274.0}]"
2026-08-16T14:44:33.632073+03:00,1786880673.632073,ctx_000256.txt,1,1,prefill,36.28841607565012,"[12.796208530805687, 100.0, 15.09433962264151, 17.142857142857142]",15875.55078125,3882.4609375,11993.08984375,24.45559836629684,24575.99609375,380.3515625,1.547654715801035,"[{""index"": 0, ""name"": ""NVIDIA P104-100"", ""pci_bus"": ""00000000:01:00.0"", ""pcie"": ""Gen1 x1"", ""util_pct"": 0.0, ""power_w"": 51.42, ""vram_used_mib"": 6086.0}, {""index"": 1, ""name"": ""NVIDIA P104-100"", ""pci_bus"": ""00000000:02:00.0"", ""pcie"": ""Gen1 x1"", ""util_pct"": 0.0, ""power_w"": 52.99, ""vram_used_mib"": 4708.0}, {""index"": 2, ""name"": ""NVIDIA P104-100"", ""pci_bus"": ""00000000:0A:00.0"", ""pcie"": ""Gen1 x1"", ""util_pct"": 0.0, ""power_w"": 50.81, ""vram_used_mib"": 5924.0}, {""index"": 3, ""name"": ""NVIDIA P104-100"", ""pci_bus"": ""00000000:0C:00.0"", ""pcie"": ""Gen1 x1"", ""util_pct"": 0.0, ""power_w"": 54.28, ""vram_used_mib"": 5670.0}, {""index"": 4, ""name"": ""NVIDIA P104-100"", ""pci_bus"": ""00000000:0D:00.0"", ""pcie"": ""Gen1 x1"", ""util_pct"": 0.0, ""power_w"": 53.01, ""vram_used_mib"": 5738.0}, {""index"": 5, ""name"": ""NVIDIA P104-100"", ""pci_bus"": ""00000000:0E:00.0"", ""pcie"": ""Gen1 x1"", ""util_pct"": 77.0, ""power_w"": 49.97, ""vram_used_mib"": 6274.0}]"
2026-08-16T14:44:35.757340+03:00,1786880675.757340,ctx_000256.txt,1,1,decode,36.79245283018868,"[17.061611374407583, 100.0, 15.96244131455399, 14.084507042253522]",15875.55078125,3775.3046875,12100.24609375,23.78062178452962,24575.99609375,380.33984375,1.5476070320776354,"[{""index"": 0, ""name"": ""NVIDIA P104-100"", ""pci_bus"": ""00000000:01:00.0"", ""pcie"": ""Gen1 x1"", ""util_pct"": 0.0, ""power_w"": 51.04, ""vram_used_mib"": 6086.0}, {""index"": 1, ""name"": ""NVIDIA P104-100"", ""pci_bus"": ""00000000:02:00.0"", ""pcie"": ""Gen1 x1"", ""util_pct"": 0.0, ""power_w"": 52.04, ""vram_used_mib"": 4708.0}, {""index"": 2, ""name"": ""NVIDIA P104-100"", ""pci_bus"": ""00000000:0A:00.0"", ""pcie"": ""Gen1 x1"", ""util_pct"": 39.0, ""power_w"": 47.71, ""vram_used_mib"": 5924.0}, {""index"": 3, ""name"": ""NVIDIA P104-100"", ""pci_bus"": ""00000000:0C:00.0"", ""pcie"": ""Gen1 x1"", ""util_pct"": 65.0, ""power_w"": 54.56, ""vram_used_mib"": 5670.0}, {""index"": 4, ""name"": ""NVIDIA P104-100"", ""pci_bus"": ""00000000:0D:00.0"", ""pcie"": ""Gen1 x1"", ""util_pct"": 27.0, ""power_w"": 49.18, ""vram_used_mib"": 5738.0}, {""index"": 5, ""name"": ""NVIDIA P104-100"", ""pci_bus"": ""00000000:0E:00.0"", ""pcie"": ""Gen1 x1"", ""util_pct"": 0.0, ""power_w"": 89.28, ""vram_used_mib"": 6274.0}]"
2026-08-16T14:44:37.919212+03:00,1786880677.919212,ctx_000256.txt,1,1,decode,42.857142857142854,"[13.953488372093023, 100.0, 41.395348837209305, 15.42056074766355]",15875.55078125,3772.0859375,12103.46484375,23.760346897413253,24575.99609375,380.30859375,1.5474798754819037,"[{""index"": 0, ""name"": ""NVIDIA P104-100"", ""pci_bus"": ""00000000:01:00.0"", ""pcie"": ""Gen1 x1"", ""util_pct"": 18.0, ""power_w"": 51.76, ""vram_used_mib"": 6086.0}, {""index"": 1, ""name"": ""NVIDIA P104-100"", ""pci_bus"": ""00000000:02:00.0"", ""pcie"": ""Gen1 x1"", ""util_pct"": 8.0, ""power_w"": 53.54, ""vram_used_mib"": 4708.0}, {""index"": 2, ""name"": ""NVIDIA P104-100"", ""pci_bus"": ""00000000:0A:00.0"", ""pcie"": ""Gen1 x1"", ""util_pct"": 0.0, ""power_w"": 53.44, ""vram_used_mib"": 5924.0}, {""index"": 3, ""name"": ""NVIDIA P104-100"", ""pci_bus"": ""00000000:0C:00.0"", ""pcie"": ""Gen1 x1"", ""util_pct"": 0.0, ""power_w"": 64.51, ""vram_used_mib"": 5670.0}, {""index"": 4, ""name"": ""NVIDIA P104-100"", ""pci_bus"": ""00000000:0D:00.0"", ""pcie"": ""Gen1 x1"", ""util_pct"": 16.0, ""power_w"": 91.65, ""vram_used_mib"": 5738.0}, {""index"": 5, ""name"": ""NVIDIA P104-100"", ""pci_bus"": ""00000000:0E:00.0"", ""pcie"": ""Gen1 x1"", ""util_pct"": 48.0, ""power_w"": 147.24, ""vram_used_mib"": 6274.0}]"
2026-08-16T14:44:40.247815+03:00,1786880680.247815,ctx_000256.txt,1,1,decode,47.90096878363832,"[23.175965665236053, 100.0, 45.887445887445885, 22.844827586206897]",15875.55078125,3701.8671875,12173.68359375,23.318039408573668,24575.99609375,380.30078125,1.5474480863329707,"[{""index"": 0, ""name"": ""NVIDIA P104-100"", ""pci_bus"": ""00000000:01:00.0"", ""pcie"": ""Gen1 x1"", ""util_pct"": 18.0, ""power_w"": 66.49, ""vram_used_mib"": 6086.0}, {""index"": 1, ""name"": ""NVIDIA P104-100"", ""pci_bus"": ""00000000:02:00.0"", ""pcie"": ""Gen1 x1"", ""util_pct"": 2.0, ""power_w"": 146.78, ""vram_used_mib"": 4708.0}, {""index"": 2, ""name"": ""NVIDIA P104-100"", ""pci_bus"": ""00000000:0A:00.0"", ""pcie"": ""Gen1 x1"", ""util_pct"": 18.0, ""power_w"": 107.42, ""vram_used_mib"": 5924.0}, {""index"": 3, ""name"": ""NVIDIA P104-100"", ""pci_bus"": ""00000000:0C:00.0"", ""pcie"": ""Gen1 x1"", ""util_pct"": 16.0, ""power_w"": 52.53, ""vram_used_mib"": 5670.0}, {""index"": 4, ""name"": ""NVIDIA P104-100"", ""pci_bus"": ""00000000:0D:00.0"", ""pcie"": ""Gen1 x1"", ""util_pct"": 16.0, ""power_w"": 50.66, ""vram_used_mib"": 5738.0}, {""index"": 5, ""name"": ""NVIDIA P104-100"", ""pci_bus"": ""00000000:0E:00.0"", ""pcie"": ""Gen1 x1"", ""util_pct"": 39.0, ""power_w"": 50.91, ""vram_used_mib"": 6274.0}]"
2026-08-16T14:44:42.373123+03:00,1786880682.373123,ctx_000256.txt,1,1,decode,37.66233766233766,"[16.9811320754717, 100.0, 17.061611374407583, 16.19047619047619]",15875.55078125,3845.51953125,12030.03125,24.222904667923675,24575.99609375,380.2890625,1.5474004026095713,"[{""index"": 0, ""name"": ""NVIDIA P104-100"", ""pci_bus"": ""00000000:01:00.0"", ""pcie"": ""Gen1 x1"", ""util_pct"": 16.0, ""power_w"": 167.46, ""vram_used_mib"": 6086.0}, {""index"": 1, ""name"": ""NVIDIA P104-100"", ""pci_bus"": ""00000000:02:00.0"", ""pcie"": ""Gen1 x1"", ""util_pct"": 16.0, ""power_w"": 52.32, ""vram_used_mib"": 4708.0}, {""index"": 2, ""name"": ""NVIDIA P104-100"", ""pci_bus"": ""00000000:0A:00.0"", ""pcie"": ""Gen1 x1"", ""util_pct"": 17.0, ""power_w"": 50.0, ""vram_used_mib"": 5924.0}, {""index"": 3, ""name"": ""NVIDIA P104-100"", ""pci_bus"": ""00000000:0C:00.0"", ""pcie"": ""Gen1 x1"", ""util_pct"": 16.0, ""power_w"": 52.79, ""vram_used_mib"": 5670.0}, {""index"": 4, ""name"": ""NVIDIA P104-100"", ""pci_bus"": ""00000000:0D:00.0"", ""pcie"": ""Gen1 x1"", ""util_pct"": 16.0, ""power_w"": 50.56, ""vram_used_mib"": 5738.0}, {""index"": 5, ""name"": ""NVIDIA P104-100"", ""pci_bus"": ""00000000:0E:00.0"", ""pcie"": ""Gen1 x1"", ""util_pct"": 43.0, ""power_w"": 57.19, ""vram_used_mib"": 6274.0}]"
2026-08-16T14:44:44.496205+03:00,1786880684.496205,ctx_000256.txt,1,1,decode,37.382075471698116,"[10.0, 100.0, 18.39622641509434, 20.28301886792453]",15875.55078125,3865.71875,12009.83203125,24.350139426757092,24575.99609375,380.265625,1.5473050351627724,"[{""index"": 0, ""name"": ""NVIDIA P104-100"", ""pci_bus"": ""00000000:01:00.0"", ""pcie"": ""Gen1 x1"", ""util_pct"": 7.0, ""power_w"": 52.73, ""vram_used_mib"": 6086.0}, {""index"": 1, ""name"": ""NVIDIA P104-100"", ""pci_bus"": ""00000000:02:00.0"", ""pcie"": ""Gen1 x1"", ""util_pct"": 16.0, ""power_w"": 52.34, ""vram_used_mib"": 4708.0}, {""index"": 2, ""name"": ""NVIDIA P104-100"", ""pci_bus"": ""00000000:0A:00.0"", ""pcie"": ""Gen1 x1"", ""util_pct"": 4.0, ""power_w"": 49.29, ""vram_used_mib"": 5924.0}, {""index"": 3, ""name"": ""NVIDIA P104-100"", ""pci_bus"": ""00000000:0C:00.0"", ""pcie"": ""Gen1 x1"", ""util_pct"": 0.0, ""power_w"": 52.65, ""vram_used_mib"": 5670.0}, {""index"": 4, ""name"": ""NVIDIA P104-100"", ""pci_bus"": ""00000000:0D:00.0"", ""pcie"": ""Gen1 x1"", ""util_pct"": 16.0, ""power_w"": 50.91, ""vram_used_mib"": 5738.0}, {""index"": 5, ""name"": ""NVIDIA P104-100"", ""pci_bus"": ""00000000:0E:00.0"", ""pcie"": ""Gen1 x1"", ""util_pct"": 43.0, ""power_w"": 91.06, ""vram_used_mib"": 6274.0}]"
2026-08-16T14:44:46.630736+03:00,1786880686.630736,ctx_000256.txt,1,1,decode,37.411764705882355,"[25.700934579439252, 100.0, 9.90566037735849, 13.679245283018869]",15875.55078125,3838.17578125,12037.375,24.17664643032808,24575.99609375,380.26171875,1.5472891405883058,"[{""index"": 0, ""name"": ""NVIDIA P104-100"", ""pci_bus"": ""00000000:01:00.0"", ""pcie"": ""Gen1 x1"", ""util_pct"": 16.0, ""power_w"": 50.2, ""vram_used_mib"": 6086.0}, {""index"": 1, ""name"": ""NVIDIA P104-100"", ""pci_bus"": ""00000000:02:00.0"", ""pcie"": ""Gen1 x1"", ""util_pct"": 16.0, ""power_w"": 51.61, ""vram_used_mib"": 4708.0}, {""index"": 2, ""name"": ""NVIDIA P104-100"", ""pci_bus"": ""00000000:0A:00.0"", ""pcie"": ""Gen1 x1"", ""util_pct"": 10.0, ""power_w"": 49.33, ""vram_used_mib"": 5924.0}, {""index"": 3, ""name"": ""NVIDIA P104-100"", ""pci_bus"": ""00000000:0C:00.0"", ""pcie"": ""Gen1 x1"", ""util_pct"": 4.0, ""power_w"": 52.79, ""vram_used_mib"": 5670.0}, {""index"": 4, ""name"": ""NVIDIA P104-100"", ""pci_bus"": ""00000000:0D:00.0"", ""pcie"": ""Gen1 x1"", ""util_pct"": 16.0, ""power_w"": 52.31, ""vram_used_mib"": 5738.0}, {""index"": 5, ""name"": ""NVIDIA P104-100"", ""pci_bus"": ""00000000:0E:00.0"", ""pcie"": ""Gen1 x1"", ""util_pct"": 43.0, ""power_w"": 136.32, ""vram_used_mib"": 6274.0}]"
2026-08-16T14:44:47.774652+03:00,1786880687.774652,ctx_000512.txt,1,1,outside,,"[null, null, null, null]",15875.55078125,3826.06640625,12049.484375,24.100369549186407,24575.99609375,380.125,1.5467328304819792,"[{""index"": 0, ""name"": ""NVIDIA P104-100"", ""pci_bus"": ""00000000:01:00.0"", ""pcie"": ""Gen1 x1"", ""util_pct"": 12.0, ""power_w"": 49.95, ""vram_used_mib"": 6086.0}, {""index"": 1, ""name"": ""NVIDIA P104-100"", ""pci_bus"": ""00000000:02:00.0"", ""pcie"": ""Gen1 x1"", ""util_pct"": 0.0, ""power_w"": 51.61, ""vram_used_mib"": 4708.0}, {""index"": 2, ""name"": ""NVIDIA P104-100"", ""pci_bus"": ""00000000:0A:00.0"", ""pcie"": ""Gen1 x1"", ""util_pct"": 12.0, ""power_w"": 49.43, ""vram_used_mib"": 5924.0}, {""index"": 3, ""name"": ""NVIDIA P104-100"", ""pci_bus"": ""00000000:0C:00.0"", ""pcie"": ""Gen1 x1"", ""util_pct"": 11.0, ""power_w"": 52.55, ""vram_used_mib"": 5670.0}, {""index"": 4, ""name"": ""NVIDIA P104-100"", ""pci_bus"": ""00000000:0D:00.0"", ""pcie"": ""Gen1 x1"", ""util_pct"": 11.0, ""power_w"": 50.66, ""vram_used_mib"": 5738.0}, {""index"": 5, ""name"": ""NVIDIA P104-100"", ""pci_bus"": ""00000000:0E:00.0"", ""pcie"": ""Gen1 x1"", ""util_pct"": 18.0, ""power_w"": 50.81, ""vram_used_mib"": 6274.0}]"
2026-08-16T14:44:49.889962+03:00,1786880689.889962,ctx_000512.txt,1,1,prefill,36.44970414201183,"[99.5260663507109, 16.113744075829384, 13.270142180094787, 16.267942583732058]",15875.55078125,4304.75390625,11570.796875,27.11561926616227,24575.99609375,380.09765625,1.5466215684607139,"[{""index"": 0, ""name"": ""NVIDIA P104-100"", ""pci_bus"": ""00000000:01:00.0"", ""pcie"": ""Gen1 x1"", ""util_pct"": 0.0, ""power_w"": 98.5, ""vram_used_mib"": 6086.0}, {""index"": 1, ""name"": ""NVIDIA P104-100"", ""pci_bus"": ""00000000:02:00.0"", ""pcie"": ""Gen1 x1"", ""util_pct"": 32.0, ""power_w"": 118.08, ""vram_used_mib"": 4708.0}, {""index"": 2, ""name"": ""NVIDIA P104-100"", ""pci_bus"": ""00000000:0A:00.0"", ""pcie"": ""Gen1 x1"", ""util_pct"": 0.0, ""power_w"": 51.09, ""vram_used_mib"": 5924.0}, {""index"": 3, ""name"": ""NVIDIA P104-100"", ""pci_bus"": ""00000000:0C:00.0"", ""pcie"": ""Gen1 x1"", ""util_pct"": 19.0, ""power_w"": 54.74, ""vram_used_mib"": 5670.0}, {""index"": 4, ""name"": ""NVIDIA P104-100"", ""pci_bus"": ""00000000:0D:00.0"", ""pcie"": ""Gen1 x1"", ""util_pct"": 32.0, ""power_w"": 53.61, ""vram_used_mib"": 5738.0}, {""index"": 5, ""name"": ""NVIDIA P104-100"", ""pci_bus"": ""00000000:0E:00.0"", ""pcie"": ""Gen1 x1"", ""util_pct"": 22.0, ""power_w"": 51.03, ""vram_used_mib"": 6274.0}]"
2026-08-16T14:44:52.033861+03:00,1786880692.033861,ctx_000512.txt,1,1,prefill,36.72514619883041,"[100.0, 15.96244131455399, 20.560747663551403, 10.648148148148149]",15875.55078125,4251.97265625,11623.578125,26.783150486166697,24575.99609375,380.09375,1.5466056738862473,"[{""index"": 0, ""name"": ""NVIDIA P104-100"", ""pci_bus"": ""00000000:01:00.0"", ""pcie"": ""Gen1 x1"", ""util_pct"": 1.0, ""power_w"": 51.67, ""vram_used_mib"": 6086.0}, {""index"": 1, ""name"": ""NVIDIA P104-100"", ""pci_bus"": ""00000000:02:00.0"", ""pcie"": ""Gen1 x1"", ""util_pct"": 32.0, ""power_w"": 53.2, ""vram_used_mib"": 4708.0}, {""index"": 2, ""name"": ""NVIDIA P104-100"", ""pci_bus"": ""00000000:0A:00.0"", ""pcie"": ""Gen1 x1"", ""util_pct"": 34.0, ""power_w"": 51.16, ""vram_used_mib"": 5924.0}, {""index"": 3, ""name"": ""NVIDIA P104-100"", ""pci_bus"": ""00000000:0C:00.0"", ""pcie"": ""Gen1 x1"", ""util_pct"": 0.0, ""power_w"": 55.68, ""vram_used_mib"": 5670.0}, {""index"": 4, ""name"": ""NVIDIA P104-100"", ""pci_bus"": ""00000000:0D:00.0"", ""pcie"": ""Gen1 x1"", ""util_pct"": 19.0, ""power_w"": 98.99, ""vram_used_mib"": 5738.0}, {""index"": 5, ""name"": ""NVIDIA P104-100"", ""pci_bus"": ""00000000:0E:00.0"", ""pcie"": ""Gen1 x1"", ""util_pct"": 3.0, ""power_w"": 119.03, ""vram_used_mib"": 6274.0}]"
2026-08-16T14:44:54.179996+03:00,1786880694.179996,ctx_000512.txt,1,1,prefill,36.91588785046729,"[100.0, 18.779342723004696, 15.42056074766355, 12.735849056603774]",15875.55078125,4304.87890625,11570.671875,27.116406640419218,24575.99609375,380.07421875,1.546526201013915,"[{""index"": 0, ""name"": ""NVIDIA P104-100"", ""pci_bus"": ""00000000:01:00.0"", ""pcie"": ""Gen1 x1"", ""util_pct"": 35.0, ""power_w"": 61.13, ""vram_used_mib"": 6086.0}, {""index"": 1, ""name"": ""NVIDIA P104-100"", ""pci_bus"": ""00000000:02:00.0"", ""pcie"": ""Gen1 x1"", ""util_pct"": 0.0, ""power_w"": 167.2, ""vram_used_mib"": 4708.0}, {""index"": 2, ""name"": ""NVIDIA P104-100"", ""pci_bus"": ""00000000:0A:00.0"", ""pcie"": ""Gen1 x1"", ""util_pct"": 0.0, ""power_w"": 51.37, ""vram_used_mib"": 5924.0}, {""index"": 3, ""name"": ""NVIDIA P104-100"", ""pci_bus"": ""00000000:0C:00.0"", ""pcie"": ""Gen1 x1"", ""util_pct"": 0.0, ""power_w"": 54.84, ""vram_used_mib"": 5670.0}, {""index"": 4, ""name"": ""NVIDIA P104-100"", ""pci_bus"": ""00000000:0D:00.0"", ""pcie"": ""Gen1 x1"", ""util_pct"": 0.0, ""power_w"": 53.26, ""vram_used_mib"": 5738.0}, {""index"": 5, ""name"": ""NVIDIA P104-100"", ""pci_bus"": ""00000000:0E:00.0"", ""pcie"": ""Gen1 x1"", ""util_pct"": 31.0, ""power_w"": 50.88, ""vram_used_mib"": 6274.0}]"
2026-08-16T14:44:56.330819+03:00,1786880696.330819,ctx_000512.txt,1,1,decode,37.36903376018626,"[99.53703703703704, 17.59259259259259, 21.3953488372093, 10.69767441860465]",15875.55078125,4225.76171875,11649.7890625,26.618047946663268,24575.99609375,380.0625,1.5464785172905156,"[{""index"": 0, ""name"": ""NVIDIA P104-100"", ""pci_bus"": ""00000000:01:00.0"", ""pcie"": ""Gen1 x1"", ""util_pct"": 18.0, ""power_w"": 51.67, ""vram_used_mib"": 6086.0}, {""index"": 1, ""name"": ""NVIDIA P104-100"", ""pci_bus"": ""00000000:02:00.0"", ""pcie"": ""Gen1 x1"", ""util_pct"": 16.0, ""power_w"": 52.34, ""vram_used_mib"": 4708.0}, {""index"": 2, ""name"": ""NVIDIA P104-100"", ""pci_bus"": ""00000000:0A:00.0"", ""pcie"": ""Gen1 x1"", ""util_pct"": 17.0, ""power_w"": 50.79, ""vram_used_mib"": 5924.0}, {""index"": 3, ""name"": ""NVIDIA P104-100"", ""pci_bus"": ""00000000:0C:00.0"", ""pcie"": ""Gen1 x1"", ""util_pct"": 16.0, ""power_w"": 53.14, ""vram_used_mib"": 5670.0}, {""index"": 4, ""name"": ""NVIDIA P104-100"", ""pci_bus"": ""00000000:0D:00.0"", ""pcie"": ""Gen1 x1"", ""util_pct"": 0.0, ""power_w"": 51.87, ""vram_used_mib"": 5738.0}, {""index"": 5, ""name"": ""NVIDIA P104-100"", ""pci_bus"": ""00000000:0E:00.0"", ""pcie"": ""Gen1 x1"", ""util_pct"": 23.0, ""power_w"": 98.07, ""vram_used_mib"": 6274.0}]"
2026-08-16T14:44:58.451749+03:00,1786880698.451749,ctx_000512.txt,1,1,decode,37.66233766233766,"[99.53051643192488, 16.037735849056602, 17.53554502369668, 17.92452830188679]",15875.55078125,4372.1796875,11503.37109375,27.54033386144821,24575.99609375,380.0625,1.5464785172905156,"[{""index"": 0, ""name"": ""NVIDIA P104-100"", ""pci_bus"": ""00000000:01:00.0"", ""pcie"": ""Gen1 x1"", ""util_pct"": 18.0, ""power_w"": 50.93, ""vram_used_mib"": 6086.0}, {""index"": 1, ""name"": ""NVIDIA P104-100"", ""pci_bus"": ""00000000:02:00.0"", ""pcie"": ""Gen1 x1"", ""util_pct"": 0.0, ""power_w"": 52.24, ""vram_used_mib"": 4708.0}, {""index"": 2, ""name"": ""NVIDIA P104-100"", ""pci_bus"": ""00000000:0A:00.0"", ""pcie"": ""Gen1 x1"", ""util_pct"": 18.0, ""power_w"": 50.18, ""vram_used_mib"": 5924.0}, {""index"": 3, ""name"": ""NVIDIA P104-100"", ""pci_bus"": ""00000000:0C:00.0"", ""pcie"": ""Gen1 x1"", ""util_pct"": 16.0, ""power_w"": 52.16, ""vram_used_mib"": 5670.0}, {""index"": 4, ""name"": ""NVIDIA P104-100"", ""pci_bus"": ""00000000:0D:00.0"", ""pcie"": ""Gen1 x1"", ""util_pct"": 0.0, ""power_w"": 55.94, ""vram_used_mib"": 5738.0}, {""index"": 5, ""name"": ""NVIDIA P104-100"", ""pci_bus"": ""00000000:0E:00.0"", ""pcie"": ""Gen1 x1"", ""util_pct"": 15.0, ""power_w"": 82.26, ""vram_used_mib"": 6274.0}]"
2026-08-16T14:45:00.571363+03:00,1786880700.571363,ctx_000512.txt,1,1,decode,36.96682464454976,"[16.587677725118482, 19.047619047619047, 16.587677725118482, 95.28301886792453]",15875.55078125,4403.97265625,11471.578125,27.740597582613397,24575.99609375,380.0546875,1.5464467281415826,"[{""index"": 0, ""name"": ""NVIDIA P104-100"", ""pci_bus"": ""00000000:01:00.0"", ""pcie"": ""Gen1 x1"", ""util_pct"": 18.0, ""power_w"": 51.03, ""vram_used_mib"": 6086.0}, {""index"": 1, ""name"": ""NVIDIA P104-100"", ""pci_bus"": ""00000000:02:00.0"", ""pcie"": ""Gen1 x1"", ""util_pct"": 0.0, ""power_w"": 52.32, ""vram_used_mib"": 4708.0}, {""index"": 2, ""name"": ""NVIDIA P104-100"", ""pci_bus"": ""00000000:0A:00.0"", ""pcie"": ""Gen1 x1"", ""util_pct"": 18.0, ""power_w"": 50.41, ""vram_used_mib"": 5924.0}, {""index"": 3, ""name"": ""NVIDIA P104-100"", ""pci_bus"": ""00000000:0C:00.0"", ""pcie"": ""Gen1 x1"", ""util_pct"": 16.0, ""power_w"": 53.9, ""vram_used_mib"": 5670.0}, {""index"": 4, ""name"": ""NVIDIA P104-100"", ""pci_bus"": ""00000000:0D:00.0"", ""pcie"": ""Gen1 x1"", ""util_pct"": 7.0, ""power_w"": 57.62, ""vram_used_mib"": 5738.0}, {""index"": 5, ""name"": ""NVIDIA P104-100"", ""pci_bus"": ""00000000:0E:00.0"", ""pcie"": ""Gen1 x1"", ""util_pct"": 15.0, ""power_w"": 157.71, ""vram_used_mib"": 6274.0}]"
2026-08-16T14:45:02.719374+03:00,1786880702.719374,ctx_000512.txt,1,1,decode,53.62997658079625,"[14.622641509433961, 37.850467289719624, 83.64485981308411, 78.67298578199052]",15875.55078125,4320.38671875,11555.1640625,27.21409025917162,24575.99609375,380.05078125,1.546430833567116,"[{""index"": 0, ""name"": ""NVIDIA P104-100"", ""pci_bus"": ""00000000:01:00.0"", ""pcie"": ""Gen1 x1"", ""util_pct"": 18.0, ""power_w"": 53.61, ""vram_used_mib"": 6086.0}, {""index"": 1, ""name"": ""NVIDIA P104-100"", ""pci_bus"": ""00000000:02:00.0"", ""pcie"": ""Gen1 x1"", ""util_pct"": 7.0, ""power_w"": 79.27, ""vram_used_mib"": 4708.0}, {""index"": 2, ""name"": ""NVIDIA P104-100"", ""pci_bus"": ""00000000:0A:00.0"", ""pcie"": ""Gen1 x1"", ""util_pct"": 18.0, ""power_w"": 176.34, ""vram_used_mib"": 5924.0}, {""index"": 3, ""name"": ""NVIDIA P104-100"", ""pci_bus"": ""00000000:0C:00.0"", ""pcie"": ""Gen1 x1"", ""util_pct"": 16.0, ""power_w"": 51.65, ""vram_used_mib"": 5670.0}, {""index"": 4, ""name"": ""NVIDIA P104-100"", ""pci_bus"": ""00000000:0D:00.0"", ""pcie"": ""Gen1 x1"", ""util_pct"": 18.0, ""power_w"": 42.97, ""vram_used_mib"": 5738.0}, {""index"": 5, ""name"": ""NVIDIA P104-100"", ""pci_bus"": ""00000000:0E:00.0"", ""pcie"": ""Gen1 x1"", ""util_pct"": 25.0, ""power_w"": 51.16, ""vram_used_mib"": 6274.0}]"
2026-08-16T14:45:04.799104+03:00,1786880704.799104,ctx_001024.txt,1,1,outside,,"[null, null, null, null]",15875.55078125,4367.1796875,11508.37109375,27.50883889117036,24575.99609375,380.0078125,1.5462559932479847,"[{""index"": 0, ""name"": ""NVIDIA P104-100"", ""pci_bus"": ""00000000:01:00.0"", ""pcie"": ""Gen1 x1"", ""util_pct"": 11.0, ""power_w"": 49.94, ""vram_used_mib"": 6086.0}, {""index"": 1, ""name"": ""NVIDIA P104-100"", ""pci_bus"": ""00000000:02:00.0"", ""pcie"": ""Gen1 x1"", ""util_pct"": 0.0, ""power_w"": 52.34, ""vram_used_mib"": 4708.0}, {""index"": 2, ""name"": ""NVIDIA P104-100"", ""pci_bus"": ""00000000:0A:00.0"", ""pcie"": ""Gen1 x1"", ""util_pct"": 10.0, ""power_w"": 49.92, ""vram_used_mib"": 5924.0}, {""index"": 3, ""name"": ""NVIDIA P104-100"", ""pci_bus"": ""00000000:0C:00.0"", ""pcie"": ""Gen1 x1"", ""util_pct"": 9.0, ""power_w"": 51.52, ""vram_used_mib"": 5670.0}, {""index"": 4, ""name"": ""NVIDIA P104-100"", ""pci_bus"": ""00000000:0D:00.0"", ""pcie"": ""Gen1 x1"", ""util_pct"": 10.0, ""power_w"": 42.62, ""vram_used_mib"": 5738.0}, {""index"": 5, ""name"": ""NVIDIA P104-100"", ""pci_bus"": ""00000000:0E:00.0"", ""pcie"": ""Gen1 x1"", ""util_pct"": 14.0, ""power_w"": 50.91, ""vram_used_mib"": 6274.0}]"
2026-08-16T14:45:06.943956+03:00,1786880706.943956,ctx_001024.txt,1,1,prefill,37.5,"[99.06976744186046, 21.75925925925926, 15.42056074766355, 13.615023474178404]",15875.55078125,4743.9453125,11131.60546875,29.88208332338863,24575.99609375,379.98046875,1.5461447312267194,"[{""index"": 0, ""name"": ""NVIDIA P104-100"", ""pci_bus"": ""00000000:01:00.0"", ""pcie"": ""Gen1 x1"", ""util_pct"": 12.0, ""power_w"": 51.77, ""vram_used_mib"": 6086.0}, {""index"": 1, ""name"": ""NVIDIA P104-100"", ""pci_bus"": ""00000000:02:00.0"", ""pcie"": ""Gen1 x1"", ""util_pct"": 32.0, ""power_w"": 52.82, ""vram_used_mib"": 4708.0}, {""index"": 2, ""name"": ""NVIDIA P104-100"", ""pci_bus"": ""00000000:0A:00.0"", ""pcie"": ""Gen1 x1"", ""util_pct"": 0.0, ""power_w"": 51.26, ""vram_used_mib"": 5924.0}, {""index"": 3, ""name"": ""NVIDIA P104-100"", ""pci_bus"": ""00000000:0C:00.0"", ""pcie"": ""Gen1 x1"", ""util_pct"": 0.0, ""power_w"": 57.35, ""vram_used_mib"": 5670.0}, {""index"": 4, ""name"": ""NVIDIA P104-100"", ""pci_bus"": ""00000000:0D:00.0"", ""pcie"": ""Gen1 x1"", ""util_pct"": 14.0, ""power_w"": 188.5, ""vram_used_mib"": 5738.0}, {""index"": 5, ""name"": ""NVIDIA P104-100"", ""pci_bus"": ""00000000:0E:00.0"", ""pcie"": ""Gen1 x1"", ""util_pct"": 22.0, ""power_w"": 50.73, ""vram_used_mib"": 6274.0}]"
2026-08-16T14:45:09.064998+03:00,1786880709.064998,ctx_001024.txt,1,1,prefill,37.11583924349882,"[100.0, 13.270142180094787, 22.169811320754718, 13.679245283018869]",15875.55078125,4782.265625,11093.28515625,30.123462744033734,24575.99609375,379.98046875,1.5461447312267194,"[{""index"": 0, ""name"": ""NVIDIA P104-100"", ""pci_bus"": ""00000000:01:00.0"", ""pcie"": ""Gen1 x1"", ""util_pct"": 0.0, ""power_w"": 52.66, ""vram_used_mib"": 6086.0}, {""index"": 1, ""name"": ""NVIDIA P104-100"", ""pci_bus"": ""00000000:02:00.0"", ""pcie"": ""Gen1 x1"", ""util_pct"": 0.0, ""power_w"": 75.74, ""vram_used_mib"": 4708.0}, {""index"": 2, ""name"": ""NVIDIA P104-100"", ""pci_bus"": ""00000000:0A:00.0"", ""pcie"": ""Gen1 x1"", ""util_pct"": 0.0, ""power_w"": 147.68, ""vram_used_mib"": 5924.0}, {""index"": 3, ""name"": ""NVIDIA P104-100"", ""pci_bus"": ""00000000:0C:00.0"", ""pcie"": ""Gen1 x1"", ""util_pct"": 26.0, ""power_w"": 53.87, ""vram_used_mib"": 5670.0}, {""index"": 4, ""name"": ""NVIDIA P104-100"", ""pci_bus"": ""00000000:0D:00.0"", ""pcie"": ""Gen1 x1"", ""util_pct"": 32.0, ""power_w"": 53.53, ""vram_used_mib"": 5738.0}, {""index"": 5, ""name"": ""NVIDIA P104-100"", ""pci_bus"": ""00000000:0E:00.0"", ""pcie"": ""Gen1 x1"", ""util_pct"": 22.0, ""power_w"": 50.91, ""vram_used_mib"": 6274.0}]"
2026-08-16T14:45:11.182906+03:00,1786880711.182906,ctx_001024.txt,1,1,prefill,36.52482269503546,"[100.0, 19.248826291079812, 10.377358490566039, 16.19047619047619]",15875.55078125,4711.20703125,11164.34375,29.67586508440529,24575.99609375,379.9765625,1.546128836652253,"[{""index"": 0, ""name"": ""NVIDIA P104-100"", ""pci_bus"": ""00000000:01:00.0"", ""pcie"": ""Gen1 x1"", ""util_pct"": 20.0, ""power_w"": 51.67, ""vram_used_mib"": 6086.0}, {""index"": 1, ""name"": ""NVIDIA P104-100"", ""pci_bus"": ""00000000:02:00.0"", ""pcie"": ""Gen1 x1"", ""util_pct"": 0.0, ""power_w"": 52.58, ""vram_used_mib"": 4708.0}, {""index"": 2, ""name"": ""NVIDIA P104-100"", ""pci_bus"": ""00000000:0A:00.0"", ""pcie"": ""Gen1 x1"", ""util_pct"": 34.0, ""power_w"": 51.14, ""vram_used_mib"": 5924.0}, {""index"": 3, ""name"": ""NVIDIA P104-100"", ""pci_bus"": ""00000000:0C:00.0"", ""pcie"": ""Gen1 x1"", ""util_pct"": 32.0, ""power_w"": 53.88, ""vram_used_mib"": 5670.0}, {""index"": 4, ""name"": ""NVIDIA P104-100"", ""pci_bus"": ""00000000:0D:00.0"", ""pcie"": ""Gen1 x1"", ""util_pct"": 8.0, ""power_w"": 55.29, ""vram_used_mib"": 5738.0}, {""index"": 5, ""name"": ""NVIDIA P104-100"", ""pci_bus"": ""00000000:0E:00.0"", ""pcie"": ""Gen1 x1"", ""util_pct"": 0.0, ""power_w"": 70.2, ""vram_used_mib"": 6274.0}]"
2026-08-16T14:45:13.319875+03:00,1786880713.319875,ctx_001024.txt,1,1,prefill,37.002341920374704,"[100.0, 12.264150943396226, 17.370892018779344, 17.84037558685446]",15875.55078125,4762.7890625,11112.76171875,30.000779992623286,24575.99609375,379.97265625,1.5461129420777864,"[{""index"": 0, ""name"": ""NVIDIA P104-100"", ""pci_bus"": ""00000000:01:00.0"", ""pcie"": ""Gen1 x1"", ""util_pct"": 35.0, ""power_w"": 51.61, ""vram_used_mib"": 6086.0}, {""index"": 1, ""name"": ""NVIDIA P104-100"", ""pci_bus"": ""00000000:02:00.0"", ""pcie"": ""Gen1 x1"", ""util_pct"": 32.0, ""power_w"": 53.15, ""vram_used_mib"": 4708.0}, {""index"": 2, ""name"": ""NVIDIA P104-100"", ""pci_bus"": ""00000000:0A:00.0"", ""pcie"": ""Gen1 x1"", ""util_pct"": 34.0, ""power_w"": 69.36, ""vram_used_mib"": 5924.0}, {""index"": 3, ""name"": ""NVIDIA P104-100"", ""pci_bus"": ""00000000:0C:00.0"", ""pcie"": ""Gen1 x1"", ""util_pct"": 0.0, ""power_w"": 161.07, ""vram_used_mib"": 5670.0}, {""index"": 4, ""name"": ""NVIDIA P104-100"", ""pci_bus"": ""00000000:0D:00.0"", ""pcie"": ""Gen1 x1"", ""util_pct"": 0.0, ""power_w"": 52.61, ""vram_used_mib"": 5738.0}, {""index"": 5, ""name"": ""NVIDIA P104-100"", ""pci_bus"": ""00000000:0E:00.0"", ""pcie"": ""Gen1 x1"", ""util_pct"": 0.0, ""power_w"": 50.78, ""vram_used_mib"": 6274.0}]"
2026-08-16T14:45:15.451236+03:00,1786880715.451236,ctx_001024.txt,1,1,prefill,36.588235294117645,"[100.0, 15.09433962264151, 14.485981308411215, 16.50943396226415]",15875.55078125,4742.1015625,11133.44921875,29.870469553098676,24575.99609375,379.95703125,1.5460493637799206,"[{""index"": 0, ""name"": ""NVIDIA P104-100"", ""pci_bus"": ""00000000:01:00.0"", ""pcie"": ""Gen1 x1"", ""util_pct"": 0.0, ""power_w"": 51.77, ""vram_used_mib"": 6086.0}, {""index"": 1, ""name"": ""NVIDIA P104-100"", ""pci_bus"": ""00000000:02:00.0"", ""pcie"": ""Gen1 x1"", ""util_pct"": 0.0, ""power_w"": 52.62, ""vram_used_mib"": 4708.0}, {""index"": 2, ""name"": ""NVIDIA P104-100"", ""pci_bus"": ""00000000:0A:00.0"", ""pcie"": ""Gen1 x1"", ""util_pct"": 0.0, ""power_w"": 51.41, ""vram_used_mib"": 5924.0}, {""index"": 3, ""name"": ""NVIDIA P104-100"", ""pci_bus"": ""00000000:0C:00.0"", ""pcie"": ""Gen1 x1"", ""util_pct"": 0.0, ""power_w"": 54.81, ""vram_used_mib"": 5670.0}, {""index"": 4, ""name"": ""NVIDIA P104-100"", ""pci_bus"": ""00000000:0D:00.0"", ""pcie"": ""Gen1 x1"", ""util_pct"": 0.0, ""power_w"": 52.33, ""vram_used_mib"": 5738.0}, {""index"": 5, ""name"": ""NVIDIA P104-100"", ""pci_bus"": ""00000000:0E:00.0"", ""pcie"": ""Gen1 x1"", ""util_pct"": 89.0, ""power_w"": 98.38, ""vram_used_mib"": 6274.0}]"
2026-08-16T14:45:17.587971+03:00,1786880717.587971,ctx_001024.txt,1,1,decode,36.65105386416862,"[100.0, 10.74766355140187, 19.718309859154928, 16.822429906542055]",15875.55078125,4832.3359375,11043.21484375,30.438855344831786,24575.99609375,379.93359375,1.5459539963331217,"[{""index"": 0, ""name"": ""NVIDIA P104-100"", ""pci_bus"": ""00000000:01:00.0"", ""pcie"": ""Gen1 x1"", ""util_pct"": 0.0, ""power_w"": 51.42, ""vram_used_mib"": 6086.0}, {""index"": 1, ""name"": ""NVIDIA P104-100"", ""pci_bus"": ""00000000:02:00.0"", ""pcie"": ""Gen1 x1"", ""util_pct"": 0.0, ""power_w"": 52.58, ""vram_used_mib"": 4708.0}, {""index"": 2, ""name"": ""NVIDIA P104-100"", ""pci_bus"": ""00000000:0A:00.0"", ""pcie"": ""Gen1 x1"", ""util_pct"": 0.0, ""power_w"": 51.41, ""vram_used_mib"": 5924.0}, {""index"": 3, ""name"": ""NVIDIA P104-100"", ""pci_bus"": ""00000000:0C:00.0"", ""pcie"": ""Gen1 x1"", ""util_pct"": 53.0, ""power_w"": 54.61, ""vram_used_mib"": 5670.0}, {""index"": 4, ""name"": ""NVIDIA P104-100"", ""pci_bus"": ""00000000:0D:00.0"", ""pcie"": ""Gen1 x1"", ""util_pct"": 31.0, ""power_w"": 52.28, ""vram_used_mib"": 5738.0}, {""index"": 5, ""name"": ""NVIDIA P104-100"", ""pci_bus"": ""00000000:0E:00.0"", ""pcie"": ""Gen1 x1"", ""util_pct"": 0.0, ""power_w"": 50.81, ""vram_used_mib"": 6274.0}]"
2026-08-16T14:45:19.737840+03:00,1786880719.737840,ctx_001024.txt,1,1,decode,38.03967327887981,"[100.0, 14.883720930232558, 17.209302325581394, 20.560747663551403]",15875.55078125,4898.53515625,10977.015625,30.855843830221442,24575.99609375,379.92578125,1.5459222071841887,"[{""index"": 0, ""name"": ""NVIDIA P104-100"", ""pci_bus"": ""00000000:01:00.0"", ""pcie"": ""Gen1 x1"", ""util_pct"": 17.0, ""power_w"": 50.3, ""vram_used_mib"": 6086.0}, {""index"": 1, ""name"": ""NVIDIA P104-100"", ""pci_bus"": ""00000000:02:00.0"", ""pcie"": ""Gen1 x1"", ""util_pct"": 16.0, ""power_w"": 51.36, ""vram_used_mib"": 4708.0}, {""index"": 2, ""name"": ""NVIDIA P104-100"", ""pci_bus"": ""00000000:0A:00.0"", ""pcie"": ""Gen1 x1"", ""util_pct"": 18.0, ""power_w"": 50.28, ""vram_used_mib"": 5924.0}, {""index"": 3, ""name"": ""NVIDIA P104-100"", ""pci_bus"": ""00000000:0C:00.0"", ""pcie"": ""Gen1 x1"", ""util_pct"": 7.0, ""power_w"": 53.26, ""vram_used_mib"": 5670.0}, {""index"": 4, ""name"": ""NVIDIA P104-100"", ""pci_bus"": ""00000000:0D:00.0"", ""pcie"": ""Gen1 x1"", ""util_pct"": 12.0, ""power_w"": 53.65, ""vram_used_mib"": 5738.0}, {""index"": 5, ""name"": ""NVIDIA P104-100"", ""pci_bus"": ""00000000:0E:00.0"", ""pcie"": ""Gen1 x1"", ""util_pct"": 33.0, ""power_w"": 125.19, ""vram_used_mib"": 6274.0}]"
2026-08-16T14:45:21.874188+03:00,1786880721.874188,ctx_001024.txt,1,1,decode,38.262910798122064,"[100.0, 11.374407582938389, 23.474178403755868, 17.84037558685446]",15875.55078125,4805.015625,11070.53515625,30.26676485879796,24575.99609375,379.92578125,1.5459222071841887,"[{""index"": 0, ""name"": ""NVIDIA P104-100"", ""pci_bus"": ""00000000:01:00.0"", ""pcie"": ""Gen1 x1"", ""util_pct"": 7.0, ""power_w"": 42.58, ""vram_used_mib"": 6086.0}, {""index"": 1, ""name"": ""NVIDIA P104-100"", ""pci_bus"": ""00000000:02:00.0"", ""pcie"": ""Gen1 x1"", ""util_pct"": 18.0, ""power_w"": 44.68, ""vram_used_mib"": 4708.0}, {""index"": 2, ""name"": ""NVIDIA P104-100"", ""pci_bus"": ""00000000:0A:00.0"", ""pcie"": ""Gen1 x1"", ""util_pct"": 10.0, ""power_w"": 59.15, ""vram_used_mib"": 5924.0}, {""index"": 3, ""name"": ""NVIDIA P104-100"", ""pci_bus"": ""00000000:0C:00.0"", ""pcie"": ""Gen1 x1"", ""util_pct"": 0.0, ""power_w"": 170.99, ""vram_used_mib"": 5670.0}, {""index"": 4, ""name"": ""NVIDIA P104-100"", ""pci_bus"": ""00000000:0D:00.0"", ""pcie"": ""Gen1 x1"", ""util_pct"": 16.0, ""power_w"": 50.53, ""vram_used_mib"": 5738.0}, {""index"": 5, ""name"": ""NVIDIA P104-100"", ""pci_bus"": ""00000000:0E:00.0"", ""pcie"": ""Gen1 x1"", ""util_pct"": 43.0, ""power_w"": 51.13, ""vram_used_mib"": 6274.0}]"
2026-08-16T14:45:23.999285+03:00,1786880723.999285,ctx_001024.txt,1,1,decode,38.53427895981088,"[99.53051643192488, 15.09433962264151, 23.80952380952381, 14.691943127962086]",15875.55078125,4798.02734375,11077.5234375,30.222745716745557,24575.99609375,379.92578125,1.5459222071841887,"[{""index"": 0, ""name"": ""NVIDIA P104-100"", ""pci_bus"": ""00000000:01:00.0"", ""pcie"": ""Gen1 x1"", ""util_pct"": 20.0, ""power_w"": 42.27, ""vram_used_mib"": 6086.0}, {""index"": 1, ""name"": ""NVIDIA P104-100"", ""pci_bus"": ""00000000:02:00.0"", ""pcie"": ""Gen1 x1"", ""util_pct"": 4.0, ""power_w"": 42.94, ""vram_used_mib"": 4708.0}, {""index"": 2, ""name"": ""NVIDIA P104-100"", ""pci_bus"": ""00000000:0A:00.0"", ""pcie"": ""Gen1 x1"", ""util_pct"": 20.0, ""power_w"": 41.28, ""vram_used_mib"": 5924.0}, {""index"": 3, ""name"": ""NVIDIA P104-100"", ""pci_bus"": ""00000000:0C:00.0"", ""pcie"": ""Gen1 x1"", ""util_pct"": 18.0, ""power_w"": 45.09, ""vram_used_mib"": 5670.0}, {""index"": 4, ""name"": ""NVIDIA P104-100"", ""pci_bus"": ""00000000:0D:00.0"", ""pcie"": ""Gen1 x1"", ""util_pct"": 16.0, ""power_w"": 51.97, ""vram_used_mib"": 5738.0}, {""index"": 5, ""name"": ""NVIDIA P104-100"", ""pci_bus"": ""00000000:0E:00.0"", ""pcie"": ""Gen1 x1"", ""util_pct"": 27.0, ""power_w"": 154.94, ""vram_used_mib"": 6274.0}]"
2026-08-16T14:45:26.157619+03:00,1786880726.157619,ctx_001024.txt,1,1,decode,49.825378346915016,"[87.5, 14.351851851851851, 81.94444444444444, 14.691943127962086]",15875.55078125,4876.35546875,10999.1953125,30.716134110504534,24575.99609375,379.91796875,1.5458904180352557,"[{""index"": 0, ""name"": ""NVIDIA P104-100"", ""pci_bus"": ""00000000:01:00.0"", ""pcie"": ""Gen1 x1"", ""util_pct"": 0.0, ""power_w"": 117.75, ""vram_used_mib"": 6086.0}, {""index"": 1, ""name"": ""NVIDIA P104-100"", ""pci_bus"": ""00000000:02:00.0"", ""pcie"": ""Gen1 x1"", ""util_pct"": 18.0, ""power_w"": 43.09, ""vram_used_mib"": 4708.0}, {""index"": 2, ""name"": ""NVIDIA P104-100"", ""pci_bus"": ""00000000:0A:00.0"", ""pcie"": ""Gen1 x1"", ""util_pct"": 20.0, ""power_w"": 41.22, ""vram_used_mib"": 5924.0}, {""index"": 3, ""name"": ""NVIDIA P104-100"", ""pci_bus"": ""00000000:0C:00.0"", ""pcie"": ""Gen1 x1"", ""util_pct"": 15.0, ""power_w"": 44.99, ""vram_used_mib"": 5670.0}, {""index"": 4, ""name"": ""NVIDIA P104-100"", ""pci_bus"": ""00000000:0D:00.0"", ""pcie"": ""Gen1 x1"", ""util_pct"": 16.0, ""power_w"": 50.91, ""vram_used_mib"": 5738.0}, {""index"": 5, ""name"": ""NVIDIA P104-100"", ""pci_bus"": ""00000000:0E:00.0"", ""pcie"": ""Gen1 x1"", ""util_pct"": 18.0, ""power_w"": 57.37, ""vram_used_mib"": 6274.0}]"
2026-08-16T14:45:28.280500+03:00,1786880728.280500,ctx_001024.txt,1,1,decode,38.888888888888886,"[17.92452830188679, 16.50943396226415, 99.53051643192488, 22.169811320754718]",15875.55078125,4883.87890625,10991.671875,30.76352419859449,24575.99609375,379.91796875,1.5458904180352557,"[{""index"": 0, ""name"": ""NVIDIA P104-100"", ""pci_bus"": ""00000000:01:00.0"", ""pcie"": ""Gen1 x1"", ""util_pct"": 20.0, ""power_w"": 43.33, ""vram_used_mib"": 6086.0}, {""index"": 1, ""name"": ""NVIDIA P104-100"", ""pci_bus"": ""00000000:02:00.0"", ""pcie"": ""Gen1 x1"", ""util_pct"": 0.0, ""power_w"": 51.86, ""vram_used_mib"": 4708.0}, {""index"": 2, ""name"": ""NVIDIA P104-100"", ""pci_bus"": ""00000000:0A:00.0"", ""pcie"": ""Gen1 x1"", ""util_pct"": 20.0, ""power_w"": 120.85, ""vram_used_mib"": 5924.0}, {""index"": 3, ""name"": ""NVIDIA P104-100"", ""pci_bus"": ""00000000:0C:00.0"", ""pcie"": ""Gen1 x1"", ""util_pct"": 18.0, ""power_w"": 44.99, ""vram_used_mib"": 5670.0}, {""index"": 4, ""name"": ""NVIDIA P104-100"", ""pci_bus"": ""00000000:0D:00.0"", ""pcie"": ""Gen1 x1"", ""util_pct"": 16.0, ""power_w"": 50.91, ""vram_used_mib"": 5738.0}, {""index"": 5, ""name"": ""NVIDIA P104-100"", ""pci_bus"": ""00000000:0E:00.0"", ""pcie"": ""Gen1 x1"", ""util_pct"": 43.0, ""power_w"": 51.16, ""vram_used_mib"": 6274.0}]"
2026-08-16T14:45:30.052791+03:00,1786880730.052791,ctx_002048.txt,1,1,outside,,"[null, null, null, null]",15875.55078125,4873.890625,11001.66015625,30.70060807437537,24575.99609375,379.7890625,1.5453658970778619,"[{""index"": 0, ""name"": ""NVIDIA P104-100"", ""pci_bus"": ""00000000:01:00.0"", ""pcie"": ""Gen1 x1"", ""util_pct"": 13.0, ""power_w"": 42.37, ""vram_used_mib"": 6086.0}, {""index"": 1, ""name"": ""NVIDIA P104-100"", ""pci_bus"": ""00000000:02:00.0"", ""pcie"": ""Gen1 x1"", ""util_pct"": 12.0, ""power_w"": 42.84, ""vram_used_mib"": 4708.0}, {""index"": 2, ""name"": ""NVIDIA P104-100"", ""pci_bus"": ""00000000:0A:00.0"", ""pcie"": ""Gen1 x1"", ""util_pct"": 12.0, ""power_w"": 41.38, ""vram_used_mib"": 5924.0}, {""index"": 3, ""name"": ""NVIDIA P104-100"", ""pci_bus"": ""00000000:0C:00.0"", ""pcie"": ""Gen1 x1"", ""util_pct"": 11.0, ""power_w"": 44.99, ""vram_used_mib"": 5670.0}, {""index"": 4, ""name"": ""NVIDIA P104-100"", ""pci_bus"": ""00000000:0D:00.0"", ""pcie"": ""Gen1 x1"", ""util_pct"": 11.0, ""power_w"": 50.66, ""vram_used_mib"": 5738.0}, {""index"": 5, ""name"": ""NVIDIA P104-100"", ""pci_bus"": ""00000000:0E:00.0"", ""pcie"": ""Gen1 x1"", ""util_pct"": 18.0, ""power_w"": 50.91, ""vram_used_mib"": 6274.0}]"
2026-08-16T14:45:32.174029+03:00,1786880732.174029,ctx_002048.txt,1,1,prefill,37.07201889020071,"[17.452830188679247, 14.691943127962086, 17.452830188679247, 98.58490566037736]",15875.55078125,5262.43359375,10613.1171875,33.14803792486531,24575.99609375,379.7734375,1.5453023187799961,"[{""index"": 0, ""name"": ""NVIDIA P104-100"", ""pci_bus"": ""00000000:01:00.0"", ""pcie"": ""Gen1 x1"", ""util_pct"": 0.0, ""power_w"": 83.2, ""vram_used_mib"": 6086.0}, {""index"": 1, ""name"": ""NVIDIA P104-100"", ""pci_bus"": ""00000000:02:00.0"", ""pcie"": ""Gen1 x1"", ""util_pct"": 32.0, ""power_w"": 52.49, ""vram_used_mib"": 4708.0}, {""index"": 2, ""name"": ""NVIDIA P104-100"", ""pci_bus"": ""00000000:0A:00.0"", ""pcie"": ""Gen1 x1"", ""util_pct"": 34.0, ""power_w"": 51.47, ""vram_used_mib"": 5924.0}, {""index"": 3, ""name"": ""NVIDIA P104-100"", ""pci_bus"": ""00000000:0C:00.0"", ""pcie"": ""Gen1 x1"", ""util_pct"": 15.0, ""power_w"": 49.09, ""vram_used_mib"": 5670.0}, {""index"": 4, ""name"": ""NVIDIA P104-100"", ""pci_bus"": ""00000000:0D:00.0"", ""pcie"": ""Gen1 x1"", ""util_pct"": 0.0, ""power_w"": 55.56, ""vram_used_mib"": 5738.0}, {""index"": 5, ""name"": ""NVIDIA P104-100"", ""pci_bus"": ""00000000:0E:00.0"", ""pcie"": ""Gen1 x1"", ""util_pct"": 0.0, ""power_w"": 71.83, ""vram_used_mib"": 6274.0}]"
2026-08-16T14:45:34.289582+03:00,1786880734.289582,ctx_002048.txt,1,1,prefill,36.611374407582936,"[6.190476190476191, 22.274881516587676, 17.142857142857142, 100.0]",15875.55078125,5307.37890625,10568.171875,33.431148181128556,24575.99609375,379.7734375,1.5453023187799961,"[{""index"": 0, ""name"": ""NVIDIA P104-100"", ""pci_bus"": ""00000000:01:00.0"", ""pcie"": ""Gen1 x1"", ""util_pct"": 21.0, ""power_w"": 51.94, ""vram_used_mib"": 6086.0}, {""index"": 1, ""name"": ""NVIDIA P104-100"", ""pci_bus"": ""00000000:02:00.0"", ""pcie"": ""Gen1 x1"", ""util_pct"": 32.0, ""power_w"": 53.3, ""vram_used_mib"": 4708.0}, {""index"": 2, ""name"": ""NVIDIA P104-100"", ""pci_bus"": ""00000000:0A:00.0"", ""pcie"": ""Gen1 x1"", ""util_pct"": 0.0, ""power_w"": 82.09, ""vram_used_mib"": 5924.0}, {""index"": 3, ""name"": ""NVIDIA P104-100"", ""pci_bus"": ""00000000:0C:00.0"", ""pcie"": ""Gen1 x1"", ""util_pct"": 0.0, ""power_w"": 143.79, ""vram_used_mib"": 5670.0}, {""index"": 4, ""name"": ""NVIDIA P104-100"", ""pci_bus"": ""00000000:0D:00.0"", ""pcie"": ""Gen1 x1"", ""util_pct"": 31.0, ""power_w"": 53.71, ""vram_used_mib"": 5738.0}, {""index"": 5, ""name"": ""NVIDIA P104-100"", ""pci_bus"": ""00000000:0E:00.0"", ""pcie"": ""Gen1 x1"", ""util_pct"": 22.0, ""power_w"": 50.78, ""vram_used_mib"": 6274.0}]"
2026-08-16T14:45:36.413414+03:00,1786880736.413414,ctx_002048.txt,1,1,prefill,36.74911660777385,"[11.737089201877934, 13.270142180094787, 22.169811320754718, 100.0]",15875.55078125,5273.296875,10602.25390625,33.216465668883046,24575.99609375,379.7734375,1.5453023187799961,"[{""index"": 0, ""name"": ""NVIDIA P104-100"", ""pci_bus"": ""00000000:01:00.0"", ""pcie"": ""Gen1 x1"", ""util_pct"": 0.0, ""power_w"": 170.36, ""vram_used_mib"": 6086.0}, {""index"": 1, ""name"": ""NVIDIA P104-100"", ""pci_bus"": ""00000000:02:00.0"", ""pcie"": ""Gen1 x1"", ""util_pct"": 0.0, ""power_w"": 52.9, ""vram_used_mib"": 4708.0}, {""index"": 2, ""name"": ""NVIDIA P104-100"", ""pci_bus"": ""00000000:0A:00.0"", ""pcie"": ""Gen1 x1"", ""util_pct"": 16.0, ""power_w"": 51.98, ""vram_used_mib"": 5924.0}, {""index"": 3, ""name"": ""NVIDIA P104-100"", ""pci_bus"": ""00000000:0C:00.0"", ""pcie"": ""Gen1 x1"", ""util_pct"": 32.0, ""power_w"": 55.2, ""vram_used_mib"": 5670.0}, {""index"": 4, ""name"": ""NVIDIA P104-100"", ""pci_bus"": ""00000000:0D:00.0"", ""pcie"": ""Gen1 x1"", ""util_pct"": 32.0, ""power_w"": 52.99, ""vram_used_mib"": 5738.0}, {""index"": 5, ""name"": ""NVIDIA P104-100"", ""pci_bus"": ""00000000:0E:00.0"", ""pcie"": ""Gen1 x1"", ""util_pct"": 23.0, ""power_w"": 47.88, ""vram_used_mib"": 6274.0}]"
2026-08-16T14:45:38.549603+03:00,1786880738.549603,ctx_002048.txt,1,1,prefill,37.20657276995305,"[17.452830188679247, 20.187793427230048, 11.162790697674419, 100.0]",15875.55078125,5186.05859375,10689.4921875,32.666952253871116,24575.99609375,379.7734375,1.5453023187799961,"[{""index"": 0, ""name"": ""NVIDIA P104-100"", ""pci_bus"": ""00000000:01:00.0"", ""pcie"": ""Gen1 x1"", ""util_pct"": 35.0, ""power_w"": 51.64, ""vram_used_mib"": 6086.0}, {""index"": 1, ""name"": ""NVIDIA P104-100"", ""pci_bus"": ""00000000:02:00.0"", ""pcie"": ""Gen1 x1"", ""util_pct"": 1.0, ""power_w"": 53.13, ""vram_used_mib"": 4708.0}, {""index"": 2, ""name"": ""NVIDIA P104-100"", ""pci_bus"": ""00000000:0A:00.0"", ""pcie"": ""Gen1 x1"", ""util_pct"": 0.0, ""power_w"": 58.26, ""vram_used_mib"": 5924.0}, {""index"": 3, ""name"": ""NVIDIA P104-100"", ""pci_bus"": ""00000000:0C:00.0"", ""pcie"": ""Gen1 x1"", ""util_pct"": 19.0, ""power_w"": 174.02, ""vram_used_mib"": 5670.0}, {""index"": 4, ""name"": ""NVIDIA P104-100"", ""pci_bus"": ""00000000:0D:00.0"", ""pcie"": ""Gen1 x1"", ""util_pct"": 0.0, ""power_w"": 53.61, ""vram_used_mib"": 5738.0}, {""index"": 5, ""name"": ""NVIDIA P104-100"", ""pci_bus"": ""00000000:0E:00.0"", ""pcie"": ""Gen1 x1"", ""util_pct"": 47.0, ""power_w"": 50.88, ""vram_used_mib"": 6274.0}]"
2026-08-16T14:45:40.692283+03:00,1786880740.692283,ctx_002048.txt,1,1,prefill,37.07602339181287,"[19.248826291079812, 12.55813953488372, 16.901408450704224, 100.0]",15875.55078125,5269.59765625,10605.953125,33.19316431196654,24575.99609375,379.7734375,1.5453023187799961,"[{""index"": 0, ""name"": ""NVIDIA P104-100"", ""pci_bus"": ""00000000:01:00.0"", ""pcie"": ""Gen1 x1"", ""util_pct"": 28.0, ""power_w"": 149.57, ""vram_used_mib"": 6086.0}, {""index"": 1, ""name"": ""NVIDIA P104-100"", ""pci_bus"": ""00000000:02:00.0"", ""pcie"": ""Gen1 x1"", ""util_pct"": 2.0, ""power_w"": 52.92, ""vram_used_mib"": 4708.0}, {""index"": 2, ""name"": ""NVIDIA P104-100"", ""pci_bus"": ""00000000:0A:00.0"", ""pcie"": ""Gen1 x1"", ""util_pct"": 48.0, ""power_w"": 51.62, ""vram_used_mib"": 5924.0}, {""index"": 3, ""name"": ""NVIDIA P104-100"", ""pci_bus"": ""00000000:0C:00.0"", ""pcie"": ""Gen1 x1"", ""util_pct"": 64.0, ""power_w"": 55.19, ""vram_used_mib"": 5670.0}, {""index"": 4, ""name"": ""NVIDIA P104-100"", ""pci_bus"": ""00000000:0D:00.0"", ""pcie"": ""Gen1 x1"", ""util_pct"": 37.0, ""power_w"": 52.96, ""vram_used_mib"": 5738.0}, {""index"": 5, ""name"": ""NVIDIA P104-100"", ""pci_bus"": ""00000000:0E:00.0"", ""pcie"": ""Gen1 x1"", ""util_pct"": 22.0, ""power_w"": 51.51, ""vram_used_mib"": 6274.0}]"
2026-08-16T14:45:42.823199+03:00,1786880742.823199,ctx_002048.txt,1,1,prefill,37.132784958871916,"[10.42654028436019, 17.84037558685446, 18.867924528301888, 100.0]",15875.55078125,5294.1875,10581.36328125,33.348055591575196,24575.99609375,379.7734375,1.5453023187799961,"[{""index"": 0, ""name"": ""NVIDIA P104-100"", ""pci_bus"": ""00000000:01:00.0"", ""pcie"": ""Gen1 x1"", ""util_pct"": 69.0, ""power_w"": 51.76, ""vram_used_mib"": 6086.0}, {""index"": 1, ""name"": ""NVIDIA P104-100"", ""pci_bus"": ""00000000:02:00.0"", ""pcie"": ""Gen1 x1"", ""util_pct"": 64.0, ""power_w"": 53.15, ""vram_used_mib"": 4708.0}, {""index"": 2, ""name"": ""NVIDIA P104-100"", ""pci_bus"": ""00000000:0A:00.0"", ""pcie"": ""Gen1 x1"", ""util_pct"": 53.0, ""power_w"": 53.09, ""vram_used_mib"": 5924.0}, {""index"": 3, ""name"": ""NVIDIA P104-100"", ""pci_bus"": ""00000000:0C:00.0"", ""pcie"": ""Gen1 x1"", ""util_pct"": 22.0, ""power_w"": 121.89, ""vram_used_mib"": 5670.0}, {""index"": 4, ""name"": ""NVIDIA P104-100"", ""pci_bus"": ""00000000:0D:00.0"", ""pcie"": ""Gen1 x1"", ""util_pct"": 0.0, ""power_w"": 128.87, ""vram_used_mib"": 5738.0}, {""index"": 5, ""name"": ""NVIDIA P104-100"", ""pci_bus"": ""00000000:0E:00.0"", ""pcie"": ""Gen1 x1"", ""util_pct"": 0.0, ""power_w"": 134.05, ""vram_used_mib"": 6274.0}]"
2026-08-16T14:45:44.949976+03:00,1786880744.949976,ctx_002048.txt,1,1,prefill,36.160188457008246,"[15.023474178403756, 20.85308056872038, 11.737089201877934, 97.1563981042654]",15875.55078125,5163.6171875,10711.93359375,32.52559396930372,24575.99609375,379.7734375,1.5453023187799961,"[{""index"": 0, ""name"": ""NVIDIA P104-100"", ""pci_bus"": ""00000000:01:00.0"", ""pcie"": ""Gen1 x1"", ""util_pct"": 0.0, ""power_w"": 171.29, ""vram_used_mib"": 6086.0}, {""index"": 1, ""name"": ""NVIDIA P104-100"", ""pci_bus"": ""00000000:02:00.0"", ""pcie"": ""Gen1 x1"", ""util_pct"": 1.0, ""power_w"": 52.8, ""vram_used_mib"": 4708.0}, {""index"": 2, ""name"": ""NVIDIA P104-100"", ""pci_bus"": ""00000000:0A:00.0"", ""pcie"": ""Gen1 x1"", ""util_pct"": 3.0, ""power_w"": 51.62, ""vram_used_mib"": 5924.0}, {""index"": 3, ""name"": ""NVIDIA P104-100"", ""pci_bus"": ""00000000:0C:00.0"", ""pcie"": ""Gen1 x1"", ""util_pct"": 32.0, ""power_w"": 54.22, ""vram_used_mib"": 5670.0}, {""index"": 4, ""name"": ""NVIDIA P104-100"", ""pci_bus"": ""00000000:0D:00.0"", ""pcie"": ""Gen1 x1"", ""util_pct"": 32.0, ""power_w"": 52.99, ""vram_used_mib"": 5738.0}, {""index"": 5, ""name"": ""NVIDIA P104-100"", ""pci_bus"": ""00000000:0E:00.0"", ""pcie"": ""Gen1 x1"", ""util_pct"": 23.0, ""power_w"": 52.25, ""vram_used_mib"": 6274.0}]"
2026-08-16T14:45:47.069811+03:00,1786880747.069811,ctx_002048.txt,1,1,prefill,35.62130177514793,"[16.587677725118482, 11.483253588516746, 18.48341232227488, 94.85981308411215]",15875.55078125,5255.21875,10620.33203125,33.10259166697218,24575.99609375,379.76953125,1.5452864242055295,"[{""index"": 0, ""name"": ""NVIDIA P104-100"", ""pci_bus"": ""00000000:01:00.0"", ""pcie"": ""Gen1 x1"", ""util_pct"": 29.0, ""power_w"": 74.47, ""vram_used_mib"": 6086.0}, {""index"": 1, ""name"": ""NVIDIA P104-100"", ""pci_bus"": ""00000000:02:00.0"", ""pcie"": ""Gen1 x1"", ""util_pct"": 3.0, ""power_w"": 145.37, ""vram_used_mib"": 4708.0}, {""index"": 2, ""name"": ""NVIDIA P104-100"", ""pci_bus"": ""00000000:0A:00.0"", ""pcie"": ""Gen1 x1"", ""util_pct"": 35.0, ""power_w"": 51.7, ""vram_used_mib"": 5924.0}, {""index"": 3, ""name"": ""NVIDIA P104-100"", ""pci_bus"": ""00000000:0C:00.0"", ""pcie"": ""Gen1 x1"", ""util_pct"": 33.0, ""power_w"": 54.2, ""vram_used_mib"": 5670.0}, {""index"": 4, ""name"": ""NVIDIA P104-100"", ""pci_bus"": ""00000000:0D:00.0"", ""pcie"": ""Gen1 x1"", ""util_pct"": 30.0, ""power_w"": 52.86, ""vram_used_mib"": 5738.0}, {""index"": 5, ""name"": ""NVIDIA P104-100"", ""pci_bus"": ""00000000:0E:00.0"", ""pcie"": ""Gen1 x1"", ""util_pct"": 0.0, ""power_w"": 51.15, ""vram_used_mib"": 6274.0}]"
2026-08-16T14:45:49.188556+03:00,1786880749.188556,ctx_002048.txt,1,1,prefill,46.572104018912526,"[64.95327102803738, 12.264150943396226, 9.47867298578199, 100.0]",15875.55078125,5161.98828125,10713.5625,32.51533349851789,24575.99609375,379.76953125,1.5452864242055295,"[{""index"": 0, ""name"": ""NVIDIA P104-100"", ""pci_bus"": ""00000000:01:00.0"", ""pcie"": ""Gen1 x1"", ""util_pct"": 0.0, ""power_w"": 172.96, ""vram_used_mib"": 6086.0}, {""index"": 1, ""name"": ""NVIDIA P104-100"", ""pci_bus"": ""00000000:02:00.0"", ""pcie"": ""Gen1 x1"", ""util_pct"": 0.0, ""power_w"": 52.92, ""vram_used_mib"": 4708.0}, {""index"": 2, ""name"": ""NVIDIA P104-100"", ""pci_bus"": ""00000000:0A:00.0"", ""pcie"": ""Gen1 x1"", ""util_pct"": 31.0, ""power_w"": 51.99, ""vram_used_mib"": 5924.0}, {""index"": 3, ""name"": ""NVIDIA P104-100"", ""pci_bus"": ""00000000:0C:00.0"", ""pcie"": ""Gen1 x1"", ""util_pct"": 33.0, ""power_w"": 54.13, ""vram_used_mib"": 5670.0}, {""index"": 4, ""name"": ""NVIDIA P104-100"", ""pci_bus"": ""00000000:0D:00.0"", ""pcie"": ""Gen1 x1"", ""util_pct"": 22.0, ""power_w"": 53.89, ""vram_used_mib"": 5738.0}, {""index"": 5, ""name"": ""NVIDIA P104-100"", ""pci_bus"": ""00000000:0E:00.0"", ""pcie"": ""Gen1 x1"", ""util_pct"": 14.0, ""power_w"": 51.76, ""vram_used_mib"": 6274.0}]"
2026-08-16T14:45:51.472272+03:00,1786880751.472272,ctx_002048.txt,1,1,prefill,38.26754385964912,"[18.061674008810574, 15.929203539823009, 17.982456140350877, 100.0]",15875.55078125,5110.58984375,10764.9609375,32.191575046239784,24575.99609375,379.76953125,1.5452864242055295,"[{""index"": 0, ""name"": ""NVIDIA P104-100"", ""pci_bus"": ""00000000:01:00.0"", ""pcie"": ""Gen1 x1"", ""util_pct"": 36.0, ""power_w"": 51.71, ""vram_used_mib"": 6086.0}, {""index"": 1, ""name"": ""NVIDIA P104-100"", ""pci_bus"": ""00000000:02:00.0"", ""pcie"": ""Gen1 x1"", ""util_pct"": 33.0, ""power_w"": 53.4, ""vram_used_mib"": 4708.0}, {""index"": 2, ""name"": ""NVIDIA P104-100"", ""pci_bus"": ""00000000:0A:00.0"", ""pcie"": ""Gen1 x1"", ""util_pct"": 18.0, ""power_w"": 75.38, ""vram_used_mib"": 5924.0}, {""index"": 3, ""name"": ""NVIDIA P104-100"", ""pci_bus"": ""00000000:0C:00.0"", ""pcie"": ""Gen1 x1"", ""util_pct"": 0.0, ""power_w"": 157.68, ""vram_used_mib"": 5670.0}, {""index"": 4, ""name"": ""NVIDIA P104-100"", ""pci_bus"": ""00000000:0D:00.0"", ""pcie"": ""Gen1 x1"", ""util_pct"": 4.0, ""power_w"": 52.96, ""vram_used_mib"": 5738.0}, {""index"": 5, ""name"": ""NVIDIA P104-100"", ""pci_bus"": ""00000000:0E:00.0"", ""pcie"": ""Gen1 x1"", ""util_pct"": 1.0, ""power_w"": 51.13, ""vram_used_mib"": 6274.0}]"
2026-08-16T14:45:53.602602+03:00,1786880753.602602,ctx_002048.txt,1,1,prefill,36.27797408716137,"[14.553990610328638, 10.849056603773585, 19.81132075471698, 100.0]",15875.55078125,5185.49609375,10690.0546875,32.66340906971485,24575.99609375,379.75390625,1.5452228459076636,"[{""index"": 0, ""name"": ""NVIDIA P104-100"", ""pci_bus"": ""00000000:01:00.0"", ""pcie"": ""Gen1 x1"", ""util_pct"": 0.0, ""power_w"": 51.67, ""vram_used_mib"": 6086.0}, {""index"": 1, ""name"": ""NVIDIA P104-100"", ""pci_bus"": ""00000000:02:00.0"", ""pcie"": ""Gen1 x1"", ""util_pct"": 0.0, ""power_w"": 52.68, ""vram_used_mib"": 4708.0}, {""index"": 2, ""name"": ""NVIDIA P104-100"", ""pci_bus"": ""00000000:0A:00.0"", ""pcie"": ""Gen1 x1"", ""util_pct"": 0.0, ""power_w"": 51.41, ""vram_used_mib"": 5924.0}, {""index"": 3, ""name"": ""NVIDIA P104-100"", ""pci_bus"": ""00000000:0C:00.0"", ""pcie"": ""Gen1 x1"", ""util_pct"": 13.0, ""power_w"": 54.96, ""vram_used_mib"": 5670.0}, {""index"": 4, ""name"": ""NVIDIA P104-100"", ""pci_bus"": ""00000000:0D:00.0"", ""pcie"": ""Gen1 x1"", ""util_pct"": 68.0, ""power_w"": 53.36, ""vram_used_mib"": 5738.0}, {""index"": 5, ""name"": ""NVIDIA P104-100"", ""pci_bus"": ""00000000:0E:00.0"", ""pcie"": ""Gen1 x1"", ""util_pct"": 0.0, ""power_w"": 51.26, ""vram_used_mib"": 6274.0}]"
2026-08-16T14:45:55.749003+03:00,1786880755.749003,ctx_002048.txt,1,1,decode,37.36903376018626,"[19.626168224299064, 11.682242990654206, 18.6046511627907, 100.0]",15875.55078125,5264.03515625,10611.515625,33.15812615753243,24575.99609375,379.74609375,1.5451910567587306,"[{""index"": 0, ""name"": ""NVIDIA P104-100"", ""pci_bus"": ""00000000:01:00.0"", ""pcie"": ""Gen1 x1"", ""util_pct"": 10.0, ""power_w"": 50.78, ""vram_used_mib"": 6086.0}, {""index"": 1, ""name"": ""NVIDIA P104-100"", ""pci_bus"": ""00000000:02:00.0"", ""pcie"": ""Gen1 x1"", ""util_pct"": 16.0, ""power_w"": 52.82, ""vram_used_mib"": 4708.0}, {""index"": 2, ""name"": ""NVIDIA P104-100"", ""pci_bus"": ""00000000:0A:00.0"", ""pcie"": ""Gen1 x1"", ""util_pct"": 0.0, ""power_w"": 51.67, ""vram_used_mib"": 5924.0}, {""index"": 3, ""name"": ""NVIDIA P104-100"", ""pci_bus"": ""00000000:0C:00.0"", ""pcie"": ""Gen1 x1"", ""util_pct"": 7.0, ""power_w"": 52.36, ""vram_used_mib"": 5670.0}, {""index"": 4, ""name"": ""NVIDIA P104-100"", ""pci_bus"": ""00000000:0D:00.0"", ""pcie"": ""Gen1 x1"", ""util_pct"": 17.0, ""power_w"": 54.63, ""vram_used_mib"": 5738.0}, {""index"": 5, ""name"": ""NVIDIA P104-100"", ""pci_bus"": ""00000000:0E:00.0"", ""pcie"": ""Gen1 x1"", ""util_pct"": 44.0, ""power_w"": 122.92, ""vram_used_mib"": 6274.0}]"
2026-08-16T14:45:57.905520+03:00,1786880757.905520,ctx_002048.txt,1,1,decode,37.97909407665505,"[20.093457943925234, 19.90740740740741, 11.627906976744185, 100.0]",15875.55078125,5337.84375,10537.70703125,33.62304605081369,24575.99609375,379.74609375,1.5451910567587306,"[{""index"": 0, ""name"": ""NVIDIA P104-100"", ""pci_bus"": ""00000000:01:00.0"", ""pcie"": ""Gen1 x1"", ""util_pct"": 0.0, ""power_w"": 50.93, ""vram_used_mib"": 6086.0}, {""index"": 1, ""name"": ""NVIDIA P104-100"", ""pci_bus"": ""00000000:02:00.0"", ""pcie"": ""Gen1 x1"", ""util_pct"": 9.0, ""power_w"": 52.9, ""vram_used_mib"": 4708.0}, {""index"": 2, ""name"": ""NVIDIA P104-100"", ""pci_bus"": ""00000000:0A:00.0"", ""pcie"": ""Gen1 x1"", ""util_pct"": 6.0, ""power_w"": 52.2, ""vram_used_mib"": 5924.0}, {""index"": 3, ""name"": ""NVIDIA P104-100"", ""pci_bus"": ""00000000:0C:00.0"", ""pcie"": ""Gen1 x1"", ""util_pct"": 16.0, ""power_w"": 63.99, ""vram_used_mib"": 5670.0}, {""index"": 4, ""name"": ""NVIDIA P104-100"", ""pci_bus"": ""00000000:0D:00.0"", ""pcie"": ""Gen1 x1"", ""util_pct"": 16.0, ""power_w"": 142.17, ""vram_used_mib"": 5738.0}, {""index"": 5, ""name"": ""NVIDIA P104-100"", ""pci_bus"": ""00000000:0E:00.0"", ""pcie"": ""Gen1 x1"", ""util_pct"": 44.0, ""power_w"": 109.76, ""vram_used_mib"": 6274.0}]"
2026-08-16T14:46:00.036385+03:00,1786880760.036385,ctx_002048.txt,1,1,decode,38.01652892561984,"[23.474178403755868, 11.374407582938389, 17.061611374407583, 100.0]",15875.55078125,5334.609375,10540.94140625,33.60267274191521,24575.99609375,379.7421875,1.5451751621842642,"[{""index"": 0, ""name"": ""NVIDIA P104-100"", ""pci_bus"": ""00000000:01:00.0"", ""pcie"": ""Gen1 x1"", ""util_pct"": 12.0, ""power_w"": 81.37, ""vram_used_mib"": 6086.0}, {""index"": 1, ""name"": ""NVIDIA P104-100"", ""pci_bus"": ""00000000:02:00.0"", ""pcie"": ""Gen1 x1"", ""util_pct"": 0.0, ""power_w"": 172.4, ""vram_used_mib"": 4708.0}, {""index"": 2, ""name"": ""NVIDIA P104-100"", ""pci_bus"": ""00000000:0A:00.0"", ""pcie"": ""Gen1 x1"", ""util_pct"": 18.0, ""power_w"": 49.72, ""vram_used_mib"": 5924.0}, {""index"": 3, ""name"": ""NVIDIA P104-100"", ""pci_bus"": ""00000000:0C:00.0"", ""pcie"": ""Gen1 x1"", ""util_pct"": 16.0, ""power_w"": 51.74, ""vram_used_mib"": 5670.0}, {""index"": 4, ""name"": ""NVIDIA P104-100"", ""pci_bus"": ""00000000:0D:00.0"", ""pcie"": ""Gen1 x1"", ""util_pct"": 18.0, ""power_w"": 43.21, ""vram_used_mib"": 5738.0}, {""index"": 5, ""name"": ""NVIDIA P104-100"", ""pci_bus"": ""00000000:0E:00.0"", ""pcie"": ""Gen1 x1"", ""util_pct"": 44.0, ""power_w"": 52.45, ""vram_used_mib"": 6274.0}]"
2026-08-16T14:46:02.155985+03:00,1786880762.155985,ctx_002048.txt,1,1,decode,37.514792899408285,"[17.142857142857142, 17.452830188679247, 15.09433962264151, 100.0]",15875.55078125,5367.97265625,10507.578125,33.812827852183275,24575.99609375,379.73828125,1.5451592676097978,"[{""index"": 0, ""name"": ""NVIDIA P104-100"", ""pci_bus"": ""00000000:01:00.0"", ""pcie"": ""Gen1 x1"", ""util_pct"": 18.0, ""power_w"": 50.2, ""vram_used_mib"": 6086.0}, {""index"": 1, ""name"": ""NVIDIA P104-100"", ""pci_bus"": ""00000000:02:00.0"", ""pcie"": ""Gen1 x1"", ""util_pct"": 16.0, ""power_w"": 52.7, ""vram_used_mib"": 4708.0}, {""index"": 2, ""name"": ""NVIDIA P104-100"", ""pci_bus"": ""00000000:0A:00.0"", ""pcie"": ""Gen1 x1"", ""util_pct"": 18.0, ""power_w"": 49.43, ""vram_used_mib"": 5924.0}, {""index"": 3, ""name"": ""NVIDIA P104-100"", ""pci_bus"": ""00000000:0C:00.0"", ""pcie"": ""Gen1 x1"", ""util_pct"": 16.0, ""power_w"": 52.02, ""vram_used_mib"": 5670.0}, {""index"": 4, ""name"": ""NVIDIA P104-100"", ""pci_bus"": ""00000000:0D:00.0"", ""pcie"": ""Gen1 x1"", ""util_pct"": 13.0, ""power_w"": 44.49, ""vram_used_mib"": 5738.0}, {""index"": 5, ""name"": ""NVIDIA P104-100"", ""pci_bus"": ""00000000:0E:00.0"", ""pcie"": ""Gen1 x1"", ""util_pct"": 29.0, ""power_w"": 113.85, ""vram_used_mib"": 6274.0}]"
2026-08-16T14:46:04.302076+03:00,1786880764.302076,ctx_002048.txt,1,1,decode,38.344988344988344,"[19.069767441860463, 18.309859154929576, 15.88785046728972, 100.0]",15875.55078125,5332.203125,10543.34765625,33.58751578746899,24575.99609375,379.73828125,1.5451592676097978,"[{""index"": 0, ""name"": ""NVIDIA P104-100"", ""pci_bus"": ""00000000:01:00.0"", ""pcie"": ""Gen1 x1"", ""util_pct"": 11.0, ""power_w"": 50.3, ""vram_used_mib"": 6086.0}, {""index"": 1, ""name"": ""NVIDIA P104-100"", ""pci_bus"": ""00000000:02:00.0"", ""pcie"": ""Gen1 x1"", ""util_pct"": 16.0, ""power_w"": 52.7, ""vram_used_mib"": 4708.0}, {""index"": 2, ""name"": ""NVIDIA P104-100"", ""pci_bus"": ""00000000:0A:00.0"", ""pcie"": ""Gen1 x1"", ""util_pct"": 10.0, ""power_w"": 49.79, ""vram_used_mib"": 5924.0}, {""index"": 3, ""name"": ""NVIDIA P104-100"", ""pci_bus"": ""00000000:0C:00.0"", ""pcie"": ""Gen1 x1"", ""util_pct"": 9.0, ""power_w"": 52.38, ""vram_used_mib"": 5670.0}, {""index"": 4, ""name"": ""NVIDIA P104-100"", ""pci_bus"": ""00000000:0D:00.0"", ""pcie"": ""Gen1 x1"", ""util_pct"": 16.0, ""power_w"": 44.14, ""vram_used_mib"": 5738.0}, {""index"": 5, ""name"": ""NVIDIA P104-100"", ""pci_bus"": ""00000000:0E:00.0"", ""pcie"": ""Gen1 x1"", ""util_pct"": 29.0, ""power_w"": 58.26, ""vram_used_mib"": 6274.0}]"
2026-08-16T14:46:04.454004+03:00,1786880764.454004,ctx_004096.txt,1,1,outside,0.0,"[null, null, null, null]",15875.55078125,5273.3046875,10602.24609375,33.2165148797741,24575.99609375,379.67578125,1.544904954418334,"[{""index"": 0, ""name"": ""NVIDIA P104-100"", ""pci_bus"": ""00000000:01:00.0"", ""pcie"": ""Gen1 x1"", ""util_pct"": 11.0, ""power_w"": 50.18, ""vram_used_mib"": 6086.0}, {""index"": 1, ""name"": ""NVIDIA P104-100"", ""pci_bus"": ""00000000:02:00.0"", ""pcie"": ""Gen1 x1"", ""util_pct"": 9.0, ""power_w"": 52.44, ""vram_used_mib"": 4708.0}, {""index"": 2, ""name"": ""NVIDIA P104-100"", ""pci_bus"": ""00000000:0A:00.0"", ""pcie"": ""Gen1 x1"", ""util_pct"": 10.0, ""power_w"": 49.53, ""vram_used_mib"": 5924.0}, {""index"": 3, ""name"": ""NVIDIA P104-100"", ""pci_bus"": ""00000000:0C:00.0"", ""pcie"": ""Gen1 x1"", ""util_pct"": 9.0, ""power_w"": 51.77, ""vram_used_mib"": 5670.0}, {""index"": 4, ""name"": ""NVIDIA P104-100"", ""pci_bus"": ""00000000:0D:00.0"", ""pcie"": ""Gen1 x1"", ""util_pct"": 16.0, ""power_w"": 42.97, ""vram_used_mib"": 5738.0}, {""index"": 5, ""name"": ""NVIDIA P104-100"", ""pci_bus"": ""00000000:0E:00.0"", ""pcie"": ""Gen1 x1"", ""util_pct"": 14.0, ""power_w"": 50.91, ""vram_used_mib"": 6274.0}]"
2026-08-16T14:46:06.570787+03:00,1786880766.570787,ctx_004096.txt,1,1,prefill,36.37440758293839,"[14.691943127962086, 15.566037735849056, 15.165876777251185, 99.05660377358491]",15875.55078125,5903.91796875,9971.6328125,37.18874418973161,24575.99609375,379.6484375,1.5447936923970687,"[{""index"": 0, ""name"": ""NVIDIA P104-100"", ""pci_bus"": ""00000000:01:00.0"", ""pcie"": ""Gen1 x1"", ""util_pct"": 69.0, ""power_w"": 51.76, ""vram_used_mib"": 6086.0}, {""index"": 1, ""name"": ""NVIDIA P104-100"", ""pci_bus"": ""00000000:02:00.0"", ""pcie"": ""Gen1 x1"", ""util_pct"": 64.0, ""power_w"": 53.13, ""vram_used_mib"": 4708.0}, {""index"": 2, ""name"": ""NVIDIA P104-100"", ""pci_bus"": ""00000000:0A:00.0"", ""pcie"": ""Gen1 x1"", ""util_pct"": 37.0, ""power_w"": 52.74, ""vram_used_mib"": 5924.0}, {""index"": 3, ""name"": ""NVIDIA P104-100"", ""pci_bus"": ""00000000:0C:00.0"", ""pcie"": ""Gen1 x1"", ""util_pct"": 8.0, ""power_w"": 109.97, ""vram_used_mib"": 5670.0}, {""index"": 4, ""name"": ""NVIDIA P104-100"", ""pci_bus"": ""00000000:0D:00.0"", ""pcie"": ""Gen1 x1"", ""util_pct"": 0.0, ""power_w"": 144.33, ""vram_used_mib"": 5738.0}, {""index"": 5, ""name"": ""NVIDIA P104-100"", ""pci_bus"": ""00000000:0E:00.0"", ""pcie"": ""Gen1 x1"", ""util_pct"": 0.0, ""power_w"": 128.89, ""vram_used_mib"": 6274.0}]"
2026-08-16T14:46:08.714527+03:00,1786880768.714527,ctx_004096.txt,1,1,prefill,37.002341920374704,"[14.084507042253522, 12.67605633802817, 21.75925925925926, 100.0]",15875.55078125,5851.43359375,10024.1171875,36.85814542359628,24575.99609375,379.6484375,1.5447936923970687,"[{""index"": 0, ""name"": ""NVIDIA P104-100"", ""pci_bus"": ""00000000:01:00.0"", ""pcie"": ""Gen1 x1"", ""util_pct"": 10.0, ""power_w"": 52.55, ""vram_used_mib"": 6086.0}, {""index"": 1, ""name"": ""NVIDIA P104-100"", ""pci_bus"": ""00000000:02:00.0"", ""pcie"": ""Gen1 x1"", ""util_pct"": 4.0, ""power_w"": 107.81, ""vram_used_mib"": 4708.0}, {""index"": 2, ""name"": ""NVIDIA P104-100"", ""pci_bus"": ""00000000:0A:00.0"", ""pcie"": ""Gen1 x1"", ""util_pct"": 0.0, ""power_w"": 115.61, ""vram_used_mib"": 5924.0}, {""index"": 3, ""name"": ""NVIDIA P104-100"", ""pci_bus"": ""00000000:0C:00.0"", ""pcie"": ""Gen1 x1"", ""util_pct"": 14.0, ""power_w"": 54.12, ""vram_used_mib"": 5670.0}, {""index"": 4, ""name"": ""NVIDIA P104-100"", ""pci_bus"": ""00000000:0D:00.0"", ""pcie"": ""Gen1 x1"", ""util_pct"": 55.0, ""power_w"": 53.87, ""vram_used_mib"": 5738.0}, {""index"": 5, ""name"": ""NVIDIA P104-100"", ""pci_bus"": ""00000000:0E:00.0"", ""pcie"": ""Gen1 x1"", ""util_pct"": 28.0, ""power_w"": 51.16, ""vram_used_mib"": 6274.0}]"
2026-08-16T14:46:10.856306+03:00,1786880770.856306,ctx_004096.txt,1,1,prefill,36.72514619883041,"[17.84037558685446, 12.206572769953052, 16.037735849056602, 100.0]",15875.55078125,5906.7890625,9968.76171875,37.20682919219584,24575.99609375,379.64453125,1.5447777978226023,"[{""index"": 0, ""name"": ""NVIDIA P104-100"", ""pci_bus"": ""00000000:01:00.0"", ""pcie"": ""Gen1 x1"", ""util_pct"": 0.0, ""power_w"": 51.77, ""vram_used_mib"": 6086.0}, {""index"": 1, ""name"": ""NVIDIA P104-100"", ""pci_bus"": ""00000000:02:00.0"", ""pcie"": ""Gen1 x1"", ""util_pct"": 0.0, ""power_w"": 52.83, ""vram_used_mib"": 4708.0}, {""index"": 2, ""name"": ""NVIDIA P104-100"", ""pci_bus"": ""00000000:0A:00.0"", ""pcie"": ""Gen1 x1"", ""util_pct"": 37.0, ""power_w"": 51.77, ""vram_used_mib"": 5924.0}, {""index"": 3, ""name"": ""NVIDIA P104-100"", ""pci_bus"": ""00000000:0C:00.0"", ""pcie"": ""Gen1 x1"", ""util_pct"": 61.0, ""power_w"": 55.22, ""vram_used_mib"": 5670.0}, {""index"": 4, ""name"": ""NVIDIA P104-100"", ""pci_bus"": ""00000000:0D:00.0"", ""pcie"": ""Gen1 x1"", ""util_pct"": 58.0, ""power_w"": 54.83, ""vram_used_mib"": 5738.0}, {""index"": 5, ""name"": ""NVIDIA P104-100"", ""pci_bus"": ""00000000:0E:00.0"", ""pcie"": ""Gen1 x1"", ""util_pct"": 44.0, ""power_w"": 75.72, ""vram_used_mib"": 6274.0}]"
2026-08-16T14:46:13.001003+03:00,1786880773.001003,ctx_004096.txt,1,1,prefill,51.405152224824356,"[68.83720930232558, 16.431924882629108, 24.766355140186917, 95.77464788732394]",15875.55078125,5887.70703125,9987.84375,37.08663159078388,24575.99609375,379.64453125,1.5447777978226023,"[{""index"": 0, ""name"": ""NVIDIA P104-100"", ""pci_bus"": ""00000000:01:00.0"", ""pcie"": ""Gen1 x1"", ""util_pct"": 41.0, ""power_w"": 52.12, ""vram_used_mib"": 6086.0}, {""index"": 1, ""name"": ""NVIDIA P104-100"", ""pci_bus"": ""00000000:02:00.0"", ""pcie"": ""Gen1 x1"", ""util_pct"": 20.0, ""power_w"": 54.47, ""vram_used_mib"": 4708.0}, {""index"": 2, ""name"": ""NVIDIA P104-100"", ""pci_bus"": ""00000000:0A:00.0"", ""pcie"": ""Gen1 x1"", ""util_pct"": 0.0, ""power_w"": 126.48, ""vram_used_mib"": 5924.0}, {""index"": 3, ""name"": ""NVIDIA P104-100"", ""pci_bus"": ""00000000:0C:00.0"", ""pcie"": ""Gen1 x1"", ""util_pct"": 0.0, ""power_w"": 129.82, ""vram_used_mib"": 5670.0}, {""index"": 4, ""name"": ""NVIDIA P104-100"", ""pci_bus"": ""00000000:0D:00.0"", ""pcie"": ""Gen1 x1"", ""util_pct"": 5.0, ""power_w"": 131.98, ""vram_used_mib"": 5738.0}, {""index"": 5, ""name"": ""NVIDIA P104-100"", ""pci_bus"": ""00000000:0E:00.0"", ""pcie"": ""Gen1 x1"", ""util_pct"": 20.0, ""power_w"": 50.98, ""vram_used_mib"": 6274.0}]"
2026-08-16T14:46:15.128505+03:00,1786880775.128505,ctx_004096.txt,1,1,prefill,37.05882352941177,"[100.0, 23.943661971830984, 13.145539906103286, 10.90047393364929]",15875.55078125,5888.625,9986.92578125,37.092413870483334,24575.99609375,379.64453125,1.5447777978226023,"[{""index"": 0, ""name"": ""NVIDIA P104-100"", ""pci_bus"": ""00000000:01:00.0"", ""pcie"": ""Gen1 x1"", ""util_pct"": 0.0, ""power_w"": 168.8, ""vram_used_mib"": 6086.0}, {""index"": 1, ""name"": ""NVIDIA P104-100"", ""pci_bus"": ""00000000:02:00.0"", ""pcie"": ""Gen1 x1"", ""util_pct"": 0.0, ""power_w"": 158.92, ""vram_used_mib"": 4708.0}, {""index"": 2, ""name"": ""NVIDIA P104-100"", ""pci_bus"": ""00000000:0A:00.0"", ""pcie"": ""Gen1 x1"", ""util_pct"": 29.0, ""power_w"": 52.42, ""vram_used_mib"": 5924.0}, {""index"": 3, ""name"": ""NVIDIA P104-100"", ""pci_bus"": ""00000000:0C:00.0"", ""pcie"": ""Gen1 x1"", ""util_pct"": 32.0, ""power_w"": 54.16, ""vram_used_mib"": 5670.0}, {""index"": 4, ""name"": ""NVIDIA P104-100"", ""pci_bus"": ""00000000:0D:00.0"", ""pcie"": ""Gen1 x1"", ""util_pct"": 32.0, ""power_w"": 52.86, ""vram_used_mib"": 5738.0}, {""index"": 5, ""name"": ""NVIDIA P104-100"", ""pci_bus"": ""00000000:0E:00.0"", ""pcie"": ""Gen1 x1"", ""util_pct"": 23.0, ""power_w"": 51.13, ""vram_used_mib"": 6274.0}]"
2026-08-16T14:46:17.243429+03:00,1786880777.243429,ctx_004096.txt,1,1,prefill,36.33136094674556,"[100.0, 14.832535885167465, 12.857142857142858, 16.9811320754717]",15875.55078125,5778.00390625,10097.546875,36.395612258531386,24575.99609375,379.64453125,1.5447777978226023,"[{""index"": 0, ""name"": ""NVIDIA P104-100"", ""pci_bus"": ""00000000:01:00.0"", ""pcie"": ""Gen1 x1"", ""util_pct"": 35.0, ""power_w"": 51.77, ""vram_used_mib"": 6086.0}, {""index"": 1, ""name"": ""NVIDIA P104-100"", ""pci_bus"": ""00000000:02:00.0"", ""pcie"": ""Gen1 x1"", ""util_pct"": 32.0, ""power_w"": 52.9, ""vram_used_mib"": 4708.0}, {""index"": 2, ""name"": ""NVIDIA P104-100"", ""pci_bus"": ""00000000:0A:00.0"", ""pcie"": ""Gen1 x1"", ""util_pct"": 35.0, ""power_w"": 51.9, ""vram_used_mib"": 5924.0}, {""index"": 3, ""name"": ""NVIDIA P104-100"", ""pci_bus"": ""00000000:0C:00.0"", ""pcie"": ""Gen1 x1"", ""util_pct"": 11.0, ""power_w"": 68.97, ""vram_used_mib"": 5670.0}, {""index"": 4, ""name"": ""NVIDIA P104-100"", ""pci_bus"": ""00000000:0D:00.0"", ""pcie"": ""Gen1 x1"", ""util_pct"": 0.0, ""power_w"": 162.68, ""vram_used_mib"": 5738.0}, {""index"": 5, ""name"": ""NVIDIA P104-100"", ""pci_bus"": ""00000000:0E:00.0"", ""pcie"": ""Gen1 x1"", ""util_pct"": 23.0, ""power_w"": 51.1, ""vram_used_mib"": 6274.0}]"
2026-08-16T14:46:19.374597+03:00,1786880779.374597,ctx_004096.txt,1,1,prefill,36.588235294117645,"[100.0, 11.267605633802816, 25.821596244131456, 9.389671361502348]",15875.55078125,5824.54296875,10051.0078125,36.6887615365707,24575.99609375,379.64453125,1.5447777978226023,"[{""index"": 0, ""name"": ""NVIDIA P104-100"", ""pci_bus"": ""00000000:01:00.0"", ""pcie"": ""Gen1 x1"", ""util_pct"": 22.0, ""power_w"": 58.94, ""vram_used_mib"": 6086.0}, {""index"": 1, ""name"": ""NVIDIA P104-100"", ""pci_bus"": ""00000000:02:00.0"", ""pcie"": ""Gen1 x1"", ""util_pct"": 17.0, ""power_w"": 166.56, ""vram_used_mib"": 4708.0}, {""index"": 2, ""name"": ""NVIDIA P104-100"", ""pci_bus"": ""00000000:0A:00.0"", ""pcie"": ""Gen1 x1"", ""util_pct"": 0.0, ""power_w"": 51.72, ""vram_used_mib"": 5924.0}, {""index"": 3, ""name"": ""NVIDIA P104-100"", ""pci_bus"": ""00000000:0C:00.0"", ""pcie"": ""Gen1 x1"", ""util_pct"": 0.0, ""power_w"": 55.25, ""vram_used_mib"": 5670.0}, {""index"": 4, ""name"": ""NVIDIA P104-100"", ""pci_bus"": ""00000000:0D:00.0"", ""pcie"": ""Gen1 x1"", ""util_pct"": 33.0, ""power_w"": 52.96, ""vram_used_mib"": 5738.0}, {""index"": 5, ""name"": ""NVIDIA P104-100"", ""pci_bus"": ""00000000:0E:00.0"", ""pcie"": ""Gen1 x1"", ""util_pct"": 9.0, ""power_w"": 51.15, ""vram_used_mib"": 6274.0}]"
2026-08-16T14:46:21.511896+03:00,1786880781.511896,ctx_004096.txt,1,1,prefill,37.04572098475967,"[100.0, 18.867924528301888, 6.103286384976526, 23.004694835680752]",15875.55078125,5704.67578125,10170.875,35.93371883505026,24575.99609375,379.64453125,1.5447777978226023,"[{""index"": 0, ""name"": ""NVIDIA P104-100"", ""pci_bus"": ""00000000:01:00.0"", ""pcie"": ""Gen1 x1"", ""util_pct"": 6.0, ""power_w"": 51.76, ""vram_used_mib"": 6086.0}, {""index"": 1, ""name"": ""NVIDIA P104-100"", ""pci_bus"": ""00000000:02:00.0"", ""pcie"": ""Gen1 x1"", ""util_pct"": 27.0, ""power_w"": 53.15, ""vram_used_mib"": 4708.0}, {""index"": 2, ""name"": ""NVIDIA P104-100"", ""pci_bus"": ""00000000:0A:00.0"", ""pcie"": ""Gen1 x1"", ""util_pct"": 0.0, ""power_w"": 52.84, ""vram_used_mib"": 5924.0}, {""index"": 3, ""name"": ""NVIDIA P104-100"", ""pci_bus"": ""00000000:0C:00.0"", ""pcie"": ""Gen1 x1"", ""util_pct"": 0.0, ""power_w"": 105.06, ""vram_used_mib"": 5670.0}, {""index"": 4, ""name"": ""NVIDIA P104-100"", ""pci_bus"": ""00000000:0D:00.0"", ""pcie"": ""Gen1 x1"", ""util_pct"": 5.0, ""power_w"": 108.51, ""vram_used_mib"": 5738.0}, {""index"": 5, ""name"": ""NVIDIA P104-100"", ""pci_bus"": ""00000000:0E:00.0"", ""pcie"": ""Gen1 x1"", ""util_pct"": 6.0, ""power_w"": 42.45, ""vram_used_mib"": 6274.0}]"
2026-08-16T14:46:23.642807+03:00,1786880783.642807,ctx_004096.txt,1,1,prefill,37.250293772032904,"[100.0, 16.037735849056602, 16.9811320754717, 15.96244131455399]",15875.55078125,5710.09765625,10165.453125,35.967871193445305,24575.99609375,379.64453125,1.5447777978226023,"[{""index"": 0, ""name"": ""NVIDIA P104-100"", ""pci_bus"": ""00000000:01:00.0"", ""pcie"": ""Gen1 x1"", ""util_pct"": 12.0, ""power_w"": 138.18, ""vram_used_mib"": 6086.0}, {""index"": 1, ""name"": ""NVIDIA P104-100"", ""pci_bus"": ""00000000:02:00.0"", ""pcie"": ""Gen1 x1"", ""util_pct"": 3.0, ""power_w"": 53.26, ""vram_used_mib"": 4708.0}, {""index"": 2, ""name"": ""NVIDIA P104-100"", ""pci_bus"": ""00000000:0A:00.0"", ""pcie"": ""Gen1 x1"", ""util_pct"": 35.0, ""power_w"": 51.6, ""vram_used_mib"": 5924.0}, {""index"": 3, ""name"": ""NVIDIA P104-100"", ""pci_bus"": ""00000000:0C:00.0"", ""pcie"": ""Gen1 x1"", ""util_pct"": 33.0, ""power_w"": 54.22, ""vram_used_mib"": 5670.0}, {""index"": 4, ""name"": ""NVIDIA P104-100"", ""pci_bus"": ""00000000:0D:00.0"", ""pcie"": ""Gen1 x1"", ""util_pct"": 0.0, ""power_w"": 53.24, ""vram_used_mib"": 5738.0}, {""index"": 5, ""name"": ""NVIDIA P104-100"", ""pci_bus"": ""00000000:0E:00.0"", ""pcie"": ""Gen1 x1"", ""util_pct"": 20.0, ""power_w"": 44.36, ""vram_used_mib"": 6274.0}]"
2026-08-16T14:46:25.796563+03:00,1786880785.796563,ctx_004096.txt,1,1,prefill,37.55813953488372,"[100.0, 17.289719626168225, 15.668202764976959, 16.822429906542055]",15875.55078125,5709.76171875,10165.7890625,35.96575512512976,24575.99609375,379.64453125,1.5447777978226023,"[{""index"": 0, ""name"": ""NVIDIA P104-100"", ""pci_bus"": ""00000000:01:00.0"", ""pcie"": ""Gen1 x1"", ""util_pct"": 20.0, ""power_w"": 52.02, ""vram_used_mib"": 6086.0}, {""index"": 1, ""name"": ""NVIDIA P104-100"", ""pci_bus"": ""00000000:02:00.0"", ""pcie"": ""Gen1 x1"", ""util_pct"": 31.0, ""power_w"": 71.11, ""vram_used_mib"": 4708.0}, {""index"": 2, ""name"": ""NVIDIA P104-100"", ""pci_bus"": ""00000000:0A:00.0"", ""pcie"": ""Gen1 x1"", ""util_pct"": 0.0, ""power_w"": 155.09, ""vram_used_mib"": 5924.0}, {""index"": 3, ""name"": ""NVIDIA P104-100"", ""pci_bus"": ""00000000:0C:00.0"", ""pcie"": ""Gen1 x1"", ""util_pct"": 0.0, ""power_w"": 55.28, ""vram_used_mib"": 5670.0}, {""index"": 4, ""name"": ""NVIDIA P104-100"", ""pci_bus"": ""00000000:0D:00.0"", ""pcie"": ""Gen1 x1"", ""util_pct"": 33.0, ""power_w"": 53.99, ""vram_used_mib"": 5738.0}, {""index"": 5, ""name"": ""NVIDIA P104-100"", ""pci_bus"": ""00000000:0E:00.0"", ""pcie"": ""Gen1 x1"", ""util_pct"": 15.0, ""power_w"": 42.26, ""vram_used_mib"": 6274.0}]"
2026-08-16T14:46:27.913902+03:00,1786880787.913902,ctx_004096.txt,1,1,prefill,37.470449172576835,"[100.0, 21.12676056338028, 15.165876777251185, 14.218009478672986]",15875.55078125,5715.8203125,10159.73046875,36.00391817114613,24575.99609375,379.64453125,1.5447777978226023,"[{""index"": 0, ""name"": ""NVIDIA P104-100"", ""pci_bus"": ""00000000:01:00.0"", ""pcie"": ""Gen1 x1"", ""util_pct"": 30.0, ""power_w"": 51.76, ""vram_used_mib"": 6086.0}, {""index"": 1, ""name"": ""NVIDIA P104-100"", ""pci_bus"": ""00000000:02:00.0"", ""pcie"": ""Gen1 x1"", ""util_pct"": 18.0, ""power_w"": 53.13, ""vram_used_mib"": 4708.0}, {""index"": 2, ""name"": ""NVIDIA P104-100"", ""pci_bus"": ""00000000:0A:00.0"", ""pcie"": ""Gen1 x1"", ""util_pct"": 35.0, ""power_w"": 53.09, ""vram_used_mib"": 5924.0}, {""index"": 3, ""name"": ""NVIDIA P104-100"", ""pci_bus"": ""00000000:0C:00.0"", ""pcie"": ""Gen1 x1"", ""util_pct"": 25.0, ""power_w"": 135.29, ""vram_used_mib"": 5670.0}, {""index"": 4, ""name"": ""NVIDIA P104-100"", ""pci_bus"": ""00000000:0D:00.0"", ""pcie"": ""Gen1 x1"", ""util_pct"": 0.0, ""power_w"": 66.82, ""vram_used_mib"": 5738.0}, {""index"": 5, ""name"": ""NVIDIA P104-100"", ""pci_bus"": ""00000000:0E:00.0"", ""pcie"": ""Gen1 x1"", ""util_pct"": 26.0, ""power_w"": 42.32, ""vram_used_mib"": 6274.0}]"
2026-08-16T14:46:30.035422+03:00,1786880790.035422,ctx_004096.txt,1,1,prefill,37.264150943396224,"[100.0, 14.761904761904763, 18.867924528301888, 14.691943127962086]",15875.55078125,5603.02734375,10272.5234375,35.29343593147974,24575.99609375,379.64453125,1.5447777978226023,"[{""index"": 0, ""name"": ""NVIDIA P104-100"", ""pci_bus"": ""00000000:01:00.0"", ""pcie"": ""Gen1 x1"", ""util_pct"": 36.0, ""power_w"": 51.77, ""vram_used_mib"": 6086.0}, {""index"": 1, ""name"": ""NVIDIA P104-100"", ""pci_bus"": ""00000000:02:00.0"", ""pcie"": ""Gen1 x1"", ""util_pct"": 33.0, ""power_w"": 53.28, ""vram_used_mib"": 4708.0}, {""index"": 2, ""name"": ""NVIDIA P104-100"", ""pci_bus"": ""00000000:0A:00.0"", ""pcie"": ""Gen1 x1"", ""util_pct"": 35.0, ""power_w"": 51.75, ""vram_used_mib"": 5924.0}, {""index"": 3, ""name"": ""NVIDIA P104-100"", ""pci_bus"": ""00000000:0C:00.0"", ""pcie"": ""Gen1 x1"", ""util_pct"": 6.0, ""power_w"": 46.42, ""vram_used_mib"": 5670.0}, {""index"": 4, ""name"": ""NVIDIA P104-100"", ""pci_bus"": ""00000000:0D:00.0"", ""pcie"": ""Gen1 x1"", ""util_pct"": 1.0, ""power_w"": 66.4, ""vram_used_mib"": 5738.0}, {""index"": 5, ""name"": ""NVIDIA P104-100"", ""pci_bus"": ""00000000:0E:00.0"", ""pcie"": ""Gen1 x1"", ""util_pct"": 0.0, ""power_w"": 106.72, ""vram_used_mib"": 6274.0}]"
2026-08-16T14:46:32.160611+03:00,1786880792.160611,ctx_004096.txt,1,1,prefill,36.674528301886795,"[100.0, 19.81132075471698, 12.735849056603774, 14.150943396226415]",15875.55078125,5732.703125,10142.84765625,36.11026290672494,24575.99609375,379.640625,1.5447619032481357,"[{""index"": 0, ""name"": ""NVIDIA P104-100"", ""pci_bus"": ""00000000:01:00.0"", ""pcie"": ""Gen1 x1"", ""util_pct"": 0.0, ""power_w"": 169.7, ""vram_used_mib"": 6086.0}, {""index"": 1, ""name"": ""NVIDIA P104-100"", ""pci_bus"": ""00000000:02:00.0"", ""pcie"": ""Gen1 x1"", ""util_pct"": 0.0, ""power_w"": 53.15, ""vram_used_mib"": 4708.0}, {""index"": 2, ""name"": ""NVIDIA P104-100"", ""pci_bus"": ""00000000:0A:00.0"", ""pcie"": ""Gen1 x1"", ""util_pct"": 36.0, ""power_w"": 52.42, ""vram_used_mib"": 5924.0}, {""index"": 3, ""name"": ""NVIDIA P104-100"", ""pci_bus"": ""00000000:0C:00.0"", ""pcie"": ""Gen1 x1"", ""util_pct"": 34.0, ""power_w"": 52.0, ""vram_used_mib"": 5670.0}, {""index"": 4, ""name"": ""NVIDIA P104-100"", ""pci_bus"": ""00000000:0D:00.0"", ""pcie"": ""Gen1 x1"", ""util_pct"": 25.0, ""power_w"": 54.3, ""vram_used_mib"": 5738.0}, {""index"": 5, ""name"": ""NVIDIA P104-100"", ""pci_bus"": ""00000000:0E:00.0"", ""pcie"": ""Gen1 x1"", ""util_pct"": 25.0, ""power_w"": 47.3, ""vram_used_mib"": 6274.0}]"
2026-08-16T14:46:34.299265+03:00,1786880794.299265,ctx_004096.txt,1,1,prefill,36.811254396248536,"[100.0, 14.418604651162791, 12.264150943396226, 20.560747663551403]",15875.55078125,5675.80859375,10199.7421875,35.75188459258673,24575.99609375,379.640625,1.5447619032481357,"[{""index"": 0, ""name"": ""NVIDIA P104-100"", ""pci_bus"": ""00000000:01:00.0"", ""pcie"": ""Gen1 x1"", ""util_pct"": 30.0, ""power_w"": 52.13, ""vram_used_mib"": 6086.0}, {""index"": 1, ""name"": ""NVIDIA P104-100"", ""pci_bus"": ""00000000:02:00.0"", ""pcie"": ""Gen1 x1"", ""util_pct"": 34.0, ""power_w"": 71.06, ""vram_used_mib"": 4708.0}, {""index"": 2, ""name"": ""NVIDIA P104-100"", ""pci_bus"": ""00000000:0A:00.0"", ""pcie"": ""Gen1 x1"", ""util_pct"": 1.0, ""power_w"": 155.61, ""vram_used_mib"": 5924.0}, {""index"": 3, ""name"": ""NVIDIA P104-100"", ""pci_bus"": ""00000000:0C:00.0"", ""pcie"": ""Gen1 x1"", ""util_pct"": 1.0, ""power_w"": 55.46, ""vram_used_mib"": 5670.0}, {""index"": 4, ""name"": ""NVIDIA P104-100"", ""pci_bus"": ""00000000:0D:00.0"", ""pcie"": ""Gen1 x1"", ""util_pct"": 27.0, ""power_w"": 52.98, ""vram_used_mib"": 5738.0}, {""index"": 5, ""name"": ""NVIDIA P104-100"", ""pci_bus"": ""00000000:0E:00.0"", ""pcie"": ""Gen1 x1"", ""util_pct"": 48.0, ""power_w"": 50.91, ""vram_used_mib"": 6274.0}]"
2026-08-16T14:46:36.432454+03:00,1786880796.432454,ctx_004096.txt,1,1,prefill,51.7688679245283,"[100.0, 18.39622641509434, 18.69158878504673, 70.0]",15875.55078125,5709.203125,10166.34765625,35.962236546419035,24575.99609375,379.640625,1.5447619032481357,"[{""index"": 0, ""name"": ""NVIDIA P104-100"", ""pci_bus"": ""00000000:01:00.0"", ""pcie"": ""Gen1 x1"", ""util_pct"": 21.0, ""power_w"": 52.01, ""vram_used_mib"": 6086.0}, {""index"": 1, ""name"": ""NVIDIA P104-100"", ""pci_bus"": ""00000000:02:00.0"", ""pcie"": ""Gen1 x1"", ""util_pct"": 59.0, ""power_w"": 53.15, ""vram_used_mib"": 4708.0}, {""index"": 2, ""name"": ""NVIDIA P104-100"", ""pci_bus"": ""00000000:0A:00.0"", ""pcie"": ""Gen1 x1"", ""util_pct"": 72.0, ""power_w"": 52.25, ""vram_used_mib"": 5924.0}, {""index"": 3, ""name"": ""NVIDIA P104-100"", ""pci_bus"": ""00000000:0C:00.0"", ""pcie"": ""Gen1 x1"", ""util_pct"": 67.0, ""power_w"": 74.93, ""vram_used_mib"": 5670.0}, {""index"": 4, ""name"": ""NVIDIA P104-100"", ""pci_bus"": ""00000000:0D:00.0"", ""pcie"": ""Gen1 x1"", ""util_pct"": 33.0, ""power_w"": 165.77, ""vram_used_mib"": 5738.0}, {""index"": 5, ""name"": ""NVIDIA P104-100"", ""pci_bus"": ""00000000:0E:00.0"", ""pcie"": ""Gen1 x1"", ""util_pct"": 0.0, ""power_w"": 164.4, ""vram_used_mib"": 6274.0}]"
2026-08-16T14:46:38.572241+03:00,1786880798.572241,ctx_004096.txt,1,1,prefill,37.93911007025761,"[100.0, 11.320754716981131, 13.145539906103286, 26.291079812206572]",15875.55078125,5737.73046875,10137.8203125,36.1419301151215,24575.99609375,379.63671875,1.5447460086736693,"[{""index"": 0, ""name"": ""NVIDIA P104-100"", ""pci_bus"": ""00000000:01:00.0"", ""pcie"": ""Gen1 x1"", ""util_pct"": 2.0, ""power_w"": 162.24, ""vram_used_mib"": 6086.0}, {""index"": 1, ""name"": ""NVIDIA P104-100"", ""pci_bus"": ""00000000:02:00.0"", ""pcie"": ""Gen1 x1"", ""util_pct"": 0.0, ""power_w"": 53.17, ""vram_used_mib"": 4708.0}, {""index"": 2, ""name"": ""NVIDIA P104-100"", ""pci_bus"": ""00000000:0A:00.0"", ""pcie"": ""Gen1 x1"", ""util_pct"": 36.0, ""power_w"": 51.67, ""vram_used_mib"": 5924.0}, {""index"": 3, ""name"": ""NVIDIA P104-100"", ""pci_bus"": ""00000000:0C:00.0"", ""pcie"": ""Gen1 x1"", ""util_pct"": 33.0, ""power_w"": 54.44, ""vram_used_mib"": 5670.0}, {""index"": 4, ""name"": ""NVIDIA P104-100"", ""pci_bus"": ""00000000:0D:00.0"", ""pcie"": ""Gen1 x1"", ""util_pct"": 15.0, ""power_w"": 53.21, ""vram_used_mib"": 5738.0}, {""index"": 5, ""name"": ""NVIDIA P104-100"", ""pci_bus"": ""00000000:0E:00.0"", ""pcie"": ""Gen1 x1"", ""util_pct"": 23.0, ""power_w"": 51.48, ""vram_used_mib"": 6274.0}]"
2026-08-16T14:46:40.694141+03:00,1786880800.694141,ctx_004096.txt,1,1,prefill,36.717827626918535,"[100.0, 15.639810426540285, 11.320754716981131, 20.28301886792453]",15875.55078125,5698.05859375,10177.4921875,35.89203721032317,24575.99609375,379.63671875,1.5447460086736693,"[{""index"": 0, ""name"": ""NVIDIA P104-100"", ""pci_bus"": ""00000000:01:00.0"", ""pcie"": ""Gen1 x1"", ""util_pct"": 16.0, ""power_w"": 52.35, ""vram_used_mib"": 6086.0}, {""index"": 1, ""name"": ""NVIDIA P104-100"", ""pci_bus"": ""00000000:02:00.0"", ""pcie"": ""Gen1 x1"", ""util_pct"": 24.0, ""power_w"": 68.19, ""vram_used_mib"": 4708.0}, {""index"": 2, ""name"": ""NVIDIA P104-100"", ""pci_bus"": ""00000000:0A:00.0"", ""pcie"": ""Gen1 x1"", ""util_pct"": 1.0, ""power_w"": 161.58, ""vram_used_mib"": 5924.0}, {""index"": 3, ""name"": ""NVIDIA P104-100"", ""pci_bus"": ""00000000:0C:00.0"", ""pcie"": ""Gen1 x1"", ""util_pct"": 1.0, ""power_w"": 54.31, ""vram_used_mib"": 5670.0}, {""index"": 4, ""name"": ""NVIDIA P104-100"", ""pci_bus"": ""00000000:0D:00.0"", ""pcie"": ""Gen1 x1"", ""util_pct"": 34.0, ""power_w"": 53.96, ""vram_used_mib"": 5738.0}, {""index"": 5, ""name"": ""NVIDIA P104-100"", ""pci_bus"": ""00000000:0E:00.0"", ""pcie"": ""Gen1 x1"", ""util_pct"": 16.0, ""power_w"": 50.91, ""vram_used_mib"": 6274.0}]"
2026-08-16T14:46:42.814312+03:00,1786880802.814312,ctx_004096.txt,1,1,prefill,36.56804733727811,"[100.0, 14.218009478672986, 20.28301886792453, 11.848341232227488]",15875.55078125,5687.53125,10188.01953125,35.82572553462097,24575.99609375,379.63671875,1.5447460086736693,"[{""index"": 0, ""name"": ""NVIDIA P104-100"", ""pci_bus"": ""00000000:01:00.0"", ""pcie"": ""Gen1 x1"", ""util_pct"": 37.0, ""power_w"": 52.01, ""vram_used_mib"": 6086.0}, {""index"": 1, ""name"": ""NVIDIA P104-100"", ""pci_bus"": ""00000000:02:00.0"", ""pcie"": ""Gen1 x1"", ""util_pct"": 1.0, ""power_w"": 53.48, ""vram_used_mib"": 4708.0}, {""index"": 2, ""name"": ""NVIDIA P104-100"", ""pci_bus"": ""00000000:0A:00.0"", ""pcie"": ""Gen1 x1"", ""util_pct"": 35.0, ""power_w"": 54.17, ""vram_used_mib"": 5924.0}, {""index"": 3, ""name"": ""NVIDIA P104-100"", ""pci_bus"": ""00000000:0C:00.0"", ""pcie"": ""Gen1 x1"", ""util_pct"": 9.0, ""power_w"": 178.88, ""vram_used_mib"": 5670.0}, {""index"": 4, ""name"": ""NVIDIA P104-100"", ""pci_bus"": ""00000000:0D:00.0"", ""pcie"": ""Gen1 x1"", ""util_pct"": 0.0, ""power_w"": 54.2, ""vram_used_mib"": 5738.0}, {""index"": 5, ""name"": ""NVIDIA P104-100"", ""pci_bus"": ""00000000:0E:00.0"", ""pcie"": ""Gen1 x1"", ""util_pct"": 24.0, ""power_w"": 50.9, ""vram_used_mib"": 6274.0}]"
2026-08-16T14:46:44.952427+03:00,1786880804.952427,ctx_004096.txt,1,1,prefill,36.694021101992966,"[100.0, 12.67605633802817, 15.96244131455399, 17.370892018779344]",15875.55078125,5697.3515625,10178.19921875,35.887583624682314,24575.99609375,379.63671875,1.5447460086736693,"[{""index"": 0, ""name"": ""NVIDIA P104-100"", ""pci_bus"": ""00000000:01:00.0"", ""pcie"": ""Gen1 x1"", ""util_pct"": 0.0, ""power_w"": 50.05, ""vram_used_mib"": 6086.0}, {""index"": 1, ""name"": ""NVIDIA P104-100"", ""pci_bus"": ""00000000:02:00.0"", ""pcie"": ""Gen1 x1"", ""util_pct"": 0.0, ""power_w"": 52.7, ""vram_used_mib"": 4708.0}, {""index"": 2, ""name"": ""NVIDIA P104-100"", ""pci_bus"": ""00000000:0A:00.0"", ""pcie"": ""Gen1 x1"", ""util_pct"": 0.0, ""power_w"": 51.27, ""vram_used_mib"": 5924.0}, {""index"": 3, ""name"": ""NVIDIA P104-100"", ""pci_bus"": ""00000000:0C:00.0"", ""pcie"": ""Gen1 x1"", ""util_pct"": 0.0, ""power_w"": 55.24, ""vram_used_mib"": 5670.0}, {""index"": 4, ""name"": ""NVIDIA P104-100"", ""pci_bus"": ""00000000:0D:00.0"", ""pcie"": ""Gen1 x1"", ""util_pct"": 0.0, ""power_w"": 49.28, ""vram_used_mib"": 5738.0}, {""index"": 5, ""name"": ""NVIDIA P104-100"", ""pci_bus"": ""00000000:0E:00.0"", ""pcie"": ""Gen1 x1"", ""util_pct"": 98.0, ""power_w"": 56.83, ""vram_used_mib"": 6274.0}]"
2026-08-16T14:46:47.085224+03:00,1786880807.085224,ctx_004096.txt,1,1,decode,37.485311398354874,"[100.0, 18.867924528301888, 21.12676056338028, 10.7981220657277]",15875.55078125,5793.76171875,10081.7890625,36.49487062579768,24575.99609375,379.62890625,1.5447142195247363,"[{""index"": 0, ""name"": ""NVIDIA P104-100"", ""pci_bus"": ""00000000:01:00.0"", ""pcie"": ""Gen1 x1"", ""util_pct"": 0.0, ""power_w"": 51.77, ""vram_used_mib"": 6086.0}, {""index"": 1, ""name"": ""NVIDIA P104-100"", ""pci_bus"": ""00000000:02:00.0"", ""pcie"": ""Gen1 x1"", ""util_pct"": 0.0, ""power_w"": 52.92, ""vram_used_mib"": 4708.0}, {""index"": 2, ""name"": ""NVIDIA P104-100"", ""pci_bus"": ""00000000:0A:00.0"", ""pcie"": ""Gen1 x1"", ""util_pct"": 81.0, ""power_w"": 51.51, ""vram_used_mib"": 5924.0}, {""index"": 3, ""name"": ""NVIDIA P104-100"", ""pci_bus"": ""00000000:0C:00.0"", ""pcie"": ""Gen1 x1"", ""util_pct"": 7.0, ""power_w"": 55.2, ""vram_used_mib"": 5670.0}, {""index"": 4, ""name"": ""NVIDIA P104-100"", ""pci_bus"": ""00000000:0D:00.0"", ""pcie"": ""Gen1 x1"", ""util_pct"": 0.0, ""power_w"": 49.51, ""vram_used_mib"": 5738.0}, {""index"": 5, ""name"": ""NVIDIA P104-100"", ""pci_bus"": ""00000000:0E:00.0"", ""pcie"": ""Gen1 x1"", ""util_pct"": 0.0, ""power_w"": 50.81, ""vram_used_mib"": 6274.0}]"
2026-08-16T14:46:49.223003+03:00,1786880809.223003,ctx_004096.txt,1,1,decode,37.08920187793427,"[100.0, 15.566037735849056, 9.433962264150944, 22.065727699530516]",15875.55078125,5911.1171875,9964.43359375,37.23409202584261,24575.99609375,379.6171875,1.544666535801337,"[{""index"": 0, ""name"": ""NVIDIA P104-100"", ""pci_bus"": ""00000000:01:00.0"", ""pcie"": ""Gen1 x1"", ""util_pct"": 18.0, ""power_w"": 51.03, ""vram_used_mib"": 6086.0}, {""index"": 1, ""name"": ""NVIDIA P104-100"", ""pci_bus"": ""00000000:02:00.0"", ""pcie"": ""Gen1 x1"", ""util_pct"": 16.0, ""power_w"": 53.25, ""vram_used_mib"": 4708.0}, {""index"": 2, ""name"": ""NVIDIA P104-100"", ""pci_bus"": ""00000000:0A:00.0"", ""pcie"": ""Gen1 x1"", ""util_pct"": 13.0, ""power_w"": 50.61, ""vram_used_mib"": 5924.0}, {""index"": 3, ""name"": ""NVIDIA P104-100"", ""pci_bus"": ""00000000:0C:00.0"", ""pcie"": ""Gen1 x1"", ""util_pct"": 5.0, ""power_w"": 62.48, ""vram_used_mib"": 5670.0}, {""index"": 4, ""name"": ""NVIDIA P104-100"", ""pci_bus"": ""00000000:0D:00.0"", ""pcie"": ""Gen1 x1"", ""util_pct"": 13.0, ""power_w"": 95.75, ""vram_used_mib"": 5738.0}, {""index"": 5, ""name"": ""NVIDIA P104-100"", ""pci_bus"": ""00000000:0E:00.0"", ""pcie"": ""Gen1 x1"", ""util_pct"": 13.0, ""power_w"": 170.02, ""vram_used_mib"": 6274.0}]"
2026-08-16T14:46:51.343343+03:00,1786880811.343343,ctx_004096.txt,1,1,decode,37.15976331360947,"[100.0, 12.735849056603774, 23.696682464454977, 12.322274881516588]",15875.55078125,5904.5,9971.05078125,37.19241040111551,24575.99609375,379.6171875,1.544666535801337,"[{""index"": 0, ""name"": ""NVIDIA P104-100"", ""pci_bus"": ""00000000:01:00.0"", ""pcie"": ""Gen1 x1"", ""util_pct"": 0.0, ""power_w"": 62.67, ""vram_used_mib"": 6086.0}, {""index"": 1, ""name"": ""NVIDIA P104-100"", ""pci_bus"": ""00000000:02:00.0"", ""pcie"": ""Gen1 x1"", ""util_pct"": 17.0, ""power_w"": 139.17, ""vram_used_mib"": 4708.0}, {""index"": 2, ""name"": ""NVIDIA P104-100"", ""pci_bus"": ""00000000:0A:00.0"", ""pcie"": ""Gen1 x1"", ""util_pct"": 0.0, ""power_w"": 105.44, ""vram_used_mib"": 5924.0}, {""index"": 3, ""name"": ""NVIDIA P104-100"", ""pci_bus"": ""00000000:0C:00.0"", ""pcie"": ""Gen1 x1"", ""util_pct"": 1.0, ""power_w"": 54.31, ""vram_used_mib"": 5670.0}, {""index"": 4, ""name"": ""NVIDIA P104-100"", ""pci_bus"": ""00000000:0D:00.0"", ""pcie"": ""Gen1 x1"", ""util_pct"": 17.0, ""power_w"": 43.81, ""vram_used_mib"": 5738.0}, {""index"": 5, ""name"": ""NVIDIA P104-100"", ""pci_bus"": ""00000000:0E:00.0"", ""pcie"": ""Gen1 x1"", ""util_pct"": 13.0, ""power_w"": 50.28, ""vram_used_mib"": 6274.0}]"
2026-08-16T14:46:53.467225+03:00,1786880813.467225,ctx_004096.txt,1,1,decode,38.089622641509436,"[16.50943396226415, 100.0, 11.320754716981131, 23.80952380952381]",15875.55078125,5907.0078125,9968.54296875,37.2082070971455,24575.99609375,379.6171875,1.544666535801337,"[{""index"": 0, ""name"": ""NVIDIA P104-100"", ""pci_bus"": ""00000000:01:00.0"", ""pcie"": ""Gen1 x1"", ""util_pct"": 21.0, ""power_w"": 42.61, ""vram_used_mib"": 6086.0}, {""index"": 1, ""name"": ""NVIDIA P104-100"", ""pci_bus"": ""00000000:02:00.0"", ""pcie"": ""Gen1 x1"", ""util_pct"": 0.0, ""power_w"": 52.27, ""vram_used_mib"": 4708.0}, {""index"": 2, ""name"": ""NVIDIA P104-100"", ""pci_bus"": ""00000000:0A:00.0"", ""pcie"": ""Gen1 x1"", ""util_pct"": 18.0, ""power_w"": 51.14, ""vram_used_mib"": 5924.0}, {""index"": 3, ""name"": ""NVIDIA P104-100"", ""pci_bus"": ""00000000:0C:00.0"", ""pcie"": ""Gen1 x1"", ""util_pct"": 17.0, ""power_w"": 60.79, ""vram_used_mib"": 5670.0}, {""index"": 4, ""name"": ""NVIDIA P104-100"", ""pci_bus"": ""00000000:0D:00.0"", ""pcie"": ""Gen1 x1"", ""util_pct"": 12.0, ""power_w"": 88.51, ""vram_used_mib"": 5738.0}, {""index"": 5, ""name"": ""NVIDIA P104-100"", ""pci_bus"": ""00000000:0E:00.0"", ""pcie"": ""Gen1 x1"", ""util_pct"": 44.0, ""power_w"": 138.35, ""vram_used_mib"": 6274.0}]"
2026-08-16T14:46:55.631732+03:00,1786880815.631732,ctx_004096.txt,1,1,decode,39.28157589803013,"[26.38888888888889, 100.0, 13.824884792626728, 17.05069124423963]",15875.55078125,5998.0390625,9877.51171875,37.781612399766644,24575.99609375,379.609375,1.544634746652404,"[{""index"": 0, ""name"": ""NVIDIA P104-100"", ""pci_bus"": ""00000000:01:00.0"", ""pcie"": ""Gen1 x1"", ""util_pct"": 0.0, ""power_w"": 42.62, ""vram_used_mib"": 6086.0}, {""index"": 1, ""name"": ""NVIDIA P104-100"", ""pci_bus"": ""00000000:02:00.0"", ""pcie"": ""Gen1 x1"", ""util_pct"": 17.0, ""power_w"": 51.69, ""vram_used_mib"": 4708.0}, {""index"": 2, ""name"": ""NVIDIA P104-100"", ""pci_bus"": ""00000000:0A:00.0"", ""pcie"": ""Gen1 x1"", ""util_pct"": 15.0, ""power_w"": 49.79, ""vram_used_mib"": 5924.0}, {""index"": 3, ""name"": ""NVIDIA P104-100"", ""pci_bus"": ""00000000:0C:00.0"", ""pcie"": ""Gen1 x1"", ""util_pct"": 11.0, ""power_w"": 52.1, ""vram_used_mib"": 5670.0}, {""index"": 4, ""name"": ""NVIDIA P104-100"", ""pci_bus"": ""00000000:0D:00.0"", ""pcie"": ""Gen1 x1"", ""util_pct"": 7.0, ""power_w"": 43.27, ""vram_used_mib"": 5738.0}, {""index"": 5, ""name"": ""NVIDIA P104-100"", ""pci_bus"": ""00000000:0E:00.0"", ""pcie"": ""Gen1 x1"", ""util_pct"": 8.0, ""power_w"": 151.92, ""vram_used_mib"": 6274.0}]"
2026-08-16T14:46:57.761397+03:00,1786880817.761397,ctx_004096.txt,1,1,decode,38.35294117647059,"[15.566037735849056, 100.0, 15.566037735849056, 22.065727699530516]",15875.55078125,5889.90625,9985.64453125,37.10048445661703,24575.99609375,379.609375,1.544634746652404,"[{""index"": 0, ""name"": ""NVIDIA P104-100"", ""pci_bus"": ""00000000:01:00.0"", ""pcie"": ""Gen1 x1"", ""util_pct"": 21.0, ""power_w"": 49.85, ""vram_used_mib"": 6086.0}, {""index"": 1, ""name"": ""NVIDIA P104-100"", ""pci_bus"": ""00000000:02:00.0"", ""pcie"": ""Gen1 x1"", ""util_pct"": 0.0, ""power_w"": 137.75, ""vram_used_mib"": 4708.0}, {""index"": 2, ""name"": ""NVIDIA P104-100"", ""pci_bus"": ""00000000:0A:00.0"", ""pcie"": ""Gen1 x1"", ""util_pct"": 18.0, ""power_w"": 105.39, ""vram_used_mib"": 5924.0}, {""index"": 3, ""name"": ""NVIDIA P104-100"", ""pci_bus"": ""00000000:0C:00.0"", ""pcie"": ""Gen1 x1"", ""util_pct"": 17.0, ""power_w"": 52.1, ""vram_used_mib"": 5670.0}, {""index"": 4, ""name"": ""NVIDIA P104-100"", ""pci_bus"": ""00000000:0D:00.0"", ""pcie"": ""Gen1 x1"", ""util_pct"": 19.0, ""power_w"": 43.31, ""vram_used_mib"": 5738.0}, {""index"": 5, ""name"": ""NVIDIA P104-100"", ""pci_bus"": ""00000000:0E:00.0"", ""pcie"": ""Gen1 x1"", ""util_pct"": 44.0, ""power_w"": 51.51, ""vram_used_mib"": 6274.0}]"
2026-08-16T14:46:58.589313+03:00,1786880818.589313,ctx_008192.txt,1,1,outside,,"[null, null, null, null]",15875.55078125,5924.1875,9951.36328125,37.316421846584554,24575.99609375,379.546875,1.5443804334609403,"[{""index"": 0, ""name"": ""NVIDIA P104-100"", ""pci_bus"": ""00000000:01:00.0"", ""pcie"": ""Gen1 x1"", ""util_pct"": 12.0, ""power_w"": 42.37, ""vram_used_mib"": 6086.0}, {""index"": 1, ""name"": ""NVIDIA P104-100"", ""pci_bus"": ""00000000:02:00.0"", ""pcie"": ""Gen1 x1"", ""util_pct"": 9.0, ""power_w"": 51.81, ""vram_used_mib"": 4708.0}, {""index"": 2, ""name"": ""NVIDIA P104-100"", ""pci_bus"": ""00000000:0A:00.0"", ""pcie"": ""Gen1 x1"", ""util_pct"": 10.0, ""power_w"": 49.55, ""vram_used_mib"": 5924.0}, {""index"": 3, ""name"": ""NVIDIA P104-100"", ""pci_bus"": ""00000000:0C:00.0"", ""pcie"": ""Gen1 x1"", ""util_pct"": 9.0, ""power_w"": 51.85, ""vram_used_mib"": 5670.0}, {""index"": 4, ""name"": ""NVIDIA P104-100"", ""pci_bus"": ""00000000:0D:00.0"", ""pcie"": ""Gen1 x1"", ""util_pct"": 10.0, ""power_w"": 43.16, ""vram_used_mib"": 5738.0}, {""index"": 5, ""name"": ""NVIDIA P104-100"", ""pci_bus"": ""00000000:0E:00.0"", ""pcie"": ""Gen1 x1"", ""util_pct"": 14.0, ""power_w"": 50.91, ""vram_used_mib"": 6274.0}]"
2026-08-16T14:47:00.756395+03:00,1786880820.756395,ctx_008192.txt,1,1,prefill,52.73573923166472,"[11.11111111111111, 98.61751152073732, 32.870370370370374, 68.24644549763033]",15875.55078125,6726.37109375,9149.1796875,42.369371535091915,24575.99609375,379.546875,1.5443804334609403,"[{""index"": 0, ""name"": ""NVIDIA P104-100"", ""pci_bus"": ""00000000:01:00.0"", ""pcie"": ""Gen1 x1"", ""util_pct"": 0.0, ""power_w"": 51.67, ""vram_used_mib"": 6086.0}, {""index"": 1, ""name"": ""NVIDIA P104-100"", ""pci_bus"": ""00000000:02:00.0"", ""pcie"": ""Gen1 x1"", ""util_pct"": 27.0, ""power_w"": 52.92, ""vram_used_mib"": 4708.0}, {""index"": 2, ""name"": ""NVIDIA P104-100"", ""pci_bus"": ""00000000:0A:00.0"", ""pcie"": ""Gen1 x1"", ""util_pct"": 49.0, ""power_w"": 51.51, ""vram_used_mib"": 5924.0}, {""index"": 3, ""name"": ""NVIDIA P104-100"", ""pci_bus"": ""00000000:0C:00.0"", ""pcie"": ""Gen1 x1"", ""util_pct"": 0.0, ""power_w"": 55.3, ""vram_used_mib"": 5670.0}, {""index"": 4, ""name"": ""NVIDIA P104-100"", ""pci_bus"": ""00000000:0D:00.0"", ""pcie"": ""Gen1 x1"", ""util_pct"": 0.0, ""power_w"": 53.72, ""vram_used_mib"": 5738.0}, {""index"": 5, ""name"": ""NVIDIA P104-100"", ""pci_bus"": ""00000000:0E:00.0"", ""pcie"": ""Gen1 x1"", ""util_pct"": 0.0, ""power_w"": 51.01, ""vram_used_mib"": 6274.0}]"
2026-08-16T14:47:02.886407+03:00,1786880822.886407,ctx_008192.txt,1,1,prefill,36.0,"[31.455399061032864, 100.0, 6.60377358490566, 5.660377358490566]",15875.55078125,6726.65625,9148.89453125,42.371167732615575,24575.99609375,379.5390625,1.5443486443120074,"[{""index"": 0, ""name"": ""NVIDIA P104-100"", ""pci_bus"": ""00000000:01:00.0"", ""pcie"": ""Gen1 x1"", ""util_pct"": 100.0, ""power_w"": 51.87, ""vram_used_mib"": 6086.0}, {""index"": 1, ""name"": ""NVIDIA P104-100"", ""pci_bus"": ""00000000:02:00.0"", ""pcie"": ""Gen1 x1"", ""util_pct"": 0.0, ""power_w"": 53.01, ""vram_used_mib"": 4708.0}, {""index"": 2, ""name"": ""NVIDIA P104-100"", ""pci_bus"": ""00000000:0A:00.0"", ""pcie"": ""Gen1 x1"", ""util_pct"": 0.0, ""power_w"": 51.51, ""vram_used_mib"": 5924.0}, {""index"": 3, ""name"": ""NVIDIA P104-100"", ""pci_bus"": ""00000000:0C:00.0"", ""pcie"": ""Gen1 x1"", ""util_pct"": 0.0, ""power_w"": 54.96, ""vram_used_mib"": 5670.0}, {""index"": 4, ""name"": ""NVIDIA P104-100"", ""pci_bus"": ""00000000:0D:00.0"", ""pcie"": ""Gen1 x1"", ""util_pct"": 0.0, ""power_w"": 53.71, ""vram_used_mib"": 5738.0}, {""index"": 5, ""name"": ""NVIDIA P104-100"", ""pci_bus"": ""00000000:0E:00.0"", ""pcie"": ""Gen1 x1"", ""util_pct"": 25.0, ""power_w"": 50.91, ""vram_used_mib"": 6274.0}]"
2026-08-16T14:47:05.025964+03:00,1786880825.025964,ctx_008192.txt,1,1,prefill,36.60818713450293,"[10.849056603773585, 100.0, 19.248826291079812, 15.42056074766355]",15875.55078125,6678.67578125,9196.875,42.068939045175846,24575.99609375,379.5390625,1.5443486443120074,"[{""index"": 0, ""name"": ""NVIDIA P104-100"", ""pci_bus"": ""00000000:01:00.0"", ""pcie"": ""Gen1 x1"", ""util_pct"": 0.0, ""power_w"": 51.77, ""vram_used_mib"": 6086.0}, {""index"": 1, ""name"": ""NVIDIA P104-100"", ""pci_bus"": ""00000000:02:00.0"", ""pcie"": ""Gen1 x1"", ""util_pct"": 0.0, ""power_w"": 52.92, ""vram_used_mib"": 4708.0}, {""index"": 2, ""name"": ""NVIDIA P104-100"", ""pci_bus"": ""00000000:0A:00.0"", ""pcie"": ""Gen1 x1"", ""util_pct"": 0.0, ""power_w"": 51.51, ""vram_used_mib"": 5924.0}, {""index"": 3, ""name"": ""NVIDIA P104-100"", ""pci_bus"": ""00000000:0C:00.0"", ""pcie"": ""Gen1 x1"", ""util_pct"": 4.0, ""power_w"": 54.96, ""vram_used_mib"": 5670.0}, {""index"": 4, ""name"": ""NVIDIA P104-100"", ""pci_bus"": ""00000000:0D:00.0"", ""pcie"": ""Gen1 x1"", ""util_pct"": 1.0, ""power_w"": 53.71, ""vram_used_mib"": 5738.0}, {""index"": 5, ""name"": ""NVIDIA P104-100"", ""pci_bus"": ""00000000:0E:00.0"", ""pcie"": ""Gen1 x1"", ""util_pct"": 47.0, ""power_w"": 50.91, ""vram_used_mib"": 6274.0}]"
2026-08-16T14:47:07.166889+03:00,1786880827.166889,ctx_008192.txt,1,1,prefill,37.04572098475967,"[8.837209302325581, 100.0, 19.718309859154928, 19.81132075471698]",15875.55078125,5560.05859375,10315.4921875,35.02277603065445,24575.99609375,379.53515625,1.5443327497375408,"[{""index"": 0, ""name"": ""NVIDIA P104-100"", ""pci_bus"": ""00000000:01:00.0"", ""pcie"": ""Gen1 x1"", ""util_pct"": 34.0, ""power_w"": 51.87, ""vram_used_mib"": 6086.0}, {""index"": 1, ""name"": ""NVIDIA P104-100"", ""pci_bus"": ""00000000:02:00.0"", ""pcie"": ""Gen1 x1"", ""util_pct"": 32.0, ""power_w"": 52.92, ""vram_used_mib"": 4708.0}, {""index"": 2, ""name"": ""NVIDIA P104-100"", ""pci_bus"": ""00000000:0A:00.0"", ""pcie"": ""Gen1 x1"", ""util_pct"": 34.0, ""power_w"": 51.65, ""vram_used_mib"": 5924.0}, {""index"": 3, ""name"": ""NVIDIA P104-100"", ""pci_bus"": ""00000000:0C:00.0"", ""pcie"": ""Gen1 x1"", ""util_pct"": 24.0, ""power_w"": 54.48, ""vram_used_mib"": 5670.0}, {""index"": 4, ""name"": ""NVIDIA P104-100"", ""pci_bus"": ""00000000:0D:00.0"", ""pcie"": ""Gen1 x1"", ""util_pct"": 0.0, ""power_w"": 56.33, ""vram_used_mib"": 5738.0}, {""index"": 5, ""name"": ""NVIDIA P104-100"", ""pci_bus"": ""00000000:0E:00.0"", ""pcie"": ""Gen1 x1"", ""util_pct"": 0.0, ""power_w"": 94.39, ""vram_used_mib"": 6274.0}]"
2026-08-16T14:47:09.290837+03:00,1786880829.290837,ctx_008192.txt,1,1,prefill,36.79245283018868,"[20.754716981132077, 100.0, 8.49056603773585, 17.92452830188679]",15875.55078125,5484.3515625,10391.19921875,34.545897890845815,24575.99609375,379.53515625,1.5443327497375408,"[{""index"": 0, ""name"": ""NVIDIA P104-100"", ""pci_bus"": ""00000000:01:00.0"", ""pcie"": ""Gen1 x1"", ""util_pct"": 35.0, ""power_w"": 52.17, ""vram_used_mib"": 6086.0}, {""index"": 1, ""name"": ""NVIDIA P104-100"", ""pci_bus"": ""00000000:02:00.0"", ""pcie"": ""Gen1 x1"", ""util_pct"": 32.0, ""power_w"": 54.34, ""vram_used_mib"": 4708.0}, {""index"": 2, ""name"": ""NVIDIA P104-100"", ""pci_bus"": ""00000000:0A:00.0"", ""pcie"": ""Gen1 x1"", ""util_pct"": 0.0, ""power_w"": 105.44, ""vram_used_mib"": 5924.0}, {""index"": 3, ""name"": ""NVIDIA P104-100"", ""pci_bus"": ""00000000:0C:00.0"", ""pcie"": ""Gen1 x1"", ""util_pct"": 0.0, ""power_w"": 117.17, ""vram_used_mib"": 5670.0}, {""index"": 4, ""name"": ""NVIDIA P104-100"", ""pci_bus"": ""00000000:0D:00.0"", ""pcie"": ""Gen1 x1"", ""util_pct"": 22.0, ""power_w"": 53.06, ""vram_used_mib"": 5738.0}, {""index"": 5, ""name"": ""NVIDIA P104-100"", ""pci_bus"": ""00000000:0E:00.0"", ""pcie"": ""Gen1 x1"", ""util_pct"": 0.0, ""power_w"": 51.15, ""vram_used_mib"": 6274.0}]"
2026-08-16T14:47:11.410155+03:00,1786880831.410155,ctx_008192.txt,1,1,prefill,37.0414201183432,"[8.571428571428571, 100.0, 14.150943396226415, 25.118483412322274]",15875.55078125,5471.234375,10404.31640625,34.463272804757516,24575.99609375,379.53515625,1.5443327497375408,"[{""index"": 0, ""name"": ""NVIDIA P104-100"", ""pci_bus"": ""00000000:01:00.0"", ""pcie"": ""Gen1 x1"", ""util_pct"": 0.0, ""power_w"": 169.91, ""vram_used_mib"": 6086.0}, {""index"": 1, ""name"": ""NVIDIA P104-100"", ""pci_bus"": ""00000000:02:00.0"", ""pcie"": ""Gen1 x1"", ""util_pct"": 32.0, ""power_w"": 53.26, ""vram_used_mib"": 4708.0}, {""index"": 2, ""name"": ""NVIDIA P104-100"", ""pci_bus"": ""00000000:0A:00.0"", ""pcie"": ""Gen1 x1"", ""util_pct"": 6.0, ""power_w"": 51.07, ""vram_used_mib"": 5924.0}, {""index"": 3, ""name"": ""NVIDIA P104-100"", ""pci_bus"": ""00000000:0C:00.0"", ""pcie"": ""Gen1 x1"", ""util_pct"": 25.0, ""power_w"": 54.46, ""vram_used_mib"": 5670.0}, {""index"": 4, ""name"": ""NVIDIA P104-100"", ""pci_bus"": ""00000000:0D:00.0"", ""pcie"": ""Gen1 x1"", ""util_pct"": 32.0, ""power_w"": 52.6, ""vram_used_mib"": 5738.0}, {""index"": 5, ""name"": ""NVIDIA P104-100"", ""pci_bus"": ""00000000:0E:00.0"", ""pcie"": ""Gen1 x1"", ""util_pct"": 0.0, ""power_w"": 53.7, ""vram_used_mib"": 6274.0}]"
2026-08-16T14:47:13.536159+03:00,1786880833.536159,ctx_008192.txt,1,1,prefill,36.63133097762073,"[17.92452830188679, 100.0, 9.90566037735849, 18.779342723004696]",15875.55078125,5418.15625,10457.39453125,34.12893401090169,24575.99609375,379.53515625,1.5443327497375408,"[{""index"": 0, ""name"": ""NVIDIA P104-100"", ""pci_bus"": ""00000000:01:00.0"", ""pcie"": ""Gen1 x1"", ""util_pct"": 31.0, ""power_w"": 51.74, ""vram_used_mib"": 6086.0}, {""index"": 1, ""name"": ""NVIDIA P104-100"", ""pci_bus"": ""00000000:02:00.0"", ""pcie"": ""Gen1 x1"", ""util_pct"": 24.0, ""power_w"": 53.48, ""vram_used_mib"": 4708.0}, {""index"": 2, ""name"": ""NVIDIA P104-100"", ""pci_bus"": ""00000000:0A:00.0"", ""pcie"": ""Gen1 x1"", ""util_pct"": 0.0, ""power_w"": 56.68, ""vram_used_mib"": 5924.0}, {""index"": 3, ""name"": ""NVIDIA P104-100"", ""pci_bus"": ""00000000:0C:00.0"", ""pcie"": ""Gen1 x1"", ""util_pct"": 0.0, ""power_w"": 181.97, ""vram_used_mib"": 5670.0}, {""index"": 4, ""name"": ""NVIDIA P104-100"", ""pci_bus"": ""00000000:0D:00.0"", ""pcie"": ""Gen1 x1"", ""util_pct"": 0.0, ""power_w"": 53.04, ""vram_used_mib"": 5738.0}, {""index"": 5, ""name"": ""NVIDIA P104-100"", ""pci_bus"": ""00000000:0E:00.0"", ""pcie"": ""Gen1 x1"", ""util_pct"": 19.0, ""power_w"": 51.13, ""vram_used_mib"": 6274.0}]"
2026-08-16T14:47:15.670524+03:00,1786880835.670524,ctx_008192.txt,1,1,prefill,37.08920187793427,"[14.084507042253522, 100.0, 23.943661971830984, 10.328638497652582]",15875.55078125,5389.203125,10486.34765625,33.9465584486365,24575.99609375,379.53515625,1.5443327497375408,"[{""index"": 0, ""name"": ""NVIDIA P104-100"", ""pci_bus"": ""00000000:01:00.0"", ""pcie"": ""Gen1 x1"", ""util_pct"": 0.0, ""power_w"": 175.69, ""vram_used_mib"": 6086.0}, {""index"": 1, ""name"": ""NVIDIA P104-100"", ""pci_bus"": ""00000000:02:00.0"", ""pcie"": ""Gen1 x1"", ""util_pct"": 0.0, ""power_w"": 53.26, ""vram_used_mib"": 4708.0}, {""index"": 2, ""name"": ""NVIDIA P104-100"", ""pci_bus"": ""00000000:0A:00.0"", ""pcie"": ""Gen1 x1"", ""util_pct"": 35.0, ""power_w"": 51.93, ""vram_used_mib"": 5924.0}, {""index"": 3, ""name"": ""NVIDIA P104-100"", ""pci_bus"": ""00000000:0C:00.0"", ""pcie"": ""Gen1 x1"", ""util_pct"": 33.0, ""power_w"": 53.81, ""vram_used_mib"": 5670.0}, {""index"": 4, ""name"": ""NVIDIA P104-100"", ""pci_bus"": ""00000000:0D:00.0"", ""pcie"": ""Gen1 x1"", ""util_pct"": 14.0, ""power_w"": 54.2, ""vram_used_mib"": 5738.0}, {""index"": 5, ""name"": ""NVIDIA P104-100"", ""pci_bus"": ""00000000:0E:00.0"", ""pcie"": ""Gen1 x1"", ""util_pct"": 25.0, ""power_w"": 42.58, ""vram_used_mib"": 6274.0}]"
2026-08-16T14:47:17.815127+03:00,1786880837.815127,ctx_008192.txt,1,1,prefill,37.26635514018692,"[17.289719626168225, 100.0, 18.69158878504673, 13.08411214953271]",15875.55078125,5300.890625,10574.66015625,33.39027853610394,24575.99609375,379.53515625,1.5443327497375408,"[{""index"": 0, ""name"": ""NVIDIA P104-100"", ""pci_bus"": ""00000000:01:00.0"", ""pcie"": ""Gen1 x1"", ""util_pct"": 35.0, ""power_w"": 52.05, ""vram_used_mib"": 6086.0}, {""index"": 1, ""name"": ""NVIDIA P104-100"", ""pci_bus"": ""00000000:02:00.0"", ""pcie"": ""Gen1 x1"", ""util_pct"": 32.0, ""power_w"": 53.48, ""vram_used_mib"": 4708.0}, {""index"": 2, ""name"": ""NVIDIA P104-100"", ""pci_bus"": ""00000000:0A:00.0"", ""pcie"": ""Gen1 x1"", ""util_pct"": 3.0, ""power_w"": 63.53, ""vram_used_mib"": 5924.0}, {""index"": 3, ""name"": ""NVIDIA P104-100"", ""pci_bus"": ""00000000:0C:00.0"", ""pcie"": ""Gen1 x1"", ""util_pct"": 0.0, ""power_w"": 172.95, ""vram_used_mib"": 5670.0}, {""index"": 4, ""name"": ""NVIDIA P104-100"", ""pci_bus"": ""00000000:0D:00.0"", ""pcie"": ""Gen1 x1"", ""util_pct"": 11.0, ""power_w"": 52.94, ""vram_used_mib"": 5738.0}, {""index"": 5, ""name"": ""NVIDIA P104-100"", ""pci_bus"": ""00000000:0E:00.0"", ""pcie"": ""Gen1 x1"", ""util_pct"": 0.0, ""power_w"": 44.93, ""vram_used_mib"": 6274.0}]"
2026-08-16T14:47:19.960842+03:00,1786880839.960842,ctx_008192.txt,1,1,prefill,37.22287047841307,"[10.849056603773585, 100.0, 21.3953488372093, 15.09433962264151]",15875.55078125,5415.265625,10460.28515625,34.110725981209804,24575.99609375,379.53125,1.5443168551630744,"[{""index"": 0, ""name"": ""NVIDIA P104-100"", ""pci_bus"": ""00000000:01:00.0"", ""pcie"": ""Gen1 x1"", ""util_pct"": 0.0, ""power_w"": 135.04, ""vram_used_mib"": 6086.0}, {""index"": 1, ""name"": ""NVIDIA P104-100"", ""pci_bus"": ""00000000:02:00.0"", ""pcie"": ""Gen1 x1"", ""util_pct"": 0.0, ""power_w"": 53.26, ""vram_used_mib"": 4708.0}, {""index"": 2, ""name"": ""NVIDIA P104-100"", ""pci_bus"": ""00000000:0A:00.0"", ""pcie"": ""Gen1 x1"", ""util_pct"": 22.0, ""power_w"": 52.05, ""vram_used_mib"": 5924.0}, {""index"": 3, ""name"": ""NVIDIA P104-100"", ""pci_bus"": ""00000000:0C:00.0"", ""pcie"": ""Gen1 x1"", ""util_pct"": 33.0, ""power_w"": 53.83, ""vram_used_mib"": 5670.0}, {""index"": 4, ""name"": ""NVIDIA P104-100"", ""pci_bus"": ""00000000:0D:00.0"", ""pcie"": ""Gen1 x1"", ""util_pct"": 33.0, ""power_w"": 53.55, ""vram_used_mib"": 5738.0}, {""index"": 5, ""name"": ""NVIDIA P104-100"", ""pci_bus"": ""00000000:0E:00.0"", ""pcie"": ""Gen1 x1"", ""util_pct"": 0.0, ""power_w"": 56.21, ""vram_used_mib"": 6274.0}]"
2026-08-16T14:47:22.097792+03:00,1786880842.097792,ctx_008192.txt,1,1,prefill,37.47072599531616,"[14.485981308411215, 100.0, 15.09433962264151, 20.560747663551403]",15875.55078125,5264.3984375,10611.15234375,33.16041446396668,24575.99609375,379.53125,1.5443168551630744,"[{""index"": 0, ""name"": ""NVIDIA P104-100"", ""pci_bus"": ""00000000:01:00.0"", ""pcie"": ""Gen1 x1"", ""util_pct"": 36.0, ""power_w"": 51.67, ""vram_used_mib"": 6086.0}, {""index"": 1, ""name"": ""NVIDIA P104-100"", ""pci_bus"": ""00000000:02:00.0"", ""pcie"": ""Gen1 x1"", ""util_pct"": 0.0, ""power_w"": 55.28, ""vram_used_mib"": 4708.0}, {""index"": 2, ""name"": ""NVIDIA P104-100"", ""pci_bus"": ""00000000:0A:00.0"", ""pcie"": ""Gen1 x1"", ""util_pct"": 32.0, ""power_w"": 183.07, ""vram_used_mib"": 5924.0}, {""index"": 3, ""name"": ""NVIDIA P104-100"", ""pci_bus"": ""00000000:0C:00.0"", ""pcie"": ""Gen1 x1"", ""util_pct"": 26.0, ""power_w"": 53.81, ""vram_used_mib"": 5670.0}, {""index"": 4, ""name"": ""NVIDIA P104-100"", ""pci_bus"": ""00000000:0D:00.0"", ""pcie"": ""Gen1 x1"", ""util_pct"": 0.0, ""power_w"": 53.96, ""vram_used_mib"": 5738.0}, {""index"": 5, ""name"": ""NVIDIA P104-100"", ""pci_bus"": ""00000000:0E:00.0"", ""pcie"": ""Gen1 x1"", ""util_pct"": 23.0, ""power_w"": 50.91, ""vram_used_mib"": 6274.0}]"
2026-08-16T14:47:24.214047+03:00,1786880844.214047,ctx_008192.txt,1,1,prefill,52.49406175771971,"[17.452830188679247, 100.0, 20.476190476190474, 72.2488038277512]",15875.55078125,5333.3671875,10542.18359375,33.5948482102368,24575.99609375,379.53125,1.5443168551630744,"[{""index"": 0, ""name"": ""NVIDIA P104-100"", ""pci_bus"": ""00000000:01:00.0"", ""pcie"": ""Gen1 x1"", ""util_pct"": 34.0, ""power_w"": 51.87, ""vram_used_mib"": 6086.0}, {""index"": 1, ""name"": ""NVIDIA P104-100"", ""pci_bus"": ""00000000:02:00.0"", ""pcie"": ""Gen1 x1"", ""util_pct"": 33.0, ""power_w"": 53.26, ""vram_used_mib"": 4708.0}, {""index"": 2, ""name"": ""NVIDIA P104-100"", ""pci_bus"": ""00000000:0A:00.0"", ""pcie"": ""Gen1 x1"", ""util_pct"": 35.0, ""power_w"": 51.75, ""vram_used_mib"": 5924.0}, {""index"": 3, ""name"": ""NVIDIA P104-100"", ""pci_bus"": ""00000000:0C:00.0"", ""pcie"": ""Gen1 x1"", ""util_pct"": 21.0, ""power_w"": 55.04, ""vram_used_mib"": 5670.0}, {""index"": 4, ""name"": ""NVIDIA P104-100"", ""pci_bus"": ""00000000:0D:00.0"", ""pcie"": ""Gen1 x1"", ""util_pct"": 0.0, ""power_w"": 62.69, ""vram_used_mib"": 5738.0}, {""index"": 5, ""name"": ""NVIDIA P104-100"", ""pci_bus"": ""00000000:0E:00.0"", ""pcie"": ""Gen1 x1"", ""util_pct"": 0.0, ""power_w"": 167.16, ""vram_used_mib"": 6274.0}]"
2026-08-16T14:47:26.353066+03:00,1786880846.353066,ctx_008192.txt,1,1,prefill,36.928487690504106,"[15.023474178403756, 100.0, 13.488372093023257, 19.626168224299064]",15875.55078125,5372.515625,10503.03515625,33.84144398533417,24575.99609375,379.53125,1.5443168551630744,"[{""index"": 0, ""name"": ""NVIDIA P104-100"", ""pci_bus"": ""00000000:01:00.0"", ""pcie"": ""Gen1 x1"", ""util_pct"": 12.0, ""power_w"": 52.71, ""vram_used_mib"": 6086.0}, {""index"": 1, ""name"": ""NVIDIA P104-100"", ""pci_bus"": ""00000000:02:00.0"", ""pcie"": ""Gen1 x1"", ""util_pct"": 3.0, ""power_w"": 95.19, ""vram_used_mib"": 4708.0}, {""index"": 2, ""name"": ""NVIDIA P104-100"", ""pci_bus"": ""00000000:0A:00.0"", ""pcie"": ""Gen1 x1"", ""util_pct"": 1.0, ""power_w"": 124.52, ""vram_used_mib"": 5924.0}, {""index"": 3, ""name"": ""NVIDIA P104-100"", ""pci_bus"": ""00000000:0C:00.0"", ""pcie"": ""Gen1 x1"", ""util_pct"": 9.0, ""power_w"": 54.81, ""vram_used_mib"": 5670.0}, {""index"": 4, ""name"": ""NVIDIA P104-100"", ""pci_bus"": ""00000000:0D:00.0"", ""pcie"": ""Gen1 x1"", ""util_pct"": 33.0, ""power_w"": 54.2, ""vram_used_mib"": 5738.0}, {""index"": 5, ""name"": ""NVIDIA P104-100"", ""pci_bus"": ""00000000:0E:00.0"", ""pcie"": ""Gen1 x1"", ""util_pct"": 23.0, ""power_w"": 51.16, ""vram_used_mib"": 6274.0}]"
2026-08-16T14:47:28.494592+03:00,1786880848.494592,ctx_008192.txt,1,1,prefill,36.811254396248536,"[12.206572769953052, 100.0, 18.39622641509434, 15.96244131455399]",15875.55078125,5386.34765625,10489.203125,33.92857186795438,24575.99609375,379.53125,1.5443168551630744,"[{""index"": 0, ""name"": ""NVIDIA P104-100"", ""pci_bus"": ""00000000:01:00.0"", ""pcie"": ""Gen1 x1"", ""util_pct"": 25.0, ""power_w"": 52.02, ""vram_used_mib"": 6086.0}, {""index"": 1, ""name"": ""NVIDIA P104-100"", ""pci_bus"": ""00000000:02:00.0"", ""pcie"": ""Gen1 x1"", ""util_pct"": 32.0, ""power_w"": 53.25, ""vram_used_mib"": 4708.0}, {""index"": 2, ""name"": ""NVIDIA P104-100"", ""pci_bus"": ""00000000:0A:00.0"", ""pcie"": ""Gen1 x1"", ""util_pct"": 35.0, ""power_w"": 52.0, ""vram_used_mib"": 5924.0}, {""index"": 3, ""name"": ""NVIDIA P104-100"", ""pci_bus"": ""00000000:0C:00.0"", ""pcie"": ""Gen1 x1"", ""util_pct"": 30.0, ""power_w"": 67.88, ""vram_used_mib"": 5670.0}, {""index"": 4, ""name"": ""NVIDIA P104-100"", ""pci_bus"": ""00000000:0D:00.0"", ""pcie"": ""Gen1 x1"", ""util_pct"": 0.0, ""power_w"": 169.75, ""vram_used_mib"": 5738.0}, {""index"": 5, ""name"": ""NVIDIA P104-100"", ""pci_bus"": ""00000000:0E:00.0"", ""pcie"": ""Gen1 x1"", ""util_pct"": 27.0, ""power_w"": 50.95, ""vram_used_mib"": 6274.0}]"
2026-08-16T14:47:30.628720+03:00,1786880850.628720,ctx_008192.txt,1,1,prefill,36.811254396248536,"[11.79245283018868, 100.0, 22.535211267605632, 13.08411214953271]",15875.55078125,5336.27734375,10539.2734375,33.61317926715633,24575.99609375,379.53125,1.5443168551630744,"[{""index"": 0, ""name"": ""NVIDIA P104-100"", ""pci_bus"": ""00000000:01:00.0"", ""pcie"": ""Gen1 x1"", ""util_pct"": 13.0, ""power_w"": 174.68, ""vram_used_mib"": 6086.0}, {""index"": 1, ""name"": ""NVIDIA P104-100"", ""pci_bus"": ""00000000:02:00.0"", ""pcie"": ""Gen1 x1"", ""util_pct"": 33.0, ""power_w"": 53.25, ""vram_used_mib"": 4708.0}, {""index"": 2, ""name"": ""NVIDIA P104-100"", ""pci_bus"": ""00000000:0A:00.0"", ""pcie"": ""Gen1 x1"", ""util_pct"": 1.0, ""power_w"": 51.86, ""vram_used_mib"": 5924.0}, {""index"": 3, ""name"": ""NVIDIA P104-100"", ""pci_bus"": ""00000000:0C:00.0"", ""pcie"": ""Gen1 x1"", ""util_pct"": 8.0, ""power_w"": 54.81, ""vram_used_mib"": 5670.0}, {""index"": 4, ""name"": ""NVIDIA P104-100"", ""pci_bus"": ""00000000:0D:00.0"", ""pcie"": ""Gen1 x1"", ""util_pct"": 59.0, ""power_w"": 54.55, ""vram_used_mib"": 5738.0}, {""index"": 5, ""name"": ""NVIDIA P104-100"", ""pci_bus"": ""00000000:0E:00.0"", ""pcie"": ""Gen1 x1"", ""util_pct"": 21.0, ""power_w"": 51.74, ""vram_used_mib"": 6274.0}]"
2026-08-16T14:47:32.777740+03:00,1786880852.777740,ctx_008192.txt,1,1,prefill,37.22287047841307,"[18.69158878504673, 100.0, 14.553990610328638, 15.348837209302326]",15875.55078125,5356.54296875,10519.0078125,33.74083231856375,24575.99609375,379.53125,1.5443168551630744,"[{""index"": 0, ""name"": ""NVIDIA P104-100"", ""pci_bus"": ""00000000:01:00.0"", ""pcie"": ""Gen1 x1"", ""util_pct"": 25.0, ""power_w"": 52.25, ""vram_used_mib"": 6086.0}, {""index"": 1, ""name"": ""NVIDIA P104-100"", ""pci_bus"": ""00000000:02:00.0"", ""pcie"": ""Gen1 x1"", ""util_pct"": 15.0, ""power_w"": 73.29, ""vram_used_mib"": 4708.0}, {""index"": 2, ""name"": ""NVIDIA P104-100"", ""pci_bus"": ""00000000:0A:00.0"", ""pcie"": ""Gen1 x1"", ""util_pct"": 1.0, ""power_w"": 156.57, ""vram_used_mib"": 5924.0}, {""index"": 3, ""name"": ""NVIDIA P104-100"", ""pci_bus"": ""00000000:0C:00.0"", ""pcie"": ""Gen1 x1"", ""util_pct"": 1.0, ""power_w"": 134.52, ""vram_used_mib"": 5670.0}, {""index"": 4, ""name"": ""NVIDIA P104-100"", ""pci_bus"": ""00000000:0D:00.0"", ""pcie"": ""Gen1 x1"", ""util_pct"": 35.0, ""power_w"": 53.06, ""vram_used_mib"": 5738.0}, {""index"": 5, ""name"": ""NVIDIA P104-100"", ""pci_bus"": ""00000000:0E:00.0"", ""pcie"": ""Gen1 x1"", ""util_pct"": 24.0, ""power_w"": 50.98, ""vram_used_mib"": 6274.0}]"
2026-08-16T14:47:34.908243+03:00,1786880854.908243,ctx_008192.txt,1,1,prefill,37.01527614571093,"[9.859154929577464, 100.0, 23.364485981308412, 14.150943396226415]",15875.55078125,5374.94140625,10500.609375,33.85672396700804,24575.99609375,379.53125,1.5443168551630744,"[{""index"": 0, ""name"": ""NVIDIA P104-100"", ""pci_bus"": ""00000000:01:00.0"", ""pcie"": ""Gen1 x1"", ""util_pct"": 34.0, ""power_w"": 52.1, ""vram_used_mib"": 6086.0}, {""index"": 1, ""name"": ""NVIDIA P104-100"", ""pci_bus"": ""00000000:02:00.0"", ""pcie"": ""Gen1 x1"", ""util_pct"": 34.0, ""power_w"": 50.53, ""vram_used_mib"": 4708.0}, {""index"": 2, ""name"": ""NVIDIA P104-100"", ""pci_bus"": ""00000000:0A:00.0"", ""pcie"": ""Gen1 x1"", ""util_pct"": 36.0, ""power_w"": 51.75, ""vram_used_mib"": 5924.0}, {""index"": 3, ""name"": ""NVIDIA P104-100"", ""pci_bus"": ""00000000:0C:00.0"", ""pcie"": ""Gen1 x1"", ""util_pct"": 21.0, ""power_w"": 55.14, ""vram_used_mib"": 5670.0}, {""index"": 4, ""name"": ""NVIDIA P104-100"", ""pci_bus"": ""00000000:0D:00.0"", ""pcie"": ""Gen1 x1"", ""util_pct"": 1.0, ""power_w"": 113.44, ""vram_used_mib"": 5738.0}, {""index"": 5, ""name"": ""NVIDIA P104-100"", ""pci_bus"": ""00000000:0E:00.0"", ""pcie"": ""Gen1 x1"", ""util_pct"": 0.0, ""power_w"": 96.23, ""vram_used_mib"": 6274.0}]"
2026-08-16T14:47:37.040171+03:00,1786880857.040171,ctx_008192.txt,1,1,prefill,37.250293772032904,"[13.744075829383887, 100.0, 16.037735849056602, 18.867924528301888]",15875.55078125,5268.57421875,10606.9765625,33.18671768523779,24575.99609375,379.53125,1.5443168551630744,"[{""index"": 0, ""name"": ""NVIDIA P104-100"", ""pci_bus"": ""00000000:01:00.0"", ""pcie"": ""Gen1 x1"", ""util_pct"": 0.0, ""power_w"": 171.88, ""vram_used_mib"": 6086.0}, {""index"": 1, ""name"": ""NVIDIA P104-100"", ""pci_bus"": ""00000000:02:00.0"", ""pcie"": ""Gen1 x1"", ""util_pct"": 1.0, ""power_w"": 53.26, ""vram_used_mib"": 4708.0}, {""index"": 2, ""name"": ""NVIDIA P104-100"", ""pci_bus"": ""00000000:0A:00.0"", ""pcie"": ""Gen1 x1"", ""util_pct"": 16.0, ""power_w"": 51.88, ""vram_used_mib"": 5924.0}, {""index"": 3, ""name"": ""NVIDIA P104-100"", ""pci_bus"": ""00000000:0C:00.0"", ""pcie"": ""Gen1 x1"", ""util_pct"": 33.0, ""power_w"": 53.91, ""vram_used_mib"": 5670.0}, {""index"": 4, ""name"": ""NVIDIA P104-100"", ""pci_bus"": ""00000000:0D:00.0"", ""pcie"": ""Gen1 x1"", ""util_pct"": 34.0, ""power_w"": 53.55, ""vram_used_mib"": 5738.0}, {""index"": 5, ""name"": ""NVIDIA P104-100"", ""pci_bus"": ""00000000:0E:00.0"", ""pcie"": ""Gen1 x1"", ""util_pct"": 0.0, ""power_w"": 52.85, ""vram_used_mib"": 6274.0}]"
2026-08-16T14:47:39.157265+03:00,1786880859.157265,ctx_008192.txt,1,1,prefill,36.654804270462634,"[9.95260663507109, 100.0, 20.85308056872038, 15.639810426540285]",15875.55078125,5336.1171875,10539.43359375,33.61217044388962,24575.99609375,379.53125,1.5443168551630744,"[{""index"": 0, ""name"": ""NVIDIA P104-100"", ""pci_bus"": ""00000000:01:00.0"", ""pcie"": ""Gen1 x1"", ""util_pct"": 37.0, ""power_w"": 52.3, ""vram_used_mib"": 6086.0}, {""index"": 1, ""name"": ""NVIDIA P104-100"", ""pci_bus"": ""00000000:02:00.0"", ""pcie"": ""Gen1 x1"", ""util_pct"": 0.0, ""power_w"": 85.08, ""vram_used_mib"": 4708.0}, {""index"": 2, ""name"": ""NVIDIA P104-100"", ""pci_bus"": ""00000000:0A:00.0"", ""pcie"": ""Gen1 x1"", ""util_pct"": 1.0, ""power_w"": 138.07, ""vram_used_mib"": 5924.0}, {""index"": 3, ""name"": ""NVIDIA P104-100"", ""pci_bus"": ""00000000:0C:00.0"", ""pcie"": ""Gen1 x1"", ""util_pct"": 34.0, ""power_w"": 54.81, ""vram_used_mib"": 5670.0}, {""index"": 4, ""name"": ""NVIDIA P104-100"", ""pci_bus"": ""00000000:0D:00.0"", ""pcie"": ""Gen1 x1"", ""util_pct"": 11.0, ""power_w"": 53.06, ""vram_used_mib"": 5738.0}, {""index"": 5, ""name"": ""NVIDIA P104-100"", ""pci_bus"": ""00000000:0E:00.0"", ""pcie"": ""Gen1 x1"", ""util_pct"": 24.0, ""power_w"": 51.16, ""vram_used_mib"": 6274.0}]"
2026-08-16T14:47:41.287990+03:00,1786880861.287990,ctx_008192.txt,1,1,prefill,36.470588235294116,"[17.84037558685446, 100.0, 15.09433962264151, 13.145539906103286]",15875.55078125,5380.234375,10495.31640625,33.8900643457006,24575.99609375,379.52734375,1.5443009605886078,"[{""index"": 0, ""name"": ""NVIDIA P104-100"", ""pci_bus"": ""00000000:01:00.0"", ""pcie"": ""Gen1 x1"", ""util_pct"": 37.0, ""power_w"": 51.99, ""vram_used_mib"": 6086.0}, {""index"": 1, ""name"": ""NVIDIA P104-100"", ""pci_bus"": ""00000000:02:00.0"", ""pcie"": ""Gen1 x1"", ""util_pct"": 28.0, ""power_w"": 53.48, ""vram_used_mib"": 4708.0}, {""index"": 2, ""name"": ""NVIDIA P104-100"", ""pci_bus"": ""00000000:0A:00.0"", ""pcie"": ""Gen1 x1"", ""util_pct"": 1.0, ""power_w"": 60.03, ""vram_used_mib"": 5924.0}, {""index"": 3, ""name"": ""NVIDIA P104-100"", ""pci_bus"": ""00000000:0C:00.0"", ""pcie"": ""Gen1 x1"", ""util_pct"": 1.0, ""power_w"": 177.84, ""vram_used_mib"": 5670.0}, {""index"": 4, ""name"": ""NVIDIA P104-100"", ""pci_bus"": ""00000000:0D:00.0"", ""pcie"": ""Gen1 x1"", ""util_pct"": 35.0, ""power_w"": 53.02, ""vram_used_mib"": 5738.0}, {""index"": 5, ""name"": ""NVIDIA P104-100"", ""pci_bus"": ""00000000:0E:00.0"", ""pcie"": ""Gen1 x1"", ""util_pct"": 11.0, ""power_w"": 51.13, ""vram_used_mib"": 6274.0}]"
2026-08-16T14:47:43.432444+03:00,1786880863.432444,ctx_008192.txt,1,1,prefill,37.33955659276546,"[16.822429906542055, 100.0, 17.370892018779344, 15.023474178403756]",15875.55078125,5295.5390625,10580.01171875,33.35656907572842,24575.99609375,379.52734375,1.5443009605886078,"[{""index"": 0, ""name"": ""NVIDIA P104-100"", ""pci_bus"": ""00000000:01:00.0"", ""pcie"": ""Gen1 x1"", ""util_pct"": 0.0, ""power_w"": 51.77, ""vram_used_mib"": 6086.0}, {""index"": 1, ""name"": ""NVIDIA P104-100"", ""pci_bus"": ""00000000:02:00.0"", ""pcie"": ""Gen1 x1"", ""util_pct"": 0.0, ""power_w"": 52.95, ""vram_used_mib"": 4708.0}, {""index"": 2, ""name"": ""NVIDIA P104-100"", ""pci_bus"": ""00000000:0A:00.0"", ""pcie"": ""Gen1 x1"", ""util_pct"": 0.0, ""power_w"": 50.18, ""vram_used_mib"": 5924.0}, {""index"": 3, ""name"": ""NVIDIA P104-100"", ""pci_bus"": ""00000000:0C:00.0"", ""pcie"": ""Gen1 x1"", ""util_pct"": 0.0, ""power_w"": 53.62, ""vram_used_mib"": 5670.0}, {""index"": 4, ""name"": ""NVIDIA P104-100"", ""pci_bus"": ""00000000:0D:00.0"", ""pcie"": ""Gen1 x1"", ""util_pct"": 0.0, ""power_w"": 52.0, ""vram_used_mib"": 5738.0}, {""index"": 5, ""name"": ""NVIDIA P104-100"", ""pci_bus"": ""00000000:0E:00.0"", ""pcie"": ""Gen1 x1"", ""util_pct"": 98.0, ""power_w"": 109.48, ""vram_used_mib"": 6274.0}]"
2026-08-16T14:47:45.577773+03:00,1786880865.577773,ctx_008192.txt,1,1,prefill,37.26635514018692,"[11.267605633802816, 100.0, 17.289719626168225, 20.46511627906977]",15875.55078125,5329.05078125,10546.5,33.56765919292663,24575.99609375,379.52734375,1.5443009605886078,"[{""index"": 0, ""name"": ""NVIDIA P104-100"", ""pci_bus"": ""00000000:01:00.0"", ""pcie"": ""Gen1 x1"", ""util_pct"": 0.0, ""power_w"": 107.13, ""vram_used_mib"": 6086.0}, {""index"": 1, ""name"": ""NVIDIA P104-100"", ""pci_bus"": ""00000000:02:00.0"", ""pcie"": ""Gen1 x1"", ""util_pct"": 1.0, ""power_w"": 53.26, ""vram_used_mib"": 4708.0}, {""index"": 2, ""name"": ""NVIDIA P104-100"", ""pci_bus"": ""00000000:0A:00.0"", ""pcie"": ""Gen1 x1"", ""util_pct"": 1.0, ""power_w"": 50.35, ""vram_used_mib"": 5924.0}, {""index"": 3, ""name"": ""NVIDIA P104-100"", ""pci_bus"": ""00000000:0C:00.0"", ""pcie"": ""Gen1 x1"", ""util_pct"": 23.0, ""power_w"": 45.41, ""vram_used_mib"": 5670.0}, {""index"": 4, ""name"": ""NVIDIA P104-100"", ""pci_bus"": ""00000000:0D:00.0"", ""pcie"": ""Gen1 x1"", ""util_pct"": 34.0, ""power_w"": 52.56, ""vram_used_mib"": 5738.0}, {""index"": 5, ""name"": ""NVIDIA P104-100"", ""pci_bus"": ""00000000:0E:00.0"", ""pcie"": ""Gen1 x1"", ""util_pct"": 0.0, ""power_w"": 51.15, ""vram_used_mib"": 6274.0}]"
2026-08-16T14:47:47.714148+03:00,1786880867.714148,ctx_008192.txt,1,1,prefill,49.58775029446407,"[9.389671361502348, 75.34883720930233, 92.5233644859813, 20.095693779904305]",15875.55078125,5369.90625,10505.64453125,33.82500754772042,24575.99609375,379.52734375,1.5443009605886078,"[{""index"": 0, ""name"": ""NVIDIA P104-100"", ""pci_bus"": ""00000000:01:00.0"", ""pcie"": ""Gen1 x1"", ""util_pct"": 33.0, ""power_w"": 61.47, ""vram_used_mib"": 6086.0}, {""index"": 1, ""name"": ""NVIDIA P104-100"", ""pci_bus"": ""00000000:02:00.0"", ""pcie"": ""Gen1 x1"", ""util_pct"": 6.0, ""power_w"": 162.99, ""vram_used_mib"": 4708.0}, {""index"": 2, ""name"": ""NVIDIA P104-100"", ""pci_bus"": ""00000000:0A:00.0"", ""pcie"": ""Gen1 x1"", ""util_pct"": 1.0, ""power_w"": 52.07, ""vram_used_mib"": 5924.0}, {""index"": 3, ""name"": ""NVIDIA P104-100"", ""pci_bus"": ""00000000:0C:00.0"", ""pcie"": ""Gen1 x1"", ""util_pct"": 35.0, ""power_w"": 50.08, ""vram_used_mib"": 5670.0}, {""index"": 4, ""name"": ""NVIDIA P104-100"", ""pci_bus"": ""00000000:0D:00.0"", ""pcie"": ""Gen1 x1"", ""util_pct"": 35.0, ""power_w"": 52.46, ""vram_used_mib"": 5738.0}, {""index"": 5, ""name"": ""NVIDIA P104-100"", ""pci_bus"": ""00000000:0E:00.0"", ""pcie"": ""Gen1 x1"", ""util_pct"": 11.0, ""power_w"": 51.23, ""vram_used_mib"": 6274.0}]"
2026-08-16T14:47:49.830022+03:00,1786880869.830022,ctx_008192.txt,1,1,prefill,36.96682464454976,"[12.857142857142858, 17.061611374407583, 100.0, 17.92452830188679]",15875.55078125,5337.5078125,10538.04296875,33.62092998249815,24575.99609375,379.52734375,1.5443009605886078,"[{""index"": 0, ""name"": ""NVIDIA P104-100"", ""pci_bus"": ""00000000:01:00.0"", ""pcie"": ""Gen1 x1"", ""util_pct"": 0.0, ""power_w"": 52.46, ""vram_used_mib"": 6086.0}, {""index"": 1, ""name"": ""NVIDIA P104-100"", ""pci_bus"": ""00000000:02:00.0"", ""pcie"": ""Gen1 x1"", ""util_pct"": 1.0, ""power_w"": 89.42, ""vram_used_mib"": 4708.0}, {""index"": 2, ""name"": ""NVIDIA P104-100"", ""pci_bus"": ""00000000:0A:00.0"", ""pcie"": ""Gen1 x1"", ""util_pct"": 11.0, ""power_w"": 134.38, ""vram_used_mib"": 5924.0}, {""index"": 3, ""name"": ""NVIDIA P104-100"", ""pci_bus"": ""00000000:0C:00.0"", ""pcie"": ""Gen1 x1"", ""util_pct"": 21.0, ""power_w"": 54.91, ""vram_used_mib"": 5670.0}, {""index"": 4, ""name"": ""NVIDIA P104-100"", ""pci_bus"": ""00000000:0D:00.0"", ""pcie"": ""Gen1 x1"", ""util_pct"": 34.0, ""power_w"": 54.2, ""vram_used_mib"": 5738.0}, {""index"": 5, ""name"": ""NVIDIA P104-100"", ""pci_bus"": ""00000000:0E:00.0"", ""pcie"": ""Gen1 x1"", ""util_pct"": 25.0, ""power_w"": 51.16, ""vram_used_mib"": 6274.0}]"
2026-08-16T14:47:51.947766+03:00,1786880871.947766,ctx_008192.txt,1,1,prefill,36.717827626918535,"[13.80952380952381, 17.61904761904762, 100.0, 14.622641509433961]",15875.55078125,5311.3515625,10564.19921875,33.45617191923213,24575.99609375,379.52734375,1.5443009605886078,"[{""index"": 0, ""name"": ""NVIDIA P104-100"", ""pci_bus"": ""00000000:01:00.0"", ""pcie"": ""Gen1 x1"", ""util_pct"": 38.0, ""power_w"": 52.07, ""vram_used_mib"": 6086.0}, {""index"": 1, ""name"": ""NVIDIA P104-100"", ""pci_bus"": ""00000000:02:00.0"", ""pcie"": ""Gen1 x1"", ""util_pct"": 34.0, ""power_w"": 54.09, ""vram_used_mib"": 4708.0}, {""index"": 2, ""name"": ""NVIDIA P104-100"", ""pci_bus"": ""00000000:0A:00.0"", ""pcie"": ""Gen1 x1"", ""util_pct"": 1.0, ""power_w"": 105.09, ""vram_used_mib"": 5924.0}, {""index"": 3, ""name"": ""NVIDIA P104-100"", ""pci_bus"": ""00000000:0C:00.0"", ""pcie"": ""Gen1 x1"", ""util_pct"": 1.0, ""power_w"": 106.31, ""vram_used_mib"": 5670.0}, {""index"": 4, ""name"": ""NVIDIA P104-100"", ""pci_bus"": ""00000000:0D:00.0"", ""pcie"": ""Gen1 x1"", ""util_pct"": 26.0, ""power_w"": 53.06, ""vram_used_mib"": 5738.0}, {""index"": 5, ""name"": ""NVIDIA P104-100"", ""pci_bus"": ""00000000:0E:00.0"", ""pcie"": ""Gen1 x1"", ""util_pct"": 1.0, ""power_w"": 51.13, ""vram_used_mib"": 6274.0}]"
2026-08-16T14:47:54.085998+03:00,1786880874.085998,ctx_008192.txt,1,1,prefill,36.971830985915496,"[16.431924882629108, 16.74418604651163, 100.0, 15.42056074766355]",15875.55078125,5341.14453125,10534.40625,33.64383765228618,24575.99609375,379.52734375,1.5443009605886078,"[{""index"": 0, ""name"": ""NVIDIA P104-100"", ""pci_bus"": ""00000000:01:00.0"", ""pcie"": ""Gen1 x1"", ""util_pct"": 38.0, ""power_w"": 52.01, ""vram_used_mib"": 6086.0}, {""index"": 1, ""name"": ""NVIDIA P104-100"", ""pci_bus"": ""00000000:02:00.0"", ""pcie"": ""Gen1 x1"", ""util_pct"": 8.0, ""power_w"": 53.48, ""vram_used_mib"": 4708.0}, {""index"": 2, ""name"": ""NVIDIA P104-100"", ""pci_bus"": ""00000000:0A:00.0"", ""pcie"": ""Gen1 x1"", ""util_pct"": 34.0, ""power_w"": 53.42, ""vram_used_mib"": 5924.0}, {""index"": 3, ""name"": ""NVIDIA P104-100"", ""pci_bus"": ""00000000:0C:00.0"", ""pcie"": ""Gen1 x1"", ""util_pct"": 21.0, ""power_w"": 139.73, ""vram_used_mib"": 5670.0}, {""index"": 4, ""name"": ""NVIDIA P104-100"", ""pci_bus"": ""00000000:0D:00.0"", ""pcie"": ""Gen1 x1"", ""util_pct"": 1.0, ""power_w"": 60.06, ""vram_used_mib"": 5738.0}, {""index"": 5, ""name"": ""NVIDIA P104-100"", ""pci_bus"": ""00000000:0E:00.0"", ""pcie"": ""Gen1 x1"", ""util_pct"": 25.0, ""power_w"": 50.98, ""vram_used_mib"": 6274.0}]"
2026-08-16T14:47:56.218821+03:00,1786880876.218821,ctx_008192.txt,1,1,prefill,36.928487690504106,"[17.452830188679247, 12.735849056603774, 100.0, 16.50943396226415]",15875.55078125,5316.96484375,10558.5859375,33.49152994445813,24575.99609375,379.52734375,1.5443009605886078,"[{""index"": 0, ""name"": ""NVIDIA P104-100"", ""pci_bus"": ""00000000:01:00.0"", ""pcie"": ""Gen1 x1"", ""util_pct"": 0.0, ""power_w"": 52.01, ""vram_used_mib"": 6086.0}, {""index"": 1, ""name"": ""NVIDIA P104-100"", ""pci_bus"": ""00000000:02:00.0"", ""pcie"": ""Gen1 x1"", ""util_pct"": 35.0, ""power_w"": 53.25, ""vram_used_mib"": 4708.0}, {""index"": 2, ""name"": ""NVIDIA P104-100"", ""pci_bus"": ""00000000:0A:00.0"", ""pcie"": ""Gen1 x1"", ""util_pct"": 37.0, ""power_w"": 52.0, ""vram_used_mib"": 5924.0}, {""index"": 3, ""name"": ""NVIDIA P104-100"", ""pci_bus"": ""00000000:0C:00.0"", ""pcie"": ""Gen1 x1"", ""util_pct"": 1.0, ""power_w"": 60.05, ""vram_used_mib"": 5670.0}, {""index"": 4, ""name"": ""NVIDIA P104-100"", ""pci_bus"": ""00000000:0D:00.0"", ""pcie"": ""Gen1 x1"", ""util_pct"": 9.0, ""power_w"": 174.71, ""vram_used_mib"": 5738.0}, {""index"": 5, ""name"": ""NVIDIA P104-100"", ""pci_bus"": ""00000000:0E:00.0"", ""pcie"": ""Gen1 x1"", ""util_pct"": 1.0, ""power_w"": 51.19, ""vram_used_mib"": 6274.0}]"
2026-08-16T14:47:58.349689+03:00,1786880878.349689,ctx_008192.txt,1,1,prefill,36.86690223792697,"[5.164319248826291, 24.528301886792452, 100.0, 17.452830188679247]",15875.55078125,5365.46484375,10510.0859375,33.797031156153295,24575.99609375,379.52734375,1.5443009605886078,"[{""index"": 0, ""name"": ""NVIDIA P104-100"", ""pci_bus"": ""00000000:01:00.0"", ""pcie"": ""Gen1 x1"", ""util_pct"": 0.0, ""power_w"": 52.1, ""vram_used_mib"": 6086.0}, {""index"": 1, ""name"": ""NVIDIA P104-100"", ""pci_bus"": ""00000000:02:00.0"", ""pcie"": ""Gen1 x1"", ""util_pct"": 33.0, ""power_w"": 53.28, ""vram_used_mib"": 4708.0}, {""index"": 2, ""name"": ""NVIDIA P104-100"", ""pci_bus"": ""00000000:0A:00.0"", ""pcie"": ""Gen1 x1"", ""util_pct"": 65.0, ""power_w"": 52.1, ""vram_used_mib"": 5924.0}, {""index"": 3, ""name"": ""NVIDIA P104-100"", ""pci_bus"": ""00000000:0C:00.0"", ""pcie"": ""Gen1 x1"", ""util_pct"": 48.0, ""power_w"": 55.15, ""vram_used_mib"": 5670.0}, {""index"": 4, ""name"": ""NVIDIA P104-100"", ""pci_bus"": ""00000000:0D:00.0"", ""pcie"": ""Gen1 x1"", ""util_pct"": 69.0, ""power_w"": 59.69, ""vram_used_mib"": 5738.0}, {""index"": 5, ""name"": ""NVIDIA P104-100"", ""pci_bus"": ""00000000:0E:00.0"", ""pcie"": ""Gen1 x1"", ""util_pct"": 4.0, ""power_w"": 144.37, ""vram_used_mib"": 6274.0}]"
2026-08-16T14:48:00.507331+03:00,1786880880.507331,ctx_008192.txt,1,1,prefill,37.2093023255814,"[7.94392523364486, 10.74766355140187, 100.0, 29.62962962962963]",15875.55078125,5300.9765625,10574.57421875,33.39081985590559,24575.99609375,379.52734375,1.5443009605886078,"[{""index"": 0, ""name"": ""NVIDIA P104-100"", ""pci_bus"": ""00000000:01:00.0"", ""pcie"": ""Gen1 x1"", ""util_pct"": 0.0, ""power_w"": 161.56, ""vram_used_mib"": 6086.0}, {""index"": 1, ""name"": ""NVIDIA P104-100"", ""pci_bus"": ""00000000:02:00.0"", ""pcie"": ""Gen1 x1"", ""util_pct"": 1.0, ""power_w"": 140.73, ""vram_used_mib"": 4708.0}, {""index"": 2, ""name"": ""NVIDIA P104-100"", ""pci_bus"": ""00000000:0A:00.0"", ""pcie"": ""Gen1 x1"", ""util_pct"": 28.0, ""power_w"": 52.57, ""vram_used_mib"": 5924.0}, {""index"": 3, ""name"": ""NVIDIA P104-100"", ""pci_bus"": ""00000000:0C:00.0"", ""pcie"": ""Gen1 x1"", ""util_pct"": 35.0, ""power_w"": 54.76, ""vram_used_mib"": 5670.0}, {""index"": 4, ""name"": ""NVIDIA P104-100"", ""pci_bus"": ""00000000:0D:00.0"", ""pcie"": ""Gen1 x1"", ""util_pct"": 33.0, ""power_w"": 53.37, ""vram_used_mib"": 5738.0}, {""index"": 5, ""name"": ""NVIDIA P104-100"", ""pci_bus"": ""00000000:0E:00.0"", ""pcie"": ""Gen1 x1"", ""util_pct"": 25.0, ""power_w"": 51.23, ""vram_used_mib"": 6274.0}]"
2026-08-16T14:48:02.654393+03:00,1786880882.654393,ctx_008192.txt,1,1,prefill,37.52913752913753,"[18.69158878504673, 18.6046511627907, 100.0, 13.08411214953271]",15875.55078125,5317.296875,10558.25390625,33.49362140732814,24575.99609375,379.5234375,1.5442850660141414,"[{""index"": 0, ""name"": ""NVIDIA P104-100"", ""pci_bus"": ""00000000:01:00.0"", ""pcie"": ""Gen1 x1"", ""util_pct"": 0.0, ""power_w"": 84.56, ""vram_used_mib"": 6086.0}, {""index"": 1, ""name"": ""NVIDIA P104-100"", ""pci_bus"": ""00000000:02:00.0"", ""pcie"": ""Gen1 x1"", ""util_pct"": 1.0, ""power_w"": 136.89, ""vram_used_mib"": 4708.0}, {""index"": 2, ""name"": ""NVIDIA P104-100"", ""pci_bus"": ""00000000:0A:00.0"", ""pcie"": ""Gen1 x1"", ""util_pct"": 2.0, ""power_w"": 51.95, ""vram_used_mib"": 5924.0}, {""index"": 3, ""name"": ""NVIDIA P104-100"", ""pci_bus"": ""00000000:0C:00.0"", ""pcie"": ""Gen1 x1"", ""util_pct"": 19.0, ""power_w"": 54.77, ""vram_used_mib"": 5670.0}, {""index"": 4, ""name"": ""NVIDIA P104-100"", ""pci_bus"": ""00000000:0D:00.0"", ""pcie"": ""Gen1 x1"", ""util_pct"": 35.0, ""power_w"": 53.31, ""vram_used_mib"": 5738.0}, {""index"": 5, ""name"": ""NVIDIA P104-100"", ""pci_bus"": ""00000000:0E:00.0"", ""pcie"": ""Gen1 x1"", ""util_pct"": 28.0, ""power_w"": 42.31, ""vram_used_mib"": 6274.0}]"
2026-08-16T14:48:04.787607+03:00,1786880884.787607,ctx_008192.txt,1,1,prefill,37.250293772032904,"[6.161137440758294, 30.8411214953271, 100.0, 11.682242990654206]",15875.55078125,5315.890625,10559.66015625,33.48476344693749,24575.99609375,379.5234375,1.5442850660141414,"[{""index"": 0, ""name"": ""NVIDIA P104-100"", ""pci_bus"": ""00000000:01:00.0"", ""pcie"": ""Gen1 x1"", ""util_pct"": 9.0, ""power_w"": 162.6, ""vram_used_mib"": 6086.0}, {""index"": 1, ""name"": ""NVIDIA P104-100"", ""pci_bus"": ""00000000:02:00.0"", ""pcie"": ""Gen1 x1"", ""util_pct"": 13.0, ""power_w"": 53.51, ""vram_used_mib"": 4708.0}, {""index"": 2, ""name"": ""NVIDIA P104-100"", ""pci_bus"": ""00000000:0A:00.0"", ""pcie"": ""Gen1 x1"", ""util_pct"": 1.0, ""power_w"": 51.97, ""vram_used_mib"": 5924.0}, {""index"": 3, ""name"": ""NVIDIA P104-100"", ""pci_bus"": ""00000000:0C:00.0"", ""pcie"": ""Gen1 x1"", ""util_pct"": 1.0, ""power_w"": 54.89, ""vram_used_mib"": 5670.0}, {""index"": 4, ""name"": ""NVIDIA P104-100"", ""pci_bus"": ""00000000:0D:00.0"", ""pcie"": ""Gen1 x1"", ""util_pct"": 36.0, ""power_w"": 53.31, ""vram_used_mib"": 5738.0}, {""index"": 5, ""name"": ""NVIDIA P104-100"", ""pci_bus"": ""00000000:0E:00.0"", ""pcie"": ""Gen1 x1"", ""util_pct"": 0.0, ""power_w"": 45.3, ""vram_used_mib"": 6274.0}]"
2026-08-16T14:48:06.907125+03:00,1786880886.907125,ctx_008192.txt,1,1,prefill,37.234042553191486,"[21.327014218009477, 13.744075829383887, 100.0, 13.744075829383887]",15875.55078125,5263.8203125,10611.73046875,33.156772858028305,24575.99609375,379.51953125,1.544269171439675,"[{""index"": 0, ""name"": ""NVIDIA P104-100"", ""pci_bus"": ""00000000:01:00.0"", ""pcie"": ""Gen1 x1"", ""util_pct"": 1.0, ""power_w"": 167.63, ""vram_used_mib"": 6086.0}, {""index"": 1, ""name"": ""NVIDIA P104-100"", ""pci_bus"": ""00000000:02:00.0"", ""pcie"": ""Gen1 x1"", ""util_pct"": 0.0, ""power_w"": 53.25, ""vram_used_mib"": 4708.0}, {""index"": 2, ""name"": ""NVIDIA P104-100"", ""pci_bus"": ""00000000:0A:00.0"", ""pcie"": ""Gen1 x1"", ""util_pct"": 37.0, ""power_w"": 51.4, ""vram_used_mib"": 5924.0}, {""index"": 3, ""name"": ""NVIDIA P104-100"", ""pci_bus"": ""00000000:0C:00.0"", ""pcie"": ""Gen1 x1"", ""util_pct"": 35.0, ""power_w"": 54.89, ""vram_used_mib"": 5670.0}, {""index"": 4, ""name"": ""NVIDIA P104-100"", ""pci_bus"": ""00000000:0D:00.0"", ""pcie"": ""Gen1 x1"", ""util_pct"": 0.0, ""power_w"": 52.83, ""vram_used_mib"": 5738.0}, {""index"": 5, ""name"": ""NVIDIA P104-100"", ""pci_bus"": ""00000000:0E:00.0"", ""pcie"": ""Gen1 x1"", ""util_pct"": 8.0, ""power_w"": 52.35, ""vram_used_mib"": 6274.0}]"
2026-08-16T14:48:09.025384+03:00,1786880889.025384,ctx_008192.txt,1,1,prefill,37.88598574821853,"[18.95734597156398, 21.904761904761905, 99.05660377358491, 11.004784688995215]",15875.55078125,5324.88671875,10550.6640625,33.5414297879921,24575.99609375,379.515625,1.5442532768652084,"[{""index"": 0, ""name"": ""NVIDIA P104-100"", ""pci_bus"": ""00000000:01:00.0"", ""pcie"": ""Gen1 x1"", ""util_pct"": 39.0, ""power_w"": 52.12, ""vram_used_mib"": 6086.0}, {""index"": 1, ""name"": ""NVIDIA P104-100"", ""pci_bus"": ""00000000:02:00.0"", ""pcie"": ""Gen1 x1"", ""util_pct"": 35.0, ""power_w"": 53.72, ""vram_used_mib"": 4708.0}, {""index"": 2, ""name"": ""NVIDIA P104-100"", ""pci_bus"": ""00000000:0A:00.0"", ""pcie"": ""Gen1 x1"", ""util_pct"": 4.0, ""power_w"": 61.35, ""vram_used_mib"": 5924.0}, {""index"": 3, ""name"": ""NVIDIA P104-100"", ""pci_bus"": ""00000000:0C:00.0"", ""pcie"": ""Gen1 x1"", ""util_pct"": 1.0, ""power_w"": 178.9, ""vram_used_mib"": 5670.0}, {""index"": 4, ""name"": ""NVIDIA P104-100"", ""pci_bus"": ""00000000:0D:00.0"", ""pcie"": ""Gen1 x1"", ""util_pct"": 19.0, ""power_w"": 53.27, ""vram_used_mib"": 5738.0}, {""index"": 5, ""name"": ""NVIDIA P104-100"", ""pci_bus"": ""00000000:0E:00.0"", ""pcie"": ""Gen1 x1"", ""util_pct"": 1.0, ""power_w"": 50.98, ""vram_used_mib"": 6274.0}]"
2026-08-16T14:48:11.380852+03:00,1786880891.380852,ctx_008192.txt,1,1,prefill,50.0,"[27.77777777777778, 100.0, 48.51063829787234, 22.746781115879827]",15875.55078125,5337.66796875,10537.8828125,33.621938805764856,24575.99609375,379.49609375,1.544173803992876,"[{""index"": 0, ""name"": ""NVIDIA P104-100"", ""pci_bus"": ""00000000:01:00.0"", ""pcie"": ""Gen1 x1"", ""util_pct"": 39.0, ""power_w"": 52.1, ""vram_used_mib"": 6086.0}, {""index"": 1, ""name"": ""NVIDIA P104-100"", ""pci_bus"": ""00000000:02:00.0"", ""pcie"": ""Gen1 x1"", ""util_pct"": 34.0, ""power_w"": 53.59, ""vram_used_mib"": 4708.0}, {""index"": 2, ""name"": ""NVIDIA P104-100"", ""pci_bus"": ""00000000:0A:00.0"", ""pcie"": ""Gen1 x1"", ""util_pct"": 24.0, ""power_w"": 52.6, ""vram_used_mib"": 5924.0}, {""index"": 3, ""name"": ""NVIDIA P104-100"", ""pci_bus"": ""00000000:0C:00.0"", ""pcie"": ""Gen1 x1"", ""util_pct"": 1.0, ""power_w"": 88.79, ""vram_used_mib"": 5670.0}, {""index"": 4, ""name"": ""NVIDIA P104-100"", ""pci_bus"": ""00000000:0D:00.0"", ""pcie"": ""Gen1 x1"", ""util_pct"": 1.0, ""power_w"": 139.2, ""vram_used_mib"": 5738.0}, {""index"": 5, ""name"": ""NVIDIA P104-100"", ""pci_bus"": ""00000000:0E:00.0"", ""pcie"": ""Gen1 x1"", ""util_pct"": 0.0, ""power_w"": 51.21, ""vram_used_mib"": 6274.0}]"
2026-08-16T14:48:13.509514+03:00,1786880893.509514,ctx_008192.txt,1,1,prefill,36.63133097762073,"[8.962264150943396, 100.0, 14.622641509433961, 23.474178403755868]",15875.55078125,5357.453125,10518.09765625,33.746565387372144,24575.99609375,379.49609375,1.544173803992876,"[{""index"": 0, ""name"": ""NVIDIA P104-100"", ""pci_bus"": ""00000000:01:00.0"", ""pcie"": ""Gen1 x1"", ""util_pct"": 36.0, ""power_w"": 52.1, ""vram_used_mib"": 6086.0}, {""index"": 1, ""name"": ""NVIDIA P104-100"", ""pci_bus"": ""00000000:02:00.0"", ""pcie"": ""Gen1 x1"", ""util_pct"": 34.0, ""power_w"": 53.58, ""vram_used_mib"": 4708.0}, {""index"": 2, ""name"": ""NVIDIA P104-100"", ""pci_bus"": ""00000000:0A:00.0"", ""pcie"": ""Gen1 x1"", ""util_pct"": 38.0, ""power_w"": 53.42, ""vram_used_mib"": 5924.0}, {""index"": 3, ""name"": ""NVIDIA P104-100"", ""pci_bus"": ""00000000:0C:00.0"", ""pcie"": ""Gen1 x1"", ""util_pct"": 7.0, ""power_w"": 155.9, ""vram_used_mib"": 5670.0}, {""index"": 4, ""name"": ""NVIDIA P104-100"", ""pci_bus"": ""00000000:0D:00.0"", ""pcie"": ""Gen1 x1"", ""util_pct"": 1.0, ""power_w"": 54.3, ""vram_used_mib"": 5738.0}, {""index"": 5, ""name"": ""NVIDIA P104-100"", ""pci_bus"": ""00000000:0E:00.0"", ""pcie"": ""Gen1 x1"", ""util_pct"": 0.0, ""power_w"": 50.9, ""vram_used_mib"": 6274.0}]"
2026-08-16T14:48:15.642387+03:00,1786880895.642387,ctx_008192.txt,1,1,prefill,36.588235294117645,"[4.245283018867925, 100.0, 14.622641509433961, 26.540284360189574]",15875.55078125,5348.4921875,10527.05859375,33.6901204953273,24575.99609375,379.49609375,1.544173803992876,"[{""index"": 0, ""name"": ""NVIDIA P104-100"", ""pci_bus"": ""00000000:01:00.0"", ""pcie"": ""Gen1 x1"", ""util_pct"": 23.0, ""power_w"": 52.09, ""vram_used_mib"": 6086.0}, {""index"": 1, ""name"": ""NVIDIA P104-100"", ""pci_bus"": ""00000000:02:00.0"", ""pcie"": ""Gen1 x1"", ""util_pct"": 43.0, ""power_w"": 53.81, ""vram_used_mib"": 4708.0}, {""index"": 2, ""name"": ""NVIDIA P104-100"", ""pci_bus"": ""00000000:0A:00.0"", ""pcie"": ""Gen1 x1"", ""util_pct"": 76.0, ""power_w"": 56.68, ""vram_used_mib"": 5924.0}, {""index"": 3, ""name"": ""NVIDIA P104-100"", ""pci_bus"": ""00000000:0C:00.0"", ""pcie"": ""Gen1 x1"", ""util_pct"": 54.0, ""power_w"": 180.55, ""vram_used_mib"": 5670.0}, {""index"": 4, ""name"": ""NVIDIA P104-100"", ""pci_bus"": ""00000000:0D:00.0"", ""pcie"": ""Gen1 x1"", ""util_pct"": 0.0, ""power_w"": 178.46, ""vram_used_mib"": 5738.0}, {""index"": 5, ""name"": ""NVIDIA P104-100"", ""pci_bus"": ""00000000:0E:00.0"", ""pcie"": ""Gen1 x1"", ""util_pct"": 8.0, ""power_w"": 51.51, ""vram_used_mib"": 6274.0}]"
2026-08-16T14:48:17.782634+03:00,1786880897.782634,ctx_008192.txt,1,1,prefill,36.95906432748538,"[20.187793427230048, 100.0, 14.485981308411215, 13.08411214953271]",15875.55078125,5320.66015625,10554.890625,33.5148066959291,24575.99609375,379.49609375,1.544173803992876,"[{""index"": 0, ""name"": ""NVIDIA P104-100"", ""pci_bus"": ""00000000:01:00.0"", ""pcie"": ""Gen1 x1"", ""util_pct"": 40.0, ""power_w"": 52.1, ""vram_used_mib"": 6086.0}, {""index"": 1, ""name"": ""NVIDIA P104-100"", ""pci_bus"": ""00000000:02:00.0"", ""pcie"": ""Gen1 x1"", ""util_pct"": 36.0, ""power_w"": 53.26, ""vram_used_mib"": 4708.0}, {""index"": 2, ""name"": ""NVIDIA P104-100"", ""pci_bus"": ""00000000:0A:00.0"", ""pcie"": ""Gen1 x1"", ""util_pct"": 2.0, ""power_w"": 52.35, ""vram_used_mib"": 5924.0}, {""index"": 3, ""name"": ""NVIDIA P104-100"", ""pci_bus"": ""00000000:0C:00.0"", ""pcie"": ""Gen1 x1"", ""util_pct"": 1.0, ""power_w"": 67.24, ""vram_used_mib"": 5670.0}, {""index"": 4, ""name"": ""NVIDIA P104-100"", ""pci_bus"": ""00000000:0D:00.0"", ""pcie"": ""Gen1 x1"", ""util_pct"": 6.0, ""power_w"": 163.2, ""vram_used_mib"": 5738.0}, {""index"": 5, ""name"": ""NVIDIA P104-100"", ""pci_bus"": ""00000000:0E:00.0"", ""pcie"": ""Gen1 x1"", ""util_pct"": 1.0, ""power_w"": 51.19, ""vram_used_mib"": 6274.0}]"
2026-08-16T14:48:19.923535+03:00,1786880899.923535,ctx_008192.txt,1,1,prefill,37.002341920374704,"[15.42056074766355, 100.0, 20.560747663551403, 11.737089201877934]",15875.55078125,5301.0390625,10574.51171875,33.39121354303406,24575.99609375,379.49609375,1.544173803992876,"[{""index"": 0, ""name"": ""NVIDIA P104-100"", ""pci_bus"": ""00000000:01:00.0"", ""pcie"": ""Gen1 x1"", ""util_pct"": 40.0, ""power_w"": 52.1, ""vram_used_mib"": 6086.0}, {""index"": 1, ""name"": ""NVIDIA P104-100"", ""pci_bus"": ""00000000:02:00.0"", ""pcie"": ""Gen1 x1"", ""util_pct"": 36.0, ""power_w"": 53.58, ""vram_used_mib"": 4708.0}, {""index"": 2, ""name"": ""NVIDIA P104-100"", ""pci_bus"": ""00000000:0A:00.0"", ""pcie"": ""Gen1 x1"", ""util_pct"": 2.0, ""power_w"": 54.25, ""vram_used_mib"": 5924.0}, {""index"": 3, ""name"": ""NVIDIA P104-100"", ""pci_bus"": ""00000000:0C:00.0"", ""pcie"": ""Gen1 x1"", ""util_pct"": 2.0, ""power_w"": 180.49, ""vram_used_mib"": 5670.0}, {""index"": 4, ""name"": ""NVIDIA P104-100"", ""pci_bus"": ""00000000:0D:00.0"", ""pcie"": ""Gen1 x1"", ""util_pct"": 17.0, ""power_w"": 54.37, ""vram_used_mib"": 5738.0}, {""index"": 5, ""name"": ""NVIDIA P104-100"", ""pci_bus"": ""00000000:0E:00.0"", ""pcie"": ""Gen1 x1"", ""util_pct"": 2.0, ""power_w"": 50.98, ""vram_used_mib"": 6274.0}]"
2026-08-16T14:48:22.053454+03:00,1786880902.053454,ctx_008192.txt,1,1,prefill,36.8235294117647,"[22.535211267605632, 100.0, 18.39622641509434, 6.572769953051643]",15875.55078125,5363.69140625,10511.859375,33.78586028388287,24575.99609375,379.49609375,1.544173803992876,"[{""index"": 0, ""name"": ""NVIDIA P104-100"", ""pci_bus"": ""00000000:01:00.0"", ""pcie"": ""Gen1 x1"", ""util_pct"": 40.0, ""power_w"": 52.12, ""vram_used_mib"": 6086.0}, {""index"": 1, ""name"": ""NVIDIA P104-100"", ""pci_bus"": ""00000000:02:00.0"", ""pcie"": ""Gen1 x1"", ""util_pct"": 36.0, ""power_w"": 53.82, ""vram_used_mib"": 4708.0}, {""index"": 2, ""name"": ""NVIDIA P104-100"", ""pci_bus"": ""00000000:0A:00.0"", ""pcie"": ""Gen1 x1"", ""util_pct"": 2.0, ""power_w"": 80.53, ""vram_used_mib"": 5924.0}, {""index"": 3, ""name"": ""NVIDIA P104-100"", ""pci_bus"": ""00000000:0C:00.0"", ""pcie"": ""Gen1 x1"", ""util_pct"": 2.0, ""power_w"": 146.29, ""vram_used_mib"": 5670.0}, {""index"": 4, ""name"": ""NVIDIA P104-100"", ""pci_bus"": ""00000000:0D:00.0"", ""pcie"": ""Gen1 x1"", ""util_pct"": 17.0, ""power_w"": 53.39, ""vram_used_mib"": 5738.0}, {""index"": 5, ""name"": ""NVIDIA P104-100"", ""pci_bus"": ""00000000:0E:00.0"", ""pcie"": ""Gen1 x1"", ""util_pct"": 2.0, ""power_w"": 51.13, ""vram_used_mib"": 6274.0}]"
2026-08-16T14:48:24.197174+03:00,1786880904.197174,ctx_008192.txt,1,1,prefill,37.23653395784543,"[11.267605633802816, 100.0, 12.206572769953052, 24.170616113744074]",15875.55078125,5429.69140625,10445.859375,34.201593891550516,24575.99609375,379.49609375,1.544173803992876,"[{""index"": 0, ""name"": ""NVIDIA P104-100"", ""pci_bus"": ""00000000:01:00.0"", ""pcie"": ""Gen1 x1"", ""util_pct"": 0.0, ""power_w"": 52.14, ""vram_used_mib"": 6086.0}, {""index"": 1, ""name"": ""NVIDIA P104-100"", ""pci_bus"": ""00000000:02:00.0"", ""pcie"": ""Gen1 x1"", ""util_pct"": 0.0, ""power_w"": 53.3, ""vram_used_mib"": 4708.0}, {""index"": 2, ""name"": ""NVIDIA P104-100"", ""pci_bus"": ""00000000:0A:00.0"", ""pcie"": ""Gen1 x1"", ""util_pct"": 0.0, ""power_w"": 49.04, ""vram_used_mib"": 5924.0}, {""index"": 3, ""name"": ""NVIDIA P104-100"", ""pci_bus"": ""00000000:0C:00.0"", ""pcie"": ""Gen1 x1"", ""util_pct"": 0.0, ""power_w"": 54.71, ""vram_used_mib"": 5670.0}, {""index"": 4, ""name"": ""NVIDIA P104-100"", ""pci_bus"": ""00000000:0D:00.0"", ""pcie"": ""Gen1 x1"", ""util_pct"": 0.0, ""power_w"": 52.0, ""vram_used_mib"": 5738.0}, {""index"": 5, ""name"": ""NVIDIA P104-100"", ""pci_bus"": ""00000000:0E:00.0"", ""pcie"": ""Gen1 x1"", ""util_pct"": 98.0, ""power_w"": 99.69, ""vram_used_mib"": 6274.0}]"
2026-08-16T14:48:26.336187+03:00,1786880906.336187,ctx_008192.txt,1,1,prefill,36.53395784543326,"[19.1588785046729, 100.0, 13.08411214953271, 14.883720930232558]",15875.55078125,5391.60546875,10483.9453125,33.96169079763719,24575.99609375,379.4921875,1.5441579094184095,"[{""index"": 0, ""name"": ""NVIDIA P104-100"", ""pci_bus"": ""00000000:01:00.0"", ""pcie"": ""Gen1 x1"", ""util_pct"": 40.0, ""power_w"": 52.12, ""vram_used_mib"": 6086.0}, {""index"": 1, ""name"": ""NVIDIA P104-100"", ""pci_bus"": ""00000000:02:00.0"", ""pcie"": ""Gen1 x1"", ""util_pct"": 35.0, ""power_w"": 53.36, ""vram_used_mib"": 4708.0}, {""index"": 2, ""name"": ""NVIDIA P104-100"", ""pci_bus"": ""00000000:0A:00.0"", ""pcie"": ""Gen1 x1"", ""util_pct"": 32.0, ""power_w"": 49.02, ""vram_used_mib"": 5924.0}, {""index"": 3, ""name"": ""NVIDIA P104-100"", ""pci_bus"": ""00000000:0C:00.0"", ""pcie"": ""Gen1 x1"", ""util_pct"": 0.0, ""power_w"": 54.14, ""vram_used_mib"": 5670.0}, {""index"": 4, ""name"": ""NVIDIA P104-100"", ""pci_bus"": ""00000000:0D:00.0"", ""pcie"": ""Gen1 x1"", ""util_pct"": 36.0, ""power_w"": 65.32, ""vram_used_mib"": 5738.0}, {""index"": 5, ""name"": ""NVIDIA P104-100"", ""pci_bus"": ""00000000:0E:00.0"", ""pcie"": ""Gen1 x1"", ""util_pct"": 0.0, ""power_w"": 156.65, ""vram_used_mib"": 6274.0}]"
2026-08-16T14:48:28.466330+03:00,1786880908.466330,ctx_008192.txt,1,1,decode,37.1764705882353,"[18.39622641509434, 100.0, 21.327014218009477, 8.49056603773585]",15875.55078125,5317.2109375,10558.33984375,33.493080087526494,24575.99609375,379.4921875,1.5441579094184095,"[{""index"": 0, ""name"": ""NVIDIA P104-100"", ""pci_bus"": ""00000000:01:00.0"", ""pcie"": ""Gen1 x1"", ""util_pct"": 40.0, ""power_w"": 52.1, ""vram_used_mib"": 6086.0}, {""index"": 1, ""name"": ""NVIDIA P104-100"", ""pci_bus"": ""00000000:02:00.0"", ""pcie"": ""Gen1 x1"", ""util_pct"": 35.0, ""power_w"": 53.35, ""vram_used_mib"": 4708.0}, {""index"": 2, ""name"": ""NVIDIA P104-100"", ""pci_bus"": ""00000000:0A:00.0"", ""pcie"": ""Gen1 x1"", ""util_pct"": 20.0, ""power_w"": 52.0, ""vram_used_mib"": 5924.0}, {""index"": 3, ""name"": ""NVIDIA P104-100"", ""pci_bus"": ""00000000:0C:00.0"", ""pcie"": ""Gen1 x1"", ""util_pct"": 2.0, ""power_w"": 68.87, ""vram_used_mib"": 5670.0}, {""index"": 4, ""name"": ""NVIDIA P104-100"", ""pci_bus"": ""00000000:0D:00.0"", ""pcie"": ""Gen1 x1"", ""util_pct"": 2.0, ""power_w"": 170.86, ""vram_used_mib"": 5738.0}, {""index"": 5, ""name"": ""NVIDIA P104-100"", ""pci_bus"": ""00000000:0E:00.0"", ""pcie"": ""Gen1 x1"", ""util_pct"": 0.0, ""power_w"": 51.19, ""vram_used_mib"": 6274.0}]"
2026-08-16T14:48:30.596155+03:00,1786880910.596155,ctx_008192.txt,1,1,decode,37.08920187793427,"[21.5962441314554, 100.0, 13.615023474178404, 12.735849056603774]",15875.55078125,5345.53125,10530.01953125,33.67146956761589,24575.99609375,379.4921875,1.5441579094184095,"[{""index"": 0, ""name"": ""NVIDIA P104-100"", ""pci_bus"": ""00000000:01:00.0"", ""pcie"": ""Gen1 x1"", ""util_pct"": 41.0, ""power_w"": 52.05, ""vram_used_mib"": 6086.0}, {""index"": 1, ""name"": ""NVIDIA P104-100"", ""pci_bus"": ""00000000:02:00.0"", ""pcie"": ""Gen1 x1"", ""util_pct"": 37.0, ""power_w"": 54.09, ""vram_used_mib"": 4708.0}, {""index"": 2, ""name"": ""NVIDIA P104-100"", ""pci_bus"": ""00000000:0A:00.0"", ""pcie"": ""Gen1 x1"", ""util_pct"": 7.0, ""power_w"": 90.74, ""vram_used_mib"": 5924.0}, {""index"": 3, ""name"": ""NVIDIA P104-100"", ""pci_bus"": ""00000000:0C:00.0"", ""pcie"": ""Gen1 x1"", ""util_pct"": 2.0, ""power_w"": 124.19, ""vram_used_mib"": 5670.0}, {""index"": 4, ""name"": ""NVIDIA P104-100"", ""pci_bus"": ""00000000:0D:00.0"", ""pcie"": ""Gen1 x1"", ""util_pct"": 12.0, ""power_w"": 54.19, ""vram_used_mib"": 5738.0}, {""index"": 5, ""name"": ""NVIDIA P104-100"", ""pci_bus"": ""00000000:0E:00.0"", ""pcie"": ""Gen1 x1"", ""util_pct"": 51.0, ""power_w"": 51.13, ""vram_used_mib"": 6274.0}]"
2026-08-16T14:48:32.715896+03:00,1786880912.715896,ctx_008192.txt,1,1,decode,46.13555291319857,"[21.22641509433962, 98.58490566037736, 45.97156398104266, 18.75]",15875.55078125,5396.98828125,10478.5625,33.99559710157694,24575.99609375,379.48828125,1.544142014843943,"[{""index"": 0, ""name"": ""NVIDIA P104-100"", ""pci_bus"": ""00000000:01:00.0"", ""pcie"": ""Gen1 x1"", ""util_pct"": 0.0, ""power_w"": 52.02, ""vram_used_mib"": 6086.0}, {""index"": 1, ""name"": ""NVIDIA P104-100"", ""pci_bus"": ""00000000:02:00.0"", ""pcie"": ""Gen1 x1"", ""util_pct"": 0.0, ""power_w"": 53.26, ""vram_used_mib"": 4708.0}, {""index"": 2, ""name"": ""NVIDIA P104-100"", ""pci_bus"": ""00000000:0A:00.0"", ""pcie"": ""Gen1 x1"", ""util_pct"": 0.0, ""power_w"": 51.82, ""vram_used_mib"": 5924.0}, {""index"": 3, ""name"": ""NVIDIA P104-100"", ""pci_bus"": ""00000000:0C:00.0"", ""pcie"": ""Gen1 x1"", ""util_pct"": 0.0, ""power_w"": 54.89, ""vram_used_mib"": 5670.0}, {""index"": 4, ""name"": ""NVIDIA P104-100"", ""pci_bus"": ""00000000:0D:00.0"", ""pcie"": ""Gen1 x1"", ""util_pct"": 0.0, ""power_w"": 54.05, ""vram_used_mib"": 5738.0}, {""index"": 5, ""name"": ""NVIDIA P104-100"", ""pci_bus"": ""00000000:0E:00.0"", ""pcie"": ""Gen1 x1"", ""util_pct"": 89.0, ""power_w"": 50.9, ""vram_used_mib"": 6274.0}]"
2026-08-16T14:48:34.974726+03:00,1786880914.974726,ctx_008192.txt,1,1,decode,46.733111849390916,"[23.11111111111111, 39.55555555555556, 100.0, 23.893805309734514]",15875.55078125,5670.0390625,10205.51171875,35.71554234953955,24575.99609375,379.40625,1.5438082287801471,"[{""index"": 0, ""name"": ""NVIDIA P104-100"", ""pci_bus"": ""00000000:01:00.0"", ""pcie"": ""Gen1 x1"", ""util_pct"": 0.0, ""power_w"": 53.22, ""vram_used_mib"": 6086.0}, {""index"": 1, ""name"": ""NVIDIA P104-100"", ""pci_bus"": ""00000000:02:00.0"", ""pcie"": ""Gen1 x1"", ""util_pct"": 0.0, ""power_w"": 71.09, ""vram_used_mib"": 4708.0}, {""index"": 2, ""name"": ""NVIDIA P104-100"", ""pci_bus"": ""00000000:0A:00.0"", ""pcie"": ""Gen1 x1"", ""util_pct"": 19.0, ""power_w"": 181.41, ""vram_used_mib"": 5924.0}, {""index"": 3, ""name"": ""NVIDIA P104-100"", ""pci_bus"": ""00000000:0C:00.0"", ""pcie"": ""Gen1 x1"", ""util_pct"": 17.0, ""power_w"": 53.91, ""vram_used_mib"": 5670.0}, {""index"": 4, ""name"": ""NVIDIA P104-100"", ""pci_bus"": ""00000000:0D:00.0"", ""pcie"": ""Gen1 x1"", ""util_pct"": 17.0, ""power_w"": 52.1, ""vram_used_mib"": 5738.0}, {""index"": 5, ""name"": ""NVIDIA P104-100"", ""pci_bus"": ""00000000:0E:00.0"", ""pcie"": ""Gen1 x1"", ""util_pct"": 46.0, ""power_w"": 51.26, ""vram_used_mib"": 6274.0}]"
2026-08-16T14:48:37.098500+03:00,1786880917.098500,ctx_008192.txt,1,1,decode,39.97641509433962,"[26.066350710900473, 16.9811320754717, 100.0, 16.50943396226415]",15875.55078125,5616.62890625,10258.921875,35.379112092813706,24575.99609375,379.40625,1.5438082287801471,"[{""index"": 0, ""name"": ""NVIDIA P104-100"", ""pci_bus"": ""00000000:01:00.0"", ""pcie"": ""Gen1 x1"", ""util_pct"": 19.0, ""power_w"": 51.14, ""vram_used_mib"": 6086.0}, {""index"": 1, ""name"": ""NVIDIA P104-100"", ""pci_bus"": ""00000000:02:00.0"", ""pcie"": ""Gen1 x1"", ""util_pct"": 17.0, ""power_w"": 44.85, ""vram_used_mib"": 4708.0}, {""index"": 2, ""name"": ""NVIDIA P104-100"", ""pci_bus"": ""00000000:0A:00.0"", ""pcie"": ""Gen1 x1"", ""util_pct"": 19.0, ""power_w"": 42.45, ""vram_used_mib"": 5924.0}, {""index"": 3, ""name"": ""NVIDIA P104-100"", ""pci_bus"": ""00000000:0C:00.0"", ""pcie"": ""Gen1 x1"", ""util_pct"": 9.0, ""power_w"": 58.53, ""vram_used_mib"": 5670.0}, {""index"": 4, ""name"": ""NVIDIA P104-100"", ""pci_bus"": ""00000000:0D:00.0"", ""pcie"": ""Gen1 x1"", ""util_pct"": 10.0, ""power_w"": 100.04, ""vram_used_mib"": 5738.0}, {""index"": 5, ""name"": ""NVIDIA P104-100"", ""pci_bus"": ""00000000:0E:00.0"", ""pcie"": ""Gen1 x1"", ""util_pct"": 45.0, ""power_w"": 156.7, ""vram_used_mib"": 6274.0}]"
2026-08-16T14:48:39.231325+03:00,1786880919.231325,ctx_008192.txt,1,1,decode,40.56603773584906,"[14.150943396226415, 27.01421800947867, 99.53051643192488, 20.754716981132077]",15875.55078125,5618.56640625,10256.984375,35.39131639379638,24575.99609375,379.40625,1.5438082287801471,"[{""index"": 0, ""name"": ""NVIDIA P104-100"", ""pci_bus"": ""00000000:01:00.0"", ""pcie"": ""Gen1 x1"", ""util_pct"": 18.0, ""power_w"": 43.67, ""vram_used_mib"": 6086.0}, {""index"": 1, ""name"": ""NVIDIA P104-100"", ""pci_bus"": ""00000000:02:00.0"", ""pcie"": ""Gen1 x1"", ""util_pct"": 19.0, ""power_w"": 51.86, ""vram_used_mib"": 4708.0}, {""index"": 2, ""name"": ""NVIDIA P104-100"", ""pci_bus"": ""00000000:0A:00.0"", ""pcie"": ""Gen1 x1"", ""util_pct"": 14.0, ""power_w"": 119.79, ""vram_used_mib"": 5924.0}, {""index"": 3, ""name"": ""NVIDIA P104-100"", ""pci_bus"": ""00000000:0C:00.0"", ""pcie"": ""Gen1 x1"", ""util_pct"": 0.0, ""power_w"": 67.65, ""vram_used_mib"": 5670.0}, {""index"": 4, ""name"": ""NVIDIA P104-100"", ""pci_bus"": ""00000000:0D:00.0"", ""pcie"": ""Gen1 x1"", ""util_pct"": 16.0, ""power_w"": 43.51, ""vram_used_mib"": 5738.0}, {""index"": 5, ""name"": ""NVIDIA P104-100"", ""pci_bus"": ""00000000:0E:00.0"", ""pcie"": ""Gen1 x1"", ""util_pct"": 45.0, ""power_w"": 51.51, ""vram_used_mib"": 6274.0}]"
2026-08-16T14:48:41.385607+03:00,1786880921.385607,ctx_008192.txt,1,1,decode,41.67636786961583,"[20.930232558139537, 31.30841121495327, 100.0, 14.418604651162791]",15875.55078125,5629.046875,10246.50390625,35.457332804152216,24575.99609375,379.40625,1.5438082287801471,"[{""index"": 0, ""name"": ""NVIDIA P104-100"", ""pci_bus"": ""00000000:01:00.0"", ""pcie"": ""Gen1 x1"", ""util_pct"": 22.0, ""power_w"": 49.79, ""vram_used_mib"": 6086.0}, {""index"": 1, ""name"": ""NVIDIA P104-100"", ""pci_bus"": ""00000000:02:00.0"", ""pcie"": ""Gen1 x1"", ""util_pct"": 15.0, ""power_w"": 116.44, ""vram_used_mib"": 4708.0}, {""index"": 2, ""name"": ""NVIDIA P104-100"", ""pci_bus"": ""00000000:0A:00.0"", ""pcie"": ""Gen1 x1"", ""util_pct"": 0.0, ""power_w"": 66.93, ""vram_used_mib"": 5924.0}, {""index"": 3, ""name"": ""NVIDIA P104-100"", ""pci_bus"": ""00000000:0C:00.0"", ""pcie"": ""Gen1 x1"", ""util_pct"": 9.0, ""power_w"": 45.42, ""vram_used_mib"": 5670.0}, {""index"": 4, ""name"": ""NVIDIA P104-100"", ""pci_bus"": ""00000000:0D:00.0"", ""pcie"": ""Gen1 x1"", ""util_pct"": 19.0, ""power_w"": 43.31, ""vram_used_mib"": 5738.0}, {""index"": 5, ""name"": ""NVIDIA P104-100"", ""pci_bus"": ""00000000:0E:00.0"", ""pcie"": ""Gen1 x1"", ""util_pct"": 18.0, ""power_w"": 51.51, ""vram_used_mib"": 6274.0}]"
2026-08-16T14:48:43.566261+03:00,1786880923.566261,ctx_008192.txt,1,1,decode,41.446613088404135,"[24.537037037037038, 28.110599078341014, 100.0, 12.844036697247706]",15875.55078125,5644.77734375,10230.7734375,35.5564189332998,24575.99609375,379.40234375,1.5437923342056805,"[{""index"": 0, ""name"": ""NVIDIA P104-100"", ""pci_bus"": ""00000000:01:00.0"", ""pcie"": ""Gen1 x1"", ""util_pct"": 22.0, ""power_w"": 42.73, ""vram_used_mib"": 6086.0}, {""index"": 1, ""name"": ""NVIDIA P104-100"", ""pci_bus"": ""00000000:02:00.0"", ""pcie"": ""Gen1 x1"", ""util_pct"": 19.0, ""power_w"": 43.49, ""vram_used_mib"": 4708.0}, {""index"": 2, ""name"": ""NVIDIA P104-100"", ""pci_bus"": ""00000000:0A:00.0"", ""pcie"": ""Gen1 x1"", ""util_pct"": 0.0, ""power_w"": 41.38, ""vram_used_mib"": 5924.0}, {""index"": 3, ""name"": ""NVIDIA P104-100"", ""pci_bus"": ""00000000:0C:00.0"", ""pcie"": ""Gen1 x1"", ""util_pct"": 0.0, ""power_w"": 45.69, ""vram_used_mib"": 5670.0}, {""index"": 4, ""name"": ""NVIDIA P104-100"", ""pci_bus"": ""00000000:0D:00.0"", ""pcie"": ""Gen1 x1"", ""util_pct"": 19.0, ""power_w"": 44.26, ""vram_used_mib"": 5738.0}, {""index"": 5, ""name"": ""NVIDIA P104-100"", ""pci_bus"": ""00000000:0E:00.0"", ""pcie"": ""Gen1 x1"", ""util_pct"": 14.0, ""power_w"": 71.3, ""vram_used_mib"": 6274.0}]"
2026-08-16T14:48:43.791758+03:00,1786880923.791758,ctx_016384.txt,1,1,outside,,"[null, null, null, null]",15875.55078125,5700.9296875,10174.62109375,35.9101222127874,24575.99609375,379.26171875,1.5432201295248873,"[{""index"": 0, ""name"": ""NVIDIA P104-100"", ""pci_bus"": ""00000000:01:00.0"", ""pcie"": ""Gen1 x1"", ""util_pct"": 10.0, ""power_w"": 42.73, ""vram_used_mib"": 6086.0}, {""index"": 1, ""name"": ""NVIDIA P104-100"", ""pci_bus"": ""00000000:02:00.0"", ""pcie"": ""Gen1 x1"", ""util_pct"": 6.0, ""power_w"": 43.29, ""vram_used_mib"": 4708.0}, {""index"": 2, ""name"": ""NVIDIA P104-100"", ""pci_bus"": ""00000000:0A:00.0"", ""pcie"": ""Gen1 x1"", ""util_pct"": 11.0, ""power_w"": 41.38, ""vram_used_mib"": 5924.0}, {""index"": 3, ""name"": ""NVIDIA P104-100"", ""pci_bus"": ""00000000:0C:00.0"", ""pcie"": ""Gen1 x1"", ""util_pct"": 10.0, ""power_w"": 45.54, ""vram_used_mib"": 5670.0}, {""index"": 4, ""name"": ""NVIDIA P104-100"", ""pci_bus"": ""00000000:0D:00.0"", ""pcie"": ""Gen1 x1"", ""util_pct"": 10.0, ""power_w"": 43.51, ""vram_used_mib"": 5738.0}, {""index"": 5, ""name"": ""NVIDIA P104-100"", ""pci_bus"": ""00000000:0E:00.0"", ""pcie"": ""Gen1 x1"", ""util_pct"": 30.0, ""power_w"": 51.26, ""vram_used_mib"": 6274.0}]"
2026-08-16T14:48:45.922574+03:00,1786880925.922574,ctx_016384.txt,1,1,prefill,37.76470588235294,"[12.264150943396226, 17.92452830188679, 95.30516431924883, 25.471698113207548]",15875.55078125,6848.2890625,9027.26171875,43.13733209551539,24575.99609375,379.25,1.543172445801488,"[{""index"": 0, ""name"": ""NVIDIA P104-100"", ""pci_bus"": ""00000000:01:00.0"", ""pcie"": ""Gen1 x1"", ""util_pct"": 100.0, ""power_w"": 52.22, ""vram_used_mib"": 6086.0}, {""index"": 1, ""name"": ""NVIDIA P104-100"", ""pci_bus"": ""00000000:02:00.0"", ""pcie"": ""Gen1 x1"", ""util_pct"": 0.0, ""power_w"": 47.73, ""vram_used_mib"": 4708.0}, {""index"": 2, ""name"": ""NVIDIA P104-100"", ""pci_bus"": ""00000000:0A:00.0"", ""pcie"": ""Gen1 x1"", ""util_pct"": 0.0, ""power_w"": 51.51, ""vram_used_mib"": 5924.0}, {""index"": 3, ""name"": ""NVIDIA P104-100"", ""pci_bus"": ""00000000:0C:00.0"", ""pcie"": ""Gen1 x1"", ""util_pct"": 0.0, ""power_w"": 49.98, ""vram_used_mib"": 5670.0}, {""index"": 4, ""name"": ""NVIDIA P104-100"", ""pci_bus"": ""00000000:0D:00.0"", ""pcie"": ""Gen1 x1"", ""util_pct"": 0.0, ""power_w"": 53.81, ""vram_used_mib"": 5738.0}, {""index"": 5, ""name"": ""NVIDIA P104-100"", ""pci_bus"": ""00000000:0E:00.0"", ""pcie"": ""Gen1 x1"", ""util_pct"": 52.0, ""power_w"": 51.01, ""vram_used_mib"": 6274.0}]"
2026-08-16T14:48:48.124372+03:00,1786880928.124372,ctx_016384.txt,1,1,prefill,39.81797497155859,"[20.81447963800905, 21.004566210045663, 100.0, 16.894977168949772]",15875.55078125,6805.8046875,9069.74609375,42.86972326993576,24575.99609375,379.24609375,1.5431565512270213,"[{""index"": 0, ""name"": ""NVIDIA P104-100"", ""pci_bus"": ""00000000:01:00.0"", ""pcie"": ""Gen1 x1"", ""util_pct"": 0.0, ""power_w"": 51.87, ""vram_used_mib"": 6086.0}, {""index"": 1, ""name"": ""NVIDIA P104-100"", ""pci_bus"": ""00000000:02:00.0"", ""pcie"": ""Gen1 x1"", ""util_pct"": 0.0, ""power_w"": 53.01, ""vram_used_mib"": 4708.0}, {""index"": 2, ""name"": ""NVIDIA P104-100"", ""pci_bus"": ""00000000:0A:00.0"", ""pcie"": ""Gen1 x1"", ""util_pct"": 0.0, ""power_w"": 51.51, ""vram_used_mib"": 5924.0}, {""index"": 3, ""name"": ""NVIDIA P104-100"", ""pci_bus"": ""00000000:0C:00.0"", ""pcie"": ""Gen1 x1"", ""util_pct"": 0.0, ""power_w"": 54.66, ""vram_used_mib"": 5670.0}, {""index"": 4, ""name"": ""NVIDIA P104-100"", ""pci_bus"": ""00000000:0D:00.0"", ""pcie"": ""Gen1 x1"", ""util_pct"": 0.0, ""power_w"": 53.71, ""vram_used_mib"": 5738.0}, {""index"": 5, ""name"": ""NVIDIA P104-100"", ""pci_bus"": ""00000000:0E:00.0"", ""pcie"": ""Gen1 x1"", ""util_pct"": 94.0, ""power_w"": 51.01, ""vram_used_mib"": 6274.0}]"
2026-08-16T14:48:50.247140+03:00,1786880930.247140,ctx_016384.txt,1,1,prefill,39.197166469893745,"[17.70334928229665, 22.169811320754718, 100.0, 16.431924882629108]",15875.55078125,6658.0859375,9217.46484375,41.93924374178947,24575.99609375,379.2421875,1.543140656652555,"[{""index"": 0, ""name"": ""NVIDIA P104-100"", ""pci_bus"": ""00000000:01:00.0"", ""pcie"": ""Gen1 x1"", ""util_pct"": 13.0, ""power_w"": 52.74, ""vram_used_mib"": 6086.0}, {""index"": 1, ""name"": ""NVIDIA P104-100"", ""pci_bus"": ""00000000:02:00.0"", ""pcie"": ""Gen1 x1"", ""util_pct"": 0.0, ""power_w"": 103.2, ""vram_used_mib"": 4708.0}, {""index"": 2, ""name"": ""NVIDIA P104-100"", ""pci_bus"": ""00000000:0A:00.0"", ""pcie"": ""Gen1 x1"", ""util_pct"": 0.0, ""power_w"": 153.99, ""vram_used_mib"": 5924.0}, {""index"": 3, ""name"": ""NVIDIA P104-100"", ""pci_bus"": ""00000000:0C:00.0"", ""pcie"": ""Gen1 x1"", ""util_pct"": 29.0, ""power_w"": 129.02, ""vram_used_mib"": 5670.0}, {""index"": 4, ""name"": ""NVIDIA P104-100"", ""pci_bus"": ""00000000:0D:00.0"", ""pcie"": ""Gen1 x1"", ""util_pct"": 0.0, ""power_w"": 53.06, ""vram_used_mib"": 5738.0}, {""index"": 5, ""name"": ""NVIDIA P104-100"", ""pci_bus"": ""00000000:0E:00.0"", ""pcie"": ""Gen1 x1"", ""util_pct"": 22.0, ""power_w"": 51.15, ""vram_used_mib"": 6274.0}]"
2026-08-16T14:48:52.387465+03:00,1786880932.387465,ctx_016384.txt,1,1,prefill,38.36257309941521,"[11.682242990654206, 17.370892018779344, 100.0, 24.413145539906104]",15875.55078125,6587.578125,9287.97265625,41.495115449980695,24575.99609375,379.2421875,1.543140656652555,"[{""index"": 0, ""name"": ""NVIDIA P104-100"", ""pci_bus"": ""00000000:01:00.0"", ""pcie"": ""Gen1 x1"", ""util_pct"": 0.0, ""power_w"": 175.5, ""vram_used_mib"": 6086.0}, {""index"": 1, ""name"": ""NVIDIA P104-100"", ""pci_bus"": ""00000000:02:00.0"", ""pcie"": ""Gen1 x1"", ""util_pct"": 3.0, ""power_w"": 175.17, ""vram_used_mib"": 4708.0}, {""index"": 2, ""name"": ""NVIDIA P104-100"", ""pci_bus"": ""00000000:0A:00.0"", ""pcie"": ""Gen1 x1"", ""util_pct"": 0.0, ""power_w"": 51.37, ""vram_used_mib"": 5924.0}, {""index"": 3, ""name"": ""NVIDIA P104-100"", ""pci_bus"": ""00000000:0C:00.0"", ""pcie"": ""Gen1 x1"", ""util_pct"": 32.0, ""power_w"": 53.86, ""vram_used_mib"": 5670.0}, {""index"": 4, ""name"": ""NVIDIA P104-100"", ""pci_bus"": ""00000000:0D:00.0"", ""pcie"": ""Gen1 x1"", ""util_pct"": 32.0, ""power_w"": 53.39, ""vram_used_mib"": 5738.0}, {""index"": 5, ""name"": ""NVIDIA P104-100"", ""pci_bus"": ""00000000:0E:00.0"", ""pcie"": ""Gen1 x1"", ""util_pct"": 22.0, ""power_w"": 51.23, ""vram_used_mib"": 6274.0}]"
2026-08-16T14:48:54.566922+03:00,1786880934.566922,ctx_016384.txt,1,1,prefill,39.40092165898618,"[29.81651376146789, 10.138248847926267, 100.0, 17.889908256880734]",15875.55078125,6594.7890625,9280.76171875,41.54053710242829,24575.99609375,379.2421875,1.543140656652555,"[{""index"": 0, ""name"": ""NVIDIA P104-100"", ""pci_bus"": ""00000000:01:00.0"", ""pcie"": ""Gen1 x1"", ""util_pct"": 35.0, ""power_w"": 51.96, ""vram_used_mib"": 6086.0}, {""index"": 1, ""name"": ""NVIDIA P104-100"", ""pci_bus"": ""00000000:02:00.0"", ""pcie"": ""Gen1 x1"", ""util_pct"": 32.0, ""power_w"": 53.35, ""vram_used_mib"": 4708.0}, {""index"": 2, ""name"": ""NVIDIA P104-100"", ""pci_bus"": ""00000000:0A:00.0"", ""pcie"": ""Gen1 x1"", ""util_pct"": 18.0, ""power_w"": 52.1, ""vram_used_mib"": 5924.0}, {""index"": 3, ""name"": ""NVIDIA P104-100"", ""pci_bus"": ""00000000:0C:00.0"", ""pcie"": ""Gen1 x1"", ""util_pct"": 0.0, ""power_w"": 57.15, ""vram_used_mib"": 5670.0}, {""index"": 4, ""name"": ""NVIDIA P104-100"", ""pci_bus"": ""00000000:0D:00.0"", ""pcie"": ""Gen1 x1"", ""util_pct"": 9.0, ""power_w"": 179.16, ""vram_used_mib"": 5738.0}, {""index"": 5, ""name"": ""NVIDIA P104-100"", ""pci_bus"": ""00000000:0E:00.0"", ""pcie"": ""Gen1 x1"", ""util_pct"": 0.0, ""power_w"": 49.88, ""vram_used_mib"": 6274.0}]"
2026-08-16T14:48:56.719079+03:00,1786880936.719079,ctx_016384.txt,1,1,prefill,53.051643192488264,"[16.74418604651163, 86.91588785046729, 79.4392523364486, 28.019323671497585]",15875.55078125,6613.67578125,9261.875,41.65950443156377,24575.99609375,379.2421875,1.543140656652555,"[{""index"": 0, ""name"": ""NVIDIA P104-100"", ""pci_bus"": ""00000000:01:00.0"", ""pcie"": ""Gen1 x1"", ""util_pct"": 12.0, ""power_w"": 54.77, ""vram_used_mib"": 6086.0}, {""index"": 1, ""name"": ""NVIDIA P104-100"", ""pci_bus"": ""00000000:02:00.0"", ""pcie"": ""Gen1 x1"", ""util_pct"": 0.0, ""power_w"": 179.0, ""vram_used_mib"": 4708.0}, {""index"": 2, ""name"": ""NVIDIA P104-100"", ""pci_bus"": ""00000000:0A:00.0"", ""pcie"": ""Gen1 x1"", ""util_pct"": 0.0, ""power_w"": 51.72, ""vram_used_mib"": 5924.0}, {""index"": 3, ""name"": ""NVIDIA P104-100"", ""pci_bus"": ""00000000:0C:00.0"", ""pcie"": ""Gen1 x1"", ""util_pct"": 28.0, ""power_w"": 54.87, ""vram_used_mib"": 5670.0}, {""index"": 4, ""name"": ""NVIDIA P104-100"", ""pci_bus"": ""00000000:0D:00.0"", ""pcie"": ""Gen1 x1"", ""util_pct"": 32.0, ""power_w"": 53.31, ""vram_used_mib"": 5738.0}, {""index"": 5, ""name"": ""NVIDIA P104-100"", ""pci_bus"": ""00000000:0E:00.0"", ""pcie"": ""Gen1 x1"", ""util_pct"": 24.0, ""power_w"": 46.55, ""vram_used_mib"": 6274.0}]"
2026-08-16T14:48:58.850099+03:00,1786880938.850099,ctx_016384.txt,1,1,prefill,39.34040047114252,"[8.018867924528301, 100.0, 21.49532710280374, 27.830188679245282]",15875.55078125,6550.98046875,9324.5703125,41.26458703081414,24575.99609375,379.2421875,1.543140656652555,"[{""index"": 0, ""name"": ""NVIDIA P104-100"", ""pci_bus"": ""00000000:01:00.0"", ""pcie"": ""Gen1 x1"", ""util_pct"": 2.0, ""power_w"": 52.1, ""vram_used_mib"": 6086.0}, {""index"": 1, ""name"": ""NVIDIA P104-100"", ""pci_bus"": ""00000000:02:00.0"", ""pcie"": ""Gen1 x1"", ""util_pct"": 17.0, ""power_w"": 53.25, ""vram_used_mib"": 4708.0}, {""index"": 2, ""name"": ""NVIDIA P104-100"", ""pci_bus"": ""00000000:0A:00.0"", ""pcie"": ""Gen1 x1"", ""util_pct"": 35.0, ""power_w"": 51.85, ""vram_used_mib"": 5924.0}, {""index"": 3, ""name"": ""NVIDIA P104-100"", ""pci_bus"": ""00000000:0C:00.0"", ""pcie"": ""Gen1 x1"", ""util_pct"": 32.0, ""power_w"": 55.33, ""vram_used_mib"": 5670.0}, {""index"": 4, ""name"": ""NVIDIA P104-100"", ""pci_bus"": ""00000000:0D:00.0"", ""pcie"": ""Gen1 x1"", ""util_pct"": 0.0, ""power_w"": 138.74, ""vram_used_mib"": 5738.0}, {""index"": 5, ""name"": ""NVIDIA P104-100"", ""pci_bus"": ""00000000:0E:00.0"", ""pcie"": ""Gen1 x1"", ""util_pct"": 17.0, ""power_w"": 55.77, ""vram_used_mib"": 6274.0}]"
2026-08-16T14:49:00.975959+03:00,1786880940.975959,ctx_016384.txt,1,1,prefill,38.705882352941174,"[25.35211267605634, 100.0, 16.19047619047619, 13.20754716981132]",15875.55078125,6561.1640625,9314.38671875,41.32873342730973,24575.99609375,379.2421875,1.543140656652555,"[{""index"": 0, ""name"": ""NVIDIA P104-100"", ""pci_bus"": ""00000000:01:00.0"", ""pcie"": ""Gen1 x1"", ""util_pct"": 36.0, ""power_w"": 52.25, ""vram_used_mib"": 6086.0}, {""index"": 1, ""name"": ""NVIDIA P104-100"", ""pci_bus"": ""00000000:02:00.0"", ""pcie"": ""Gen1 x1"", ""util_pct"": 0.0, ""power_w"": 71.41, ""vram_used_mib"": 4708.0}, {""index"": 2, ""name"": ""NVIDIA P104-100"", ""pci_bus"": ""00000000:0A:00.0"", ""pcie"": ""Gen1 x1"", ""util_pct"": 11.0, ""power_w"": 154.52, ""vram_used_mib"": 5924.0}, {""index"": 3, ""name"": ""NVIDIA P104-100"", ""pci_bus"": ""00000000:0C:00.0"", ""pcie"": ""Gen1 x1"", ""util_pct"": 0.0, ""power_w"": 54.89, ""vram_used_mib"": 5670.0}, {""index"": 4, ""name"": ""NVIDIA P104-100"", ""pci_bus"": ""00000000:0D:00.0"", ""pcie"": ""Gen1 x1"", ""util_pct"": 32.0, ""power_w"": 53.4, ""vram_used_mib"": 5738.0}, {""index"": 5, ""name"": ""NVIDIA P104-100"", ""pci_bus"": ""00000000:0E:00.0"", ""pcie"": ""Gen1 x1"", ""util_pct"": 23.0, ""power_w"": 51.26, ""vram_used_mib"": 6274.0}]"
2026-08-16T14:49:03.130949+03:00,1786880943.130949,ctx_016384.txt,1,1,prefill,38.63109048723898,"[21.86046511627907, 100.0, 23.14814814814815, 9.25925925925926]",15875.55078125,6477.515625,9398.03515625,40.80183241673948,24575.99609375,379.2421875,1.543140656652555,"[{""index"": 0, ""name"": ""NVIDIA P104-100"", ""pci_bus"": ""00000000:01:00.0"", ""pcie"": ""Gen1 x1"", ""util_pct"": 0.0, ""power_w"": 116.36, ""vram_used_mib"": 6086.0}, {""index"": 1, ""name"": ""NVIDIA P104-100"", ""pci_bus"": ""00000000:02:00.0"", ""pcie"": ""Gen1 x1"", ""util_pct"": 32.0, ""power_w"": 53.36, ""vram_used_mib"": 4708.0}, {""index"": 2, ""name"": ""NVIDIA P104-100"", ""pci_bus"": ""00000000:0A:00.0"", ""pcie"": ""Gen1 x1"", ""util_pct"": 9.0, ""power_w"": 51.69, ""vram_used_mib"": 5924.0}, {""index"": 3, ""name"": ""NVIDIA P104-100"", ""pci_bus"": ""00000000:0C:00.0"", ""pcie"": ""Gen1 x1"", ""util_pct"": 32.0, ""power_w"": 54.91, ""vram_used_mib"": 5670.0}, {""index"": 4, ""name"": ""NVIDIA P104-100"", ""pci_bus"": ""00000000:0D:00.0"", ""pcie"": ""Gen1 x1"", ""util_pct"": 25.0, ""power_w"": 54.4, ""vram_used_mib"": 5738.0}, {""index"": 5, ""name"": ""NVIDIA P104-100"", ""pci_bus"": ""00000000:0E:00.0"", ""pcie"": ""Gen1 x1"", ""util_pct"": 0.0, ""power_w"": 65.45, ""vram_used_mib"": 6274.0}]"
2026-08-16T14:49:05.306253+03:00,1786880945.306253,ctx_016384.txt,1,1,prefill,39.516129032258064,"[8.796296296296296, 100.0, 19.90740740740741, 29.493087557603687]",15875.55078125,6497.23828125,9378.3125,40.92606531121829,24575.99609375,379.2421875,1.543140656652555,"[{""index"": 0, ""name"": ""NVIDIA P104-100"", ""pci_bus"": ""00000000:01:00.0"", ""pcie"": ""Gen1 x1"", ""util_pct"": 0.0, ""power_w"": 52.54, ""vram_used_mib"": 6086.0}, {""index"": 1, ""name"": ""NVIDIA P104-100"", ""pci_bus"": ""00000000:02:00.0"", ""pcie"": ""Gen1 x1"", ""util_pct"": 0.0, ""power_w"": 61.77, ""vram_used_mib"": 4708.0}, {""index"": 2, ""name"": ""NVIDIA P104-100"", ""pci_bus"": ""00000000:0A:00.0"", ""pcie"": ""Gen1 x1"", ""util_pct"": 0.0, ""power_w"": 160.83, ""vram_used_mib"": 5924.0}, {""index"": 3, ""name"": ""NVIDIA P104-100"", ""pci_bus"": ""00000000:0C:00.0"", ""pcie"": ""Gen1 x1"", ""util_pct"": 33.0, ""power_w"": 54.79, ""vram_used_mib"": 5670.0}, {""index"": 4, ""name"": ""NVIDIA P104-100"", ""pci_bus"": ""00000000:0D:00.0"", ""pcie"": ""Gen1 x1"", ""util_pct"": 0.0, ""power_w"": 53.31, ""vram_used_mib"": 5738.0}, {""index"": 5, ""name"": ""NVIDIA P104-100"", ""pci_bus"": ""00000000:0E:00.0"", ""pcie"": ""Gen1 x1"", ""util_pct"": 23.0, ""power_w"": 51.16, ""vram_used_mib"": 6274.0}]"
2026-08-16T14:49:07.441954+03:00,1786880947.441954,ctx_016384.txt,1,1,prefill,38.10082063305979,"[21.49532710280374, 94.36619718309859, 17.289719626168225, 19.626168224299064]",15875.55078125,6449.47265625,9426.078125,40.62518992328268,24575.99609375,379.2421875,1.543140656652555,"[{""index"": 0, ""name"": ""NVIDIA P104-100"", ""pci_bus"": ""00000000:01:00.0"", ""pcie"": ""Gen1 x1"", ""util_pct"": 36.0, ""power_w"": 52.09, ""vram_used_mib"": 6086.0}, {""index"": 1, ""name"": ""NVIDIA P104-100"", ""pci_bus"": ""00000000:02:00.0"", ""pcie"": ""Gen1 x1"", ""util_pct"": 33.0, ""power_w"": 53.58, ""vram_used_mib"": 4708.0}, {""index"": 2, ""name"": ""NVIDIA P104-100"", ""pci_bus"": ""00000000:0A:00.0"", ""pcie"": ""Gen1 x1"", ""util_pct"": 8.0, ""power_w"": 57.87, ""vram_used_mib"": 5924.0}, {""index"": 3, ""name"": ""NVIDIA P104-100"", ""pci_bus"": ""00000000:0C:00.0"", ""pcie"": ""Gen1 x1"", ""util_pct"": 0.0, ""power_w"": 175.92, ""vram_used_mib"": 5670.0}, {""index"": 4, ""name"": ""NVIDIA P104-100"", ""pci_bus"": ""00000000:0D:00.0"", ""pcie"": ""Gen1 x1"", ""util_pct"": 33.0, ""power_w"": 53.27, ""vram_used_mib"": 5738.0}, {""index"": 5, ""name"": ""NVIDIA P104-100"", ""pci_bus"": ""00000000:0E:00.0"", ""pcie"": ""Gen1 x1"", ""util_pct"": 23.0, ""power_w"": 51.23, ""vram_used_mib"": 6274.0}]"
2026-08-16T14:49:09.564606+03:00,1786880949.564606,ctx_016384.txt,1,1,prefill,38.77068557919622,"[27.96208530805687, 100.0, 16.50943396226415, 9.95260663507109]",15875.55078125,6449.20703125,9426.34375,40.62351675298667,24575.99609375,379.2421875,1.543140656652555,"[{""index"": 0, ""name"": ""NVIDIA P104-100"", ""pci_bus"": ""00000000:01:00.0"", ""pcie"": ""Gen1 x1"", ""util_pct"": 0.0, ""power_w"": 152.62, ""vram_used_mib"": 6086.0}, {""index"": 1, ""name"": ""NVIDIA P104-100"", ""pci_bus"": ""00000000:02:00.0"", ""pcie"": ""Gen1 x1"", ""util_pct"": 0.0, ""power_w"": 53.61, ""vram_used_mib"": 4708.0}, {""index"": 2, ""name"": ""NVIDIA P104-100"", ""pci_bus"": ""00000000:0A:00.0"", ""pcie"": ""Gen1 x1"", ""util_pct"": 26.0, ""power_w"": 51.87, ""vram_used_mib"": 5924.0}, {""index"": 3, ""name"": ""NVIDIA P104-100"", ""pci_bus"": ""00000000:0C:00.0"", ""pcie"": ""Gen1 x1"", ""util_pct"": 33.0, ""power_w"": 54.79, ""vram_used_mib"": 5670.0}, {""index"": 4, ""name"": ""NVIDIA P104-100"", ""pci_bus"": ""00000000:0D:00.0"", ""pcie"": ""Gen1 x1"", ""util_pct"": 8.0, ""power_w"": 52.56, ""vram_used_mib"": 5738.0}, {""index"": 5, ""name"": ""NVIDIA P104-100"", ""pci_bus"": ""00000000:0E:00.0"", ""pcie"": ""Gen1 x1"", ""util_pct"": 23.0, ""power_w"": 51.49, ""vram_used_mib"": 6274.0}]"
2026-08-16T14:49:11.740573+03:00,1786880951.740573,ctx_016384.txt,1,1,prefill,38.96551724137931,"[15.277777777777779, 100.0, 20.642201834862384, 19.35483870967742]",15875.55078125,6476.08203125,9399.46875,40.79280221823012,24575.99609375,379.2421875,1.543140656652555,"[{""index"": 0, ""name"": ""NVIDIA P104-100"", ""pci_bus"": ""00000000:01:00.0"", ""pcie"": ""Gen1 x1"", ""util_pct"": 36.0, ""power_w"": 52.2, ""vram_used_mib"": 6086.0}, {""index"": 1, ""name"": ""NVIDIA P104-100"", ""pci_bus"": ""00000000:02:00.0"", ""pcie"": ""Gen1 x1"", ""util_pct"": 33.0, ""power_w"": 53.48, ""vram_used_mib"": 4708.0}, {""index"": 2, ""name"": ""NVIDIA P104-100"", ""pci_bus"": ""00000000:0A:00.0"", ""pcie"": ""Gen1 x1"", ""util_pct"": 11.0, ""power_w"": 53.67, ""vram_used_mib"": 5924.0}, {""index"": 3, ""name"": ""NVIDIA P104-100"", ""pci_bus"": ""00000000:0C:00.0"", ""pcie"": ""Gen1 x1"", ""util_pct"": 1.0, ""power_w"": 148.49, ""vram_used_mib"": 5670.0}, {""index"": 4, ""name"": ""NVIDIA P104-100"", ""pci_bus"": ""00000000:0D:00.0"", ""pcie"": ""Gen1 x1"", ""util_pct"": 30.0, ""power_w"": 58.92, ""vram_used_mib"": 5738.0}, {""index"": 5, ""name"": ""NVIDIA P104-100"", ""pci_bus"": ""00000000:0E:00.0"", ""pcie"": ""Gen1 x1"", ""util_pct"": 0.0, ""power_w"": 50.98, ""vram_used_mib"": 6274.0}]"
2026-08-16T14:49:13.923295+03:00,1786880953.923295,ctx_016384.txt,1,1,prefill,39.42528735632184,"[9.722222222222221, 100.0, 28.571428571428573, 19.26605504587156]",15875.55078125,6398.05078125,9477.5,40.30128383833139,24575.99609375,379.2421875,1.543140656652555,"[{""index"": 0, ""name"": ""NVIDIA P104-100"", ""pci_bus"": ""00000000:01:00.0"", ""pcie"": ""Gen1 x1"", ""util_pct"": 0.0, ""power_w"": 139.98, ""vram_used_mib"": 6086.0}, {""index"": 1, ""name"": ""NVIDIA P104-100"", ""pci_bus"": ""00000000:02:00.0"", ""pcie"": ""Gen1 x1"", ""util_pct"": 0.0, ""power_w"": 53.59, ""vram_used_mib"": 4708.0}, {""index"": 2, ""name"": ""NVIDIA P104-100"", ""pci_bus"": ""00000000:0A:00.0"", ""pcie"": ""Gen1 x1"", ""util_pct"": 32.0, ""power_w"": 52.21, ""vram_used_mib"": 5924.0}, {""index"": 3, ""name"": ""NVIDIA P104-100"", ""pci_bus"": ""00000000:0C:00.0"", ""pcie"": ""Gen1 x1"", ""util_pct"": 33.0, ""power_w"": 54.0, ""vram_used_mib"": 5670.0}, {""index"": 4, ""name"": ""NVIDIA P104-100"", ""pci_bus"": ""00000000:0D:00.0"", ""pcie"": ""Gen1 x1"", ""util_pct"": 0.0, ""power_w"": 52.56, ""vram_used_mib"": 5738.0}, {""index"": 5, ""name"": ""NVIDIA P104-100"", ""pci_bus"": ""00000000:0E:00.0"", ""pcie"": ""Gen1 x1"", ""util_pct"": 24.0, ""power_w"": 51.49, ""vram_used_mib"": 6274.0}]"
2026-08-16T14:49:16.101518+03:00,1786880956.101518,ctx_016384.txt,1,1,prefill,39.355581127733025,"[18.89400921658986, 100.0, 25.229357798165136, 12.903225806451612]",15875.55078125,6378.52734375,9497.0234375,40.1783058215746,24575.99609375,379.2421875,1.543140656652555,"[{""index"": 0, ""name"": ""NVIDIA P104-100"", ""pci_bus"": ""00000000:01:00.0"", ""pcie"": ""Gen1 x1"", ""util_pct"": 37.0, ""power_w"": 52.58, ""vram_used_mib"": 6086.0}, {""index"": 1, ""name"": ""NVIDIA P104-100"", ""pci_bus"": ""00000000:02:00.0"", ""pcie"": ""Gen1 x1"", ""util_pct"": 34.0, ""power_w"": 57.67, ""vram_used_mib"": 4708.0}, {""index"": 2, ""name"": ""NVIDIA P104-100"", ""pci_bus"": ""00000000:0A:00.0"", ""pcie"": ""Gen1 x1"", ""util_pct"": 1.0, ""power_w"": 171.52, ""vram_used_mib"": 5924.0}, {""index"": 3, ""name"": ""NVIDIA P104-100"", ""pci_bus"": ""00000000:0C:00.0"", ""pcie"": ""Gen1 x1"", ""util_pct"": 1.0, ""power_w"": 54.89, ""vram_used_mib"": 5670.0}, {""index"": 4, ""name"": ""NVIDIA P104-100"", ""pci_bus"": ""00000000:0D:00.0"", ""pcie"": ""Gen1 x1"", ""util_pct"": 44.0, ""power_w"": 54.3, ""vram_used_mib"": 5738.0}, {""index"": 5, ""name"": ""NVIDIA P104-100"", ""pci_bus"": ""00000000:0E:00.0"", ""pcie"": ""Gen1 x1"", ""util_pct"": 47.0, ""power_w"": 51.16, ""vram_used_mib"": 6274.0}]"
2026-08-16T14:49:18.238947+03:00,1786880958.238947,ctx_016384.txt,1,1,prefill,41.59811985898943,"[16.431924882629108, 99.53271028037383, 33.64485981308411, 16.19047619047619]",15875.55078125,6456.8515625,9418.69921875,40.67166960988804,24575.99609375,379.2421875,1.543140656652555,"[{""index"": 0, ""name"": ""NVIDIA P104-100"", ""pci_bus"": ""00000000:01:00.0"", ""pcie"": ""Gen1 x1"", ""util_pct"": 0.0, ""power_w"": 52.1, ""vram_used_mib"": 6086.0}, {""index"": 1, ""name"": ""NVIDIA P104-100"", ""pci_bus"": ""00000000:02:00.0"", ""pcie"": ""Gen1 x1"", ""util_pct"": 34.0, ""power_w"": 53.59, ""vram_used_mib"": 4708.0}, {""index"": 2, ""name"": ""NVIDIA P104-100"", ""pci_bus"": ""00000000:0A:00.0"", ""pcie"": ""Gen1 x1"", ""util_pct"": 36.0, ""power_w"": 52.1, ""vram_used_mib"": 5924.0}, {""index"": 3, ""name"": ""NVIDIA P104-100"", ""pci_bus"": ""00000000:0C:00.0"", ""pcie"": ""Gen1 x1"", ""util_pct"": 33.0, ""power_w"": 62.48, ""vram_used_mib"": 5670.0}, {""index"": 4, ""name"": ""NVIDIA P104-100"", ""pci_bus"": ""00000000:0D:00.0"", ""pcie"": ""Gen1 x1"", ""util_pct"": 0.0, ""power_w"": 181.96, ""vram_used_mib"": 5738.0}, {""index"": 5, ""name"": ""NVIDIA P104-100"", ""pci_bus"": ""00000000:0E:00.0"", ""pcie"": ""Gen1 x1"", ""util_pct"": 0.0, ""power_w"": 51.19, ""vram_used_mib"": 6274.0}]"
2026-08-16T14:49:21.181482+03:00,1786880961.181482,ctx_016384.txt,1,1,prefill,46.33730834752981,"[22.108843537414966, 45.051194539249146, 100.0, 18.367346938775512]",15875.55078125,6519.87109375,9355.6796875,41.068629262616625,24575.99609375,379.2421875,1.543140656652555,"[{""index"": 0, ""name"": ""NVIDIA P104-100"", ""pci_bus"": ""00000000:01:00.0"", ""pcie"": ""Gen1 x1"", ""util_pct"": 10.0, ""power_w"": 52.2, ""vram_used_mib"": 6086.0}, {""index"": 1, ""name"": ""NVIDIA P104-100"", ""pci_bus"": ""00000000:02:00.0"", ""pcie"": ""Gen1 x1"", ""util_pct"": 18.0, ""power_w"": 53.48, ""vram_used_mib"": 4708.0}, {""index"": 2, ""name"": ""NVIDIA P104-100"", ""pci_bus"": ""00000000:0A:00.0"", ""pcie"": ""Gen1 x1"", ""util_pct"": 1.0, ""power_w"": 54.74, ""vram_used_mib"": 5924.0}, {""index"": 3, ""name"": ""NVIDIA P104-100"", ""pci_bus"": ""00000000:0C:00.0"", ""pcie"": ""Gen1 x1"", ""util_pct"": 23.0, ""power_w"": 184.11, ""vram_used_mib"": 5670.0}, {""index"": 4, ""name"": ""NVIDIA P104-100"", ""pci_bus"": ""00000000:0D:00.0"", ""pcie"": ""Gen1 x1"", ""util_pct"": 1.0, ""power_w"": 54.4, ""vram_used_mib"": 5738.0}, {""index"": 5, ""name"": ""NVIDIA P104-100"", ""pci_bus"": ""00000000:0E:00.0"", ""pcie"": ""Gen1 x1"", ""util_pct"": 4.0, ""power_w"": 51.24, ""vram_used_mib"": 6274.0}]"
2026-08-16T14:49:23.350606+03:00,1786880963.350606,ctx_016384.txt,1,1,prefill,39.030023094688225,"[20.833333333333332, 7.906976744186046, 100.0, 26.38888888888889]",15875.55078125,6533.52734375,9342.0234375,41.15464990018801,24575.99609375,379.2421875,1.543140656652555,"[{""index"": 0, ""name"": ""NVIDIA P104-100"", ""pci_bus"": ""00000000:01:00.0"", ""pcie"": ""Gen1 x1"", ""util_pct"": 12.0, ""power_w"": 163.82, ""vram_used_mib"": 6086.0}, {""index"": 1, ""name"": ""NVIDIA P104-100"", ""pci_bus"": ""00000000:02:00.0"", ""pcie"": ""Gen1 x1"", ""util_pct"": 33.0, ""power_w"": 53.59, ""vram_used_mib"": 4708.0}, {""index"": 2, ""name"": ""NVIDIA P104-100"", ""pci_bus"": ""00000000:0A:00.0"", ""pcie"": ""Gen1 x1"", ""util_pct"": 1.0, ""power_w"": 51.93, ""vram_used_mib"": 5924.0}, {""index"": 3, ""name"": ""NVIDIA P104-100"", ""pci_bus"": ""00000000:0C:00.0"", ""pcie"": ""Gen1 x1"", ""util_pct"": 34.0, ""power_w"": 55.15, ""vram_used_mib"": 5670.0}, {""index"": 4, ""name"": ""NVIDIA P104-100"", ""pci_bus"": ""00000000:0D:00.0"", ""pcie"": ""Gen1 x1"", ""util_pct"": 34.0, ""power_w"": 53.57, ""vram_used_mib"": 5738.0}, {""index"": 5, ""name"": ""NVIDIA P104-100"", ""pci_bus"": ""00000000:0E:00.0"", ""pcie"": ""Gen1 x1"", ""util_pct"": 0.0, ""power_w"": 53.35, ""vram_used_mib"": 6274.0}]"
2026-08-16T14:49:25.542305+03:00,1786880965.542305,ctx_016384.txt,1,1,prefill,40.0,"[25.68807339449541, 12.785388127853881, 100.0, 21.91780821917808]",15875.55078125,6476.3125,9399.23828125,40.79425393951637,24575.99609375,379.2421875,1.543140656652555,"[{""index"": 0, ""name"": ""NVIDIA P104-100"", ""pci_bus"": ""00000000:01:00.0"", ""pcie"": ""Gen1 x1"", ""util_pct"": 0.0, ""power_w"": 52.12, ""vram_used_mib"": 6086.0}, {""index"": 1, ""name"": ""NVIDIA P104-100"", ""pci_bus"": ""00000000:02:00.0"", ""pcie"": ""Gen1 x1"", ""util_pct"": 0.0, ""power_w"": 50.7, ""vram_used_mib"": 4708.0}, {""index"": 2, ""name"": ""NVIDIA P104-100"", ""pci_bus"": ""00000000:0A:00.0"", ""pcie"": ""Gen1 x1"", ""util_pct"": 0.0, ""power_w"": 50.28, ""vram_used_mib"": 5924.0}, {""index"": 3, ""name"": ""NVIDIA P104-100"", ""pci_bus"": ""00000000:0C:00.0"", ""pcie"": ""Gen1 x1"", ""util_pct"": 0.0, ""power_w"": 53.98, ""vram_used_mib"": 5670.0}, {""index"": 4, ""name"": ""NVIDIA P104-100"", ""pci_bus"": ""00000000:0D:00.0"", ""pcie"": ""Gen1 x1"", ""util_pct"": 0.0, ""power_w"": 51.37, ""vram_used_mib"": 5738.0}, {""index"": 5, ""name"": ""NVIDIA P104-100"", ""pci_bus"": ""00000000:0E:00.0"", ""pcie"": ""Gen1 x1"", ""util_pct"": 98.0, ""power_w"": 98.67, ""vram_used_mib"": 6274.0}]"
2026-08-16T14:49:27.690788+03:00,1786880967.690788,ctx_016384.txt,1,1,prefill,39.206534422403735,"[22.790697674418606, 17.209302325581394, 100.0, 16.822429906542055]",15875.55078125,6436.48046875,9439.0703125,40.54335221145133,24575.99609375,379.23828125,1.5431247620780884,"[{""index"": 0, ""name"": ""NVIDIA P104-100"", ""pci_bus"": ""00000000:01:00.0"", ""pcie"": ""Gen1 x1"", ""util_pct"": 37.0, ""power_w"": 52.12, ""vram_used_mib"": 6086.0}, {""index"": 1, ""name"": ""NVIDIA P104-100"", ""pci_bus"": ""00000000:02:00.0"", ""pcie"": ""Gen1 x1"", ""util_pct"": 34.0, ""power_w"": 44.45, ""vram_used_mib"": 4708.0}, {""index"": 2, ""name"": ""NVIDIA P104-100"", ""pci_bus"": ""00000000:0A:00.0"", ""pcie"": ""Gen1 x1"", ""util_pct"": 26.0, ""power_w"": 50.86, ""vram_used_mib"": 5924.0}, {""index"": 3, ""name"": ""NVIDIA P104-100"", ""pci_bus"": ""00000000:0C:00.0"", ""pcie"": ""Gen1 x1"", ""util_pct"": 1.0, ""power_w"": 66.07, ""vram_used_mib"": 5670.0}, {""index"": 4, ""name"": ""NVIDIA P104-100"", ""pci_bus"": ""00000000:0D:00.0"", ""pcie"": ""Gen1 x1"", ""util_pct"": 15.0, ""power_w"": 153.58, ""vram_used_mib"": 5738.0}, {""index"": 5, ""name"": ""NVIDIA P104-100"", ""pci_bus"": ""00000000:0E:00.0"", ""pcie"": ""Gen1 x1"", ""util_pct"": 0.0, ""power_w"": 51.19, ""vram_used_mib"": 6274.0}]"
2026-08-16T14:49:29.814208+03:00,1786880969.814208,ctx_016384.txt,1,1,prefill,39.079102715466355,"[16.037735849056602, 20.476190476190474, 100.0, 19.339622641509433]",15875.55078125,6471.6015625,9403.94921875,40.7645797722077,24575.99609375,379.23828125,1.5431247620780884,"[{""index"": 0, ""name"": ""NVIDIA P104-100"", ""pci_bus"": ""00000000:01:00.0"", ""pcie"": ""Gen1 x1"", ""util_pct"": 38.0, ""power_w"": 52.22, ""vram_used_mib"": 6086.0}, {""index"": 1, ""name"": ""NVIDIA P104-100"", ""pci_bus"": ""00000000:02:00.0"", ""pcie"": ""Gen1 x1"", ""util_pct"": 35.0, ""power_w"": 48.91, ""vram_used_mib"": 4708.0}, {""index"": 2, ""name"": ""NVIDIA P104-100"", ""pci_bus"": ""00000000:0A:00.0"", ""pcie"": ""Gen1 x1"", ""util_pct"": 26.0, ""power_w"": 50.11, ""vram_used_mib"": 5924.0}, {""index"": 3, ""name"": ""NVIDIA P104-100"", ""pci_bus"": ""00000000:0C:00.0"", ""pcie"": ""Gen1 x1"", ""util_pct"": 1.0, ""power_w"": 62.98, ""vram_used_mib"": 5670.0}, {""index"": 4, ""name"": ""NVIDIA P104-100"", ""pci_bus"": ""00000000:0D:00.0"", ""pcie"": ""Gen1 x1"", ""util_pct"": 21.0, ""power_w"": 141.21, ""vram_used_mib"": 5738.0}, {""index"": 5, ""name"": ""NVIDIA P104-100"", ""pci_bus"": ""00000000:0E:00.0"", ""pcie"": ""Gen1 x1"", ""util_pct"": 0.0, ""power_w"": 51.21, ""vram_used_mib"": 6274.0}]"
2026-08-16T14:49:31.993388+03:00,1786880971.993388,ctx_016384.txt,1,1,prefill,38.96551724137931,"[16.666666666666668, 17.972350230414747, 100.0, 21.10091743119266]",15875.55078125,6454.87109375,9420.6796875,40.65919464900455,24575.99609375,379.23828125,1.5431247620780884,"[{""index"": 0, ""name"": ""NVIDIA P104-100"", ""pci_bus"": ""00000000:01:00.0"", ""pcie"": ""Gen1 x1"", ""util_pct"": 0.0, ""power_w"": 53.16, ""vram_used_mib"": 6086.0}, {""index"": 1, ""name"": ""NVIDIA P104-100"", ""pci_bus"": ""00000000:02:00.0"", ""pcie"": ""Gen1 x1"", ""util_pct"": 17.0, ""power_w"": 53.26, ""vram_used_mib"": 4708.0}, {""index"": 2, ""name"": ""NVIDIA P104-100"", ""pci_bus"": ""00000000:0A:00.0"", ""pcie"": ""Gen1 x1"", ""util_pct"": 36.0, ""power_w"": 51.78, ""vram_used_mib"": 5924.0}, {""index"": 3, ""name"": ""NVIDIA P104-100"", ""pci_bus"": ""00000000:0C:00.0"", ""pcie"": ""Gen1 x1"", ""util_pct"": 20.0, ""power_w"": 55.17, ""vram_used_mib"": 5670.0}, {""index"": 4, ""name"": ""NVIDIA P104-100"", ""pci_bus"": ""00000000:0D:00.0"", ""pcie"": ""Gen1 x1"", ""util_pct"": 34.0, ""power_w"": 54.3, ""vram_used_mib"": 5738.0}, {""index"": 5, ""name"": ""NVIDIA P104-100"", ""pci_bus"": ""00000000:0E:00.0"", ""pcie"": ""Gen1 x1"", ""util_pct"": 20.0, ""power_w"": 69.6, ""vram_used_mib"": 6274.0}]"
2026-08-16T14:49:34.178255+03:00,1786880974.178255,ctx_016384.txt,1,1,prefill,39.38002296211251,"[14.678899082568808, 5.990783410138249, 100.0, 36.529680365296805]",15875.55078125,6422.29296875,9453.2578125,40.453985233287916,24575.99609375,379.23828125,1.5431247620780884,"[{""index"": 0, ""name"": ""NVIDIA P104-100"", ""pci_bus"": ""00000000:01:00.0"", ""pcie"": ""Gen1 x1"", ""util_pct"": 0.0, ""power_w"": 113.11, ""vram_used_mib"": 6086.0}, {""index"": 1, ""name"": ""NVIDIA P104-100"", ""pci_bus"": ""00000000:02:00.0"", ""pcie"": ""Gen1 x1"", ""util_pct"": 1.0, ""power_w"": 93.94, ""vram_used_mib"": 4708.0}, {""index"": 2, ""name"": ""NVIDIA P104-100"", ""pci_bus"": ""00000000:0A:00.0"", ""pcie"": ""Gen1 x1"", ""util_pct"": 12.0, ""power_w"": 52.07, ""vram_used_mib"": 5924.0}, {""index"": 3, ""name"": ""NVIDIA P104-100"", ""pci_bus"": ""00000000:0C:00.0"", ""pcie"": ""Gen1 x1"", ""util_pct"": 52.0, ""power_w"": 55.12, ""vram_used_mib"": 5670.0}, {""index"": 4, ""name"": ""NVIDIA P104-100"", ""pci_bus"": ""00000000:0D:00.0"", ""pcie"": ""Gen1 x1"", ""util_pct"": 15.0, ""power_w"": 53.4, ""vram_used_mib"": 5738.0}, {""index"": 5, ""name"": ""NVIDIA P104-100"", ""pci_bus"": ""00000000:0E:00.0"", ""pcie"": ""Gen1 x1"", ""util_pct"": 34.0, ""power_w"": 51.24, ""vram_used_mib"": 6274.0}]"
2026-08-16T14:49:36.358445+03:00,1786880976.358445,ctx_016384.txt,1,1,prefill,39.60964408725603,"[12.844036697247706, 26.484018264840184, 100.0, 18.98148148148148]",15875.55078125,6433.80859375,9441.7421875,40.5265220867091,24575.99609375,379.23828125,1.5431247620780884,"[{""index"": 0, ""name"": ""NVIDIA P104-100"", ""pci_bus"": ""00000000:01:00.0"", ""pcie"": ""Gen1 x1"", ""util_pct"": 74.0, ""power_w"": 52.66, ""vram_used_mib"": 6086.0}, {""index"": 1, ""name"": ""NVIDIA P104-100"", ""pci_bus"": ""00000000:02:00.0"", ""pcie"": ""Gen1 x1"", ""util_pct"": 60.0, ""power_w"": 72.06, ""vram_used_mib"": 4708.0}, {""index"": 2, ""name"": ""NVIDIA P104-100"", ""pci_bus"": ""00000000:0A:00.0"", ""pcie"": ""Gen1 x1"", ""util_pct"": 14.0, ""power_w"": 168.76, ""vram_used_mib"": 5924.0}, {""index"": 3, ""name"": ""NVIDIA P104-100"", ""pci_bus"": ""00000000:0C:00.0"", ""pcie"": ""Gen1 x1"", ""util_pct"": 2.0, ""power_w"": 164.74, ""vram_used_mib"": 5670.0}, {""index"": 4, ""name"": ""NVIDIA P104-100"", ""pci_bus"": ""00000000:0D:00.0"", ""pcie"": ""Gen1 x1"", ""util_pct"": 25.0, ""power_w"": 53.39, ""vram_used_mib"": 5738.0}, {""index"": 5, ""name"": ""NVIDIA P104-100"", ""pci_bus"": ""00000000:0E:00.0"", ""pcie"": ""Gen1 x1"", ""util_pct"": 26.0, ""power_w"": 51.13, ""vram_used_mib"": 6274.0}]"
2026-08-16T14:49:38.488700+03:00,1786880978.488700,ctx_016384.txt,1,1,prefill,39.411764705882355,"[20.85308056872038, 12.735849056603774, 100.0, 23.474178403755868]",15875.55078125,6459.33203125,9416.21875,40.68729406779932,24575.99609375,379.23828125,1.5431247620780884,"[{""index"": 0, ""name"": ""NVIDIA P104-100"", ""pci_bus"": ""00000000:01:00.0"", ""pcie"": ""Gen1 x1"", ""util_pct"": 3.0, ""power_w"": 52.1, ""vram_used_mib"": 6086.0}, {""index"": 1, ""name"": ""NVIDIA P104-100"", ""pci_bus"": ""00000000:02:00.0"", ""pcie"": ""Gen1 x1"", ""util_pct"": 13.0, ""power_w"": 53.61, ""vram_used_mib"": 4708.0}, {""index"": 2, ""name"": ""NVIDIA P104-100"", ""pci_bus"": ""00000000:0A:00.0"", ""pcie"": ""Gen1 x1"", ""util_pct"": 37.0, ""power_w"": 52.6, ""vram_used_mib"": 5924.0}, {""index"": 3, ""name"": ""NVIDIA P104-100"", ""pci_bus"": ""00000000:0C:00.0"", ""pcie"": ""Gen1 x1"", ""util_pct"": 17.0, ""power_w"": 95.79, ""vram_used_mib"": 5670.0}, {""index"": 4, ""name"": ""NVIDIA P104-100"", ""pci_bus"": ""00000000:0D:00.0"", ""pcie"": ""Gen1 x1"", ""util_pct"": 1.0, ""power_w"": 130.35, ""vram_used_mib"": 5738.0}, {""index"": 5, ""name"": ""NVIDIA P104-100"", ""pci_bus"": ""00000000:0E:00.0"", ""pcie"": ""Gen1 x1"", ""util_pct"": 8.0, ""power_w"": 51.21, ""vram_used_mib"": 6274.0}]"
2026-08-16T14:49:40.608488+03:00,1786880980.608488,ctx_016384.txt,1,1,prefill,38.4160756501182,"[27.830188679245282, 11.848341232227488, 100.0, 13.333333333333334]",15875.55078125,6466.63671875,9408.9140625,40.73330625093962,24575.99609375,379.23828125,1.5431247620780884,"[{""index"": 0, ""name"": ""NVIDIA P104-100"", ""pci_bus"": ""00000000:01:00.0"", ""pcie"": ""Gen1 x1"", ""util_pct"": 0.0, ""power_w"": 52.2, ""vram_used_mib"": 6086.0}, {""index"": 1, ""name"": ""NVIDIA P104-100"", ""pci_bus"": ""00000000:02:00.0"", ""pcie"": ""Gen1 x1"", ""util_pct"": 35.0, ""power_w"": 53.26, ""vram_used_mib"": 4708.0}, {""index"": 2, ""name"": ""NVIDIA P104-100"", ""pci_bus"": ""00000000:0A:00.0"", ""pcie"": ""Gen1 x1"", ""util_pct"": 29.0, ""power_w"": 51.75, ""vram_used_mib"": 5924.0}, {""index"": 3, ""name"": ""NVIDIA P104-100"", ""pci_bus"": ""00000000:0C:00.0"", ""pcie"": ""Gen1 x1"", ""util_pct"": 35.0, ""power_w"": 55.14, ""vram_used_mib"": 5670.0}, {""index"": 4, ""name"": ""NVIDIA P104-100"", ""pci_bus"": ""00000000:0D:00.0"", ""pcie"": ""Gen1 x1"", ""util_pct"": 3.0, ""power_w"": 62.14, ""vram_used_mib"": 5738.0}, {""index"": 5, ""name"": ""NVIDIA P104-100"", ""pci_bus"": ""00000000:0E:00.0"", ""pcie"": ""Gen1 x1"", ""util_pct"": 0.0, ""power_w"": 163.7, ""vram_used_mib"": 6274.0}]"
2026-08-16T14:49:42.782058+03:00,1786880982.782058,ctx_016384.txt,1,1,prefill,51.49769585253456,"[9.216589861751151, 68.51851851851852, 100.0, 28.89908256880734]",15875.55078125,6432.765625,9442.78515625,40.5199524327527,24575.99609375,379.23828125,1.5431247620780884,"[{""index"": 0, ""name"": ""NVIDIA P104-100"", ""pci_bus"": ""00000000:01:00.0"", ""pcie"": ""Gen1 x1"", ""util_pct"": 18.0, ""power_w"": 103.48, ""vram_used_mib"": 6086.0}, {""index"": 1, ""name"": ""NVIDIA P104-100"", ""pci_bus"": ""00000000:02:00.0"", ""pcie"": ""Gen1 x1"", ""util_pct"": 1.0, ""power_w"": 103.57, ""vram_used_mib"": 4708.0}, {""index"": 2, ""name"": ""NVIDIA P104-100"", ""pci_bus"": ""00000000:0A:00.0"", ""pcie"": ""Gen1 x1"", ""util_pct"": 1.0, ""power_w"": 51.53, ""vram_used_mib"": 5924.0}, {""index"": 3, ""name"": ""NVIDIA P104-100"", ""pci_bus"": ""00000000:0C:00.0"", ""pcie"": ""Gen1 x1"", ""util_pct"": 34.0, ""power_w"": 55.24, ""vram_used_mib"": 5670.0}, {""index"": 4, ""name"": ""NVIDIA P104-100"", ""pci_bus"": ""00000000:0D:00.0"", ""pcie"": ""Gen1 x1"", ""util_pct"": 34.0, ""power_w"": 53.31, ""vram_used_mib"": 5738.0}, {""index"": 5, ""name"": ""NVIDIA P104-100"", ""pci_bus"": ""00000000:0E:00.0"", ""pcie"": ""Gen1 x1"", ""util_pct"": 0.0, ""power_w"": 51.23, ""vram_used_mib"": 6274.0}]"
2026-08-16T14:49:44.979349+03:00,1786880984.979349,ctx_016384.txt,1,1,prefill,39.61187214611872,"[18.34862385321101, 13.181818181818182, 100.0, 26.605504587155963]",15875.55078125,6554.26953125,9321.28125,41.285304815950035,24575.99609375,379.23828125,1.5431247620780884,"[{""index"": 0, ""name"": ""NVIDIA P104-100"", ""pci_bus"": ""00000000:01:00.0"", ""pcie"": ""Gen1 x1"", ""util_pct"": 39.0, ""power_w"": 53.52, ""vram_used_mib"": 6086.0}, {""index"": 1, ""name"": ""NVIDIA P104-100"", ""pci_bus"": ""00000000:02:00.0"", ""pcie"": ""Gen1 x1"", ""util_pct"": 31.0, ""power_w"": 135.58, ""vram_used_mib"": 4708.0}, {""index"": 2, ""name"": ""NVIDIA P104-100"", ""pci_bus"": ""00000000:0A:00.0"", ""pcie"": ""Gen1 x1"", ""util_pct"": 1.0, ""power_w"": 63.98, ""vram_used_mib"": 5924.0}, {""index"": 3, ""name"": ""NVIDIA P104-100"", ""pci_bus"": ""00000000:0C:00.0"", ""pcie"": ""Gen1 x1"", ""util_pct"": 1.0, ""power_w"": 55.14, ""vram_used_mib"": 5670.0}, {""index"": 4, ""name"": ""NVIDIA P104-100"", ""pci_bus"": ""00000000:0D:00.0"", ""pcie"": ""Gen1 x1"", ""util_pct"": 36.0, ""power_w"": 53.4, ""vram_used_mib"": 5738.0}, {""index"": 5, ""name"": ""NVIDIA P104-100"", ""pci_bus"": ""00000000:0E:00.0"", ""pcie"": ""Gen1 x1"", ""util_pct"": 24.0, ""power_w"": 51.16, ""vram_used_mib"": 6274.0}]"
2026-08-16T14:49:47.138096+03:00,1786880987.138096,ctx_016384.txt,1,1,prefill,38.908246225319395,"[19.069767441860463, 22.790697674418606, 100.0, 13.88888888888889]",15875.55078125,6585.46875,9290.08203125,41.48182850939473,24575.99609375,379.23828125,1.5431247620780884,"[{""index"": 0, ""name"": ""NVIDIA P104-100"", ""pci_bus"": ""00000000:01:00.0"", ""pcie"": ""Gen1 x1"", ""util_pct"": 39.0, ""power_w"": 52.03, ""vram_used_mib"": 6086.0}, {""index"": 1, ""name"": ""NVIDIA P104-100"", ""pci_bus"": ""00000000:02:00.0"", ""pcie"": ""Gen1 x1"", ""util_pct"": 35.0, ""power_w"": 56.1, ""vram_used_mib"": 4708.0}, {""index"": 2, ""name"": ""NVIDIA P104-100"", ""pci_bus"": ""00000000:0A:00.0"", ""pcie"": ""Gen1 x1"", ""util_pct"": 9.0, ""power_w"": 175.87, ""vram_used_mib"": 5924.0}, {""index"": 3, ""name"": ""NVIDIA P104-100"", ""pci_bus"": ""00000000:0C:00.0"", ""pcie"": ""Gen1 x1"", ""util_pct"": 1.0, ""power_w"": 54.89, ""vram_used_mib"": 5670.0}, {""index"": 4, ""name"": ""NVIDIA P104-100"", ""pci_bus"": ""00000000:0D:00.0"", ""pcie"": ""Gen1 x1"", ""util_pct"": 25.0, ""power_w"": 53.4, ""vram_used_mib"": 5738.0}, {""index"": 5, ""name"": ""NVIDIA P104-100"", ""pci_bus"": ""00000000:0E:00.0"", ""pcie"": ""Gen1 x1"", ""util_pct"": 28.0, ""power_w"": 43.57, ""vram_used_mib"": 6274.0}]"
2026-08-16T14:49:49.316275+03:00,1786880989.316275,ctx_016384.txt,1,1,prefill,39.24050632911393,"[20.642201834862384, 22.22222222222222, 100.0, 13.425925925925926]",15875.55078125,6499.45703125,9376.09375,40.94004120427908,24575.99609375,379.234375,1.543108867503622,"[{""index"": 0, ""name"": ""NVIDIA P104-100"", ""pci_bus"": ""00000000:01:00.0"", ""pcie"": ""Gen1 x1"", ""util_pct"": 39.0, ""power_w"": 52.31, ""vram_used_mib"": 6086.0}, {""index"": 1, ""name"": ""NVIDIA P104-100"", ""pci_bus"": ""00000000:02:00.0"", ""pcie"": ""Gen1 x1"", ""util_pct"": 34.0, ""power_w"": 54.19, ""vram_used_mib"": 4708.0}, {""index"": 2, ""name"": ""NVIDIA P104-100"", ""pci_bus"": ""00000000:0A:00.0"", ""pcie"": ""Gen1 x1"", ""util_pct"": 23.0, ""power_w"": 105.19, ""vram_used_mib"": 5924.0}, {""index"": 3, ""name"": ""NVIDIA P104-100"", ""pci_bus"": ""00000000:0C:00.0"", ""pcie"": ""Gen1 x1"", ""util_pct"": 1.0, ""power_w"": 110.74, ""vram_used_mib"": 5670.0}, {""index"": 4, ""name"": ""NVIDIA P104-100"", ""pci_bus"": ""00000000:0D:00.0"", ""pcie"": ""Gen1 x1"", ""util_pct"": 11.0, ""power_w"": 53.4, ""vram_used_mib"": 5738.0}, {""index"": 5, ""name"": ""NVIDIA P104-100"", ""pci_bus"": ""00000000:0E:00.0"", ""pcie"": ""Gen1 x1"", ""util_pct"": 28.0, ""power_w"": 42.33, ""vram_used_mib"": 6274.0}]"
2026-08-16T14:49:51.485579+03:00,1786880991.485579,ctx_016384.txt,1,1,prefill,39.583333333333336,"[17.12962962962963, 15.668202764976959, 100.0, 25.462962962962962]",15875.55078125,6474.5546875,9400.99609375,40.78318148902806,24575.99609375,379.234375,1.543108867503622,"[{""index"": 0, ""name"": ""NVIDIA P104-100"", ""pci_bus"": ""00000000:01:00.0"", ""pcie"": ""Gen1 x1"", ""util_pct"": 2.0, ""power_w"": 51.87, ""vram_used_mib"": 6086.0}, {""index"": 1, ""name"": ""NVIDIA P104-100"", ""pci_bus"": ""00000000:02:00.0"", ""pcie"": ""Gen1 x1"", ""util_pct"": 1.0, ""power_w"": 72.85, ""vram_used_mib"": 4708.0}, {""index"": 2, ""name"": ""NVIDIA P104-100"", ""pci_bus"": ""00000000:0A:00.0"", ""pcie"": ""Gen1 x1"", ""util_pct"": 0.0, ""power_w"": 153.49, ""vram_used_mib"": 5924.0}, {""index"": 3, ""name"": ""NVIDIA P104-100"", ""pci_bus"": ""00000000:0C:00.0"", ""pcie"": ""Gen1 x1"", ""util_pct"": 40.0, ""power_w"": 54.89, ""vram_used_mib"": 5670.0}, {""index"": 4, ""name"": ""NVIDIA P104-100"", ""pci_bus"": ""00000000:0D:00.0"", ""pcie"": ""Gen1 x1"", ""util_pct"": 3.0, ""power_w"": 53.32, ""vram_used_mib"": 5738.0}, {""index"": 5, ""name"": ""NVIDIA P104-100"", ""pci_bus"": ""00000000:0E:00.0"", ""pcie"": ""Gen1 x1"", ""util_pct"": 31.0, ""power_w"": 42.33, ""vram_used_mib"": 6274.0}]"
2026-08-16T14:49:53.618141+03:00,1786880993.618141,ctx_016384.txt,1,1,prefill,39.48296122209166,"[22.641509433962263, 23.696682464454977, 100.0, 11.267605633802816]",15875.55078125,6488.84765625,9386.703125,40.873212814220764,24575.99609375,379.234375,1.543108867503622,"[{""index"": 0, ""name"": ""NVIDIA P104-100"", ""pci_bus"": ""00000000:01:00.0"", ""pcie"": ""Gen1 x1"", ""util_pct"": 41.0, ""power_w"": 57.69, ""vram_used_mib"": 6086.0}, {""index"": 1, ""name"": ""NVIDIA P104-100"", ""pci_bus"": ""00000000:02:00.0"", ""pcie"": ""Gen1 x1"", ""util_pct"": 20.0, ""power_w"": 175.46, ""vram_used_mib"": 4708.0}, {""index"": 2, ""name"": ""NVIDIA P104-100"", ""pci_bus"": ""00000000:0A:00.0"", ""pcie"": ""Gen1 x1"", ""util_pct"": 3.0, ""power_w"": 178.89, ""vram_used_mib"": 5924.0}, {""index"": 3, ""name"": ""NVIDIA P104-100"", ""pci_bus"": ""00000000:0C:00.0"", ""pcie"": ""Gen1 x1"", ""util_pct"": 3.0, ""power_w"": 54.95, ""vram_used_mib"": 5670.0}, {""index"": 4, ""name"": ""NVIDIA P104-100"", ""pci_bus"": ""00000000:0D:00.0"", ""pcie"": ""Gen1 x1"", ""util_pct"": 37.0, ""power_w"": 53.16, ""vram_used_mib"": 5738.0}, {""index"": 5, ""name"": ""NVIDIA P104-100"", ""pci_bus"": ""00000000:0E:00.0"", ""pcie"": ""Gen1 x1"", ""util_pct"": 3.0, ""power_w"": 42.58, ""vram_used_mib"": 6274.0}]"
2026-08-16T14:49:55.742259+03:00,1786880995.742259,ctx_016384.txt,1,1,prefill,39.05882352941177,"[31.27962085308057, 12.67605633802817, 100.0, 11.374407582938389]",15875.55078125,6452.015625,9423.53515625,40.641208068322435,24575.99609375,379.234375,1.543108867503622,"[{""index"": 0, ""name"": ""NVIDIA P104-100"", ""pci_bus"": ""00000000:01:00.0"", ""pcie"": ""Gen1 x1"", ""util_pct"": 39.0, ""power_w"": 52.29, ""vram_used_mib"": 6086.0}, {""index"": 1, ""name"": ""NVIDIA P104-100"", ""pci_bus"": ""00000000:02:00.0"", ""pcie"": ""Gen1 x1"", ""util_pct"": 18.0, ""power_w"": 57.34, ""vram_used_mib"": 4708.0}, {""index"": 2, ""name"": ""NVIDIA P104-100"", ""pci_bus"": ""00000000:0A:00.0"", ""pcie"": ""Gen1 x1"", ""util_pct"": 1.0, ""power_w"": 171.06, ""vram_used_mib"": 5924.0}, {""index"": 3, ""name"": ""NVIDIA P104-100"", ""pci_bus"": ""00000000:0C:00.0"", ""pcie"": ""Gen1 x1"", ""util_pct"": 3.0, ""power_w"": 55.25, ""vram_used_mib"": 5670.0}, {""index"": 4, ""name"": ""NVIDIA P104-100"", ""pci_bus"": ""00000000:0D:00.0"", ""pcie"": ""Gen1 x1"", ""util_pct"": 35.0, ""power_w"": 53.44, ""vram_used_mib"": 5738.0}, {""index"": 5, ""name"": ""NVIDIA P104-100"", ""pci_bus"": ""00000000:0E:00.0"", ""pcie"": ""Gen1 x1"", ""util_pct"": 2.0, ""power_w"": 42.23, ""vram_used_mib"": 6274.0}]"
2026-08-16T14:49:57.906899+03:00,1786880997.906899,ctx_016384.txt,1,1,prefill,39.049826187717265,"[31.944444444444443, 3.7209302325581395, 100.0, 20.642201834862384]",15875.55078125,6398.91015625,9476.640625,40.306697036347906,24575.99609375,379.234375,1.543108867503622,"[{""index"": 0, ""name"": ""NVIDIA P104-100"", ""pci_bus"": ""00000000:01:00.0"", ""pcie"": ""Gen1 x1"", ""util_pct"": 40.0, ""power_w"": 52.2, ""vram_used_mib"": 6086.0}, {""index"": 1, ""name"": ""NVIDIA P104-100"", ""pci_bus"": ""00000000:02:00.0"", ""pcie"": ""Gen1 x1"", ""util_pct"": 20.0, ""power_w"": 56.0, ""vram_used_mib"": 4708.0}, {""index"": 2, ""name"": ""NVIDIA P104-100"", ""pci_bus"": ""00000000:0A:00.0"", ""pcie"": ""Gen1 x1"", ""util_pct"": 2.0, ""power_w"": 177.57, ""vram_used_mib"": 5924.0}, {""index"": 3, ""name"": ""NVIDIA P104-100"", ""pci_bus"": ""00000000:0C:00.0"", ""pcie"": ""Gen1 x1"", ""util_pct"": 1.0, ""power_w"": 54.89, ""vram_used_mib"": 5670.0}, {""index"": 4, ""name"": ""NVIDIA P104-100"", ""pci_bus"": ""00000000:0D:00.0"", ""pcie"": ""Gen1 x1"", ""util_pct"": 37.0, ""power_w"": 53.31, ""vram_used_mib"": 5738.0}, {""index"": 5, ""name"": ""NVIDIA P104-100"", ""pci_bus"": ""00000000:0E:00.0"", ""pcie"": ""Gen1 x1"", ""util_pct"": 1.0, ""power_w"": 46.31, ""vram_used_mib"": 6274.0}]"
2026-08-16T14:50:00.080634+03:00,1786881000.080634,ctx_016384.txt,1,1,prefill,39.21568627450981,"[17.889908256880734, 19.069767441860463, 100.0, 19.81566820276498]",15875.55078125,6477.421875,9398.12890625,40.80124188604677,24575.99609375,379.234375,1.543108867503622,"[{""index"": 0, ""name"": ""NVIDIA P104-100"", ""pci_bus"": ""00000000:01:00.0"", ""pcie"": ""Gen1 x1"", ""util_pct"": 40.0, ""power_w"": 52.53, ""vram_used_mib"": 6086.0}, {""index"": 1, ""name"": ""NVIDIA P104-100"", ""pci_bus"": ""00000000:02:00.0"", ""pcie"": ""Gen1 x1"", ""util_pct"": 25.0, ""power_w"": 55.16, ""vram_used_mib"": 4708.0}, {""index"": 2, ""name"": ""NVIDIA P104-100"", ""pci_bus"": ""00000000:0A:00.0"", ""pcie"": ""Gen1 x1"", ""util_pct"": 2.0, ""power_w"": 181.66, ""vram_used_mib"": 5924.0}, {""index"": 3, ""name"": ""NVIDIA P104-100"", ""pci_bus"": ""00000000:0C:00.0"", ""pcie"": ""Gen1 x1"", ""util_pct"": 1.0, ""power_w"": 54.79, ""vram_used_mib"": 5670.0}, {""index"": 4, ""name"": ""NVIDIA P104-100"", ""pci_bus"": ""00000000:0D:00.0"", ""pcie"": ""Gen1 x1"", ""util_pct"": 37.0, ""power_w"": 53.4, ""vram_used_mib"": 5738.0}, {""index"": 5, ""name"": ""NVIDIA P104-100"", ""pci_bus"": ""00000000:0E:00.0"", ""pcie"": ""Gen1 x1"", ""util_pct"": 1.0, ""power_w"": 51.26, ""vram_used_mib"": 6274.0}]"
2026-08-16T14:50:02.255916+03:00,1786881002.255916,ctx_016384.txt,1,1,prefill,39.40092165898618,"[26.605504587155963, 12.903225806451612, 100.0, 17.289719626168225]",15875.55078125,6521.3046875,9354.24609375,41.07765946112598,24575.99609375,379.234375,1.543108867503622,"[{""index"": 0, ""name"": ""NVIDIA P104-100"", ""pci_bus"": ""00000000:01:00.0"", ""pcie"": ""Gen1 x1"", ""util_pct"": 40.0, ""power_w"": 52.88, ""vram_used_mib"": 6086.0}, {""index"": 1, ""name"": ""NVIDIA P104-100"", ""pci_bus"": ""00000000:02:00.0"", ""pcie"": ""Gen1 x1"", ""util_pct"": 29.0, ""power_w"": 132.47, ""vram_used_mib"": 4708.0}, {""index"": 2, ""name"": ""NVIDIA P104-100"", ""pci_bus"": ""00000000:0A:00.0"", ""pcie"": ""Gen1 x1"", ""util_pct"": 2.0, ""power_w"": 123.1, ""vram_used_mib"": 5924.0}, {""index"": 3, ""name"": ""NVIDIA P104-100"", ""pci_bus"": ""00000000:0C:00.0"", ""pcie"": ""Gen1 x1"", ""util_pct"": 2.0, ""power_w"": 54.89, ""vram_used_mib"": 5670.0}, {""index"": 4, ""name"": ""NVIDIA P104-100"", ""pci_bus"": ""00000000:0D:00.0"", ""pcie"": ""Gen1 x1"", ""util_pct"": 37.0, ""power_w"": 53.31, ""vram_used_mib"": 5738.0}, {""index"": 5, ""name"": ""NVIDIA P104-100"", ""pci_bus"": ""00000000:0E:00.0"", ""pcie"": ""Gen1 x1"", ""util_pct"": 25.0, ""power_w"": 51.16, ""vram_used_mib"": 6274.0}]"
2026-08-16T14:50:04.398103+03:00,1786881004.398103,ctx_016384.txt,1,1,prefill,39.48598130841121,"[14.084507042253522, 20.0, 100.0, 24.299065420560748]",15875.55078125,6525.05078125,9350.5,41.10125608338884,24575.99609375,379.234375,1.543108867503622,"[{""index"": 0, ""name"": ""NVIDIA P104-100"", ""pci_bus"": ""00000000:01:00.0"", ""pcie"": ""Gen1 x1"", ""util_pct"": 40.0, ""power_w"": 61.13, ""vram_used_mib"": 6086.0}, {""index"": 1, ""name"": ""NVIDIA P104-100"", ""pci_bus"": ""00000000:02:00.0"", ""pcie"": ""Gen1 x1"", ""util_pct"": 0.0, ""power_w"": 165.63, ""vram_used_mib"": 4708.0}, {""index"": 2, ""name"": ""NVIDIA P104-100"", ""pci_bus"": ""00000000:0A:00.0"", ""pcie"": ""Gen1 x1"", ""util_pct"": 2.0, ""power_w"": 52.07, ""vram_used_mib"": 5924.0}, {""index"": 3, ""name"": ""NVIDIA P104-100"", ""pci_bus"": ""00000000:0C:00.0"", ""pcie"": ""Gen1 x1"", ""util_pct"": 2.0, ""power_w"": 55.12, ""vram_used_mib"": 5670.0}, {""index"": 4, ""name"": ""NVIDIA P104-100"", ""pci_bus"": ""00000000:0D:00.0"", ""pcie"": ""Gen1 x1"", ""util_pct"": 38.0, ""power_w"": 52.56, ""vram_used_mib"": 5738.0}, {""index"": 5, ""name"": ""NVIDIA P104-100"", ""pci_bus"": ""00000000:0E:00.0"", ""pcie"": ""Gen1 x1"", ""util_pct"": 25.0, ""power_w"": 51.13, ""vram_used_mib"": 6274.0}]"
2026-08-16T14:50:06.513993+03:00,1786881006.513993,ctx_016384.txt,1,1,prefill,53.04659498207885,"[19.81132075471698, 75.47169811320755, 94.28571428571429, 21.951219512195124]",15875.55078125,6473.1796875,9402.37109375,40.77452037220166,24575.99609375,379.19921875,1.5429658163334237,"[{""index"": 0, ""name"": ""NVIDIA P104-100"", ""pci_bus"": ""00000000:01:00.0"", ""pcie"": ""Gen1 x1"", ""util_pct"": 0.0, ""power_w"": 50.65, ""vram_used_mib"": 6086.0}, {""index"": 1, ""name"": ""NVIDIA P104-100"", ""pci_bus"": ""00000000:02:00.0"", ""pcie"": ""Gen1 x1"", ""util_pct"": 0.0, ""power_w"": 53.55, ""vram_used_mib"": 4708.0}, {""index"": 2, ""name"": ""NVIDIA P104-100"", ""pci_bus"": ""00000000:0A:00.0"", ""pcie"": ""Gen1 x1"", ""util_pct"": 0.0, ""power_w"": 50.53, ""vram_used_mib"": 5924.0}, {""index"": 3, ""name"": ""NVIDIA P104-100"", ""pci_bus"": ""00000000:0C:00.0"", ""pcie"": ""Gen1 x1"", ""util_pct"": 5.0, ""power_w"": 52.86, ""vram_used_mib"": 5670.0}, {""index"": 4, ""name"": ""NVIDIA P104-100"", ""pci_bus"": ""00000000:0D:00.0"", ""pcie"": ""Gen1 x1"", ""util_pct"": 71.0, ""power_w"": 53.32, ""vram_used_mib"": 5738.0}, {""index"": 5, ""name"": ""NVIDIA P104-100"", ""pci_bus"": ""00000000:0E:00.0"", ""pcie"": ""Gen1 x1"", ""util_pct"": 57.0, ""power_w"": 93.26, ""vram_used_mib"": 6274.0}]"
2026-08-16T14:50:08.719923+03:00,1786881008.719923,ctx_016384.txt,1,1,prefill,38.52272727272727,"[29.22374429223744, 100.0, 13.181818181818182, 11.363636363636363]",15875.55078125,6516.4765625,9359.07421875,41.04724713045143,24575.99609375,379.19921875,1.5429658163334237,"[{""index"": 0, ""name"": ""NVIDIA P104-100"", ""pci_bus"": ""00000000:01:00.0"", ""pcie"": ""Gen1 x1"", ""util_pct"": 0.0, ""power_w"": 51.96, ""vram_used_mib"": 6086.0}, {""index"": 1, ""name"": ""NVIDIA P104-100"", ""pci_bus"": ""00000000:02:00.0"", ""pcie"": ""Gen1 x1"", ""util_pct"": 0.0, ""power_w"": 53.36, ""vram_used_mib"": 4708.0}, {""index"": 2, ""name"": ""NVIDIA P104-100"", ""pci_bus"": ""00000000:0A:00.0"", ""pcie"": ""Gen1 x1"", ""util_pct"": 33.0, ""power_w"": 50.51, ""vram_used_mib"": 5924.0}, {""index"": 3, ""name"": ""NVIDIA P104-100"", ""pci_bus"": ""00000000:0C:00.0"", ""pcie"": ""Gen1 x1"", ""util_pct"": 37.0, ""power_w"": 52.92, ""vram_used_mib"": 5670.0}, {""index"": 4, ""name"": ""NVIDIA P104-100"", ""pci_bus"": ""00000000:0D:00.0"", ""pcie"": ""Gen1 x1"", ""util_pct"": 0.0, ""power_w"": 58.44, ""vram_used_mib"": 5738.0}, {""index"": 5, ""name"": ""NVIDIA P104-100"", ""pci_bus"": ""00000000:0E:00.0"", ""pcie"": ""Gen1 x1"", ""util_pct"": 0.0, ""power_w"": 135.97, ""vram_used_mib"": 6274.0}]"
2026-08-16T14:50:10.896928+03:00,1786881010.896928,ctx_016384.txt,1,1,prefill,39.12543153049482,"[8.796296296296296, 100.0, 28.571428571428573, 18.807339449541285]",15875.55078125,6417.98046875,9457.5703125,40.42682082142327,24575.99609375,379.19921875,1.5429658163334237,"[{""index"": 0, ""name"": ""NVIDIA P104-100"", ""pci_bus"": ""00000000:01:00.0"", ""pcie"": ""Gen1 x1"", ""util_pct"": 0.0, ""power_w"": 52.1, ""vram_used_mib"": 6086.0}, {""index"": 1, ""name"": ""NVIDIA P104-100"", ""pci_bus"": ""00000000:02:00.0"", ""pcie"": ""Gen1 x1"", ""util_pct"": 0.0, ""power_w"": 53.61, ""vram_used_mib"": 4708.0}, {""index"": 2, ""name"": ""NVIDIA P104-100"", ""pci_bus"": ""00000000:0A:00.0"", ""pcie"": ""Gen1 x1"", ""util_pct"": 45.0, ""power_w"": 51.75, ""vram_used_mib"": 5924.0}, {""index"": 3, ""name"": ""NVIDIA P104-100"", ""pci_bus"": ""00000000:0C:00.0"", ""pcie"": ""Gen1 x1"", ""util_pct"": 73.0, ""power_w"": 55.15, ""vram_used_mib"": 5670.0}, {""index"": 4, ""name"": ""NVIDIA P104-100"", ""pci_bus"": ""00000000:0D:00.0"", ""pcie"": ""Gen1 x1"", ""util_pct"": 25.0, ""power_w"": 59.14, ""vram_used_mib"": 5738.0}, {""index"": 5, ""name"": ""NVIDIA P104-100"", ""pci_bus"": ""00000000:0E:00.0"", ""pcie"": ""Gen1 x1"", ""util_pct"": 0.0, ""power_w"": 155.6, ""vram_used_mib"": 6274.0}]"
2026-08-16T14:50:13.090684+03:00,1786881013.090684,ctx_016384.txt,1,1,prefill,39.269406392694066,"[29.545454545454547, 100.0, 18.34862385321101, 9.132420091324201]",15875.55078125,6554.234375,9321.31640625,41.28508336694027,24575.99609375,379.19921875,1.5429658163334237,"[{""index"": 0, ""name"": ""NVIDIA P104-100"", ""pci_bus"": ""00000000:01:00.0"", ""pcie"": ""Gen1 x1"", ""util_pct"": 0.0, ""power_w"": 52.2, ""vram_used_mib"": 6086.0}, {""index"": 1, ""name"": ""NVIDIA P104-100"", ""pci_bus"": ""00000000:02:00.0"", ""pcie"": ""Gen1 x1"", ""util_pct"": 0.0, ""power_w"": 53.49, ""vram_used_mib"": 4708.0}, {""index"": 2, ""name"": ""NVIDIA P104-100"", ""pci_bus"": ""00000000:0A:00.0"", ""pcie"": ""Gen1 x1"", ""util_pct"": 17.0, ""power_w"": 51.65, ""vram_used_mib"": 5924.0}, {""index"": 3, ""name"": ""NVIDIA P104-100"", ""pci_bus"": ""00000000:0C:00.0"", ""pcie"": ""Gen1 x1"", ""util_pct"": 36.0, ""power_w"": 55.14, ""vram_used_mib"": 5670.0}, {""index"": 4, ""name"": ""NVIDIA P104-100"", ""pci_bus"": ""00000000:0D:00.0"", ""pcie"": ""Gen1 x1"", ""util_pct"": 16.0, ""power_w"": 53.55, ""vram_used_mib"": 5738.0}, {""index"": 5, ""name"": ""NVIDIA P104-100"", ""pci_bus"": ""00000000:0E:00.0"", ""pcie"": ""Gen1 x1"", ""util_pct"": 0.0, ""power_w"": 51.86, ""vram_used_mib"": 6274.0}]"
2026-08-16T14:50:15.280173+03:00,1786881015.280173,ctx_016384.txt,1,1,prefill,39.542857142857144,"[16.972477064220183, 100.0, 20.90909090909091, 20.642201834862384]",15875.55078125,6517.87109375,9357.6796875,41.056031274505486,24575.99609375,379.19921875,1.5429658163334237,"[{""index"": 0, ""name"": ""NVIDIA P104-100"", ""pci_bus"": ""00000000:01:00.0"", ""pcie"": ""Gen1 x1"", ""util_pct"": 0.0, ""power_w"": 52.1, ""vram_used_mib"": 6086.0}, {""index"": 1, ""name"": ""NVIDIA P104-100"", ""pci_bus"": ""00000000:02:00.0"", ""pcie"": ""Gen1 x1"", ""util_pct"": 0.0, ""power_w"": 53.61, ""vram_used_mib"": 4708.0}, {""index"": 2, ""name"": ""NVIDIA P104-100"", ""pci_bus"": ""00000000:0A:00.0"", ""pcie"": ""Gen1 x1"", ""util_pct"": 33.0, ""power_w"": 51.85, ""vram_used_mib"": 5924.0}, {""index"": 3, ""name"": ""NVIDIA P104-100"", ""pci_bus"": ""00000000:0C:00.0"", ""pcie"": ""Gen1 x1"", ""util_pct"": 36.0, ""power_w"": 55.24, ""vram_used_mib"": 5670.0}, {""index"": 4, ""name"": ""NVIDIA P104-100"", ""pci_bus"": ""00000000:0D:00.0"", ""pcie"": ""Gen1 x1"", ""util_pct"": 2.0, ""power_w"": 56.64, ""vram_used_mib"": 5738.0}, {""index"": 5, ""name"": ""NVIDIA P104-100"", ""pci_bus"": ""00000000:0E:00.0"", ""pcie"": ""Gen1 x1"", ""util_pct"": 0.0, ""power_w"": 96.83, ""vram_used_mib"": 6274.0}]"
2026-08-16T14:50:17.433345+03:00,1786881017.433345,ctx_016384.txt,1,1,prefill,39.46449359720605,"[20.0, 100.0, 22.429906542056074, 15.348837209302326]",15875.55078125,6525.23828125,9350.3125,41.10243714477426,24575.99609375,379.19921875,1.5429658163334237,"[{""index"": 0, ""name"": ""NVIDIA P104-100"", ""pci_bus"": ""00000000:01:00.0"", ""pcie"": ""Gen1 x1"", ""util_pct"": 41.0, ""power_w"": 52.22, ""vram_used_mib"": 6086.0}, {""index"": 1, ""name"": ""NVIDIA P104-100"", ""pci_bus"": ""00000000:02:00.0"", ""pcie"": ""Gen1 x1"", ""util_pct"": 37.0, ""power_w"": 53.59, ""vram_used_mib"": 4708.0}, {""index"": 2, ""name"": ""NVIDIA P104-100"", ""pci_bus"": ""00000000:0A:00.0"", ""pcie"": ""Gen1 x1"", ""util_pct"": 39.0, ""power_w"": 52.1, ""vram_used_mib"": 5924.0}, {""index"": 3, ""name"": ""NVIDIA P104-100"", ""pci_bus"": ""00000000:0C:00.0"", ""pcie"": ""Gen1 x1"", ""util_pct"": 2.0, ""power_w"": 73.57, ""vram_used_mib"": 5670.0}, {""index"": 4, ""name"": ""NVIDIA P104-100"", ""pci_bus"": ""00000000:0D:00.0"", ""pcie"": ""Gen1 x1"", ""util_pct"": 0.0, ""power_w"": 152.74, ""vram_used_mib"": 5738.0}, {""index"": 5, ""name"": ""NVIDIA P104-100"", ""pci_bus"": ""00000000:0E:00.0"", ""pcie"": ""Gen1 x1"", ""util_pct"": 0.0, ""power_w"": 51.19, ""vram_used_mib"": 6274.0}]"
2026-08-16T14:50:19.548777+03:00,1786881019.548777,ctx_016384.txt,1,1,prefill,39.00709219858156,"[17.92452830188679, 100.0, 8.530805687203792, 29.71698113207547]",15875.55078125,6442.92578125,9432.625,40.58395119657512,24575.99609375,379.19921875,1.5429658163334237,"[{""index"": 0, ""name"": ""NVIDIA P104-100"", ""pci_bus"": ""00000000:01:00.0"", ""pcie"": ""Gen1 x1"", ""util_pct"": 38.0, ""power_w"": 52.14, ""vram_used_mib"": 6086.0}, {""index"": 1, ""name"": ""NVIDIA P104-100"", ""pci_bus"": ""00000000:02:00.0"", ""pcie"": ""Gen1 x1"", ""util_pct"": 14.0, ""power_w"": 53.82, ""vram_used_mib"": 4708.0}, {""index"": 2, ""name"": ""NVIDIA P104-100"", ""pci_bus"": ""00000000:0A:00.0"", ""pcie"": ""Gen1 x1"", ""util_pct"": 2.0, ""power_w"": 82.19, ""vram_used_mib"": 5924.0}, {""index"": 3, ""name"": ""NVIDIA P104-100"", ""pci_bus"": ""00000000:0C:00.0"", ""pcie"": ""Gen1 x1"", ""util_pct"": 2.0, ""power_w"": 148.56, ""vram_used_mib"": 5670.0}, {""index"": 4, ""name"": ""NVIDIA P104-100"", ""pci_bus"": ""00000000:0D:00.0"", ""pcie"": ""Gen1 x1"", ""util_pct"": 2.0, ""power_w"": 53.31, ""vram_used_mib"": 5738.0}, {""index"": 5, ""name"": ""NVIDIA P104-100"", ""pci_bus"": ""00000000:0E:00.0"", ""pcie"": ""Gen1 x1"", ""util_pct"": 5.0, ""power_w"": 50.98, ""vram_used_mib"": 6274.0}]"
2026-08-16T14:50:21.699428+03:00,1786881021.699428,ctx_016384.txt,1,1,prefill,38.623103850641776,"[10.280373831775702, 100.0, 18.6046511627907, 25.233644859813083]",15875.55078125,6472.8515625,9402.69921875,40.77245351477717,24575.99609375,379.19921875,1.5429658163334237,"[{""index"": 0, ""name"": ""NVIDIA P104-100"", ""pci_bus"": ""00000000:01:00.0"", ""pcie"": ""Gen1 x1"", ""util_pct"": 12.0, ""power_w"": 52.28, ""vram_used_mib"": 6086.0}, {""index"": 1, ""name"": ""NVIDIA P104-100"", ""pci_bus"": ""00000000:02:00.0"", ""pcie"": ""Gen1 x1"", ""util_pct"": 2.0, ""power_w"": 60.1, ""vram_used_mib"": 4708.0}, {""index"": 2, ""name"": ""NVIDIA P104-100"", ""pci_bus"": ""00000000:0A:00.0"", ""pcie"": ""Gen1 x1"", ""util_pct"": 2.0, ""power_w"": 173.92, ""vram_used_mib"": 5924.0}, {""index"": 3, ""name"": ""NVIDIA P104-100"", ""pci_bus"": ""00000000:0C:00.0"", ""pcie"": ""Gen1 x1"", ""util_pct"": 25.0, ""power_w"": 53.91, ""vram_used_mib"": 5670.0}, {""index"": 4, ""name"": ""NVIDIA P104-100"", ""pci_bus"": ""00000000:0D:00.0"", ""pcie"": ""Gen1 x1"", ""util_pct"": 2.0, ""power_w"": 54.3, ""vram_used_mib"": 5738.0}, {""index"": 5, ""name"": ""NVIDIA P104-100"", ""pci_bus"": ""00000000:0E:00.0"", ""pcie"": ""Gen1 x1"", ""util_pct"": 27.0, ""power_w"": 51.26, ""vram_used_mib"": 6274.0}]"
2026-08-16T14:50:23.873603+03:00,1786881023.873603,ctx_016384.txt,1,1,prefill,39.54022988505747,"[23.963133640552996, 100.0, 15.277777777777779, 17.972350230414747]",15875.55078125,6466.46484375,9409.0859375,40.732223611336316,24575.99609375,379.19921875,1.5429658163334237,"[{""index"": 0, ""name"": ""NVIDIA P104-100"", ""pci_bus"": ""00000000:01:00.0"", ""pcie"": ""Gen1 x1"", ""util_pct"": 0.0, ""power_w"": 137.54, ""vram_used_mib"": 6086.0}, {""index"": 1, ""name"": ""NVIDIA P104-100"", ""pci_bus"": ""00000000:02:00.0"", ""pcie"": ""Gen1 x1"", ""util_pct"": 0.0, ""power_w"": 75.61, ""vram_used_mib"": 4708.0}, {""index"": 2, ""name"": ""NVIDIA P104-100"", ""pci_bus"": ""00000000:0A:00.0"", ""pcie"": ""Gen1 x1"", ""util_pct"": 21.0, ""power_w"": 52.01, ""vram_used_mib"": 5924.0}, {""index"": 3, ""name"": ""NVIDIA P104-100"", ""pci_bus"": ""00000000:0C:00.0"", ""pcie"": ""Gen1 x1"", ""util_pct"": 51.0, ""power_w"": 55.12, ""vram_used_mib"": 5670.0}, {""index"": 4, ""name"": ""NVIDIA P104-100"", ""pci_bus"": ""00000000:0D:00.0"", ""pcie"": ""Gen1 x1"", ""util_pct"": 24.0, ""power_w"": 53.65, ""vram_used_mib"": 5738.0}, {""index"": 5, ""name"": ""NVIDIA P104-100"", ""pci_bus"": ""00000000:0E:00.0"", ""pcie"": ""Gen1 x1"", ""util_pct"": 49.0, ""power_w"": 51.48, ""vram_used_mib"": 6274.0}]"
2026-08-16T14:50:26.027111+03:00,1786881026.027111,ctx_016384.txt,1,1,prefill,39.46449359720605,"[21.962616822429908, 100.0, 19.069767441860463, 16.74418604651163]",15875.55078125,6466.25390625,9409.296875,40.73089491727772,24575.99609375,379.19921875,1.5429658163334237,"[{""index"": 0, ""name"": ""NVIDIA P104-100"", ""pci_bus"": ""00000000:01:00.0"", ""pcie"": ""Gen1 x1"", ""util_pct"": 0.0, ""power_w"": 156.53, ""vram_used_mib"": 6086.0}, {""index"": 1, ""name"": ""NVIDIA P104-100"", ""pci_bus"": ""00000000:02:00.0"", ""pcie"": ""Gen1 x1"", ""util_pct"": 0.0, ""power_w"": 53.61, ""vram_used_mib"": 4708.0}, {""index"": 2, ""name"": ""NVIDIA P104-100"", ""pci_bus"": ""00000000:0A:00.0"", ""pcie"": ""Gen1 x1"", ""util_pct"": 15.0, ""power_w"": 52.19, ""vram_used_mib"": 5924.0}, {""index"": 3, ""name"": ""NVIDIA P104-100"", ""pci_bus"": ""00000000:0C:00.0"", ""pcie"": ""Gen1 x1"", ""util_pct"": 37.0, ""power_w"": 53.91, ""vram_used_mib"": 5670.0}, {""index"": 4, ""name"": ""NVIDIA P104-100"", ""pci_bus"": ""00000000:0D:00.0"", ""pcie"": ""Gen1 x1"", ""util_pct"": 21.0, ""power_w"": 53.65, ""vram_used_mib"": 5738.0}, {""index"": 5, ""name"": ""NVIDIA P104-100"", ""pci_bus"": ""00000000:0E:00.0"", ""pcie"": ""Gen1 x1"", ""util_pct"": 0.0, ""power_w"": 52.6, ""vram_used_mib"": 6274.0}]"
2026-08-16T14:50:28.148666+03:00,1786881028.148666,ctx_016384.txt,1,1,prefill,38.888888888888886,"[10.849056603773585, 100.0, 28.77358490566038, 16.113744075829384]",15875.55078125,6498.1640625,9377.38671875,40.9318968018088,24575.99609375,379.19921875,1.5429658163334237,"[{""index"": 0, ""name"": ""NVIDIA P104-100"", ""pci_bus"": ""00000000:01:00.0"", ""pcie"": ""Gen1 x1"", ""util_pct"": 0.0, ""power_w"": 52.1, ""vram_used_mib"": 6086.0}, {""index"": 1, ""name"": ""NVIDIA P104-100"", ""pci_bus"": ""00000000:02:00.0"", ""pcie"": ""Gen1 x1"", ""util_pct"": 0.0, ""power_w"": 53.58, ""vram_used_mib"": 4708.0}, {""index"": 2, ""name"": ""NVIDIA P104-100"", ""pci_bus"": ""00000000:0A:00.0"", ""pcie"": ""Gen1 x1"", ""util_pct"": 39.0, ""power_w"": 51.85, ""vram_used_mib"": 5924.0}, {""index"": 3, ""name"": ""NVIDIA P104-100"", ""pci_bus"": ""00000000:0C:00.0"", ""pcie"": ""Gen1 x1"", ""util_pct"": 37.0, ""power_w"": 55.75, ""vram_used_mib"": 5670.0}, {""index"": 4, ""name"": ""NVIDIA P104-100"", ""pci_bus"": ""00000000:0D:00.0"", ""pcie"": ""Gen1 x1"", ""util_pct"": 0.0, ""power_w"": 121.13, ""vram_used_mib"": 5738.0}, {""index"": 5, ""name"": ""NVIDIA P104-100"", ""pci_bus"": ""00000000:0E:00.0"", ""pcie"": ""Gen1 x1"", ""util_pct"": 0.0, ""power_w"": 86.95, ""vram_used_mib"": 6274.0}]"
2026-08-16T14:50:30.298315+03:00,1786881030.298315,ctx_016384.txt,1,1,prefill,49.29742388758782,"[81.30841121495327, 82.62910798122066, 17.209302325581394, 15.639810426540285]",15875.55078125,6443.5625,9431.98828125,40.58796188419644,24575.99609375,379.19921875,1.5429658163334237,"[{""index"": 0, ""name"": ""NVIDIA P104-100"", ""pci_bus"": ""00000000:01:00.0"", ""pcie"": ""Gen1 x1"", ""util_pct"": 34.0, ""power_w"": 52.14, ""vram_used_mib"": 6086.0}, {""index"": 1, ""name"": ""NVIDIA P104-100"", ""pci_bus"": ""00000000:02:00.0"", ""pcie"": ""Gen1 x1"", ""util_pct"": 8.0, ""power_w"": 53.92, ""vram_used_mib"": 4708.0}, {""index"": 2, ""name"": ""NVIDIA P104-100"", ""pci_bus"": ""00000000:0A:00.0"", ""pcie"": ""Gen1 x1"", ""util_pct"": 39.0, ""power_w"": 79.39, ""vram_used_mib"": 5924.0}, {""index"": 3, ""name"": ""NVIDIA P104-100"", ""pci_bus"": ""00000000:0C:00.0"", ""pcie"": ""Gen1 x1"", ""util_pct"": 8.0, ""power_w"": 149.12, ""vram_used_mib"": 5670.0}, {""index"": 4, ""name"": ""NVIDIA P104-100"", ""pci_bus"": ""00000000:0D:00.0"", ""pcie"": ""Gen1 x1"", ""util_pct"": 2.0, ""power_w"": 54.38, ""vram_used_mib"": 5738.0}, {""index"": 5, ""name"": ""NVIDIA P104-100"", ""pci_bus"": ""00000000:0E:00.0"", ""pcie"": ""Gen1 x1"", ""util_pct"": 22.0, ""power_w"": 51.23, ""vram_used_mib"": 6274.0}]"
2026-08-16T14:50:32.479778+03:00,1786881032.479778,ctx_016384.txt,1,1,prefill,39.49483352468427,"[100.0, 24.770642201834864, 22.580645161290324, 10.138248847926267]",15875.55078125,6472.015625,9403.53515625,40.76718794943384,24575.99609375,379.19921875,1.5429658163334237,"[{""index"": 0, ""name"": ""NVIDIA P104-100"", ""pci_bus"": ""00000000:01:00.0"", ""pcie"": ""Gen1 x1"", ""util_pct"": 0.0, ""power_w"": 53.87, ""vram_used_mib"": 6086.0}, {""index"": 1, ""name"": ""NVIDIA P104-100"", ""pci_bus"": ""00000000:02:00.0"", ""pcie"": ""Gen1 x1"", ""util_pct"": 2.0, ""power_w"": 174.26, ""vram_used_mib"": 4708.0}, {""index"": 2, ""name"": ""NVIDIA P104-100"", ""pci_bus"": ""00000000:0A:00.0"", ""pcie"": ""Gen1 x1"", ""util_pct"": 23.0, ""power_w"": 51.97, ""vram_used_mib"": 5924.0}, {""index"": 3, ""name"": ""NVIDIA P104-100"", ""pci_bus"": ""00000000:0C:00.0"", ""pcie"": ""Gen1 x1"", ""util_pct"": 37.0, ""power_w"": 55.12, ""vram_used_mib"": 5670.0}, {""index"": 4, ""name"": ""NVIDIA P104-100"", ""pci_bus"": ""00000000:0D:00.0"", ""pcie"": ""Gen1 x1"", ""util_pct"": 27.0, ""power_w"": 53.31, ""vram_used_mib"": 5738.0}, {""index"": 5, ""name"": ""NVIDIA P104-100"", ""pci_bus"": ""00000000:0E:00.0"", ""pcie"": ""Gen1 x1"", ""util_pct"": 28.0, ""power_w"": 51.26, ""vram_used_mib"": 6274.0}]"
2026-08-16T14:50:34.610976+03:00,1786881034.610976,ctx_016384.txt,1,1,prefill,39.34040047114252,"[100.0, 13.145539906103286, 28.169014084507044, 16.037735849056602]",15875.55078125,6503.625,9371.92578125,40.966295214659134,24575.99609375,379.19140625,1.5429340271844907,"[{""index"": 0, ""name"": ""NVIDIA P104-100"", ""pci_bus"": ""00000000:01:00.0"", ""pcie"": ""Gen1 x1"", ""util_pct"": 0.0, ""power_w"": 52.1, ""vram_used_mib"": 6086.0}, {""index"": 1, ""name"": ""NVIDIA P104-100"", ""pci_bus"": ""00000000:02:00.0"", ""pcie"": ""Gen1 x1"", ""util_pct"": 0.0, ""power_w"": 53.61, ""vram_used_mib"": 4708.0}, {""index"": 2, ""name"": ""NVIDIA P104-100"", ""pci_bus"": ""00000000:0A:00.0"", ""pcie"": ""Gen1 x1"", ""util_pct"": 40.0, ""power_w"": 51.75, ""vram_used_mib"": 5924.0}, {""index"": 3, ""name"": ""NVIDIA P104-100"", ""pci_bus"": ""00000000:0C:00.0"", ""pcie"": ""Gen1 x1"", ""util_pct"": 33.0, ""power_w"": 55.17, ""vram_used_mib"": 5670.0}, {""index"": 4, ""name"": ""NVIDIA P104-100"", ""pci_bus"": ""00000000:0D:00.0"", ""pcie"": ""Gen1 x1"", ""util_pct"": 37.0, ""power_w"": 56.33, ""vram_used_mib"": 5738.0}, {""index"": 5, ""name"": ""NVIDIA P104-100"", ""pci_bus"": ""00000000:0E:00.0"", ""pcie"": ""Gen1 x1"", ""util_pct"": 14.0, ""power_w"": 85.04, ""vram_used_mib"": 6274.0}]"
2026-08-16T14:50:36.737121+03:00,1786881036.737121,ctx_016384.txt,1,1,prefill,38.325471698113205,"[100.0, 9.004739336492891, 16.50943396226415, 27.01421800947867]",15875.55078125,6476.3984375,9399.15234375,40.79479525931802,24575.99609375,379.1875,1.5429181326100243,"[{""index"": 0, ""name"": ""NVIDIA P104-100"", ""pci_bus"": ""00000000:01:00.0"", ""pcie"": ""Gen1 x1"", ""util_pct"": 30.0, ""power_w"": 52.1, ""vram_used_mib"": 6086.0}, {""index"": 1, ""name"": ""NVIDIA P104-100"", ""pci_bus"": ""00000000:02:00.0"", ""pcie"": ""Gen1 x1"", ""util_pct"": 46.0, ""power_w"": 53.58, ""vram_used_mib"": 4708.0}, {""index"": 2, ""name"": ""NVIDIA P104-100"", ""pci_bus"": ""00000000:0A:00.0"", ""pcie"": ""Gen1 x1"", ""util_pct"": 55.0, ""power_w"": 52.0, ""vram_used_mib"": 5924.0}, {""index"": 3, ""name"": ""NVIDIA P104-100"", ""pci_bus"": ""00000000:0C:00.0"", ""pcie"": ""Gen1 x1"", ""util_pct"": 22.0, ""power_w"": 61.14, ""vram_used_mib"": 5670.0}, {""index"": 4, ""name"": ""NVIDIA P104-100"", ""pci_bus"": ""00000000:0D:00.0"", ""pcie"": ""Gen1 x1"", ""util_pct"": 50.0, ""power_w"": 181.9, ""vram_used_mib"": 5738.0}, {""index"": 5, ""name"": ""NVIDIA P104-100"", ""pci_bus"": ""00000000:0E:00.0"", ""pcie"": ""Gen1 x1"", ""util_pct"": 4.0, ""power_w"": 115.67, ""vram_used_mib"": 6274.0}]"
2026-08-16T14:50:38.918856+03:00,1786881038.918856,ctx_016384.txt,1,1,prefill,38.96551724137931,"[100.0, 10.185185185185185, 19.35483870967742, 26.146788990825687]",15875.55078125,6512.26171875,9363.2890625,41.02069785472502,24575.99609375,379.1875,1.5429181326100243,"[{""index"": 0, ""name"": ""NVIDIA P104-100"", ""pci_bus"": ""00000000:01:00.0"", ""pcie"": ""Gen1 x1"", ""util_pct"": 42.0, ""power_w"": 52.2, ""vram_used_mib"": 6086.0}, {""index"": 1, ""name"": ""NVIDIA P104-100"", ""pci_bus"": ""00000000:02:00.0"", ""pcie"": ""Gen1 x1"", ""util_pct"": 35.0, ""power_w"": 53.59, ""vram_used_mib"": 4708.0}, {""index"": 2, ""name"": ""NVIDIA P104-100"", ""pci_bus"": ""00000000:0A:00.0"", ""pcie"": ""Gen1 x1"", ""util_pct"": 3.0, ""power_w"": 52.35, ""vram_used_mib"": 5924.0}, {""index"": 3, ""name"": ""NVIDIA P104-100"", ""pci_bus"": ""00000000:0C:00.0"", ""pcie"": ""Gen1 x1"", ""util_pct"": 2.0, ""power_w"": 94.07, ""vram_used_mib"": 5670.0}, {""index"": 4, ""name"": ""NVIDIA P104-100"", ""pci_bus"": ""00000000:0D:00.0"", ""pcie"": ""Gen1 x1"", ""util_pct"": 0.0, ""power_w"": 122.33, ""vram_used_mib"": 5738.0}, {""index"": 5, ""name"": ""NVIDIA P104-100"", ""pci_bus"": ""00000000:0E:00.0"", ""pcie"": ""Gen1 x1"", ""util_pct"": 0.0, ""power_w"": 50.96, ""vram_used_mib"": 6274.0}]"
2026-08-16T14:50:41.090246+03:00,1786881041.090246,ctx_016384.txt,1,1,prefill,39.260969976905315,"[100.0, 21.658986175115206, 24.42396313364055, 10.648148148148149]",15875.55078125,6481.88671875,9393.6640625,40.829365910287066,24575.99609375,379.18359375,1.5429022380355577,"[{""index"": 0, ""name"": ""NVIDIA P104-100"", ""pci_bus"": ""00000000:01:00.0"", ""pcie"": ""Gen1 x1"", ""util_pct"": 22.0, ""power_w"": 52.95, ""vram_used_mib"": 6086.0}, {""index"": 1, ""name"": ""NVIDIA P104-100"", ""pci_bus"": ""00000000:02:00.0"", ""pcie"": ""Gen1 x1"", ""util_pct"": 2.0, ""power_w"": 123.53, ""vram_used_mib"": 4708.0}, {""index"": 2, ""name"": ""NVIDIA P104-100"", ""pci_bus"": ""00000000:0A:00.0"", ""pcie"": ""Gen1 x1"", ""util_pct"": 0.0, ""power_w"": 76.1, ""vram_used_mib"": 5924.0}, {""index"": 3, ""name"": ""NVIDIA P104-100"", ""pci_bus"": ""00000000:0C:00.0"", ""pcie"": ""Gen1 x1"", ""util_pct"": 22.0, ""power_w"": 54.89, ""vram_used_mib"": 5670.0}, {""index"": 4, ""name"": ""NVIDIA P104-100"", ""pci_bus"": ""00000000:0D:00.0"", ""pcie"": ""Gen1 x1"", ""util_pct"": 2.0, ""power_w"": 53.32, ""vram_used_mib"": 5738.0}, {""index"": 5, ""name"": ""NVIDIA P104-100"", ""pci_bus"": ""00000000:0E:00.0"", ""pcie"": ""Gen1 x1"", ""util_pct"": 26.0, ""power_w"": 42.33, ""vram_used_mib"": 6274.0}]"
2026-08-16T14:50:43.258826+03:00,1786881043.258826,ctx_016384.txt,1,1,prefill,39.53757225433526,"[100.0, 36.574074074074076, 7.87037037037037, 13.824884792626728]",15875.55078125,6426.50390625,9449.046875,40.4805099035688,24575.99609375,379.1796875,1.5428863434610913,"[{""index"": 0, ""name"": ""NVIDIA P104-100"", ""pci_bus"": ""00000000:01:00.0"", ""pcie"": ""Gen1 x1"", ""util_pct"": 0.0, ""power_w"": 52.1, ""vram_used_mib"": 6086.0}, {""index"": 1, ""name"": ""NVIDIA P104-100"", ""pci_bus"": ""00000000:02:00.0"", ""pcie"": ""Gen1 x1"", ""util_pct"": 3.0, ""power_w"": 53.35, ""vram_used_mib"": 4708.0}, {""index"": 2, ""name"": ""NVIDIA P104-100"", ""pci_bus"": ""00000000:0A:00.0"", ""pcie"": ""Gen1 x1"", ""util_pct"": 40.0, ""power_w"": 51.85, ""vram_used_mib"": 5924.0}, {""index"": 3, ""name"": ""NVIDIA P104-100"", ""pci_bus"": ""00000000:0C:00.0"", ""pcie"": ""Gen1 x1"", ""util_pct"": 30.0, ""power_w"": 55.5, ""vram_used_mib"": 5670.0}, {""index"": 4, ""name"": ""NVIDIA P104-100"", ""pci_bus"": ""00000000:0D:00.0"", ""pcie"": ""Gen1 x1"", ""util_pct"": 0.0, ""power_w"": 89.55, ""vram_used_mib"": 5738.0}, {""index"": 5, ""name"": ""NVIDIA P104-100"", ""pci_bus"": ""00000000:0E:00.0"", ""pcie"": ""Gen1 x1"", ""util_pct"": 2.0, ""power_w"": 87.18, ""vram_used_mib"": 6274.0}]"
2026-08-16T14:50:45.405215+03:00,1786881045.405215,ctx_016384.txt,1,1,prefill,39.55659276546091,"[100.0, 13.615023474178404, 22.169811320754718, 21.49532710280374]",15875.55078125,6485.578125,9389.97265625,40.852618056312515,24575.99609375,379.1796875,1.5428863434610913,"[{""index"": 0, ""name"": ""NVIDIA P104-100"", ""pci_bus"": ""00000000:01:00.0"", ""pcie"": ""Gen1 x1"", ""util_pct"": 43.0, ""power_w"": 53.04, ""vram_used_mib"": 6086.0}, {""index"": 1, ""name"": ""NVIDIA P104-100"", ""pci_bus"": ""00000000:02:00.0"", ""pcie"": ""Gen1 x1"", ""util_pct"": 0.0, ""power_w"": 125.92, ""vram_used_mib"": 4708.0}, {""index"": 2, ""name"": ""NVIDIA P104-100"", ""pci_bus"": ""00000000:0A:00.0"", ""pcie"": ""Gen1 x1"", ""util_pct"": 2.0, ""power_w"": 76.35, ""vram_used_mib"": 5924.0}, {""index"": 3, ""name"": ""NVIDIA P104-100"", ""pci_bus"": ""00000000:0C:00.0"", ""pcie"": ""Gen1 x1"", ""util_pct"": 2.0, ""power_w"": 54.99, ""vram_used_mib"": 5670.0}, {""index"": 4, ""name"": ""NVIDIA P104-100"", ""pci_bus"": ""00000000:0D:00.0"", ""pcie"": ""Gen1 x1"", ""util_pct"": 40.0, ""power_w"": 54.3, ""vram_used_mib"": 5738.0}, {""index"": 5, ""name"": ""NVIDIA P104-100"", ""pci_bus"": ""00000000:0E:00.0"", ""pcie"": ""Gen1 x1"", ""util_pct"": 32.0, ""power_w"": 42.33, ""vram_used_mib"": 6274.0}]"
2026-08-16T14:50:47.521095+03:00,1786881047.521095,ctx_016384.txt,1,1,prefill,38.981042654028435,"[100.0, 9.523809523809524, 16.9811320754717, 29.38388625592417]",15875.55078125,6423.1640625,9452.38671875,40.45947224764102,24575.99609375,379.17578125,1.5428704488866247,"[{""index"": 0, ""name"": ""NVIDIA P104-100"", ""pci_bus"": ""00000000:01:00.0"", ""pcie"": ""Gen1 x1"", ""util_pct"": 37.0, ""power_w"": 52.2, ""vram_used_mib"": 6086.0}, {""index"": 1, ""name"": ""NVIDIA P104-100"", ""pci_bus"": ""00000000:02:00.0"", ""pcie"": ""Gen1 x1"", ""util_pct"": 53.0, ""power_w"": 53.61, ""vram_used_mib"": 4708.0}, {""index"": 2, ""name"": ""NVIDIA P104-100"", ""pci_bus"": ""00000000:0A:00.0"", ""pcie"": ""Gen1 x1"", ""util_pct"": 32.0, ""power_w"": 52.1, ""vram_used_mib"": 5924.0}, {""index"": 3, ""name"": ""NVIDIA P104-100"", ""pci_bus"": ""00000000:0C:00.0"", ""pcie"": ""Gen1 x1"", ""util_pct"": 60.0, ""power_w"": 55.77, ""vram_used_mib"": 5670.0}, {""index"": 4, ""name"": ""NVIDIA P104-100"", ""pci_bus"": ""00000000:0D:00.0"", ""pcie"": ""Gen1 x1"", ""util_pct"": 46.0, ""power_w"": 97.91, ""vram_used_mib"": 5738.0}, {""index"": 5, ""name"": ""NVIDIA P104-100"", ""pci_bus"": ""00000000:0E:00.0"", ""pcie"": ""Gen1 x1"", ""util_pct"": 5.0, ""power_w"": 85.86, ""vram_used_mib"": 6274.0}]"
2026-08-16T14:50:49.671539+03:00,1786881049.671539,ctx_016384.txt,1,1,prefill,38.578088578088575,"[100.0, 23.364485981308412, 16.822429906542055, 13.88888888888889]",15875.55078125,6438.921875,9436.62890625,40.558730614907304,24575.99609375,379.17578125,1.5428704488866247,"[{""index"": 0, ""name"": ""NVIDIA P104-100"", ""pci_bus"": ""00000000:01:00.0"", ""pcie"": ""Gen1 x1"", ""util_pct"": 43.0, ""power_w"": 52.1, ""vram_used_mib"": 6086.0}, {""index"": 1, ""name"": ""NVIDIA P104-100"", ""pci_bus"": ""00000000:02:00.0"", ""pcie"": ""Gen1 x1"", ""util_pct"": 37.0, ""power_w"": 53.58, ""vram_used_mib"": 4708.0}, {""index"": 2, ""name"": ""NVIDIA P104-100"", ""pci_bus"": ""00000000:0A:00.0"", ""pcie"": ""Gen1 x1"", ""util_pct"": 40.0, ""power_w"": 53.17, ""vram_used_mib"": 5924.0}, {""index"": 3, ""name"": ""NVIDIA P104-100"", ""pci_bus"": ""00000000:0C:00.0"", ""pcie"": ""Gen1 x1"", ""util_pct"": 31.0, ""power_w"": 169.09, ""vram_used_mib"": 5670.0}, {""index"": 4, ""name"": ""NVIDIA P104-100"", ""pci_bus"": ""00000000:0D:00.0"", ""pcie"": ""Gen1 x1"", ""util_pct"": 0.0, ""power_w"": 54.4, ""vram_used_mib"": 5738.0}, {""index"": 5, ""name"": ""NVIDIA P104-100"", ""pci_bus"": ""00000000:0E:00.0"", ""pcie"": ""Gen1 x1"", ""util_pct"": 2.0, ""power_w"": 46.42, ""vram_used_mib"": 6274.0}]"
2026-08-16T14:50:51.842844+03:00,1786881051.842844,ctx_016384.txt,1,1,prefill,39.44636678200692,"[100.0, 22.580645161290324, 10.599078341013826, 24.88479262672811]",15875.55078125,6485.3671875,9390.18359375,40.851289362253915,24575.99609375,379.17578125,1.5428704488866247,"[{""index"": 0, ""name"": ""NVIDIA P104-100"", ""pci_bus"": ""00000000:01:00.0"", ""pcie"": ""Gen1 x1"", ""util_pct"": 0.0, ""power_w"": 52.12, ""vram_used_mib"": 6086.0}, {""index"": 1, ""name"": ""NVIDIA P104-100"", ""pci_bus"": ""00000000:02:00.0"", ""pcie"": ""Gen1 x1"", ""util_pct"": 0.0, ""power_w"": 53.4, ""vram_used_mib"": 4708.0}, {""index"": 2, ""name"": ""NVIDIA P104-100"", ""pci_bus"": ""00000000:0A:00.0"", ""pcie"": ""Gen1 x1"", ""util_pct"": 0.0, ""power_w"": 51.26, ""vram_used_mib"": 5924.0}, {""index"": 3, ""name"": ""NVIDIA P104-100"", ""pci_bus"": ""00000000:0C:00.0"", ""pcie"": ""Gen1 x1"", ""util_pct"": 0.0, ""power_w"": 51.24, ""vram_used_mib"": 5670.0}, {""index"": 4, ""name"": ""NVIDIA P104-100"", ""pci_bus"": ""00000000:0D:00.0"", ""pcie"": ""Gen1 x1"", ""util_pct"": 0.0, ""power_w"": 54.15, ""vram_used_mib"": 5738.0}, {""index"": 5, ""name"": ""NVIDIA P104-100"", ""pci_bus"": ""00000000:0E:00.0"", ""pcie"": ""Gen1 x1"", ""util_pct"": 98.0, ""power_w"": 120.03, ""vram_used_mib"": 6274.0}]"
2026-08-16T14:50:54.015302+03:00,1786881054.015302,ctx_016384.txt,1,1,prefill,53.30243337195829,"[100.0, 62.21198156682028, 25.925925925925927, 25.233644859813083]",15875.55078125,6509.69140625,9365.859375,41.00450747156656,24575.99609375,379.171875,1.5428545543121583,"[{""index"": 0, ""name"": ""NVIDIA P104-100"", ""pci_bus"": ""00000000:01:00.0"", ""pcie"": ""Gen1 x1"", ""util_pct"": 9.0, ""power_w"": 52.1, ""vram_used_mib"": 6086.0}, {""index"": 1, ""name"": ""NVIDIA P104-100"", ""pci_bus"": ""00000000:02:00.0"", ""pcie"": ""Gen1 x1"", ""util_pct"": 31.0, ""power_w"": 53.35, ""vram_used_mib"": 4708.0}, {""index"": 2, ""name"": ""NVIDIA P104-100"", ""pci_bus"": ""00000000:0A:00.0"", ""pcie"": ""Gen1 x1"", ""util_pct"": 36.0, ""power_w"": 51.85, ""vram_used_mib"": 5924.0}, {""index"": 3, ""name"": ""NVIDIA P104-100"", ""pci_bus"": ""00000000:0C:00.0"", ""pcie"": ""Gen1 x1"", ""util_pct"": 0.0, ""power_w"": 52.53, ""vram_used_mib"": 5670.0}, {""index"": 4, ""name"": ""NVIDIA P104-100"", ""pci_bus"": ""00000000:0D:00.0"", ""pcie"": ""Gen1 x1"", ""util_pct"": 33.0, ""power_w"": 183.44, ""vram_used_mib"": 5738.0}, {""index"": 5, ""name"": ""NVIDIA P104-100"", ""pci_bus"": ""00000000:0E:00.0"", ""pcie"": ""Gen1 x1"", ""util_pct"": 0.0, ""power_w"": 51.28, ""vram_used_mib"": 6274.0}]"
2026-08-16T14:50:56.136113+03:00,1786881056.136113,ctx_016384.txt,1,1,prefill,38.53427895981088,"[100.0, 10.90047393364929, 13.397129186602871, 28.77358490566038]",15875.55078125,6472.7421875,9402.80859375,40.771764562302344,24575.99609375,379.171875,1.5428545543121583,"[{""index"": 0, ""name"": ""NVIDIA P104-100"", ""pci_bus"": ""00000000:01:00.0"", ""pcie"": ""Gen1 x1"", ""util_pct"": 43.0, ""power_w"": 51.8, ""vram_used_mib"": 6086.0}, {""index"": 1, ""name"": ""NVIDIA P104-100"", ""pci_bus"": ""00000000:02:00.0"", ""pcie"": ""Gen1 x1"", ""util_pct"": 22.0, ""power_w"": 58.67, ""vram_used_mib"": 4708.0}, {""index"": 2, ""name"": ""NVIDIA P104-100"", ""pci_bus"": ""00000000:0A:00.0"", ""pcie"": ""Gen1 x1"", ""util_pct"": 3.0, ""power_w"": 173.85, ""vram_used_mib"": 5924.0}, {""index"": 3, ""name"": ""NVIDIA P104-100"", ""pci_bus"": ""00000000:0C:00.0"", ""pcie"": ""Gen1 x1"", ""util_pct"": 5.0, ""power_w"": 54.99, ""vram_used_mib"": 5670.0}, {""index"": 4, ""name"": ""NVIDIA P104-100"", ""pci_bus"": ""00000000:0D:00.0"", ""pcie"": ""Gen1 x1"", ""util_pct"": 2.0, ""power_w"": 53.4, ""vram_used_mib"": 5738.0}, {""index"": 5, ""name"": ""NVIDIA P104-100"", ""pci_bus"": ""00000000:0E:00.0"", ""pcie"": ""Gen1 x1"", ""util_pct"": 3.0, ""power_w"": 51.16, ""vram_used_mib"": 6274.0}]"
2026-08-16T14:50:58.314435+03:00,1786881058.314435,ctx_016384.txt,1,1,prefill,39.1705069124424,"[100.0, 14.746543778801843, 17.972350230414747, 23.502304147465438]",15875.55078125,6464.51953125,9411.03125,40.71997009946259,24575.99609375,379.171875,1.5428545543121583,"[{""index"": 0, ""name"": ""NVIDIA P104-100"", ""pci_bus"": ""00000000:01:00.0"", ""pcie"": ""Gen1 x1"", ""util_pct"": 0.0, ""power_w"": 166.32, ""vram_used_mib"": 6086.0}, {""index"": 1, ""name"": ""NVIDIA P104-100"", ""pci_bus"": ""00000000:02:00.0"", ""pcie"": ""Gen1 x1"", ""util_pct"": 0.0, ""power_w"": 54.19, ""vram_used_mib"": 4708.0}, {""index"": 2, ""name"": ""NVIDIA P104-100"", ""pci_bus"": ""00000000:0A:00.0"", ""pcie"": ""Gen1 x1"", ""util_pct"": 41.0, ""power_w"": 51.91, ""vram_used_mib"": 5924.0}, {""index"": 3, ""name"": ""NVIDIA P104-100"", ""pci_bus"": ""00000000:0C:00.0"", ""pcie"": ""Gen1 x1"", ""util_pct"": 38.0, ""power_w"": 55.15, ""vram_used_mib"": 5670.0}, {""index"": 4, ""name"": ""NVIDIA P104-100"", ""pci_bus"": ""00000000:0D:00.0"", ""pcie"": ""Gen1 x1"", ""util_pct"": 41.0, ""power_w"": 54.3, ""vram_used_mib"": 5738.0}, {""index"": 5, ""name"": ""NVIDIA P104-100"", ""pci_bus"": ""00000000:0E:00.0"", ""pcie"": ""Gen1 x1"", ""util_pct"": 26.0, ""power_w"": 53.1, ""vram_used_mib"": 6274.0}]"
2026-08-16T14:51:00.495144+03:00,1786881060.495144,ctx_016384.txt,1,1,prefill,39.49483352468427,"[100.0, 17.889908256880734, 25.68807339449541, 14.285714285714286]",15875.55078125,6467.62890625,9407.921875,40.73955603410413,24575.99609375,379.171875,1.5428545543121583,"[{""index"": 0, ""name"": ""NVIDIA P104-100"", ""pci_bus"": ""00000000:01:00.0"", ""pcie"": ""Gen1 x1"", ""util_pct"": 43.0, ""power_w"": 52.3, ""vram_used_mib"": 6086.0}, {""index"": 1, ""name"": ""NVIDIA P104-100"", ""pci_bus"": ""00000000:02:00.0"", ""pcie"": ""Gen1 x1"", ""util_pct"": 63.0, ""power_w"": 54.53, ""vram_used_mib"": 4708.0}, {""index"": 2, ""name"": ""NVIDIA P104-100"", ""pci_bus"": ""00000000:0A:00.0"", ""pcie"": ""Gen1 x1"", ""util_pct"": 41.0, ""power_w"": 63.29, ""vram_used_mib"": 5924.0}, {""index"": 3, ""name"": ""NVIDIA P104-100"", ""pci_bus"": ""00000000:0C:00.0"", ""pcie"": ""Gen1 x1"", ""util_pct"": 5.0, ""power_w"": 173.79, ""vram_used_mib"": 5670.0}, {""index"": 4, ""name"": ""NVIDIA P104-100"", ""pci_bus"": ""00000000:0D:00.0"", ""pcie"": ""Gen1 x1"", ""util_pct"": 5.0, ""power_w"": 183.82, ""vram_used_mib"": 5738.0}, {""index"": 5, ""name"": ""NVIDIA P104-100"", ""pci_bus"": ""00000000:0E:00.0"", ""pcie"": ""Gen1 x1"", ""util_pct"": 13.0, ""power_w"": 51.23, ""vram_used_mib"": 6274.0}]"
2026-08-16T14:51:02.648783+03:00,1786881062.648783,ctx_016384.txt,1,1,prefill,39.651162790697676,"[100.0, 11.682242990654206, 20.46511627906977, 26.38888888888889]",15875.55078125,6479.1875,9396.36328125,40.81236354742614,24575.99609375,379.171875,1.5428545543121583,"[{""index"": 0, ""name"": ""NVIDIA P104-100"", ""pci_bus"": ""00000000:01:00.0"", ""pcie"": ""Gen1 x1"", ""util_pct"": 44.0, ""power_w"": 59.44, ""vram_used_mib"": 6086.0}, {""index"": 1, ""name"": ""NVIDIA P104-100"", ""pci_bus"": ""00000000:02:00.0"", ""pcie"": ""Gen1 x1"", ""util_pct"": 20.0, ""power_w"": 172.78, ""vram_used_mib"": 4708.0}, {""index"": 2, ""name"": ""NVIDIA P104-100"", ""pci_bus"": ""00000000:0A:00.0"", ""pcie"": ""Gen1 x1"", ""util_pct"": 3.0, ""power_w"": 52.17, ""vram_used_mib"": 5924.0}, {""index"": 3, ""name"": ""NVIDIA P104-100"", ""pci_bus"": ""00000000:0C:00.0"", ""pcie"": ""Gen1 x1"", ""util_pct"": 6.0, ""power_w"": 54.87, ""vram_used_mib"": 5670.0}, {""index"": 4, ""name"": ""NVIDIA P104-100"", ""pci_bus"": ""00000000:0D:00.0"", ""pcie"": ""Gen1 x1"", ""util_pct"": 38.0, ""power_w"": 54.37, ""vram_used_mib"": 5738.0}, {""index"": 5, ""name"": ""NVIDIA P104-100"", ""pci_bus"": ""00000000:0E:00.0"", ""pcie"": ""Gen1 x1"", ""util_pct"": 25.0, ""power_w"": 51.13, ""vram_used_mib"": 6274.0}]"
2026-08-16T14:51:04.770305+03:00,1786881064.770305,ctx_016384.txt,1,1,prefill,39.079102715466355,"[100.0, 8.530805687203792, 23.696682464454977, 24.056603773584907]",15875.55078125,6455.98828125,9419.5625,40.666231806426005,24575.99609375,379.171875,1.5428545543121583,"[{""index"": 0, ""name"": ""NVIDIA P104-100"", ""pci_bus"": ""00000000:01:00.0"", ""pcie"": ""Gen1 x1"", ""util_pct"": 44.0, ""power_w"": 52.2, ""vram_used_mib"": 6086.0}, {""index"": 1, ""name"": ""NVIDIA P104-100"", ""pci_bus"": ""00000000:02:00.0"", ""pcie"": ""Gen1 x1"", ""util_pct"": 39.0, ""power_w"": 54.09, ""vram_used_mib"": 4708.0}, {""index"": 2, ""name"": ""NVIDIA P104-100"", ""pci_bus"": ""00000000:0A:00.0"", ""pcie"": ""Gen1 x1"", ""util_pct"": 41.0, ""power_w"": 52.0, ""vram_used_mib"": 5924.0}, {""index"": 3, ""name"": ""NVIDIA P104-100"", ""pci_bus"": ""00000000:0C:00.0"", ""pcie"": ""Gen1 x1"", ""util_pct"": 39.0, ""power_w"": 77.0, ""vram_used_mib"": 5670.0}, {""index"": 4, ""name"": ""NVIDIA P104-100"", ""pci_bus"": ""00000000:0D:00.0"", ""pcie"": ""Gen1 x1"", ""util_pct"": 0.0, ""power_w"": 153.09, ""vram_used_mib"": 5738.0}, {""index"": 5, ""name"": ""NVIDIA P104-100"", ""pci_bus"": ""00000000:0E:00.0"", ""pcie"": ""Gen1 x1"", ""util_pct"": 0.0, ""power_w"": 51.19, ""vram_used_mib"": 6274.0}]"
2026-08-16T14:51:06.901868+03:00,1786881066.901868,ctx_016384.txt,1,1,prefill,38.54289071680376,"[100.0, 18.867924528301888, 12.206572769953052, 22.641509433962263]",15875.55078125,6512.44921875,9363.1015625,41.02187891611044,24575.99609375,379.16796875,1.5428386597376917,"[{""index"": 0, ""name"": ""NVIDIA P104-100"", ""pci_bus"": ""00000000:01:00.0"", ""pcie"": ""Gen1 x1"", ""util_pct"": 0.0, ""power_w"": 55.71, ""vram_used_mib"": 6086.0}, {""index"": 1, ""name"": ""NVIDIA P104-100"", ""pci_bus"": ""00000000:02:00.0"", ""pcie"": ""Gen1 x1"", ""util_pct"": 0.0, ""power_w"": 174.3, ""vram_used_mib"": 4708.0}, {""index"": 2, ""name"": ""NVIDIA P104-100"", ""pci_bus"": ""00000000:0A:00.0"", ""pcie"": ""Gen1 x1"", ""util_pct"": 3.0, ""power_w"": 52.07, ""vram_used_mib"": 5924.0}, {""index"": 3, ""name"": ""NVIDIA P104-100"", ""pci_bus"": ""00000000:0C:00.0"", ""pcie"": ""Gen1 x1"", ""util_pct"": 3.0, ""power_w"": 55.2, ""vram_used_mib"": 5670.0}, {""index"": 4, ""name"": ""NVIDIA P104-100"", ""pci_bus"": ""00000000:0D:00.0"", ""pcie"": ""Gen1 x1"", ""util_pct"": 40.0, ""power_w"": 54.51, ""vram_used_mib"": 5738.0}, {""index"": 5, ""name"": ""NVIDIA P104-100"", ""pci_bus"": ""00000000:0E:00.0"", ""pcie"": ""Gen1 x1"", ""util_pct"": 29.0, ""power_w"": 51.33, ""vram_used_mib"": 6274.0}]"
2026-08-16T14:51:09.081352+03:00,1786881069.081352,ctx_016384.txt,1,1,prefill,38.920780711825486,"[100.0, 17.972350230414747, 10.138248847926267, 27.397260273972602]",15875.55078125,6450.6328125,9424.91796875,40.63249774060496,24575.99609375,379.16796875,1.5428386597376917,"[{""index"": 0, ""name"": ""NVIDIA P104-100"", ""pci_bus"": ""00000000:01:00.0"", ""pcie"": ""Gen1 x1"", ""util_pct"": 28.0, ""power_w"": 52.2, ""vram_used_mib"": 6086.0}, {""index"": 1, ""name"": ""NVIDIA P104-100"", ""pci_bus"": ""00000000:02:00.0"", ""pcie"": ""Gen1 x1"", ""util_pct"": 36.0, ""power_w"": 54.09, ""vram_used_mib"": 4708.0}, {""index"": 2, ""name"": ""NVIDIA P104-100"", ""pci_bus"": ""00000000:0A:00.0"", ""pcie"": ""Gen1 x1"", ""util_pct"": 30.0, ""power_w"": 52.1, ""vram_used_mib"": 5924.0}, {""index"": 3, ""name"": ""NVIDIA P104-100"", ""pci_bus"": ""00000000:0C:00.0"", ""pcie"": ""Gen1 x1"", ""util_pct"": 39.0, ""power_w"": 55.98, ""vram_used_mib"": 5670.0}, {""index"": 4, ""name"": ""NVIDIA P104-100"", ""pci_bus"": ""00000000:0D:00.0"", ""pcie"": ""Gen1 x1"", ""util_pct"": 0.0, ""power_w"": 142.19, ""vram_used_mib"": 5738.0}, {""index"": 5, ""name"": ""NVIDIA P104-100"", ""pci_bus"": ""00000000:0E:00.0"", ""pcie"": ""Gen1 x1"", ""util_pct"": 0.0, ""power_w"": 58.86, ""vram_used_mib"": 6274.0}]"
2026-08-16T14:51:11.260542+03:00,1786881071.260542,ctx_016384.txt,1,1,prefill,39.26521239954076,"[100.0, 16.129032258064516, 20.18348623853211, 20.37037037037037]",15875.55078125,6452.65625,9422.89453125,40.645243361389284,24575.99609375,379.1640625,1.5428227651632254,"[{""index"": 0, ""name"": ""NVIDIA P104-100"", ""pci_bus"": ""00000000:01:00.0"", ""pcie"": ""Gen1 x1"", ""util_pct"": 49.0, ""power_w"": 58.6, ""vram_used_mib"": 6086.0}, {""index"": 1, ""name"": ""NVIDIA P104-100"", ""pci_bus"": ""00000000:02:00.0"", ""pcie"": ""Gen1 x1"", ""util_pct"": 8.0, ""power_w"": 177.34, ""vram_used_mib"": 4708.0}, {""index"": 2, ""name"": ""NVIDIA P104-100"", ""pci_bus"": ""00000000:0A:00.0"", ""pcie"": ""Gen1 x1"", ""util_pct"": 3.0, ""power_w"": 130.14, ""vram_used_mib"": 5924.0}, {""index"": 3, ""name"": ""NVIDIA P104-100"", ""pci_bus"": ""00000000:0C:00.0"", ""pcie"": ""Gen1 x1"", ""util_pct"": 3.0, ""power_w"": 156.18, ""vram_used_mib"": 5670.0}, {""index"": 4, ""name"": ""NVIDIA P104-100"", ""pci_bus"": ""00000000:0D:00.0"", ""pcie"": ""Gen1 x1"", ""util_pct"": 6.0, ""power_w"": 53.37, ""vram_used_mib"": 5738.0}, {""index"": 5, ""name"": ""NVIDIA P104-100"", ""pci_bus"": ""00000000:0E:00.0"", ""pcie"": ""Gen1 x1"", ""util_pct"": 21.0, ""power_w"": 51.23, ""vram_used_mib"": 6274.0}]"
2026-08-16T14:51:13.441273+03:00,1786881073.441273,ctx_016384.txt,1,1,prefill,39.6551724137931,"[100.0, 22.01834862385321, 19.724770642201836, 16.972477064220183]",15875.55078125,6433.4140625,9442.13671875,40.52403693671061,24575.99609375,379.16015625,1.542806870588759,"[{""index"": 0, ""name"": ""NVIDIA P104-100"", ""pci_bus"": ""00000000:01:00.0"", ""pcie"": ""Gen1 x1"", ""util_pct"": 0.0, ""power_w"": 52.2, ""vram_used_mib"": 6086.0}, {""index"": 1, ""name"": ""NVIDIA P104-100"", ""pci_bus"": ""00000000:02:00.0"", ""pcie"": ""Gen1 x1"", ""util_pct"": 16.0, ""power_w"": 54.09, ""vram_used_mib"": 4708.0}, {""index"": 2, ""name"": ""NVIDIA P104-100"", ""pci_bus"": ""00000000:0A:00.0"", ""pcie"": ""Gen1 x1"", ""util_pct"": 41.0, ""power_w"": 51.85, ""vram_used_mib"": 5924.0}, {""index"": 3, ""name"": ""NVIDIA P104-100"", ""pci_bus"": ""00000000:0C:00.0"", ""pcie"": ""Gen1 x1"", ""util_pct"": 15.0, ""power_w"": 55.14, ""vram_used_mib"": 5670.0}, {""index"": 4, ""name"": ""NVIDIA P104-100"", ""pci_bus"": ""00000000:0D:00.0"", ""pcie"": ""Gen1 x1"", ""util_pct"": 39.0, ""power_w"": 58.69, ""vram_used_mib"": 5738.0}, {""index"": 5, ""name"": ""NVIDIA P104-100"", ""pci_bus"": ""00000000:0E:00.0"", ""pcie"": ""Gen1 x1"", ""util_pct"": 1.0, ""power_w"": 163.19, ""vram_used_mib"": 6274.0}]"
2026-08-16T14:51:15.559382+03:00,1786881075.559382,ctx_016384.txt,1,1,prefill,39.52662721893491,"[100.0, 28.436018957345972, 14.218009478672986, 15.165876777251185]",15875.55078125,6497.0859375,9378.46484375,40.925105698842636,24575.99609375,379.16015625,1.542806870588759,"[{""index"": 0, ""name"": ""NVIDIA P104-100"", ""pci_bus"": ""00000000:01:00.0"", ""pcie"": ""Gen1 x1"", ""util_pct"": 45.0, ""power_w"": 52.93, ""vram_used_mib"": 6086.0}, {""index"": 1, ""name"": ""NVIDIA P104-100"", ""pci_bus"": ""00000000:02:00.0"", ""pcie"": ""Gen1 x1"", ""util_pct"": 9.0, ""power_w"": 141.48, ""vram_used_mib"": 4708.0}, {""index"": 2, ""name"": ""NVIDIA P104-100"", ""pci_bus"": ""00000000:0A:00.0"", ""pcie"": ""Gen1 x1"", ""util_pct"": 3.0, ""power_w"": 57.93, ""vram_used_mib"": 5924.0}, {""index"": 3, ""name"": ""NVIDIA P104-100"", ""pci_bus"": ""00000000:0C:00.0"", ""pcie"": ""Gen1 x1"", ""util_pct"": 11.0, ""power_w"": 55.24, ""vram_used_mib"": 5670.0}, {""index"": 4, ""name"": ""NVIDIA P104-100"", ""pci_bus"": ""00000000:0D:00.0"", ""pcie"": ""Gen1 x1"", ""util_pct"": 39.0, ""power_w"": 54.3, ""vram_used_mib"": 5738.0}, {""index"": 5, ""name"": ""NVIDIA P104-100"", ""pci_bus"": ""00000000:0E:00.0"", ""pcie"": ""Gen1 x1"", ""util_pct"": 14.0, ""power_w"": 51.26, ""vram_used_mib"": 6274.0}]"
2026-08-16T14:51:17.697320+03:00,1786881077.697320,ctx_016384.txt,1,1,prefill,52.11764705882353,"[100.0, 61.502347417840376, 13.615023474178404, 32.535885167464116]",15875.55078125,6472.390625,9403.16015625,40.76955007220468,24575.99609375,379.15234375,1.542775081439826,"[{""index"": 0, ""name"": ""NVIDIA P104-100"", ""pci_bus"": ""00000000:01:00.0"", ""pcie"": ""Gen1 x1"", ""util_pct"": 0.0, ""power_w"": 52.2, ""vram_used_mib"": 6086.0}, {""index"": 1, ""name"": ""NVIDIA P104-100"", ""pci_bus"": ""00000000:02:00.0"", ""pcie"": ""Gen1 x1"", ""util_pct"": 18.0, ""power_w"": 54.45, ""vram_used_mib"": 4708.0}, {""index"": 2, ""name"": ""NVIDIA P104-100"", ""pci_bus"": ""00000000:0A:00.0"", ""pcie"": ""Gen1 x1"", ""util_pct"": 41.0, ""power_w"": 51.95, ""vram_used_mib"": 5924.0}, {""index"": 3, ""name"": ""NVIDIA P104-100"", ""pci_bus"": ""00000000:0C:00.0"", ""pcie"": ""Gen1 x1"", ""util_pct"": 21.0, ""power_w"": 55.48, ""vram_used_mib"": 5670.0}, {""index"": 4, ""name"": ""NVIDIA P104-100"", ""pci_bus"": ""00000000:0D:00.0"", ""pcie"": ""Gen1 x1"", ""util_pct"": 3.0, ""power_w"": 92.7, ""vram_used_mib"": 5738.0}, {""index"": 5, ""name"": ""NVIDIA P104-100"", ""pci_bus"": ""00000000:0E:00.0"", ""pcie"": ""Gen1 x1"", ""util_pct"": 0.0, ""power_w"": 119.2, ""vram_used_mib"": 6274.0}]"
2026-08-16T14:51:19.887608+03:00,1786881079.887608,ctx_016384.txt,1,1,prefill,39.74799541809851,"[100.0, 12.844036697247706, 18.264840182648403, 28.181818181818183]",15875.55078125,6454.75,9420.80078125,40.658431880193135,24575.99609375,379.1484375,1.5427591868653594,"[{""index"": 0, ""name"": ""NVIDIA P104-100"", ""pci_bus"": ""00000000:01:00.0"", ""pcie"": ""Gen1 x1"", ""util_pct"": 44.0, ""power_w"": 104.42, ""vram_used_mib"": 6086.0}, {""index"": 1, ""name"": ""NVIDIA P104-100"", ""pci_bus"": ""00000000:02:00.0"", ""pcie"": ""Gen1 x1"", ""util_pct"": 3.0, ""power_w"": 102.98, ""vram_used_mib"": 4708.0}, {""index"": 2, ""name"": ""NVIDIA P104-100"", ""pci_bus"": ""00000000:0A:00.0"", ""pcie"": ""Gen1 x1"", ""util_pct"": 3.0, ""power_w"": 51.93, ""vram_used_mib"": 5924.0}, {""index"": 3, ""name"": ""NVIDIA P104-100"", ""pci_bus"": ""00000000:0C:00.0"", ""pcie"": ""Gen1 x1"", ""util_pct"": 12.0, ""power_w"": 55.22, ""vram_used_mib"": 5670.0}, {""index"": 4, ""name"": ""NVIDIA P104-100"", ""pci_bus"": ""00000000:0D:00.0"", ""pcie"": ""Gen1 x1"", ""util_pct"": 78.0, ""power_w"": 54.65, ""vram_used_mib"": 5738.0}, {""index"": 5, ""name"": ""NVIDIA P104-100"", ""pci_bus"": ""00000000:0E:00.0"", ""pcie"": ""Gen1 x1"", ""util_pct"": 32.0, ""power_w"": 51.23, ""vram_used_mib"": 6274.0}]"
2026-08-16T14:51:22.029127+03:00,1786881082.029127,ctx_016384.txt,1,1,prefill,39.53216374269006,"[100.0, 15.566037735849056, 14.018691588785046, 28.63849765258216]",15875.55078125,6439.52734375,9436.0234375,40.56254445896439,24575.99609375,379.1484375,1.5427591868653594,"[{""index"": 0, ""name"": ""NVIDIA P104-100"", ""pci_bus"": ""00000000:01:00.0"", ""pcie"": ""Gen1 x1"", ""util_pct"": 45.0, ""power_w"": 52.1, ""vram_used_mib"": 6086.0}, {""index"": 1, ""name"": ""NVIDIA P104-100"", ""pci_bus"": ""00000000:02:00.0"", ""pcie"": ""Gen1 x1"", ""util_pct"": 40.0, ""power_w"": 53.69, ""vram_used_mib"": 4708.0}, {""index"": 2, ""name"": ""NVIDIA P104-100"", ""pci_bus"": ""00000000:0A:00.0"", ""pcie"": ""Gen1 x1"", ""util_pct"": 42.0, ""power_w"": 52.1, ""vram_used_mib"": 5924.0}, {""index"": 3, ""name"": ""NVIDIA P104-100"", ""pci_bus"": ""00000000:0C:00.0"", ""pcie"": ""Gen1 x1"", ""util_pct"": 39.0, ""power_w"": 66.2, ""vram_used_mib"": 5670.0}, {""index"": 4, ""name"": ""NVIDIA P104-100"", ""pci_bus"": ""00000000:0D:00.0"", ""pcie"": ""Gen1 x1"", ""util_pct"": 0.0, ""power_w"": 165.37, ""vram_used_mib"": 5738.0}, {""index"": 5, ""name"": ""NVIDIA P104-100"", ""pci_bus"": ""00000000:0E:00.0"", ""pcie"": ""Gen1 x1"", ""util_pct"": 0.0, ""power_w"": 51.19, ""vram_used_mib"": 6274.0}]"
2026-08-16T14:51:24.149985+03:00,1786881084.149985,ctx_016384.txt,1,1,prefill,38.488783943329395,"[100.0, 12.796208530805687, 19.90521327014218, 20.379146919431278]",15875.55078125,6458.09765625,9417.453125,40.679518747011976,24575.99609375,379.1484375,1.5427591868653594,"[{""index"": 0, ""name"": ""NVIDIA P104-100"", ""pci_bus"": ""00000000:01:00.0"", ""pcie"": ""Gen1 x1"", ""util_pct"": 0.0, ""power_w"": 72.61, ""vram_used_mib"": 6086.0}, {""index"": 1, ""name"": ""NVIDIA P104-100"", ""pci_bus"": ""00000000:02:00.0"", ""pcie"": ""Gen1 x1"", ""util_pct"": 0.0, ""power_w"": 146.54, ""vram_used_mib"": 4708.0}, {""index"": 2, ""name"": ""NVIDIA P104-100"", ""pci_bus"": ""00000000:0A:00.0"", ""pcie"": ""Gen1 x1"", ""util_pct"": 3.0, ""power_w"": 52.15, ""vram_used_mib"": 5924.0}, {""index"": 3, ""name"": ""NVIDIA P104-100"", ""pci_bus"": ""00000000:0C:00.0"", ""pcie"": ""Gen1 x1"", ""util_pct"": 3.0, ""power_w"": 55.12, ""vram_used_mib"": 5670.0}, {""index"": 4, ""name"": ""NVIDIA P104-100"", ""pci_bus"": ""00000000:0D:00.0"", ""pcie"": ""Gen1 x1"", ""util_pct"": 39.0, ""power_w"": 53.4, ""vram_used_mib"": 5738.0}, {""index"": 5, ""name"": ""NVIDIA P104-100"", ""pci_bus"": ""00000000:0E:00.0"", ""pcie"": ""Gen1 x1"", ""util_pct"": 22.0, ""power_w"": 51.23, ""vram_used_mib"": 6274.0}]"
2026-08-16T14:51:26.337316+03:00,1786881086.337316,ctx_016384.txt,1,1,prefill,39.26521239954076,"[100.0, 13.302752293577981, 19.724770642201836, 23.853211009174313]",15875.55078125,6410.01171875,9465.5390625,40.376625712542946,24575.99609375,379.140625,1.5427273977164264,"[{""index"": 0, ""name"": ""NVIDIA P104-100"", ""pci_bus"": ""00000000:01:00.0"", ""pcie"": ""Gen1 x1"", ""util_pct"": 45.0, ""power_w"": 52.13, ""vram_used_mib"": 6086.0}, {""index"": 1, ""name"": ""NVIDIA P104-100"", ""pci_bus"": ""00000000:02:00.0"", ""pcie"": ""Gen1 x1"", ""util_pct"": 3.0, ""power_w"": 55.26, ""vram_used_mib"": 4708.0}, {""index"": 2, ""name"": ""NVIDIA P104-100"", ""pci_bus"": ""00000000:0A:00.0"", ""pcie"": ""Gen1 x1"", ""util_pct"": 42.0, ""power_w"": 65.37, ""vram_used_mib"": 5924.0}, {""index"": 3, ""name"": ""NVIDIA P104-100"", ""pci_bus"": ""00000000:0C:00.0"", ""pcie"": ""Gen1 x1"", ""util_pct"": 3.0, ""power_w"": 180.01, ""vram_used_mib"": 5670.0}, {""index"": 4, ""name"": ""NVIDIA P104-100"", ""pci_bus"": ""00000000:0D:00.0"", ""pcie"": ""Gen1 x1"", ""util_pct"": 3.0, ""power_w"": 53.4, ""vram_used_mib"": 5738.0}, {""index"": 5, ""name"": ""NVIDIA P104-100"", ""pci_bus"": ""00000000:0E:00.0"", ""pcie"": ""Gen1 x1"", ""util_pct"": 20.0, ""power_w"": 42.55, ""vram_used_mib"": 6274.0}]"
2026-08-16T14:51:28.519963+03:00,1786881088.519963,ctx_016384.txt,1,1,prefill,39.678899082568805,"[100.0, 17.51152073732719, 14.678899082568808, 26.146788990825687]",15875.55078125,6392.0859375,9483.46484375,40.26371132300774,24575.99609375,379.140625,1.5427273977164264,"[{""index"": 0, ""name"": ""NVIDIA P104-100"", ""pci_bus"": ""00000000:01:00.0"", ""pcie"": ""Gen1 x1"", ""util_pct"": 19.0, ""power_w"": 52.1, ""vram_used_mib"": 6086.0}, {""index"": 1, ""name"": ""NVIDIA P104-100"", ""pci_bus"": ""00000000:02:00.0"", ""pcie"": ""Gen1 x1"", ""util_pct"": 37.0, ""power_w"": 54.19, ""vram_used_mib"": 4708.0}, {""index"": 2, ""name"": ""NVIDIA P104-100"", ""pci_bus"": ""00000000:0A:00.0"", ""pcie"": ""Gen1 x1"", ""util_pct"": 27.0, ""power_w"": 52.1, ""vram_used_mib"": 5924.0}, {""index"": 3, ""name"": ""NVIDIA P104-100"", ""pci_bus"": ""00000000:0C:00.0"", ""pcie"": ""Gen1 x1"", ""util_pct"": 3.0, ""power_w"": 56.56, ""vram_used_mib"": 5670.0}, {""index"": 4, ""name"": ""NVIDIA P104-100"", ""pci_bus"": ""00000000:0D:00.0"", ""pcie"": ""Gen1 x1"", ""util_pct"": 13.0, ""power_w"": 180.32, ""vram_used_mib"": 5738.0}, {""index"": 5, ""name"": ""NVIDIA P104-100"", ""pci_bus"": ""00000000:0E:00.0"", ""pcie"": ""Gen1 x1"", ""util_pct"": 0.0, ""power_w"": 42.27, ""vram_used_mib"": 6274.0}]"
2026-08-16T14:51:30.642219+03:00,1786881090.642219,ctx_016384.txt,1,1,prefill,39.43329397874852,"[100.0, 20.28301886792453, 24.644549763033176, 12.796208530805687]",15875.55078125,6434.59765625,9440.953125,40.53149238670607,24575.99609375,379.13671875,1.54271150314196,"[{""index"": 0, ""name"": ""NVIDIA P104-100"", ""pci_bus"": ""00000000:01:00.0"", ""pcie"": ""Gen1 x1"", ""util_pct"": 9.0, ""power_w"": 152.14, ""vram_used_mib"": 6086.0}, {""index"": 1, ""name"": ""NVIDIA P104-100"", ""pci_bus"": ""00000000:02:00.0"", ""pcie"": ""Gen1 x1"", ""util_pct"": 2.0, ""power_w"": 53.61, ""vram_used_mib"": 4708.0}, {""index"": 2, ""name"": ""NVIDIA P104-100"", ""pci_bus"": ""00000000:0A:00.0"", ""pcie"": ""Gen1 x1"", ""util_pct"": 0.0, ""power_w"": 51.06, ""vram_used_mib"": 5924.0}, {""index"": 3, ""name"": ""NVIDIA P104-100"", ""pci_bus"": ""00000000:0C:00.0"", ""pcie"": ""Gen1 x1"", ""util_pct"": 40.0, ""power_w"": 55.14, ""vram_used_mib"": 5670.0}, {""index"": 4, ""name"": ""NVIDIA P104-100"", ""pci_bus"": ""00000000:0D:00.0"", ""pcie"": ""Gen1 x1"", ""util_pct"": 32.0, ""power_w"": 53.4, ""vram_used_mib"": 5738.0}, {""index"": 5, ""name"": ""NVIDIA P104-100"", ""pci_bus"": ""00000000:0E:00.0"", ""pcie"": ""Gen1 x1"", ""util_pct"": 34.0, ""power_w"": 42.33, ""vram_used_mib"": 6274.0}]"
2026-08-16T14:51:32.761107+03:00,1786881092.761107,ctx_016384.txt,1,1,prefill,38.34319526627219,"[100.0, 15.023474178403756, 21.80094786729858, 16.9811320754717]",15875.55078125,6524.55078125,9351.0,41.098106586361055,24575.99609375,379.1328125,1.5426956085674934,"[{""index"": 0, ""name"": ""NVIDIA P104-100"", ""pci_bus"": ""00000000:01:00.0"", ""pcie"": ""Gen1 x1"", ""util_pct"": 46.0, ""power_w"": 51.78, ""vram_used_mib"": 6086.0}, {""index"": 1, ""name"": ""NVIDIA P104-100"", ""pci_bus"": ""00000000:02:00.0"", ""pcie"": ""Gen1 x1"", ""util_pct"": 36.0, ""power_w"": 55.41, ""vram_used_mib"": 4708.0}, {""index"": 2, ""name"": ""NVIDIA P104-100"", ""pci_bus"": ""00000000:0A:00.0"", ""pcie"": ""Gen1 x1"", ""util_pct"": 3.0, ""power_w"": 177.33, ""vram_used_mib"": 5924.0}, {""index"": 3, ""name"": ""NVIDIA P104-100"", ""pci_bus"": ""00000000:0C:00.0"", ""pcie"": ""Gen1 x1"", ""util_pct"": 3.0, ""power_w"": 55.14, ""vram_used_mib"": 5670.0}, {""index"": 4, ""name"": ""NVIDIA P104-100"", ""pci_bus"": ""00000000:0D:00.0"", ""pcie"": ""Gen1 x1"", ""util_pct"": 39.0, ""power_w"": 54.4, ""vram_used_mib"": 5738.0}, {""index"": 5, ""name"": ""NVIDIA P104-100"", ""pci_bus"": ""00000000:0E:00.0"", ""pcie"": ""Gen1 x1"", ""util_pct"": 3.0, ""power_w"": 42.23, ""vram_used_mib"": 6274.0}]"
2026-08-16T14:51:34.939942+03:00,1786881094.939942,ctx_016384.txt,1,1,prefill,39.724454649827784,"[100.0, 14.351851851851851, 21.658986175115206, 22.119815668202765]",15875.55078125,6510.9453125,9364.60546875,41.01240581958155,24575.99609375,379.12890625,1.542679713993027,"[{""index"": 0, ""name"": ""NVIDIA P104-100"", ""pci_bus"": ""00000000:01:00.0"", ""pcie"": ""Gen1 x1"", ""util_pct"": 0.0, ""power_w"": 52.2, ""vram_used_mib"": 6086.0}, {""index"": 1, ""name"": ""NVIDIA P104-100"", ""pci_bus"": ""00000000:02:00.0"", ""pcie"": ""Gen1 x1"", ""util_pct"": 35.0, ""power_w"": 54.3, ""vram_used_mib"": 4708.0}, {""index"": 2, ""name"": ""NVIDIA P104-100"", ""pci_bus"": ""00000000:0A:00.0"", ""pcie"": ""Gen1 x1"", ""util_pct"": 42.0, ""power_w"": 52.68, ""vram_used_mib"": 5924.0}, {""index"": 3, ""name"": ""NVIDIA P104-100"", ""pci_bus"": ""00000000:0C:00.0"", ""pcie"": ""Gen1 x1"", ""util_pct"": 7.0, ""power_w"": 123.7, ""vram_used_mib"": 5670.0}, {""index"": 4, ""name"": ""NVIDIA P104-100"", ""pci_bus"": ""00000000:0D:00.0"", ""pcie"": ""Gen1 x1"", ""util_pct"": 3.0, ""power_w"": 54.3, ""vram_used_mib"": 5738.0}, {""index"": 5, ""name"": ""NVIDIA P104-100"", ""pci_bus"": ""00000000:0E:00.0"", ""pcie"": ""Gen1 x1"", ""util_pct"": 18.0, ""power_w"": 42.55, ""vram_used_mib"": 6274.0}]"
2026-08-16T14:51:37.084529+03:00,1786881097.084529,ctx_016384.txt,1,1,prefill,40.39812646370024,"[100.0, 10.280373831775702, 13.023255813953488, 38.78504672897196]",15875.55078125,6526.44921875,9349.1015625,41.110064832888426,24575.99609375,379.125,1.5426638194185607,"[{""index"": 0, ""name"": ""NVIDIA P104-100"", ""pci_bus"": ""00000000:01:00.0"", ""pcie"": ""Gen1 x1"", ""util_pct"": 0.0, ""power_w"": 50.73, ""vram_used_mib"": 6086.0}, {""index"": 1, ""name"": ""NVIDIA P104-100"", ""pci_bus"": ""00000000:02:00.0"", ""pcie"": ""Gen1 x1"", ""util_pct"": 0.0, ""power_w"": 54.12, ""vram_used_mib"": 4708.0}, {""index"": 2, ""name"": ""NVIDIA P104-100"", ""pci_bus"": ""00000000:0A:00.0"", ""pcie"": ""Gen1 x1"", ""util_pct"": 0.0, ""power_w"": 50.72, ""vram_used_mib"": 5924.0}, {""index"": 3, ""name"": ""NVIDIA P104-100"", ""pci_bus"": ""00000000:0C:00.0"", ""pcie"": ""Gen1 x1"", ""util_pct"": 0.0, ""power_w"": 51.97, ""vram_used_mib"": 5670.0}, {""index"": 4, ""name"": ""NVIDIA P104-100"", ""pci_bus"": ""00000000:0D:00.0"", ""pcie"": ""Gen1 x1"", ""util_pct"": 0.0, ""power_w"": 50.82, ""vram_used_mib"": 5738.0}, {""index"": 5, ""name"": ""NVIDIA P104-100"", ""pci_bus"": ""00000000:0E:00.0"", ""pcie"": ""Gen1 x1"", ""util_pct"": 98.0, ""power_w"": 124.86, ""vram_used_mib"": 6274.0}]"
2026-08-16T14:51:39.205390+03:00,1786881099.205390,ctx_016384.txt,1,1,prefill,37.78040141676505,"[100.0, 4.265402843601896, 26.540284360189574, 19.339622641509433]",15875.55078125,6503.81640625,9371.734375,40.96750088149009,24575.99609375,379.12109375,1.542647924844094,"[{""index"": 0, ""name"": ""NVIDIA P104-100"", ""pci_bus"": ""00000000:01:00.0"", ""pcie"": ""Gen1 x1"", ""util_pct"": 0.0, ""power_w"": 87.12, ""vram_used_mib"": 6086.0}, {""index"": 1, ""name"": ""NVIDIA P104-100"", ""pci_bus"": ""00000000:02:00.0"", ""pcie"": ""Gen1 x1"", ""util_pct"": 0.0, ""power_w"": 43.97, ""vram_used_mib"": 4708.0}, {""index"": 2, ""name"": ""NVIDIA P104-100"", ""pci_bus"": ""00000000:0A:00.0"", ""pcie"": ""Gen1 x1"", ""util_pct"": 0.0, ""power_w"": 41.62, ""vram_used_mib"": 5924.0}, {""index"": 3, ""name"": ""NVIDIA P104-100"", ""pci_bus"": ""00000000:0C:00.0"", ""pcie"": ""Gen1 x1"", ""util_pct"": 0.0, ""power_w"": 52.06, ""vram_used_mib"": 5670.0}, {""index"": 4, ""name"": ""NVIDIA P104-100"", ""pci_bus"": ""00000000:0D:00.0"", ""pcie"": ""Gen1 x1"", ""util_pct"": 0.0, ""power_w"": 50.61, ""vram_used_mib"": 5738.0}, {""index"": 5, ""name"": ""NVIDIA P104-100"", ""pci_bus"": ""00000000:0E:00.0"", ""pcie"": ""Gen1 x1"", ""util_pct"": 98.0, ""power_w"": 52.01, ""vram_used_mib"": 6274.0}]"
2026-08-16T14:51:41.455625+03:00,1786881101.455625,ctx_016384.txt,1,1,prefill,50.558035714285715,"[100.0, 73.77777777777777, 9.821428571428571, 18.46846846846847]",15875.55078125,6487.0390625,9388.51171875,40.86182049294057,24575.99609375,379.12109375,1.542647924844094,"[{""index"": 0, ""name"": ""NVIDIA P104-100"", ""pci_bus"": ""00000000:01:00.0"", ""pcie"": ""Gen1 x1"", ""util_pct"": 46.0, ""power_w"": 52.08, ""vram_used_mib"": 6086.0}, {""index"": 1, ""name"": ""NVIDIA P104-100"", ""pci_bus"": ""00000000:02:00.0"", ""pcie"": ""Gen1 x1"", ""util_pct"": 12.0, ""power_w"": 68.43, ""vram_used_mib"": 4708.0}, {""index"": 2, ""name"": ""NVIDIA P104-100"", ""pci_bus"": ""00000000:0A:00.0"", ""pcie"": ""Gen1 x1"", ""util_pct"": 3.0, ""power_w"": 157.98, ""vram_used_mib"": 5924.0}, {""index"": 3, ""name"": ""NVIDIA P104-100"", ""pci_bus"": ""00000000:0C:00.0"", ""pcie"": ""Gen1 x1"", ""util_pct"": 3.0, ""power_w"": 55.01, ""vram_used_mib"": 5670.0}, {""index"": 4, ""name"": ""NVIDIA P104-100"", ""pci_bus"": ""00000000:0D:00.0"", ""pcie"": ""Gen1 x1"", ""util_pct"": 41.0, ""power_w"": 53.65, ""vram_used_mib"": 5738.0}, {""index"": 5, ""name"": ""NVIDIA P104-100"", ""pci_bus"": ""00000000:0E:00.0"", ""pcie"": ""Gen1 x1"", ""util_pct"": 6.0, ""power_w"": 51.16, ""vram_used_mib"": 6274.0}]"
2026-08-16T14:51:43.641724+03:00,1786881103.641724,ctx_016384.txt,1,1,prefill,39.588100686498855,"[100.0, 14.746543778801843, 21.559633027522935, 21.461187214611872]",15875.55078125,6478.23828125,9397.3125,40.80638442416245,24575.99609375,379.1171875,1.5426320302696277,"[{""index"": 0, ""name"": ""NVIDIA P104-100"", ""pci_bus"": ""00000000:01:00.0"", ""pcie"": ""Gen1 x1"", ""util_pct"": 13.0, ""power_w"": 52.2, ""vram_used_mib"": 6086.0}, {""index"": 1, ""name"": ""NVIDIA P104-100"", ""pci_bus"": ""00000000:02:00.0"", ""pcie"": ""Gen1 x1"", ""util_pct"": 37.0, ""power_w"": 54.3, ""vram_used_mib"": 4708.0}, {""index"": 2, ""name"": ""NVIDIA P104-100"", ""pci_bus"": ""00000000:0A:00.0"", ""pcie"": ""Gen1 x1"", ""util_pct"": 34.0, ""power_w"": 54.15, ""vram_used_mib"": 5924.0}, {""index"": 3, ""name"": ""NVIDIA P104-100"", ""pci_bus"": ""00000000:0C:00.0"", ""pcie"": ""Gen1 x1"", ""util_pct"": 0.0, ""power_w"": 174.72, ""vram_used_mib"": 5670.0}, {""index"": 4, ""name"": ""NVIDIA P104-100"", ""pci_bus"": ""00000000:0D:00.0"", ""pcie"": ""Gen1 x1"", ""util_pct"": 3.0, ""power_w"": 53.54, ""vram_used_mib"": 5738.0}, {""index"": 5, ""name"": ""NVIDIA P104-100"", ""pci_bus"": ""00000000:0E:00.0"", ""pcie"": ""Gen1 x1"", ""util_pct"": 28.0, ""power_w"": 51.23, ""vram_used_mib"": 6274.0}]"
2026-08-16T14:51:45.836797+03:00,1786881105.836797,ctx_016384.txt,1,1,prefill,39.726027397260275,"[100.0, 8.67579908675799, 24.200913242009133, 26.363636363636363]",15875.55078125,6490.54296875,9385.0078125,40.8838915775806,24575.99609375,379.1171875,1.5426320302696277,"[{""index"": 0, ""name"": ""NVIDIA P104-100"", ""pci_bus"": ""00000000:01:00.0"", ""pcie"": ""Gen1 x1"", ""util_pct"": 0.0, ""power_w"": 52.22, ""vram_used_mib"": 6086.0}, {""index"": 1, ""name"": ""NVIDIA P104-100"", ""pci_bus"": ""00000000:02:00.0"", ""pcie"": ""Gen1 x1"", ""util_pct"": 0.0, ""power_w"": 54.09, ""vram_used_mib"": 4708.0}, {""index"": 2, ""name"": ""NVIDIA P104-100"", ""pci_bus"": ""00000000:0A:00.0"", ""pcie"": ""Gen1 x1"", ""util_pct"": 32.0, ""power_w"": 51.75, ""vram_used_mib"": 5924.0}, {""index"": 3, ""name"": ""NVIDIA P104-100"", ""pci_bus"": ""00000000:0C:00.0"", ""pcie"": ""Gen1 x1"", ""util_pct"": 40.0, ""power_w"": 55.25, ""vram_used_mib"": 5670.0}, {""index"": 4, ""name"": ""NVIDIA P104-100"", ""pci_bus"": ""00000000:0D:00.0"", ""pcie"": ""Gen1 x1"", ""util_pct"": 6.0, ""power_w"": 55.72, ""vram_used_mib"": 5738.0}, {""index"": 5, ""name"": ""NVIDIA P104-100"", ""pci_bus"": ""00000000:0E:00.0"", ""pcie"": ""Gen1 x1"", ""util_pct"": 0.0, ""power_w"": 102.01, ""vram_used_mib"": 6274.0}]"
2026-08-16T14:51:47.965691+03:00,1786881107.965691,ctx_016384.txt,1,1,prefill,39.64705882352941,"[100.0, 8.49056603773585, 19.339622641509433, 30.18867924528302]",15875.55078125,6446.9765625,9428.57421875,40.609467043589284,24575.99609375,379.1171875,1.5426320302696277,"[{""index"": 0, ""name"": ""NVIDIA P104-100"", ""pci_bus"": ""00000000:01:00.0"", ""pcie"": ""Gen1 x1"", ""util_pct"": 0.0, ""power_w"": 177.03, ""vram_used_mib"": 6086.0}, {""index"": 1, ""name"": ""NVIDIA P104-100"", ""pci_bus"": ""00000000:02:00.0"", ""pcie"": ""Gen1 x1"", ""util_pct"": 1.0, ""power_w"": 54.44, ""vram_used_mib"": 4708.0}, {""index"": 2, ""name"": ""NVIDIA P104-100"", ""pci_bus"": ""00000000:0A:00.0"", ""pcie"": ""Gen1 x1"", ""util_pct"": 4.0, ""power_w"": 51.58, ""vram_used_mib"": 5924.0}, {""index"": 3, ""name"": ""NVIDIA P104-100"", ""pci_bus"": ""00000000:0C:00.0"", ""pcie"": ""Gen1 x1"", ""util_pct"": 3.0, ""power_w"": 55.15, ""vram_used_mib"": 5670.0}, {""index"": 4, ""name"": ""NVIDIA P104-100"", ""pci_bus"": ""00000000:0D:00.0"", ""pcie"": ""Gen1 x1"", ""util_pct"": 59.0, ""power_w"": 53.9, ""vram_used_mib"": 5738.0}, {""index"": 5, ""name"": ""NVIDIA P104-100"", ""pci_bus"": ""00000000:0E:00.0"", ""pcie"": ""Gen1 x1"", ""util_pct"": 44.0, ""power_w"": 51.51, ""vram_used_mib"": 6274.0}]"
2026-08-16T14:51:50.086129+03:00,1786881110.086129,ctx_016384.txt,1,1,prefill,38.297872340425535,"[100.0, 26.291079812206572, 17.53554502369668, 10.377358490566039]",15875.55078125,6453.828125,9421.72265625,40.65262499504816,24575.99609375,379.1171875,1.5426320302696277,"[{""index"": 0, ""name"": ""NVIDIA P104-100"", ""pci_bus"": ""00000000:01:00.0"", ""pcie"": ""Gen1 x1"", ""util_pct"": 47.0, ""power_w"": 52.2, ""vram_used_mib"": 6086.0}, {""index"": 1, ""name"": ""NVIDIA P104-100"", ""pci_bus"": ""00000000:02:00.0"", ""pcie"": ""Gen1 x1"", ""util_pct"": 17.0, ""power_w"": 54.32, ""vram_used_mib"": 4708.0}, {""index"": 2, ""name"": ""NVIDIA P104-100"", ""pci_bus"": ""00000000:0A:00.0"", ""pcie"": ""Gen1 x1"", ""util_pct"": 43.0, ""power_w"": 55.34, ""vram_used_mib"": 5924.0}, {""index"": 3, ""name"": ""NVIDIA P104-100"", ""pci_bus"": ""00000000:0C:00.0"", ""pcie"": ""Gen1 x1"", ""util_pct"": 22.0, ""power_w"": 183.0, ""vram_used_mib"": 5670.0}, {""index"": 4, ""name"": ""NVIDIA P104-100"", ""pci_bus"": ""00000000:0D:00.0"", ""pcie"": ""Gen1 x1"", ""util_pct"": 0.0, ""power_w"": 53.62, ""vram_used_mib"": 5738.0}, {""index"": 5, ""name"": ""NVIDIA P104-100"", ""pci_bus"": ""00000000:0E:00.0"", ""pcie"": ""Gen1 x1"", ""util_pct"": 3.0, ""power_w"": 51.23, ""vram_used_mib"": 6274.0}]"
2026-08-16T14:51:52.254593+03:00,1786881112.254593,ctx_016384.txt,1,1,prefill,39.1705069124424,"[100.0, 12.55813953488372, 14.883720930232558, 27.649769585253456]",15875.55078125,6451.34375,9424.20703125,40.636975931691346,24575.99609375,379.11328125,1.542616135695161,"[{""index"": 0, ""name"": ""NVIDIA P104-100"", ""pci_bus"": ""00000000:01:00.0"", ""pcie"": ""Gen1 x1"", ""util_pct"": 22.0, ""power_w"": 52.12, ""vram_used_mib"": 6086.0}, {""index"": 1, ""name"": ""NVIDIA P104-100"", ""pci_bus"": ""00000000:02:00.0"", ""pcie"": ""Gen1 x1"", ""util_pct"": 38.0, ""power_w"": 54.11, ""vram_used_mib"": 4708.0}, {""index"": 2, ""name"": ""NVIDIA P104-100"", ""pci_bus"": ""00000000:0A:00.0"", ""pcie"": ""Gen1 x1"", ""util_pct"": 35.0, ""power_w"": 51.85, ""vram_used_mib"": 5924.0}, {""index"": 3, ""name"": ""NVIDIA P104-100"", ""pci_bus"": ""00000000:0C:00.0"", ""pcie"": ""Gen1 x1"", ""util_pct"": 41.0, ""power_w"": 55.24, ""vram_used_mib"": 5670.0}, {""index"": 4, ""name"": ""NVIDIA P104-100"", ""pci_bus"": ""00000000:0D:00.0"", ""pcie"": ""Gen1 x1"", ""util_pct"": 22.0, ""power_w"": 72.23, ""vram_used_mib"": 5738.0}, {""index"": 5, ""name"": ""NVIDIA P104-100"", ""pci_bus"": ""00000000:0E:00.0"", ""pcie"": ""Gen1 x1"", ""util_pct"": 0.0, ""power_w"": 149.06, ""vram_used_mib"": 6274.0}]"
2026-08-16T14:51:54.427849+03:00,1786881114.427849,ctx_016384.txt,1,1,decode,38.86966551326413,"[100.0, 10.599078341013826, 16.589861751152075, 28.571428571428573]",15875.55078125,6619.80078125,9255.75,41.69808577015414,24575.99609375,379.10546875,1.5425843465462281,"[{""index"": 0, ""name"": ""NVIDIA P104-100"", ""pci_bus"": ""00000000:01:00.0"", ""pcie"": ""Gen1 x1"", ""util_pct"": 60.0, ""power_w"": 52.1, ""vram_used_mib"": 6086.0}, {""index"": 1, ""name"": ""NVIDIA P104-100"", ""pci_bus"": ""00000000:02:00.0"", ""pcie"": ""Gen1 x1"", ""util_pct"": 43.0, ""power_w"": 54.11, ""vram_used_mib"": 4708.0}, {""index"": 2, ""name"": ""NVIDIA P104-100"", ""pci_bus"": ""00000000:0A:00.0"", ""pcie"": ""Gen1 x1"", ""util_pct"": 0.0, ""power_w"": 52.1, ""vram_used_mib"": 5924.0}, {""index"": 3, ""name"": ""NVIDIA P104-100"", ""pci_bus"": ""00000000:0C:00.0"", ""pcie"": ""Gen1 x1"", ""util_pct"": 0.0, ""power_w"": 54.91, ""vram_used_mib"": 5670.0}, {""index"": 4, ""name"": ""NVIDIA P104-100"", ""pci_bus"": ""00000000:0D:00.0"", ""pcie"": ""Gen1 x1"", ""util_pct"": 0.0, ""power_w"": 53.31, ""vram_used_mib"": 5738.0}, {""index"": 5, ""name"": ""NVIDIA P104-100"", ""pci_bus"": ""00000000:0E:00.0"", ""pcie"": ""Gen1 x1"", ""util_pct"": 0.0, ""power_w"": 51.01, ""vram_used_mib"": 6274.0}]"
2026-08-16T14:51:56.630237+03:00,1786881116.630237,ctx_016384.txt,1,1,decode,39.63553530751708,"[100.0, 15.909090909090908, 21.004566210045663, 20.90909090909091]",15875.55078125,6914.4453125,8961.10546875,43.554049921004214,24575.99609375,379.1015625,1.5425684519717617,"[{""index"": 0, ""name"": ""NVIDIA P104-100"", ""pci_bus"": ""00000000:01:00.0"", ""pcie"": ""Gen1 x1"", ""util_pct"": 0.0, ""power_w"": 51.86, ""vram_used_mib"": 6086.0}, {""index"": 1, ""name"": ""NVIDIA P104-100"", ""pci_bus"": ""00000000:02:00.0"", ""pcie"": ""Gen1 x1"", ""util_pct"": 0.0, ""power_w"": 53.86, ""vram_used_mib"": 4708.0}, {""index"": 2, ""name"": ""NVIDIA P104-100"", ""pci_bus"": ""00000000:0A:00.0"", ""pcie"": ""Gen1 x1"", ""util_pct"": 0.0, ""power_w"": 51.51, ""vram_used_mib"": 5924.0}, {""index"": 3, ""name"": ""NVIDIA P104-100"", ""pci_bus"": ""00000000:0C:00.0"", ""pcie"": ""Gen1 x1"", ""util_pct"": 0.0, ""power_w"": 54.66, ""vram_used_mib"": 5670.0}, {""index"": 4, ""name"": ""NVIDIA P104-100"", ""pci_bus"": ""00000000:0D:00.0"", ""pcie"": ""Gen1 x1"", ""util_pct"": 0.0, ""power_w"": 53.42, ""vram_used_mib"": 5738.0}, {""index"": 5, ""name"": ""NVIDIA P104-100"", ""pci_bus"": ""00000000:0E:00.0"", ""pcie"": ""Gen1 x1"", ""util_pct"": 78.0, ""power_w"": 51.26, ""vram_used_mib"": 6274.0}]"
2026-08-16T14:51:58.757581+03:00,1786881118.757581,ctx_016384.txt,1,1,decode,39.92932862190813,"[100.0, 26.88679245283019, 12.206572769953052, 21.22641509433962]",15875.55078125,6891.390625,8984.16015625,43.408828581488685,24575.99609375,379.1015625,1.5425684519717617,"[{""index"": 0, ""name"": ""NVIDIA P104-100"", ""pci_bus"": ""00000000:01:00.0"", ""pcie"": ""Gen1 x1"", ""util_pct"": 21.0, ""power_w"": 51.22, ""vram_used_mib"": 6086.0}, {""index"": 1, ""name"": ""NVIDIA P104-100"", ""pci_bus"": ""00000000:02:00.0"", ""pcie"": ""Gen1 x1"", ""util_pct"": 18.0, ""power_w"": 52.37, ""vram_used_mib"": 4708.0}, {""index"": 2, ""name"": ""NVIDIA P104-100"", ""pci_bus"": ""00000000:0A:00.0"", ""pcie"": ""Gen1 x1"", ""util_pct"": 21.0, ""power_w"": 50.61, ""vram_used_mib"": 5924.0}, {""index"": 3, ""name"": ""NVIDIA P104-100"", ""pci_bus"": ""00000000:0C:00.0"", ""pcie"": ""Gen1 x1"", ""util_pct"": 7.0, ""power_w"": 53.02, ""vram_used_mib"": 5670.0}, {""index"": 4, ""name"": ""NVIDIA P104-100"", ""pci_bus"": ""00000000:0D:00.0"", ""pcie"": ""Gen1 x1"", ""util_pct"": 19.0, ""power_w"": 52.41, ""vram_used_mib"": 5738.0}, {""index"": 5, ""name"": ""NVIDIA P104-100"", ""pci_bus"": ""00000000:0E:00.0"", ""pcie"": ""Gen1 x1"", ""util_pct"": 16.0, ""power_w"": 122.98, ""vram_used_mib"": 6274.0}]"
2026-08-16T14:52:00.918373+03:00,1786881120.918373,ctx_016384.txt,1,1,decode,39.327146171693734,"[100.0, 10.74766355140187, 24.651162790697676, 21.296296296296298]",15875.55078125,6880.16796875,8995.3828125,43.338137136482224,24575.99609375,379.09375,1.5425366628228288,"[{""index"": 0, ""name"": ""NVIDIA P104-100"", ""pci_bus"": ""00000000:01:00.0"", ""pcie"": ""Gen1 x1"", ""util_pct"": 21.0, ""power_w"": 51.22, ""vram_used_mib"": 6086.0}, {""index"": 1, ""name"": ""NVIDIA P104-100"", ""pci_bus"": ""00000000:02:00.0"", ""pcie"": ""Gen1 x1"", ""util_pct"": 18.0, ""power_w"": 52.37, ""vram_used_mib"": 4708.0}, {""index"": 2, ""name"": ""NVIDIA P104-100"", ""pci_bus"": ""00000000:0A:00.0"", ""pcie"": ""Gen1 x1"", ""util_pct"": 20.0, ""power_w"": 50.61, ""vram_used_mib"": 5924.0}, {""index"": 3, ""name"": ""NVIDIA P104-100"", ""pci_bus"": ""00000000:0C:00.0"", ""pcie"": ""Gen1 x1"", ""util_pct"": 0.0, ""power_w"": 53.02, ""vram_used_mib"": 5670.0}, {""index"": 4, ""name"": ""NVIDIA P104-100"", ""pci_bus"": ""00000000:0D:00.0"", ""pcie"": ""Gen1 x1"", ""util_pct"": 19.0, ""power_w"": 51.65, ""vram_used_mib"": 5738.0}, {""index"": 5, ""name"": ""NVIDIA P104-100"", ""pci_bus"": ""00000000:0E:00.0"", ""pcie"": ""Gen1 x1"", ""util_pct"": 5.0, ""power_w"": 144.95, ""vram_used_mib"": 6274.0}]"
2026-08-16T14:52:03.112197+03:00,1786881123.112197,ctx_016384.txt,1,1,decode,42.51428571428571,"[22.374429223744293, 99.54128440366972, 32.11009174311926, 16.438356164383563]",15875.55078125,6876.671875,8998.87890625,43.316115262733256,24575.99609375,379.08984375,1.5425207682483624,"[{""index"": 0, ""name"": ""NVIDIA P104-100"", ""pci_bus"": ""00000000:01:00.0"", ""pcie"": ""Gen1 x1"", ""util_pct"": 0.0, ""power_w"": 52.74, ""vram_used_mib"": 6086.0}, {""index"": 1, ""name"": ""NVIDIA P104-100"", ""pci_bus"": ""00000000:02:00.0"", ""pcie"": ""Gen1 x1"", ""util_pct"": 0.0, ""power_w"": 65.19, ""vram_used_mib"": 4708.0}, {""index"": 2, ""name"": ""NVIDIA P104-100"", ""pci_bus"": ""00000000:0A:00.0"", ""pcie"": ""Gen1 x1"", ""util_pct"": 14.0, ""power_w"": 169.15, ""vram_used_mib"": 5924.0}, {""index"": 3, ""name"": ""NVIDIA P104-100"", ""pci_bus"": ""00000000:0C:00.0"", ""pcie"": ""Gen1 x1"", ""util_pct"": 19.0, ""power_w"": 52.96, ""vram_used_mib"": 5670.0}, {""index"": 4, ""name"": ""NVIDIA P104-100"", ""pci_bus"": ""00000000:0D:00.0"", ""pcie"": ""Gen1 x1"", ""util_pct"": 0.0, ""power_w"": 52.17, ""vram_used_mib"": 5738.0}, {""index"": 5, ""name"": ""NVIDIA P104-100"", ""pci_bus"": ""00000000:0E:00.0"", ""pcie"": ""Gen1 x1"", ""util_pct"": 41.0, ""power_w"": 161.7, ""vram_used_mib"": 6274.0}]"
2026-08-16T14:52:06.160230+03:00,1786881126.160230,ctx_016384.txt,1,1,decode,45.84362139917695,"[19.141914191419144, 40.98360655737705, 99.67320261437908, 23.432343234323433]",15875.55078125,6898.38671875,8977.1640625,43.45289693443215,24575.99609375,379.08984375,1.5425207682483624,"[{""index"": 0, ""name"": ""NVIDIA P104-100"", ""pci_bus"": ""00000000:01:00.0"", ""pcie"": ""Gen1 x1"", ""util_pct"": 21.0, ""power_w"": 53.37, ""vram_used_mib"": 6086.0}, {""index"": 1, ""name"": ""NVIDIA P104-100"", ""pci_bus"": ""00000000:02:00.0"", ""pcie"": ""Gen1 x1"", ""util_pct"": 18.0, ""power_w"": 74.17, ""vram_used_mib"": 4708.0}, {""index"": 2, ""name"": ""NVIDIA P104-100"", ""pci_bus"": ""00000000:0A:00.0"", ""pcie"": ""Gen1 x1"", ""util_pct"": 7.0, ""power_w"": 165.08, ""vram_used_mib"": 5924.0}, {""index"": 3, ""name"": ""NVIDIA P104-100"", ""pci_bus"": ""00000000:0C:00.0"", ""pcie"": ""Gen1 x1"", ""util_pct"": 0.0, ""power_w"": 52.94, ""vram_used_mib"": 5670.0}, {""index"": 4, ""name"": ""NVIDIA P104-100"", ""pci_bus"": ""00000000:0D:00.0"", ""pcie"": ""Gen1 x1"", ""util_pct"": 19.0, ""power_w"": 51.6, ""vram_used_mib"": 5738.0}, {""index"": 5, ""name"": ""NVIDIA P104-100"", ""pci_bus"": ""00000000:0E:00.0"", ""pcie"": ""Gen1 x1"", ""util_pct"": 36.0, ""power_w"": 51.51, ""vram_used_mib"": 6274.0}]"
