timestamp_iso,epoch_s,file,active_slots,repeat,stage_hint,cpu_total_pct,cpu_per_core_pct_json,ram_total_mib,ram_used_mib,ram_available_mib,ram_used_pct,swap_total_mib,swap_used_mib,swap_used_pct,gpu_samples_json
2026-08-16T15:03:27.389188+03:00,1786881807.389188,ctx_000256.txt,1,1,outside,0.0,"[100.0, 0.0, 0.0, 0.0]",15875.55078125,4137.41796875,11738.1328125,26.061571190566468,24575.99609375,371.48046875,1.5115581371876616,"[{""index"": 0, ""name"": ""NVIDIA P104-100"", ""pci_bus"": ""00000000:01:00.0"", ""pcie"": ""Gen1 x1"", ""util_pct"": 9.0, ""power_w"": 49.95, ""vram_used_mib"": 6088.0}, {""index"": 1, ""name"": ""NVIDIA P104-100"", ""pci_bus"": ""00000000:02:00.0"", ""pcie"": ""Gen1 x1"", ""util_pct"": 12.0, ""power_w"": 51.11, ""vram_used_mib"": 4710.0}, {""index"": 2, ""name"": ""NVIDIA P104-100"", ""pci_bus"": ""00000000:0A:00.0"", ""pcie"": ""Gen1 x1"", ""util_pct"": 0.0, ""power_w"": 49.58, ""vram_used_mib"": 5926.0}, {""index"": 3, ""name"": ""NVIDIA P104-100"", ""pci_bus"": ""00000000:0C:00.0"", ""pcie"": ""Gen1 x1"", ""util_pct"": 0.0, ""power_w"": 51.09, ""vram_used_mib"": 5672.0}, {""index"": 4, ""name"": ""NVIDIA P104-100"", ""pci_bus"": ""00000000:0D:00.0"", ""pcie"": ""Gen1 x1"", ""util_pct"": 10.0, ""power_w"": 42.4, ""vram_used_mib"": 5740.0}, {""index"": 5, ""name"": ""NVIDIA P104-100"", ""pci_bus"": ""00000000:0E:00.0"", ""pcie"": ""Gen1 x1"", ""util_pct"": 15.0, ""power_w"": 49.01, ""vram_used_mib"": 6276.0}]"
2026-08-16T15:03:29.524561+03:00,1786881809.524561,ctx_000256.txt,1,1,prefill,39.155920281359904,"[11.320754716981131, 16.35514018691589, 30.8411214953271, 98.59154929577464]",15875.55078125,5109.890625,10765.66015625,32.18717067148999,24575.99609375,371.453125,1.5114468751663963,"[{""index"": 0, ""name"": ""NVIDIA P104-100"", ""pci_bus"": ""00000000:01:00.0"", ""pcie"": ""Gen1 x1"", ""util_pct"": 82.0, ""power_w"": 51.42, ""vram_used_mib"": 6088.0}, {""index"": 1, ""name"": ""NVIDIA P104-100"", ""pci_bus"": ""00000000:02:00.0"", ""pcie"": ""Gen1 x1"", ""util_pct"": 0.0, ""power_w"": 52.35, ""vram_used_mib"": 4710.0}, {""index"": 2, ""name"": ""NVIDIA P104-100"", ""pci_bus"": ""00000000:0A:00.0"", ""pcie"": ""Gen1 x1"", ""util_pct"": 0.0, ""power_w"": 51.06, ""vram_used_mib"": 5926.0}, {""index"": 3, ""name"": ""NVIDIA P104-100"", ""pci_bus"": ""00000000:0C:00.0"", ""pcie"": ""Gen1 x1"", ""util_pct"": 0.0, ""power_w"": 54.18, ""vram_used_mib"": 5672.0}, {""index"": 4, ""name"": ""NVIDIA P104-100"", ""pci_bus"": ""00000000:0D:00.0"", ""pcie"": ""Gen1 x1"", ""util_pct"": 0.0, ""power_w"": 52.89, ""vram_used_mib"": 5740.0}, {""index"": 5, ""name"": ""NVIDIA P104-100"", ""pci_bus"": ""00000000:0E:00.0"", ""pcie"": ""Gen1 x1"", ""util_pct"": 4.0, ""power_w"": 49.74, ""vram_used_mib"": 6276.0}]"
2026-08-16T15:03:31.715015+03:00,1786881811.715015,ctx_000256.txt,1,1,decode,39.473684210526315,"[22.374429223744293, 6.422018348623853, 28.89908256880734, 100.0]",15875.55078125,5076.9609375,10798.58984375,31.9797467656757,24575.99609375,371.421875,1.5113197185706646,"[{""index"": 0, ""name"": ""NVIDIA P104-100"", ""pci_bus"": ""00000000:01:00.0"", ""pcie"": ""Gen1 x1"", ""util_pct"": 0.0, ""power_w"": 174.77, ""vram_used_mib"": 6088.0}, {""index"": 1, ""name"": ""NVIDIA P104-100"", ""pci_bus"": ""00000000:02:00.0"", ""pcie"": ""Gen1 x1"", ""util_pct"": 0.0, ""power_w"": 52.22, ""vram_used_mib"": 4710.0}, {""index"": 2, ""name"": ""NVIDIA P104-100"", ""pci_bus"": ""00000000:0A:00.0"", ""pcie"": ""Gen1 x1"", ""util_pct"": 0.0, ""power_w"": 51.58, ""vram_used_mib"": 5926.0}, {""index"": 3, ""name"": ""NVIDIA P104-100"", ""pci_bus"": ""00000000:0C:00.0"", ""pcie"": ""Gen1 x1"", ""util_pct"": 0.0, ""power_w"": 54.28, ""vram_used_mib"": 5672.0}, {""index"": 4, ""name"": ""NVIDIA P104-100"", ""pci_bus"": ""00000000:0D:00.0"", ""pcie"": ""Gen1 x1"", ""util_pct"": 0.0, ""power_w"": 52.79, ""vram_used_mib"": 5740.0}, {""index"": 5, ""name"": ""NVIDIA P104-100"", ""pci_bus"": ""00000000:0E:00.0"", ""pcie"": ""Gen1 x1"", ""util_pct"": 99.0, ""power_w"": 49.98, ""vram_used_mib"": 6276.0}]"
2026-08-16T15:03:33.834316+03:00,1786881813.834316,ctx_000256.txt,1,1,decode,40.0,"[21.327014218009477, 18.39622641509434, 19.90521327014218, 100.0]",15875.55078125,4978.203125,10897.34765625,31.35767189179706,24575.99609375,371.39453125,1.511208456549399,"[{""index"": 0, ""name"": ""NVIDIA P104-100"", ""pci_bus"": ""00000000:01:00.0"", ""pcie"": ""Gen1 x1"", ""util_pct"": 0.0, ""power_w"": 158.54, ""vram_used_mib"": 6088.0}, {""index"": 1, ""name"": ""NVIDIA P104-100"", ""pci_bus"": ""00000000:02:00.0"", ""pcie"": ""Gen1 x1"", ""util_pct"": 0.0, ""power_w"": 52.24, ""vram_used_mib"": 4710.0}, {""index"": 2, ""name"": ""NVIDIA P104-100"", ""pci_bus"": ""00000000:0A:00.0"", ""pcie"": ""Gen1 x1"", ""util_pct"": 0.0, ""power_w"": 50.92, ""vram_used_mib"": 5926.0}, {""index"": 3, ""name"": ""NVIDIA P104-100"", ""pci_bus"": ""00000000:0C:00.0"", ""pcie"": ""Gen1 x1"", ""util_pct"": 0.0, ""power_w"": 54.28, ""vram_used_mib"": 5672.0}, {""index"": 4, ""name"": ""NVIDIA P104-100"", ""pci_bus"": ""00000000:0D:00.0"", ""pcie"": ""Gen1 x1"", ""util_pct"": 46.0, ""power_w"": 52.55, ""vram_used_mib"": 5740.0}, {""index"": 5, ""name"": ""NVIDIA P104-100"", ""pci_bus"": ""00000000:0E:00.0"", ""pcie"": ""Gen1 x1"", ""util_pct"": 13.0, ""power_w"": 49.98, ""vram_used_mib"": 6276.0}]"
2026-08-16T15:03:36.014137+03:00,1786881816.014137,ctx_000256.txt,1,1,decode,39.60964408725603,"[22.831050228310502, 35.648148148148145, 13.36405529953917, 86.23853211009174]",15875.55078125,4997.01953125,10878.53125,31.476196322913008,24575.99609375,371.3515625,1.5110336162302678,"[{""index"": 0, ""name"": ""NVIDIA P104-100"", ""pci_bus"": ""00000000:01:00.0"", ""pcie"": ""Gen1 x1"", ""util_pct"": 18.0, ""power_w"": 50.83, ""vram_used_mib"": 6088.0}, {""index"": 1, ""name"": ""NVIDIA P104-100"", ""pci_bus"": ""00000000:02:00.0"", ""pcie"": ""Gen1 x1"", ""util_pct"": 16.0, ""power_w"": 51.36, ""vram_used_mib"": 4710.0}, {""index"": 2, ""name"": ""NVIDIA P104-100"", ""pci_bus"": ""00000000:0A:00.0"", ""pcie"": ""Gen1 x1"", ""util_pct"": 0.0, ""power_w"": 49.93, ""vram_used_mib"": 5926.0}, {""index"": 3, ""name"": ""NVIDIA P104-100"", ""pci_bus"": ""00000000:0C:00.0"", ""pcie"": ""Gen1 x1"", ""util_pct"": 16.0, ""power_w"": 52.47, ""vram_used_mib"": 5672.0}, {""index"": 4, ""name"": ""NVIDIA P104-100"", ""pci_bus"": ""00000000:0D:00.0"", ""pcie"": ""Gen1 x1"", ""util_pct"": 16.0, ""power_w"": 51.64, ""vram_used_mib"": 5740.0}, {""index"": 5, ""name"": ""NVIDIA P104-100"", ""pci_bus"": ""00000000:0E:00.0"", ""pcie"": ""Gen1 x1"", ""util_pct"": 33.0, ""power_w"": 113.64, ""vram_used_mib"": 6276.0}]"
2026-08-16T15:03:38.200118+03:00,1786881818.200118,ctx_000256.txt,1,1,decode,40.068886337543056,"[25.806451612903224, 100.0, 12.844036697247706, 21.91780821917808]",15875.55078125,5066.79296875,10808.7578125,31.915698790962225,24575.99609375,371.3125,1.510874670485603,"[{""index"": 0, ""name"": ""NVIDIA P104-100"", ""pci_bus"": ""00000000:01:00.0"", ""pcie"": ""Gen1 x1"", ""util_pct"": 18.0, ""power_w"": 50.93, ""vram_used_mib"": 6088.0}, {""index"": 1, ""name"": ""NVIDIA P104-100"", ""pci_bus"": ""00000000:02:00.0"", ""pcie"": ""Gen1 x1"", ""util_pct"": 16.0, ""power_w"": 51.28, ""vram_used_mib"": 4710.0}, {""index"": 2, ""name"": ""NVIDIA P104-100"", ""pci_bus"": ""00000000:0A:00.0"", ""pcie"": ""Gen1 x1"", ""util_pct"": 10.0, ""power_w"": 49.83, ""vram_used_mib"": 5926.0}, {""index"": 3, ""name"": ""NVIDIA P104-100"", ""pci_bus"": ""00000000:0C:00.0"", ""pcie"": ""Gen1 x1"", ""util_pct"": 16.0, ""power_w"": 52.83, ""vram_used_mib"": 5672.0}, {""index"": 4, ""name"": ""NVIDIA P104-100"", ""pci_bus"": ""00000000:0D:00.0"", ""pcie"": ""Gen1 x1"", ""util_pct"": 16.0, ""power_w"": 54.38, ""vram_used_mib"": 5740.0}, {""index"": 5, ""name"": ""NVIDIA P104-100"", ""pci_bus"": ""00000000:0E:00.0"", ""pcie"": ""Gen1 x1"", ""util_pct"": 22.0, ""power_w"": 83.0, ""vram_used_mib"": 6276.0}]"
2026-08-16T15:03:40.327433+03:00,1786881820.327433,ctx_000256.txt,1,1,decode,39.811542991755005,"[15.566037735849056, 100.0, 18.48341232227488, 25.0]",15875.55078125,5166.02734375,10709.5234375,32.54077552919547,24575.99609375,371.28515625,1.5107634084643378,"[{""index"": 0, ""name"": ""NVIDIA P104-100"", ""pci_bus"": ""00000000:01:00.0"", ""pcie"": ""Gen1 x1"", ""util_pct"": 18.0, ""power_w"": 49.94, ""vram_used_mib"": 6088.0}, {""index"": 1, ""name"": ""NVIDIA P104-100"", ""pci_bus"": ""00000000:02:00.0"", ""pcie"": ""Gen1 x1"", ""util_pct"": 16.0, ""power_w"": 51.59, ""vram_used_mib"": 4710.0}, {""index"": 2, ""name"": ""NVIDIA P104-100"", ""pci_bus"": ""00000000:0A:00.0"", ""pcie"": ""Gen1 x1"", ""util_pct"": 18.0, ""power_w"": 51.51, ""vram_used_mib"": 5926.0}, {""index"": 3, ""name"": ""NVIDIA P104-100"", ""pci_bus"": ""00000000:0C:00.0"", ""pcie"": ""Gen1 x1"", ""util_pct"": 15.0, ""power_w"": 61.34, ""vram_used_mib"": 5672.0}, {""index"": 4, ""name"": ""NVIDIA P104-100"", ""pci_bus"": ""00000000:0D:00.0"", ""pcie"": ""Gen1 x1"", ""util_pct"": 16.0, ""power_w"": 118.07, ""vram_used_mib"": 5740.0}, {""index"": 5, ""name"": ""NVIDIA P104-100"", ""pci_bus"": ""00000000:0E:00.0"", ""pcie"": ""Gen1 x1"", ""util_pct"": 15.0, ""power_w"": 127.91, ""vram_used_mib"": 6276.0}]"
2026-08-16T15:03:42.446372+03:00,1786881822.446372,ctx_000256.txt,1,1,decode,38.96103896103896,"[13.333333333333334, 99.5260663507109, 23.474178403755868, 18.48341232227488]",15875.55078125,5168.4765625,10707.07421875,32.55620314354251,24575.99609375,371.25390625,1.5106362518686058,"[{""index"": 0, ""name"": ""NVIDIA P104-100"", ""pci_bus"": ""00000000:01:00.0"", ""pcie"": ""Gen1 x1"", ""util_pct"": 18.0, ""power_w"": 49.95, ""vram_used_mib"": 6088.0}, {""index"": 1, ""name"": ""NVIDIA P104-100"", ""pci_bus"": ""00000000:02:00.0"", ""pcie"": ""Gen1 x1"", ""util_pct"": 16.0, ""power_w"": 51.33, ""vram_used_mib"": 4710.0}, {""index"": 2, ""name"": ""NVIDIA P104-100"", ""pci_bus"": ""00000000:0A:00.0"", ""pcie"": ""Gen1 x1"", ""util_pct"": 17.0, ""power_w"": 50.26, ""vram_used_mib"": 5926.0}, {""index"": 3, ""name"": ""NVIDIA P104-100"", ""pci_bus"": ""00000000:0C:00.0"", ""pcie"": ""Gen1 x1"", ""util_pct"": 9.0, ""power_w"": 53.34, ""vram_used_mib"": 5672.0}, {""index"": 4, ""name"": ""NVIDIA P104-100"", ""pci_bus"": ""00000000:0D:00.0"", ""pcie"": ""Gen1 x1"", ""util_pct"": 16.0, ""power_w"": 63.9, ""vram_used_mib"": 5740.0}, {""index"": 5, ""name"": ""NVIDIA P104-100"", ""pci_bus"": ""00000000:0E:00.0"", ""pcie"": ""Gen1 x1"", ""util_pct"": 15.0, ""power_w"": 139.08, ""vram_used_mib"": 6276.0}]"
2026-08-16T15:03:44.628268+03:00,1786881824.628268,ctx_000256.txt,1,1,decode,51.264367816091955,"[11.981566820276498, 76.14678899082568, 25.229357798165136, 92.20183486238533]",15875.55078125,5083.62109375,10791.9296875,32.02169905030362,24575.99609375,371.22265625,1.5105090952728741,"[{""index"": 0, ""name"": ""NVIDIA P104-100"", ""pci_bus"": ""00000000:01:00.0"", ""pcie"": ""Gen1 x1"", ""util_pct"": 18.0, ""power_w"": 50.05, ""vram_used_mib"": 6088.0}, {""index"": 1, ""name"": ""NVIDIA P104-100"", ""pci_bus"": ""00000000:02:00.0"", ""pcie"": ""Gen1 x1"", ""util_pct"": 16.0, ""power_w"": 51.28, ""vram_used_mib"": 4710.0}, {""index"": 2, ""name"": ""NVIDIA P104-100"", ""pci_bus"": ""00000000:0A:00.0"", ""pcie"": ""Gen1 x1"", ""util_pct"": 18.0, ""power_w"": 49.45, ""vram_used_mib"": 5926.0}, {""index"": 3, ""name"": ""NVIDIA P104-100"", ""pci_bus"": ""00000000:0C:00.0"", ""pcie"": ""Gen1 x1"", ""util_pct"": 4.0, ""power_w"": 51.59, ""vram_used_mib"": 5672.0}, {""index"": 4, ""name"": ""NVIDIA P104-100"", ""pci_bus"": ""00000000:0D:00.0"", ""pcie"": ""Gen1 x1"", ""util_pct"": 16.0, ""power_w"": 54.03, ""vram_used_mib"": 5740.0}, {""index"": 5, ""name"": ""NVIDIA P104-100"", ""pci_bus"": ""00000000:0E:00.0"", ""pcie"": ""Gen1 x1"", ""util_pct"": 15.0, ""power_w"": 86.44, ""vram_used_mib"": 6276.0}]"
2026-08-16T15:03:44.971144+03:00,1786881824.971144,ctx_000512.txt,1,1,outside,,"[null, null, null, 0.0]",15875.55078125,5143.50390625,10732.046875,32.39890053027196,24575.99609375,371.140625,1.510175309209078,"[{""index"": 0, ""name"": ""NVIDIA P104-100"", ""pci_bus"": ""00000000:01:00.0"", ""pcie"": ""Gen1 x1"", ""util_pct"": 0.0, ""power_w"": 49.85, ""vram_used_mib"": 6088.0}, {""index"": 1, ""name"": ""NVIDIA P104-100"", ""pci_bus"": ""00000000:02:00.0"", ""pcie"": ""Gen1 x1"", ""util_pct"": 0.0, ""power_w"": 51.26, ""vram_used_mib"": 4710.0}, {""index"": 2, ""name"": ""NVIDIA P104-100"", ""pci_bus"": ""00000000:0A:00.0"", ""pcie"": ""Gen1 x1"", ""util_pct"": 3.0, ""power_w"": 49.18, ""vram_used_mib"": 5926.0}, {""index"": 3, ""name"": ""NVIDIA P104-100"", ""pci_bus"": ""00000000:0C:00.0"", ""pcie"": ""Gen1 x1"", ""util_pct"": 11.0, ""power_w"": 51.08, ""vram_used_mib"": 5672.0}, {""index"": 4, ""name"": ""NVIDIA P104-100"", ""pci_bus"": ""00000000:0D:00.0"", ""pcie"": ""Gen1 x1"", ""util_pct"": 11.0, ""power_w"": 50.43, ""vram_used_mib"": 5740.0}, {""index"": 5, ""name"": ""NVIDIA P104-100"", ""pci_bus"": ""00000000:0E:00.0"", ""pcie"": ""Gen1 x1"", ""util_pct"": 11.0, ""power_w"": 49.85, ""vram_used_mib"": 6276.0}]"
2026-08-16T15:03:47.149171+03:00,1786881827.149171,ctx_000512.txt,1,1,prefill,40.04602991944764,"[19.26605504587156, 18.34862385321101, 23.04147465437788, 99.53917050691244]",15875.55078125,5389.44921875,10486.1015625,33.948108591704866,24575.99609375,371.10546875,1.5100322580388796,"[{""index"": 0, ""name"": ""NVIDIA P104-100"", ""pci_bus"": ""00000000:01:00.0"", ""pcie"": ""Gen1 x1"", ""util_pct"": 98.0, ""power_w"": 120.9, ""vram_used_mib"": 6088.0}, {""index"": 1, ""name"": ""NVIDIA P104-100"", ""pci_bus"": ""00000000:02:00.0"", ""pcie"": ""Gen1 x1"", ""util_pct"": 89.0, ""power_w"": 135.85, ""vram_used_mib"": 4710.0}, {""index"": 2, ""name"": ""NVIDIA P104-100"", ""pci_bus"": ""00000000:0A:00.0"", ""pcie"": ""Gen1 x1"", ""util_pct"": 97.0, ""power_w"": 157.09, ""vram_used_mib"": 5926.0}, {""index"": 3, ""name"": ""NVIDIA P104-100"", ""pci_bus"": ""00000000:0C:00.0"", ""pcie"": ""Gen1 x1"", ""util_pct"": 91.0, ""power_w"": 167.63, ""vram_used_mib"": 5672.0}, {""index"": 4, ""name"": ""NVIDIA P104-100"", ""pci_bus"": ""00000000:0D:00.0"", ""pcie"": ""Gen1 x1"", ""util_pct"": 90.0, ""power_w"": 178.17, ""vram_used_mib"": 5740.0}, {""index"": 5, ""name"": ""NVIDIA P104-100"", ""pci_bus"": ""00000000:0E:00.0"", ""pcie"": ""Gen1 x1"", ""util_pct"": 62.0, ""power_w"": 161.26, ""vram_used_mib"": 6276.0}]"
2026-08-16T15:03:49.321236+03:00,1786881829.321236,ctx_000512.txt,1,1,decode,40.253748558246826,"[21.86046511627907, 18.51851851851852, 20.276497695852534, 100.0]",15875.55078125,5430.9453125,10444.60546875,34.209492239565506,24575.99609375,371.08984375,1.509968679741014,"[{""index"": 0, ""name"": ""NVIDIA P104-100"", ""pci_bus"": ""00000000:01:00.0"", ""pcie"": ""Gen1 x1"", ""util_pct"": 0.0, ""power_w"": 51.77, ""vram_used_mib"": 6088.0}, {""index"": 1, ""name"": ""NVIDIA P104-100"", ""pci_bus"": ""00000000:02:00.0"", ""pcie"": ""Gen1 x1"", ""util_pct"": 0.0, ""power_w"": 52.26, ""vram_used_mib"": 4710.0}, {""index"": 2, ""name"": ""NVIDIA P104-100"", ""pci_bus"": ""00000000:0A:00.0"", ""pcie"": ""Gen1 x1"", ""util_pct"": 3.0, ""power_w"": 51.16, ""vram_used_mib"": 5926.0}, {""index"": 3, ""name"": ""NVIDIA P104-100"", ""pci_bus"": ""00000000:0C:00.0"", ""pcie"": ""Gen1 x1"", ""util_pct"": 0.0, ""power_w"": 54.55, ""vram_used_mib"": 5672.0}, {""index"": 4, ""name"": ""NVIDIA P104-100"", ""pci_bus"": ""00000000:0D:00.0"", ""pcie"": ""Gen1 x1"", ""util_pct"": 21.0, ""power_w"": 53.04, ""vram_used_mib"": 5740.0}, {""index"": 5, ""name"": ""NVIDIA P104-100"", ""pci_bus"": ""00000000:0E:00.0"", ""pcie"": ""Gen1 x1"", ""util_pct"": 29.0, ""power_w"": 50.5, ""vram_used_mib"": 6276.0}]"
2026-08-16T15:03:51.441623+03:00,1786881831.441623,ctx_000512.txt,1,1,decode,38.252656434474616,"[11.79245283018868, 16.50943396226415, 25.238095238095237, 100.0]",15875.55078125,5481.83203125,10393.71875,34.53002737847924,24575.99609375,371.046875,1.5097938394218826,"[{""index"": 0, ""name"": ""NVIDIA P104-100"", ""pci_bus"": ""00000000:01:00.0"", ""pcie"": ""Gen1 x1"", ""util_pct"": 18.0, ""power_w"": 50.43, ""vram_used_mib"": 6088.0}, {""index"": 1, ""name"": ""NVIDIA P104-100"", ""pci_bus"": ""00000000:02:00.0"", ""pcie"": ""Gen1 x1"", ""util_pct"": 14.0, ""power_w"": 52.11, ""vram_used_mib"": 4710.0}, {""index"": 2, ""name"": ""NVIDIA P104-100"", ""pci_bus"": ""00000000:0A:00.0"", ""pcie"": ""Gen1 x1"", ""util_pct"": 17.0, ""power_w"": 49.93, ""vram_used_mib"": 5926.0}, {""index"": 3, ""name"": ""NVIDIA P104-100"", ""pci_bus"": ""00000000:0C:00.0"", ""pcie"": ""Gen1 x1"", ""util_pct"": 16.0, ""power_w"": 52.65, ""vram_used_mib"": 5672.0}, {""index"": 4, ""name"": ""NVIDIA P104-100"", ""pci_bus"": ""00000000:0D:00.0"", ""pcie"": ""Gen1 x1"", ""util_pct"": 16.0, ""power_w"": 51.87, ""vram_used_mib"": 5740.0}, {""index"": 5, ""name"": ""NVIDIA P104-100"", ""pci_bus"": ""00000000:0E:00.0"", ""pcie"": ""Gen1 x1"", ""util_pct"": 43.0, ""power_w"": 131.43, ""vram_used_mib"": 6276.0}]"
2026-08-16T15:03:53.628709+03:00,1786881833.628709,ctx_000512.txt,1,1,decode,40.022935779816514,"[19.17808219178082, 27.649769585253456, 13.242009132420092, 100.0]",15875.55078125,5456.8125,10418.73828125,34.372429499862335,24575.99609375,371.015625,1.5096666828261507,"[{""index"": 0, ""name"": ""NVIDIA P104-100"", ""pci_bus"": ""00000000:01:00.0"", ""pcie"": ""Gen1 x1"", ""util_pct"": 20.0, ""power_w"": 42.37, ""vram_used_mib"": 6088.0}, {""index"": 1, ""name"": ""NVIDIA P104-100"", ""pci_bus"": ""00000000:02:00.0"", ""pcie"": ""Gen1 x1"", ""util_pct"": 16.0, ""power_w"": 51.38, ""vram_used_mib"": 4710.0}, {""index"": 2, ""name"": ""NVIDIA P104-100"", ""pci_bus"": ""00000000:0A:00.0"", ""pcie"": ""Gen1 x1"", ""util_pct"": 18.0, ""power_w"": 49.55, ""vram_used_mib"": 5926.0}, {""index"": 3, ""name"": ""NVIDIA P104-100"", ""pci_bus"": ""00000000:0C:00.0"", ""pcie"": ""Gen1 x1"", ""util_pct"": 18.0, ""power_w"": 44.91, ""vram_used_mib"": 5672.0}, {""index"": 4, ""name"": ""NVIDIA P104-100"", ""pci_bus"": ""00000000:0D:00.0"", ""pcie"": ""Gen1 x1"", ""util_pct"": 16.0, ""power_w"": 52.33, ""vram_used_mib"": 5740.0}, {""index"": 5, ""name"": ""NVIDIA P104-100"", ""pci_bus"": ""00000000:0E:00.0"", ""pcie"": ""Gen1 x1"", ""util_pct"": 43.0, ""power_w"": 138.11, ""vram_used_mib"": 6276.0}]"
2026-08-16T15:03:55.783719+03:00,1786881835.783719,ctx_000512.txt,1,1,decode,41.395348837209305,"[23.83177570093458, 20.0, 21.86046511627907, 99.07834101382488]",15875.55078125,5420.24609375,10455.3046875,34.14209792426001,24575.99609375,370.98828125,1.5095554208048854,"[{""index"": 0, ""name"": ""NVIDIA P104-100"", ""pci_bus"": ""00000000:01:00.0"", ""pcie"": ""Gen1 x1"", ""util_pct"": 7.0, ""power_w"": 65.97, ""vram_used_mib"": 6088.0}, {""index"": 1, ""name"": ""NVIDIA P104-100"", ""pci_bus"": ""00000000:02:00.0"", ""pcie"": ""Gen1 x1"", ""util_pct"": 18.0, ""power_w"": 107.57, ""vram_used_mib"": 4710.0}, {""index"": 2, ""name"": ""NVIDIA P104-100"", ""pci_bus"": ""00000000:0A:00.0"", ""pcie"": ""Gen1 x1"", ""util_pct"": 20.0, ""power_w"": 41.33, ""vram_used_mib"": 5926.0}, {""index"": 3, ""name"": ""NVIDIA P104-100"", ""pci_bus"": ""00000000:0C:00.0"", ""pcie"": ""Gen1 x1"", ""util_pct"": 8.0, ""power_w"": 44.8, ""vram_used_mib"": 5672.0}, {""index"": 4, ""name"": ""NVIDIA P104-100"", ""pci_bus"": ""00000000:0D:00.0"", ""pcie"": ""Gen1 x1"", ""util_pct"": 1.0, ""power_w"": 50.66, ""vram_used_mib"": 5740.0}, {""index"": 5, ""name"": ""NVIDIA P104-100"", ""pci_bus"": ""00000000:0E:00.0"", ""pcie"": ""Gen1 x1"", ""util_pct"": 36.0, ""power_w"": 52.25, ""vram_used_mib"": 6276.0}]"
2026-08-16T15:03:57.905903+03:00,1786881837.905903,ctx_000512.txt,1,1,decode,40.307328605200944,"[18.009478672985782, 20.0, 22.748815165876778, 100.0]",15875.55078125,5445.99609375,10429.5546875,34.30429702119095,24575.99609375,370.9609375,1.50944415878362,"[{""index"": 0, ""name"": ""NVIDIA P104-100"", ""pci_bus"": ""00000000:01:00.0"", ""pcie"": ""Gen1 x1"", ""util_pct"": 20.0, ""power_w"": 42.61, ""vram_used_mib"": 6088.0}, {""index"": 1, ""name"": ""NVIDIA P104-100"", ""pci_bus"": ""00000000:02:00.0"", ""pcie"": ""Gen1 x1"", ""util_pct"": 18.0, ""power_w"": 43.62, ""vram_used_mib"": 4710.0}, {""index"": 2, ""name"": ""NVIDIA P104-100"", ""pci_bus"": ""00000000:0A:00.0"", ""pcie"": ""Gen1 x1"", ""util_pct"": 1.0, ""power_w"": 49.87, ""vram_used_mib"": 5926.0}, {""index"": 3, ""name"": ""NVIDIA P104-100"", ""pci_bus"": ""00000000:0C:00.0"", ""pcie"": ""Gen1 x1"", ""util_pct"": 18.0, ""power_w"": 107.28, ""vram_used_mib"": 5672.0}, {""index"": 4, ""name"": ""NVIDIA P104-100"", ""pci_bus"": ""00000000:0D:00.0"", ""pcie"": ""Gen1 x1"", ""util_pct"": 16.0, ""power_w"": 122.56, ""vram_used_mib"": 5740.0}, {""index"": 5, ""name"": ""NVIDIA P104-100"", ""pci_bus"": ""00000000:0E:00.0"", ""pcie"": ""Gen1 x1"", ""util_pct"": 43.0, ""power_w"": 51.03, ""vram_used_mib"": 6276.0}]"
2026-08-16T15:03:59.825732+03:00,1786881839.825732,ctx_001024.txt,1,1,outside,100.0,"[null, null, null, null]",15875.55078125,5455.72265625,10419.828125,34.365564580559585,24575.99609375,370.91796875,1.5092693184644888,"[{""index"": 0, ""name"": ""NVIDIA P104-100"", ""pci_bus"": ""00000000:01:00.0"", ""pcie"": ""Gen1 x1"", ""util_pct"": 11.0, ""power_w"": 42.27, ""vram_used_mib"": 6088.0}, {""index"": 1, ""name"": ""NVIDIA P104-100"", ""pci_bus"": ""00000000:02:00.0"", ""pcie"": ""Gen1 x1"", ""util_pct"": 10.0, ""power_w"": 42.6, ""vram_used_mib"": 4710.0}, {""index"": 2, ""name"": ""NVIDIA P104-100"", ""pci_bus"": ""00000000:0A:00.0"", ""pcie"": ""Gen1 x1"", ""util_pct"": 13.0, ""power_w"": 41.04, ""vram_used_mib"": 5926.0}, {""index"": 3, ""name"": ""NVIDIA P104-100"", ""pci_bus"": ""00000000:0C:00.0"", ""pcie"": ""Gen1 x1"", ""util_pct"": 9.0, ""power_w"": 44.67, ""vram_used_mib"": 5672.0}, {""index"": 4, ""name"": ""NVIDIA P104-100"", ""pci_bus"": ""00000000:0D:00.0"", ""pcie"": ""Gen1 x1"", ""util_pct"": 9.0, ""power_w"": 50.44, ""vram_used_mib"": 5740.0}, {""index"": 5, ""name"": ""NVIDIA P104-100"", ""pci_bus"": ""00000000:0E:00.0"", ""pcie"": ""Gen1 x1"", ""util_pct"": 43.0, ""power_w"": 50.85, ""vram_used_mib"": 6276.0}]"
2026-08-16T15:04:01.949295+03:00,1786881841.949295,ctx_001024.txt,1,1,prefill,39.642857142857146,"[63.333333333333336, 29.523809523809526, 29.85781990521327, 36.666666666666664]",15875.55078125,5323.07421875,10552.4765625,33.53001286126638,24575.99609375,681.46484375,2.7728879885495488,"[{""index"": 0, ""name"": ""NVIDIA P104-100"", ""pci_bus"": ""00000000:01:00.0"", ""pcie"": ""Gen1 x1"", ""util_pct"": 37.0, ""power_w"": 45.99, ""vram_used_mib"": 6088.0}, {""index"": 1, ""name"": ""NVIDIA P104-100"", ""pci_bus"": ""00000000:02:00.0"", ""pcie"": ""Gen1 x1"", ""util_pct"": 34.0, ""power_w"": 47.04, ""vram_used_mib"": 4710.0}, {""index"": 2, ""name"": ""NVIDIA P104-100"", ""pci_bus"": ""00000000:0A:00.0"", ""pcie"": ""Gen1 x1"", ""util_pct"": 0.0, ""power_w"": 45.49, ""vram_used_mib"": 5926.0}, {""index"": 3, ""name"": ""NVIDIA P104-100"", ""pci_bus"": ""00000000:0C:00.0"", ""pcie"": ""Gen1 x1"", ""util_pct"": 24.0, ""power_w"": 59.94, ""vram_used_mib"": 5672.0}, {""index"": 4, ""name"": ""NVIDIA P104-100"", ""pci_bus"": ""00000000:0D:00.0"", ""pcie"": ""Gen1 x1"", ""util_pct"": 1.0, ""power_w"": 165.68, ""vram_used_mib"": 5740.0}, {""index"": 5, ""name"": ""NVIDIA P104-100"", ""pci_bus"": ""00000000:0E:00.0"", ""pcie"": ""Gen1 x1"", ""util_pct"": 0.0, ""power_w"": 50.78, ""vram_used_mib"": 6276.0}]"
2026-08-16T15:04:04.123037+03:00,1786881844.123037,ctx_001024.txt,1,1,prefill,39.44636678200692,"[83.41013824884793, 24.186046511627907, 18.51851851851852, 31.050228310502284]",15875.55078125,5465.79296875,10409.7578125,34.42899741913482,24575.99609375,662.1953125,2.694480052706409,"[{""index"": 0, ""name"": ""NVIDIA P104-100"", ""pci_bus"": ""00000000:01:00.0"", ""pcie"": ""Gen1 x1"", ""util_pct"": 97.0, ""power_w"": 178.16, ""vram_used_mib"": 6088.0}, {""index"": 1, ""name"": ""NVIDIA P104-100"", ""pci_bus"": ""00000000:02:00.0"", ""pcie"": ""Gen1 x1"", ""util_pct"": 92.0, ""power_w"": 131.7, ""vram_used_mib"": 4710.0}, {""index"": 2, ""name"": ""NVIDIA P104-100"", ""pci_bus"": ""00000000:0A:00.0"", ""pcie"": ""Gen1 x1"", ""util_pct"": 95.0, ""power_w"": 126.92, ""vram_used_mib"": 5926.0}, {""index"": 3, ""name"": ""NVIDIA P104-100"", ""pci_bus"": ""00000000:0C:00.0"", ""pcie"": ""Gen1 x1"", ""util_pct"": 88.0, ""power_w"": 119.48, ""vram_used_mib"": 5672.0}, {""index"": 4, ""name"": ""NVIDIA P104-100"", ""pci_bus"": ""00000000:0D:00.0"", ""pcie"": ""Gen1 x1"", ""util_pct"": 89.0, ""power_w"": 139.54, ""vram_used_mib"": 5740.0}, {""index"": 5, ""name"": ""NVIDIA P104-100"", ""pci_bus"": ""00000000:0E:00.0"", ""pcie"": ""Gen1 x1"", ""util_pct"": 59.0, ""power_w"": 136.49, ""vram_used_mib"": 6276.0}]"
2026-08-16T15:04:06.269110+03:00,1786881846.269110,ctx_001024.txt,1,1,decode,37.92298716452742,"[92.12962962962963, 24.186046511627907, 12.616822429906541, 22.535211267605632]",15875.55078125,5570.52734375,10305.0234375,35.0887186246737,24575.99609375,647.81640625,2.635972124095301,"[{""index"": 0, ""name"": ""NVIDIA P104-100"", ""pci_bus"": ""00000000:01:00.0"", ""pcie"": ""Gen1 x1"", ""util_pct"": 35.0, ""power_w"": 51.39, ""vram_used_mib"": 6088.0}, {""index"": 1, ""name"": ""NVIDIA P104-100"", ""pci_bus"": ""00000000:02:00.0"", ""pcie"": ""Gen1 x1"", ""util_pct"": 32.0, ""power_w"": 52.55, ""vram_used_mib"": 4710.0}, {""index"": 2, ""name"": ""NVIDIA P104-100"", ""pci_bus"": ""00000000:0A:00.0"", ""pcie"": ""Gen1 x1"", ""util_pct"": 0.0, ""power_w"": 58.02, ""vram_used_mib"": 5926.0}, {""index"": 3, ""name"": ""NVIDIA P104-100"", ""pci_bus"": ""00000000:0C:00.0"", ""pcie"": ""Gen1 x1"", ""util_pct"": 21.0, ""power_w"": 180.8, ""vram_used_mib"": 5672.0}, {""index"": 4, ""name"": ""NVIDIA P104-100"", ""pci_bus"": ""00000000:0D:00.0"", ""pcie"": ""Gen1 x1"", ""util_pct"": 0.0, ""power_w"": 53.36, ""vram_used_mib"": 5740.0}, {""index"": 5, ""name"": ""NVIDIA P104-100"", ""pci_bus"": ""00000000:0E:00.0"", ""pcie"": ""Gen1 x1"", ""util_pct"": 10.0, ""power_w"": 50.81, ""vram_used_mib"": 6276.0}]"
2026-08-16T15:04:08.961931+03:00,1786881848.961931,ctx_001024.txt,1,1,decode,49.906890130353815,"[97.01492537313433, 56.13382899628253, 21.189591078066915, 25.37313432835821]",15875.55078125,5648.0078125,10227.54296875,35.57676763675276,24575.99609375,641.99609375,2.6122892081402473,"[{""index"": 0, ""name"": ""NVIDIA P104-100"", ""pci_bus"": ""00000000:01:00.0"", ""pcie"": ""Gen1 x1"", ""util_pct"": 18.0, ""power_w"": 170.21, ""vram_used_mib"": 6088.0}, {""index"": 1, ""name"": ""NVIDIA P104-100"", ""pci_bus"": ""00000000:02:00.0"", ""pcie"": ""Gen1 x1"", ""util_pct"": 16.0, ""power_w"": 52.58, ""vram_used_mib"": 4710.0}, {""index"": 2, ""name"": ""NVIDIA P104-100"", ""pci_bus"": ""00000000:0A:00.0"", ""pcie"": ""Gen1 x1"", ""util_pct"": 13.0, ""power_w"": 49.36, ""vram_used_mib"": 5926.0}, {""index"": 3, ""name"": ""NVIDIA P104-100"", ""pci_bus"": ""00000000:0C:00.0"", ""pcie"": ""Gen1 x1"", ""util_pct"": 16.0, ""power_w"": 52.66, ""vram_used_mib"": 5672.0}, {""index"": 4, ""name"": ""NVIDIA P104-100"", ""pci_bus"": ""00000000:0D:00.0"", ""pcie"": ""Gen1 x1"", ""util_pct"": 16.0, ""power_w"": 51.9, ""vram_used_mib"": 5740.0}, {""index"": 5, ""name"": ""NVIDIA P104-100"", ""pci_bus"": ""00000000:0E:00.0"", ""pcie"": ""Gen1 x1"", ""util_pct"": 15.0, ""power_w"": 58.41, ""vram_used_mib"": 6276.0}]"
2026-08-16T15:04:11.156373+03:00,1786881851.156373,ctx_001024.txt,1,1,decode,39.49771689497717,"[97.26027397260275, 17.889908256880734, 14.155251141552512, 28.767123287671232]",15875.55078125,5641.75390625,10233.796875,35.53737431845992,24575.99609375,641.94921875,2.6120984732466495,"[{""index"": 0, ""name"": ""NVIDIA P104-100"", ""pci_bus"": ""00000000:01:00.0"", ""pcie"": ""Gen1 x1"", ""util_pct"": 18.0, ""power_w"": 50.68, ""vram_used_mib"": 6088.0}, {""index"": 1, ""name"": ""NVIDIA P104-100"", ""pci_bus"": ""00000000:02:00.0"", ""pcie"": ""Gen1 x1"", ""util_pct"": 16.0, ""power_w"": 51.94, ""vram_used_mib"": 4710.0}, {""index"": 2, ""name"": ""NVIDIA P104-100"", ""pci_bus"": ""00000000:0A:00.0"", ""pcie"": ""Gen1 x1"", ""util_pct"": 7.0, ""power_w"": 50.76, ""vram_used_mib"": 5926.0}, {""index"": 3, ""name"": ""NVIDIA P104-100"", ""pci_bus"": ""00000000:0C:00.0"", ""pcie"": ""Gen1 x1"", ""util_pct"": 16.0, ""power_w"": 58.11, ""vram_used_mib"": 5672.0}, {""index"": 4, ""name"": ""NVIDIA P104-100"", ""pci_bus"": ""00000000:0D:00.0"", ""pcie"": ""Gen1 x1"", ""util_pct"": 16.0, ""power_w"": 98.08, ""vram_used_mib"": 5740.0}, {""index"": 5, ""name"": ""NVIDIA P104-100"", ""pci_bus"": ""00000000:0E:00.0"", ""pcie"": ""Gen1 x1"", ""util_pct"": 40.0, ""power_w"": 164.65, ""vram_used_mib"": 6276.0}]"
2026-08-16T15:04:13.300498+03:00,1786881853.300498,ctx_001024.txt,1,1,decode,40.23391812865497,"[56.54205607476636, 21.49532710280374, 65.72769953051643, 16.901408450704224]",15875.55078125,5788.36328125,10087.1875,36.46086590007581,24575.99609375,641.88671875,2.611844160055186,"[{""index"": 0, ""name"": ""NVIDIA P104-100"", ""pci_bus"": ""00000000:01:00.0"", ""pcie"": ""Gen1 x1"", ""util_pct"": 18.0, ""power_w"": 52.99, ""vram_used_mib"": 6088.0}, {""index"": 1, ""name"": ""NVIDIA P104-100"", ""pci_bus"": ""00000000:02:00.0"", ""pcie"": ""Gen1 x1"", ""util_pct"": 7.0, ""power_w"": 71.31, ""vram_used_mib"": 4710.0}, {""index"": 2, ""name"": ""NVIDIA P104-100"", ""pci_bus"": ""00000000:0A:00.0"", ""pcie"": ""Gen1 x1"", ""util_pct"": 16.0, ""power_w"": 176.15, ""vram_used_mib"": 5926.0}, {""index"": 3, ""name"": ""NVIDIA P104-100"", ""pci_bus"": ""00000000:0C:00.0"", ""pcie"": ""Gen1 x1"", ""util_pct"": 16.0, ""power_w"": 51.42, ""vram_used_mib"": 5672.0}, {""index"": 4, ""name"": ""NVIDIA P104-100"", ""pci_bus"": ""00000000:0D:00.0"", ""pcie"": ""Gen1 x1"", ""util_pct"": 18.0, ""power_w"": 43.0, ""vram_used_mib"": 5740.0}, {""index"": 5, ""name"": ""NVIDIA P104-100"", ""pci_bus"": ""00000000:0E:00.0"", ""pcie"": ""Gen1 x1"", ""util_pct"": 43.0, ""power_w"": 51.18, ""vram_used_mib"": 6276.0}]"
2026-08-16T15:04:15.419235+03:00,1786881855.419235,ctx_001024.txt,1,1,decode,39.479905437352244,"[73.58490566037736, 15.238095238095237, 50.0, 18.867924528301888]",15875.55078125,5824.57421875,10050.9765625,36.68895838013494,24575.99609375,641.85546875,2.611717003459454,"[{""index"": 0, ""name"": ""NVIDIA P104-100"", ""pci_bus"": ""00000000:01:00.0"", ""pcie"": ""Gen1 x1"", ""util_pct"": 0.0, ""power_w"": 69.01, ""vram_used_mib"": 6088.0}, {""index"": 1, ""name"": ""NVIDIA P104-100"", ""pci_bus"": ""00000000:02:00.0"", ""pcie"": ""Gen1 x1"", ""util_pct"": 0.0, ""power_w"": 182.97, ""vram_used_mib"": 4710.0}, {""index"": 2, ""name"": ""NVIDIA P104-100"", ""pci_bus"": ""00000000:0A:00.0"", ""pcie"": ""Gen1 x1"", ""util_pct"": 18.0, ""power_w"": 64.21, ""vram_used_mib"": 5926.0}, {""index"": 3, ""name"": ""NVIDIA P104-100"", ""pci_bus"": ""00000000:0C:00.0"", ""pcie"": ""Gen1 x1"", ""util_pct"": 16.0, ""power_w"": 51.31, ""vram_used_mib"": 5672.0}, {""index"": 4, ""name"": ""NVIDIA P104-100"", ""pci_bus"": ""00000000:0D:00.0"", ""pcie"": ""Gen1 x1"", ""util_pct"": 18.0, ""power_w"": 42.88, ""vram_used_mib"": 5740.0}, {""index"": 5, ""name"": ""NVIDIA P104-100"", ""pci_bus"": ""00000000:0E:00.0"", ""pcie"": ""Gen1 x1"", ""util_pct"": 43.0, ""power_w"": 51.79, ""vram_used_mib"": 6276.0}]"
2026-08-16T15:04:17.598764+03:00,1786881857.598764,ctx_001024.txt,1,1,decode,39.81588032220944,"[100.0, 15.74074074074074, 18.89400921658986, 23.963133640552996]",15875.55078125,5803.6015625,10071.94921875,36.55685174308667,24575.99609375,641.83203125,2.6116216360126554,"[{""index"": 0, ""name"": ""NVIDIA P104-100"", ""pci_bus"": ""00000000:01:00.0"", ""pcie"": ""Gen1 x1"", ""util_pct"": 7.0, ""power_w"": 50.79, ""vram_used_mib"": 6088.0}, {""index"": 1, ""name"": ""NVIDIA P104-100"", ""pci_bus"": ""00000000:02:00.0"", ""pcie"": ""Gen1 x1"", ""util_pct"": 0.0, ""power_w"": 51.61, ""vram_used_mib"": 4710.0}, {""index"": 2, ""name"": ""NVIDIA P104-100"", ""pci_bus"": ""00000000:0A:00.0"", ""pcie"": ""Gen1 x1"", ""util_pct"": 18.0, ""power_w"": 49.43, ""vram_used_mib"": 5926.0}, {""index"": 3, ""name"": ""NVIDIA P104-100"", ""pci_bus"": ""00000000:0C:00.0"", ""pcie"": ""Gen1 x1"", ""util_pct"": 16.0, ""power_w"": 51.42, ""vram_used_mib"": 5672.0}, {""index"": 4, ""name"": ""NVIDIA P104-100"", ""pci_bus"": ""00000000:0D:00.0"", ""pcie"": ""Gen1 x1"", ""util_pct"": 10.0, ""power_w"": 43.29, ""vram_used_mib"": 5740.0}, {""index"": 5, ""name"": ""NVIDIA P104-100"", ""pci_bus"": ""00000000:0E:00.0"", ""pcie"": ""Gen1 x1"", ""util_pct"": 43.0, ""power_w"": 169.58, ""vram_used_mib"": 6276.0}]"
2026-08-16T15:04:19.743190+03:00,1786881859.743190,ctx_002048.txt,1,1,outside,50.0,"[null, 0.0, null, null]",15875.55078125,5803.13671875,10072.4140625,36.55392369506865,24575.99609375,641.484375,2.6102070188851387,"[{""index"": 0, ""name"": ""NVIDIA P104-100"", ""pci_bus"": ""00000000:01:00.0"", ""pcie"": ""Gen1 x1"", ""util_pct"": 0.0, ""power_w"": 49.95, ""vram_used_mib"": 6088.0}, {""index"": 1, ""name"": ""NVIDIA P104-100"", ""pci_bus"": ""00000000:02:00.0"", ""pcie"": ""Gen1 x1"", ""util_pct"": 0.0, ""power_w"": 51.48, ""vram_used_mib"": 4710.0}, {""index"": 2, ""name"": ""NVIDIA P104-100"", ""pci_bus"": ""00000000:0A:00.0"", ""pcie"": ""Gen1 x1"", ""util_pct"": 0.0, ""power_w"": 49.2, ""vram_used_mib"": 5926.0}, {""index"": 3, ""name"": ""NVIDIA P104-100"", ""pci_bus"": ""00000000:0C:00.0"", ""pcie"": ""Gen1 x1"", ""util_pct"": 0.0, ""power_w"": 51.44, ""vram_used_mib"": 5672.0}, {""index"": 4, ""name"": ""NVIDIA P104-100"", ""pci_bus"": ""00000000:0D:00.0"", ""pcie"": ""Gen1 x1"", ""util_pct"": 0.0, ""power_w"": 42.65, ""vram_used_mib"": 5740.0}, {""index"": 5, ""name"": ""NVIDIA P104-100"", ""pci_bus"": ""00000000:0E:00.0"", ""pcie"": ""Gen1 x1"", ""util_pct"": 18.0, ""power_w"": 50.95, ""vram_used_mib"": 6276.0}]"
2026-08-16T15:04:21.874696+03:00,1786881861.874696,ctx_002048.txt,1,1,prefill,33.72641509433962,"[76.99530516431925, 11.79245283018868, 15.492957746478874, 30.373831775700936]",15875.55078125,6175.51953125,9700.03125,38.899560817402744,24575.99609375,634.8125,2.583059085696393,"[{""index"": 0, ""name"": ""NVIDIA P104-100"", ""pci_bus"": ""00000000:01:00.0"", ""pcie"": ""Gen1 x1"", ""util_pct"": 35.0, ""power_w"": 51.52, ""vram_used_mib"": 6088.0}, {""index"": 1, ""name"": ""NVIDIA P104-100"", ""pci_bus"": ""00000000:02:00.0"", ""pcie"": ""Gen1 x1"", ""util_pct"": 32.0, ""power_w"": 52.68, ""vram_used_mib"": 4710.0}, {""index"": 2, ""name"": ""NVIDIA P104-100"", ""pci_bus"": ""00000000:0A:00.0"", ""pcie"": ""Gen1 x1"", ""util_pct"": 34.0, ""power_w"": 51.41, ""vram_used_mib"": 5926.0}, {""index"": 3, ""name"": ""NVIDIA P104-100"", ""pci_bus"": ""00000000:0C:00.0"", ""pcie"": ""Gen1 x1"", ""util_pct"": 28.0, ""power_w"": 55.62, ""vram_used_mib"": 5672.0}, {""index"": 4, ""name"": ""NVIDIA P104-100"", ""pci_bus"": ""00000000:0D:00.0"", ""pcie"": ""Gen1 x1"", ""util_pct"": 7.0, ""power_w"": 92.17, ""vram_used_mib"": 5740.0}, {""index"": 5, ""name"": ""NVIDIA P104-100"", ""pci_bus"": ""00000000:0E:00.0"", ""pcie"": ""Gen1 x1"", ""util_pct"": 0.0, ""power_w"": 96.91, ""vram_used_mib"": 6276.0}]"
2026-08-16T15:04:24.054690+03:00,1786881864.054690,ctx_002048.txt,1,1,prefill,37.65786452353616,"[83.94495412844037, 11.926605504587156, 30.555555555555557, 24.42396313364055]",15875.55078125,6236.5390625,9639.01171875,39.28392248202019,24575.99609375,613.94140625,2.4981343743219973,"[{""index"": 0, ""name"": ""NVIDIA P104-100"", ""pci_bus"": ""00000000:01:00.0"", ""pcie"": ""Gen1 x1"", ""util_pct"": 98.0, ""power_w"": 170.17, ""vram_used_mib"": 6088.0}, {""index"": 1, ""name"": ""NVIDIA P104-100"", ""pci_bus"": ""00000000:02:00.0"", ""pcie"": ""Gen1 x1"", ""util_pct"": 93.0, ""power_w"": 174.66, ""vram_used_mib"": 4710.0}, {""index"": 2, ""name"": ""NVIDIA P104-100"", ""pci_bus"": ""00000000:0A:00.0"", ""pcie"": ""Gen1 x1"", ""util_pct"": 96.0, ""power_w"": 176.51, ""vram_used_mib"": 5926.0}, {""index"": 3, ""name"": ""NVIDIA P104-100"", ""pci_bus"": ""00000000:0C:00.0"", ""pcie"": ""Gen1 x1"", ""util_pct"": 88.0, ""power_w"": 181.51, ""vram_used_mib"": 5672.0}, {""index"": 4, ""name"": ""NVIDIA P104-100"", ""pci_bus"": ""00000000:0D:00.0"", ""pcie"": ""Gen1 x1"", ""util_pct"": 92.0, ""power_w"": 182.74, ""vram_used_mib"": 5740.0}, {""index"": 5, ""name"": ""NVIDIA P104-100"", ""pci_bus"": ""00000000:0E:00.0"", ""pcie"": ""Gen1 x1"", ""util_pct"": 66.0, ""power_w"": 104.72, ""vram_used_mib"": 6276.0}]"
2026-08-16T15:04:26.190602+03:00,1786881866.190602,ctx_002048.txt,1,1,prefill,42.470588235294116,"[100.0, 19.90521327014218, 21.5962441314554, 28.169014084507044]",15875.55078125,6223.41015625,9652.140625,39.20122357959529,24575.99609375,613.921875,2.4980549014496645,"[{""index"": 0, ""name"": ""NVIDIA P104-100"", ""pci_bus"": ""00000000:01:00.0"", ""pcie"": ""Gen1 x1"", ""util_pct"": 98.0, ""power_w"": 134.95, ""vram_used_mib"": 6088.0}, {""index"": 1, ""name"": ""NVIDIA P104-100"", ""pci_bus"": ""00000000:02:00.0"", ""pcie"": ""Gen1 x1"", ""util_pct"": 92.0, ""power_w"": 134.63, ""vram_used_mib"": 4710.0}, {""index"": 2, ""name"": ""NVIDIA P104-100"", ""pci_bus"": ""00000000:0A:00.0"", ""pcie"": ""Gen1 x1"", ""util_pct"": 97.0, ""power_w"": 157.66, ""vram_used_mib"": 5926.0}, {""index"": 3, ""name"": ""NVIDIA P104-100"", ""pci_bus"": ""00000000:0C:00.0"", ""pcie"": ""Gen1 x1"", ""util_pct"": 89.0, ""power_w"": 157.7, ""vram_used_mib"": 5672.0}, {""index"": 4, ""name"": ""NVIDIA P104-100"", ""pci_bus"": ""00000000:0D:00.0"", ""pcie"": ""Gen1 x1"", ""util_pct"": 91.0, ""power_w"": 161.8, ""vram_used_mib"": 5740.0}, {""index"": 5, ""name"": ""NVIDIA P104-100"", ""pci_bus"": ""00000000:0E:00.0"", ""pcie"": ""Gen1 x1"", ""util_pct"": 65.0, ""power_w"": 161.26, ""vram_used_mib"": 6276.0}]"
2026-08-16T15:04:28.357352+03:00,1786881868.357352,ctx_002048.txt,1,1,prefill,40.0,"[97.68518518518519, 21.658986175115206, 21.75925925925926, 18.51851851851852]",15875.55078125,6250.671875,9624.87890625,39.37294498394618,24575.99609375,607.6484375,2.4725282148564998,"[{""index"": 0, ""name"": ""NVIDIA P104-100"", ""pci_bus"": ""00000000:01:00.0"", ""pcie"": ""Gen1 x1"", ""util_pct"": 0.0, ""power_w"": 51.77, ""vram_used_mib"": 6088.0}, {""index"": 1, ""name"": ""NVIDIA P104-100"", ""pci_bus"": ""00000000:02:00.0"", ""pcie"": ""Gen1 x1"", ""util_pct"": 0.0, ""power_w"": 52.82, ""vram_used_mib"": 4710.0}, {""index"": 2, ""name"": ""NVIDIA P104-100"", ""pci_bus"": ""00000000:0A:00.0"", ""pcie"": ""Gen1 x1"", ""util_pct"": 0.0, ""power_w"": 51.51, ""vram_used_mib"": 5926.0}, {""index"": 3, ""name"": ""NVIDIA P104-100"", ""pci_bus"": ""00000000:0C:00.0"", ""pcie"": ""Gen1 x1"", ""util_pct"": 0.0, ""power_w"": 55.01, ""vram_used_mib"": 5672.0}, {""index"": 4, ""name"": ""NVIDIA P104-100"", ""pci_bus"": ""00000000:0D:00.0"", ""pcie"": ""Gen1 x1"", ""util_pct"": 0.0, ""power_w"": 53.51, ""vram_used_mib"": 5740.0}, {""index"": 5, ""name"": ""NVIDIA P104-100"", ""pci_bus"": ""00000000:0E:00.0"", ""pcie"": ""Gen1 x1"", ""util_pct"": 98.0, ""power_w"": 115.25, ""vram_used_mib"": 6276.0}]"
2026-08-16T15:04:30.492160+03:00,1786881870.492160,ctx_002048.txt,1,1,decode,44.705882352941174,"[55.39906103286385, 41.78403755868545, 61.6822429906542, 19.523809523809526]",15875.55078125,6338.328125,9537.22265625,39.925091181629774,24575.99609375,599.06640625,2.437607834753646,"[{""index"": 0, ""name"": ""NVIDIA P104-100"", ""pci_bus"": ""00000000:01:00.0"", ""pcie"": ""Gen1 x1"", ""util_pct"": 12.0, ""power_w"": 53.03, ""vram_used_mib"": 6088.0}, {""index"": 1, ""name"": ""NVIDIA P104-100"", ""pci_bus"": ""00000000:02:00.0"", ""pcie"": ""Gen1 x1"", ""util_pct"": 0.0, ""power_w"": 65.24, ""vram_used_mib"": 4710.0}, {""index"": 2, ""name"": ""NVIDIA P104-100"", ""pci_bus"": ""00000000:0A:00.0"", ""pcie"": ""Gen1 x1"", ""util_pct"": 0.0, ""power_w"": 143.97, ""vram_used_mib"": 5926.0}, {""index"": 3, ""name"": ""NVIDIA P104-100"", ""pci_bus"": ""00000000:0C:00.0"", ""pcie"": ""Gen1 x1"", ""util_pct"": 0.0, ""power_w"": 146.61, ""vram_used_mib"": 5672.0}, {""index"": 4, ""name"": ""NVIDIA P104-100"", ""pci_bus"": ""00000000:0D:00.0"", ""pcie"": ""Gen1 x1"", ""util_pct"": 8.0, ""power_w"": 53.61, ""vram_used_mib"": 5740.0}, {""index"": 5, ""name"": ""NVIDIA P104-100"", ""pci_bus"": ""00000000:0E:00.0"", ""pcie"": ""Gen1 x1"", ""util_pct"": 31.0, ""power_w"": 50.91, ""vram_used_mib"": 6276.0}]"
2026-08-16T15:04:32.861078+03:00,1786881872.861078,ctx_002048.txt,1,1,decode,47.351694915254235,"[23.206751054852322, 97.0464135021097, 49.152542372881356, 20.0]",15875.55078125,6293.0703125,9582.48046875,39.64001248972415,24575.99609375,594.4765625,2.4189317097555336,"[{""index"": 0, ""name"": ""NVIDIA P104-100"", ""pci_bus"": ""00000000:01:00.0"", ""pcie"": ""Gen1 x1"", ""util_pct"": 0.0, ""power_w"": 175.99, ""vram_used_mib"": 6088.0}, {""index"": 1, ""name"": ""NVIDIA P104-100"", ""pci_bus"": ""00000000:02:00.0"", ""pcie"": ""Gen1 x1"", ""util_pct"": 9.0, ""power_w"": 52.06, ""vram_used_mib"": 4710.0}, {""index"": 2, ""name"": ""NVIDIA P104-100"", ""pci_bus"": ""00000000:0A:00.0"", ""pcie"": ""Gen1 x1"", ""util_pct"": 18.0, ""power_w"": 50.35, ""vram_used_mib"": 5926.0}, {""index"": 3, ""name"": ""NVIDIA P104-100"", ""pci_bus"": ""00000000:0C:00.0"", ""pcie"": ""Gen1 x1"", ""util_pct"": 16.0, ""power_w"": 51.77, ""vram_used_mib"": 5672.0}, {""index"": 4, ""name"": ""NVIDIA P104-100"", ""pci_bus"": ""00000000:0D:00.0"", ""pcie"": ""Gen1 x1"", ""util_pct"": 17.0, ""power_w"": 51.01, ""vram_used_mib"": 5740.0}, {""index"": 5, ""name"": ""NVIDIA P104-100"", ""pci_bus"": ""00000000:0E:00.0"", ""pcie"": ""Gen1 x1"", ""util_pct"": 21.0, ""power_w"": 56.88, ""vram_used_mib"": 6276.0}]"
2026-08-16T15:04:34.983902+03:00,1786881874.983902,ctx_002048.txt,1,1,decode,38.56132075471698,"[25.118483412322274, 81.13207547169812, 7.981220657276995, 40.375586854460096]",15875.55078125,6439.91015625,9435.640625,40.564955792626286,24575.99609375,594.45703125,2.4188522368832013,"[{""index"": 0, ""name"": ""NVIDIA P104-100"", ""pci_bus"": ""00000000:01:00.0"", ""pcie"": ""Gen1 x1"", ""util_pct"": 11.0, ""power_w"": 50.79, ""vram_used_mib"": 6088.0}, {""index"": 1, ""name"": ""NVIDIA P104-100"", ""pci_bus"": ""00000000:02:00.0"", ""pcie"": ""Gen1 x1"", ""util_pct"": 16.0, ""power_w"": 51.82, ""vram_used_mib"": 4710.0}, {""index"": 2, ""name"": ""NVIDIA P104-100"", ""pci_bus"": ""00000000:0A:00.0"", ""pcie"": ""Gen1 x1"", ""util_pct"": 18.0, ""power_w"": 49.3, ""vram_used_mib"": 5926.0}, {""index"": 3, ""name"": ""NVIDIA P104-100"", ""pci_bus"": ""00000000:0C:00.0"", ""pcie"": ""Gen1 x1"", ""util_pct"": 16.0, ""power_w"": 51.88, ""vram_used_mib"": 5672.0}, {""index"": 4, ""name"": ""NVIDIA P104-100"", ""pci_bus"": ""00000000:0D:00.0"", ""pcie"": ""Gen1 x1"", ""util_pct"": 17.0, ""power_w"": 51.14, ""vram_used_mib"": 5740.0}, {""index"": 5, ""name"": ""NVIDIA P104-100"", ""pci_bus"": ""00000000:0E:00.0"", ""pcie"": ""Gen1 x1"", ""util_pct"": 44.0, ""power_w"": 59.06, ""vram_used_mib"": 6276.0}]"
2026-08-16T15:04:37.173025+03:00,1786881877.173025,ctx_002048.txt,1,1,decode,39.931350114416475,"[16.513761467889907, 26.146788990825687, 17.972350230414747, 99.54128440366972]",15875.55078125,6485.37109375,9390.1796875,40.85131396769945,24575.99609375,594.4453125,2.4188045531598017,"[{""index"": 0, ""name"": ""NVIDIA P104-100"", ""pci_bus"": ""00000000:01:00.0"", ""pcie"": ""Gen1 x1"", ""util_pct"": 18.0, ""power_w"": 50.88, ""vram_used_mib"": 6088.0}, {""index"": 1, ""name"": ""NVIDIA P104-100"", ""pci_bus"": ""00000000:02:00.0"", ""pcie"": ""Gen1 x1"", ""util_pct"": 16.0, ""power_w"": 52.04, ""vram_used_mib"": 4710.0}, {""index"": 2, ""name"": ""NVIDIA P104-100"", ""pci_bus"": ""00000000:0A:00.0"", ""pcie"": ""Gen1 x1"", ""util_pct"": 18.0, ""power_w"": 49.86, ""vram_used_mib"": 5926.0}, {""index"": 3, ""name"": ""NVIDIA P104-100"", ""pci_bus"": ""00000000:0C:00.0"", ""pcie"": ""Gen1 x1"", ""util_pct"": 0.0, ""power_w"": 53.19, ""vram_used_mib"": 5672.0}, {""index"": 4, ""name"": ""NVIDIA P104-100"", ""pci_bus"": ""00000000:0D:00.0"", ""pcie"": ""Gen1 x1"", ""util_pct"": 0.0, ""power_w"": 59.51, ""vram_used_mib"": 5740.0}, {""index"": 5, ""name"": ""NVIDIA P104-100"", ""pci_bus"": ""00000000:0E:00.0"", ""pcie"": ""Gen1 x1"", ""util_pct"": 44.0, ""power_w"": 86.67, ""vram_used_mib"": 6276.0}]"
2026-08-16T15:04:39.334578+03:00,1786881879.334578,ctx_002048.txt,1,1,decode,39.74507531865585,"[18.055555555555557, 7.441860465116279, 33.17972350230415, 99.53917050691244]",15875.55078125,6447.046875,9428.50390625,40.60990994160882,24575.99609375,594.43359375,2.418756869436402,"[{""index"": 0, ""name"": ""NVIDIA P104-100"", ""pci_bus"": ""00000000:01:00.0"", ""pcie"": ""Gen1 x1"", ""util_pct"": 18.0, ""power_w"": 42.77, ""vram_used_mib"": 6088.0}, {""index"": 1, ""name"": ""NVIDIA P104-100"", ""pci_bus"": ""00000000:02:00.0"", ""pcie"": ""Gen1 x1"", ""util_pct"": 16.0, ""power_w"": 54.53, ""vram_used_mib"": 4710.0}, {""index"": 2, ""name"": ""NVIDIA P104-100"", ""pci_bus"": ""00000000:0A:00.0"", ""pcie"": ""Gen1 x1"", ""util_pct"": 18.0, ""power_w"": 71.01, ""vram_used_mib"": 5926.0}, {""index"": 3, ""name"": ""NVIDIA P104-100"", ""pci_bus"": ""00000000:0C:00.0"", ""pcie"": ""Gen1 x1"", ""util_pct"": 6.0, ""power_w"": 177.58, ""vram_used_mib"": 5672.0}, {""index"": 4, ""name"": ""NVIDIA P104-100"", ""pci_bus"": ""00000000:0D:00.0"", ""pcie"": ""Gen1 x1"", ""util_pct"": 4.0, ""power_w"": 62.58, ""vram_used_mib"": 5740.0}, {""index"": 5, ""name"": ""NVIDIA P104-100"", ""pci_bus"": ""00000000:0E:00.0"", ""pcie"": ""Gen1 x1"", ""util_pct"": 44.0, ""power_w"": 51.23, ""vram_used_mib"": 6276.0}]"
2026-08-16T15:04:40.285624+03:00,1786881880.285624,ctx_004096.txt,1,1,outside,,"[null, null, null, null]",15875.55078125,6456.796875,9418.75390625,40.671325133650626,24575.99609375,594.33203125,2.4183436105002736,"[{""index"": 0, ""name"": ""NVIDIA P104-100"", ""pci_bus"": ""00000000:01:00.0"", ""pcie"": ""Gen1 x1"", ""util_pct"": 0.0, ""power_w"": 42.47, ""vram_used_mib"": 6088.0}, {""index"": 1, ""name"": ""NVIDIA P104-100"", ""pci_bus"": ""00000000:02:00.0"", ""pcie"": ""Gen1 x1"", ""util_pct"": 0.0, ""power_w"": 51.71, ""vram_used_mib"": 4710.0}, {""index"": 2, ""name"": ""NVIDIA P104-100"", ""pci_bus"": ""00000000:0A:00.0"", ""pcie"": ""Gen1 x1"", ""util_pct"": 0.0, ""power_w"": 49.55, ""vram_used_mib"": 5926.0}, {""index"": 3, ""name"": ""NVIDIA P104-100"", ""pci_bus"": ""00000000:0C:00.0"", ""pcie"": ""Gen1 x1"", ""util_pct"": 0.0, ""power_w"": 48.57, ""vram_used_mib"": 5672.0}, {""index"": 4, ""name"": ""NVIDIA P104-100"", ""pci_bus"": ""00000000:0D:00.0"", ""pcie"": ""Gen1 x1"", ""util_pct"": 0.0, ""power_w"": 50.77, ""vram_used_mib"": 5740.0}, {""index"": 5, ""name"": ""NVIDIA P104-100"", ""pci_bus"": ""00000000:0E:00.0"", ""pcie"": ""Gen1 x1"", ""util_pct"": 0.0, ""power_w"": 51.03, ""vram_used_mib"": 6276.0}]"
2026-08-16T15:04:42.411609+03:00,1786881882.411609,ctx_004096.txt,1,1,prefill,36.08490566037736,"[17.061611374407583, 88.67924528301887, 16.037735849056602, 22.169811320754718]",15875.55078125,6974.3203125,8901.23046875,43.93120219008149,24575.99609375,581.34375,2.365494150399232,"[{""index"": 0, ""name"": ""NVIDIA P104-100"", ""pci_bus"": ""00000000:01:00.0"", ""pcie"": ""Gen1 x1"", ""util_pct"": 0.0, ""power_w"": 96.43, ""vram_used_mib"": 6088.0}, {""index"": 1, ""name"": ""NVIDIA P104-100"", ""pci_bus"": ""00000000:02:00.0"", ""pcie"": ""Gen1 x1"", ""util_pct"": 0.0, ""power_w"": 92.95, ""vram_used_mib"": 4710.0}, {""index"": 2, ""name"": ""NVIDIA P104-100"", ""pci_bus"": ""00000000:0A:00.0"", ""pcie"": ""Gen1 x1"", ""util_pct"": 0.0, ""power_w"": 45.6, ""vram_used_mib"": 5926.0}, {""index"": 3, ""name"": ""NVIDIA P104-100"", ""pci_bus"": ""00000000:0C:00.0"", ""pcie"": ""Gen1 x1"", ""util_pct"": 0.0, ""power_w"": 54.94, ""vram_used_mib"": 5672.0}, {""index"": 4, ""name"": ""NVIDIA P104-100"", ""pci_bus"": ""00000000:0D:00.0"", ""pcie"": ""Gen1 x1"", ""util_pct"": 0.0, ""power_w"": 53.49, ""vram_used_mib"": 5740.0}, {""index"": 5, ""name"": ""NVIDIA P104-100"", ""pci_bus"": ""00000000:0E:00.0"", ""pcie"": ""Gen1 x1"", ""util_pct"": 74.0, ""power_w"": 50.91, ""vram_used_mib"": 6276.0}]"
2026-08-16T15:04:44.608348+03:00,1786881884.608348,ctx_004096.txt,1,1,prefill,35.542857142857144,"[25.90909090909091, 80.36529680365297, 20.90909090909091, 15.596330275229358]",15875.55078125,6857.71875,9017.83203125,43.19672964102377,24575.99609375,527.59765625,2.146800700314951,"[{""index"": 0, ""name"": ""NVIDIA P104-100"", ""pci_bus"": ""00000000:01:00.0"", ""pcie"": ""Gen1 x1"", ""util_pct"": 98.0, ""power_w"": 171.29, ""vram_used_mib"": 6088.0}, {""index"": 1, ""name"": ""NVIDIA P104-100"", ""pci_bus"": ""00000000:02:00.0"", ""pcie"": ""Gen1 x1"", ""util_pct"": 89.0, ""power_w"": 168.71, ""vram_used_mib"": 4710.0}, {""index"": 2, ""name"": ""NVIDIA P104-100"", ""pci_bus"": ""00000000:0A:00.0"", ""pcie"": ""Gen1 x1"", ""util_pct"": 96.0, ""power_w"": 174.27, ""vram_used_mib"": 5926.0}, {""index"": 3, ""name"": ""NVIDIA P104-100"", ""pci_bus"": ""00000000:0C:00.0"", ""pcie"": ""Gen1 x1"", ""util_pct"": 88.0, ""power_w"": 177.93, ""vram_used_mib"": 5672.0}, {""index"": 4, ""name"": ""NVIDIA P104-100"", ""pci_bus"": ""00000000:0D:00.0"", ""pcie"": ""Gen1 x1"", ""util_pct"": 88.0, ""power_w"": 180.38, ""vram_used_mib"": 5740.0}, {""index"": 5, ""name"": ""NVIDIA P104-100"", ""pci_bus"": ""00000000:0E:00.0"", ""pcie"": ""Gen1 x1"", ""util_pct"": 59.0, ""power_w"": 111.38, ""vram_used_mib"": 6276.0}]"
2026-08-16T15:04:46.765694+03:00,1786881886.765694,ctx_004096.txt,1,1,prefill,42.674418604651166,"[21.02803738317757, 100.0, 22.065727699530516, 26.85185185185185]",15875.55078125,6874.53125,9001.01953125,43.30263147858305,24575.99609375,527.58984375,2.146768911166018,"[{""index"": 0, ""name"": ""NVIDIA P104-100"", ""pci_bus"": ""00000000:01:00.0"", ""pcie"": ""Gen1 x1"", ""util_pct"": 98.0, ""power_w"": 123.25, ""vram_used_mib"": 6088.0}, {""index"": 1, ""name"": ""NVIDIA P104-100"", ""pci_bus"": ""00000000:02:00.0"", ""pcie"": ""Gen1 x1"", ""util_pct"": 89.0, ""power_w"": 177.65, ""vram_used_mib"": 4710.0}, {""index"": 2, ""name"": ""NVIDIA P104-100"", ""pci_bus"": ""00000000:0A:00.0"", ""pcie"": ""Gen1 x1"", ""util_pct"": 96.0, ""power_w"": 179.39, ""vram_used_mib"": 5926.0}, {""index"": 3, ""name"": ""NVIDIA P104-100"", ""pci_bus"": ""00000000:0C:00.0"", ""pcie"": ""Gen1 x1"", ""util_pct"": 89.0, ""power_w"": 108.12, ""vram_used_mib"": 5672.0}, {""index"": 4, ""name"": ""NVIDIA P104-100"", ""pci_bus"": ""00000000:0D:00.0"", ""pcie"": ""Gen1 x1"", ""util_pct"": 89.0, ""power_w"": 119.59, ""vram_used_mib"": 5740.0}, {""index"": 5, ""name"": ""NVIDIA P104-100"", ""pci_bus"": ""00000000:0E:00.0"", ""pcie"": ""Gen1 x1"", ""util_pct"": 59.0, ""power_w"": 111.13, ""vram_used_mib"": 6276.0}]"
2026-08-16T15:04:48.990809+03:00,1786881888.990809,ctx_004096.txt,1,1,prefill,44.7576099210823,"[23.423423423423422, 100.0, 21.266968325791854, 33.78378378378378]",15875.55078125,6784.0546875,9091.49609375,42.732720149227106,24575.99609375,527.53515625,2.1465463871234873,"[{""index"": 0, ""name"": ""NVIDIA P104-100"", ""pci_bus"": ""00000000:01:00.0"", ""pcie"": ""Gen1 x1"", ""util_pct"": 98.0, ""power_w"": 162.12, ""vram_used_mib"": 6088.0}, {""index"": 1, ""name"": ""NVIDIA P104-100"", ""pci_bus"": ""00000000:02:00.0"", ""pcie"": ""Gen1 x1"", ""util_pct"": 88.0, ""power_w"": 166.88, ""vram_used_mib"": 4710.0}, {""index"": 2, ""name"": ""NVIDIA P104-100"", ""pci_bus"": ""00000000:0A:00.0"", ""pcie"": ""Gen1 x1"", ""util_pct"": 97.0, ""power_w"": 172.97, ""vram_used_mib"": 5926.0}, {""index"": 3, ""name"": ""NVIDIA P104-100"", ""pci_bus"": ""00000000:0C:00.0"", ""pcie"": ""Gen1 x1"", ""util_pct"": 90.0, ""power_w"": 177.18, ""vram_used_mib"": 5672.0}, {""index"": 4, ""name"": ""NVIDIA P104-100"", ""pci_bus"": ""00000000:0D:00.0"", ""pcie"": ""Gen1 x1"", ""util_pct"": 92.0, ""power_w"": 181.13, ""vram_used_mib"": 5740.0}, {""index"": 5, ""name"": ""NVIDIA P104-100"", ""pci_bus"": ""00000000:0E:00.0"", ""pcie"": ""Gen1 x1"", ""util_pct"": 67.0, ""power_w"": 155.15, ""vram_used_mib"": 6276.0}]"
2026-08-16T15:04:51.177257+03:00,1786881891.177257,ctx_004096.txt,1,1,prefill,44.38073394495413,"[25.229357798165136, 100.0, 29.953917050691246, 22.119815668202765]",15875.55078125,6827.546875,9048.00390625,43.00667717975336,24575.99609375,527.53125,2.146530492549021,"[{""index"": 0, ""name"": ""NVIDIA P104-100"", ""pci_bus"": ""00000000:01:00.0"", ""pcie"": ""Gen1 x1"", ""util_pct"": 98.0, ""power_w"": 177.37, ""vram_used_mib"": 6088.0}, {""index"": 1, ""name"": ""NVIDIA P104-100"", ""pci_bus"": ""00000000:02:00.0"", ""pcie"": ""Gen1 x1"", ""util_pct"": 92.0, ""power_w"": 138.36, ""vram_used_mib"": 4710.0}, {""index"": 2, ""name"": ""NVIDIA P104-100"", ""pci_bus"": ""00000000:0A:00.0"", ""pcie"": ""Gen1 x1"", ""util_pct"": 97.0, ""power_w"": 128.02, ""vram_used_mib"": 5926.0}, {""index"": 3, ""name"": ""NVIDIA P104-100"", ""pci_bus"": ""00000000:0C:00.0"", ""pcie"": ""Gen1 x1"", ""util_pct"": 90.0, ""power_w"": 107.09, ""vram_used_mib"": 5672.0}, {""index"": 4, ""name"": ""NVIDIA P104-100"", ""pci_bus"": ""00000000:0D:00.0"", ""pcie"": ""Gen1 x1"", ""util_pct"": 92.0, ""power_w"": 131.93, ""vram_used_mib"": 5740.0}, {""index"": 5, ""name"": ""NVIDIA P104-100"", ""pci_bus"": ""00000000:0E:00.0"", ""pcie"": ""Gen1 x1"", ""util_pct"": 58.0, ""power_w"": 124.15, ""vram_used_mib"": 6276.0}]"
2026-08-16T15:04:53.353924+03:00,1786881893.353924,ctx_004096.txt,1,1,prefill,40.04602991944764,"[24.074074074074073, 51.851851851851855, 27.649769585253456, 56.42201834862385]",15875.55078125,6761.2578125,9114.29296875,42.58912276911652,24575.99609375,522.63671875,2.126614590742523,"[{""index"": 0, ""name"": ""NVIDIA P104-100"", ""pci_bus"": ""00000000:01:00.0"", ""pcie"": ""Gen1 x1"", ""util_pct"": 0.0, ""power_w"": 50.25, ""vram_used_mib"": 6088.0}, {""index"": 1, ""name"": ""NVIDIA P104-100"", ""pci_bus"": ""00000000:02:00.0"", ""pcie"": ""Gen1 x1"", ""util_pct"": 0.0, ""power_w"": 53.89, ""vram_used_mib"": 4710.0}, {""index"": 2, ""name"": ""NVIDIA P104-100"", ""pci_bus"": ""00000000:0A:00.0"", ""pcie"": ""Gen1 x1"", ""util_pct"": 0.0, ""power_w"": 51.95, ""vram_used_mib"": 5926.0}, {""index"": 3, ""name"": ""NVIDIA P104-100"", ""pci_bus"": ""00000000:0C:00.0"", ""pcie"": ""Gen1 x1"", ""util_pct"": 0.0, ""power_w"": 54.61, ""vram_used_mib"": 5672.0}, {""index"": 4, ""name"": ""NVIDIA P104-100"", ""pci_bus"": ""00000000:0D:00.0"", ""pcie"": ""Gen1 x1"", ""util_pct"": 0.0, ""power_w"": 54.12, ""vram_used_mib"": 5740.0}, {""index"": 5, ""name"": ""NVIDIA P104-100"", ""pci_bus"": ""00000000:0E:00.0"", ""pcie"": ""Gen1 x1"", ""util_pct"": 98.0, ""power_w"": 103.46, ""vram_used_mib"": 6276.0}]"
2026-08-16T15:04:55.619602+03:00,1786881895.619602,ctx_004096.txt,1,1,decode,50.666666666666664,"[95.17543859649123, 20.79646017699115, 17.699115044247787, 69.05829596412556]",15875.55078125,6857.453125,9018.09765625,43.195056470727764,24575.99609375,509.67578125,2.0738763926627466,"[{""index"": 0, ""name"": ""NVIDIA P104-100"", ""pci_bus"": ""00000000:01:00.0"", ""pcie"": ""Gen1 x1"", ""util_pct"": 0.0, ""power_w"": 51.47, ""vram_used_mib"": 6088.0}, {""index"": 1, ""name"": ""NVIDIA P104-100"", ""pci_bus"": ""00000000:02:00.0"", ""pcie"": ""Gen1 x1"", ""util_pct"": 0.0, ""power_w"": 53.63, ""vram_used_mib"": 4710.0}, {""index"": 2, ""name"": ""NVIDIA P104-100"", ""pci_bus"": ""00000000:0A:00.0"", ""pcie"": ""Gen1 x1"", ""util_pct"": 21.0, ""power_w"": 52.35, ""vram_used_mib"": 5926.0}, {""index"": 3, ""name"": ""NVIDIA P104-100"", ""pci_bus"": ""00000000:0C:00.0"", ""pcie"": ""Gen1 x1"", ""util_pct"": 55.0, ""power_w"": 54.68, ""vram_used_mib"": 5672.0}, {""index"": 4, ""name"": ""NVIDIA P104-100"", ""pci_bus"": ""00000000:0D:00.0"", ""pcie"": ""Gen1 x1"", ""util_pct"": 5.0, ""power_w"": 54.19, ""vram_used_mib"": 5740.0}, {""index"": 5, ""name"": ""NVIDIA P104-100"", ""pci_bus"": ""00000000:0E:00.0"", ""pcie"": ""Gen1 x1"", ""util_pct"": 0.0, ""power_w"": 51.28, ""vram_used_mib"": 6276.0}]"
2026-08-16T15:04:57.793119+03:00,1786881897.793119,ctx_004096.txt,1,1,decode,38.4526558891455,"[74.88372093023256, 15.668202764976959, 21.10091743119266, 43.05555555555556]",15875.55078125,7083.78125,8791.76953125,44.62069598471116,24575.99609375,497.1015625,2.0227117574551516,"[{""index"": 0, ""name"": ""NVIDIA P104-100"", ""pci_bus"": ""00000000:01:00.0"", ""pcie"": ""Gen1 x1"", ""util_pct"": 18.0, ""power_w"": 177.44, ""vram_used_mib"": 6088.0}, {""index"": 1, ""name"": ""NVIDIA P104-100"", ""pci_bus"": ""00000000:02:00.0"", ""pcie"": ""Gen1 x1"", ""util_pct"": 16.0, ""power_w"": 53.88, ""vram_used_mib"": 4710.0}, {""index"": 2, ""name"": ""NVIDIA P104-100"", ""pci_bus"": ""00000000:0A:00.0"", ""pcie"": ""Gen1 x1"", ""util_pct"": 18.0, ""power_w"": 51.02, ""vram_used_mib"": 5926.0}, {""index"": 3, ""name"": ""NVIDIA P104-100"", ""pci_bus"": ""00000000:0C:00.0"", ""pcie"": ""Gen1 x1"", ""util_pct"": 1.0, ""power_w"": 53.36, ""vram_used_mib"": 5672.0}, {""index"": 4, ""name"": ""NVIDIA P104-100"", ""pci_bus"": ""00000000:0D:00.0"", ""pcie"": ""Gen1 x1"", ""util_pct"": 7.0, ""power_w"": 54.09, ""vram_used_mib"": 5740.0}, {""index"": 5, ""name"": ""NVIDIA P104-100"", ""pci_bus"": ""00000000:0E:00.0"", ""pcie"": ""Gen1 x1"", ""util_pct"": 31.0, ""power_w"": 59.11, ""vram_used_mib"": 6276.0}]"
2026-08-16T15:04:59.966875+03:00,1786881899.966875,ctx_004096.txt,1,1,decode,40.484429065743946,"[18.34862385321101, 41.474654377880185, 25.462962962962962, 76.49769585253456]",15875.55078125,7183.41796875,8692.1328125,45.24830708383395,24575.99609375,497.09375,2.0226799683062184,"[{""index"": 0, ""name"": ""NVIDIA P104-100"", ""pci_bus"": ""00000000:01:00.0"", ""pcie"": ""Gen1 x1"", ""util_pct"": 18.0, ""power_w"": 51.22, ""vram_used_mib"": 6088.0}, {""index"": 1, ""name"": ""NVIDIA P104-100"", ""pci_bus"": ""00000000:02:00.0"", ""pcie"": ""Gen1 x1"", ""util_pct"": 17.0, ""power_w"": 52.47, ""vram_used_mib"": 4710.0}, {""index"": 2, ""name"": ""NVIDIA P104-100"", ""pci_bus"": ""00000000:0A:00.0"", ""pcie"": ""Gen1 x1"", ""util_pct"": 13.0, ""power_w"": 51.15, ""vram_used_mib"": 5926.0}, {""index"": 3, ""name"": ""NVIDIA P104-100"", ""pci_bus"": ""00000000:0C:00.0"", ""pcie"": ""Gen1 x1"", ""util_pct"": 14.0, ""power_w"": 65.19, ""vram_used_mib"": 5672.0}, {""index"": 4, ""name"": ""NVIDIA P104-100"", ""pci_bus"": ""00000000:0D:00.0"", ""pcie"": ""Gen1 x1"", ""util_pct"": 9.0, ""power_w"": 130.97, ""vram_used_mib"": 5740.0}, {""index"": 5, ""name"": ""NVIDIA P104-100"", ""pci_bus"": ""00000000:0E:00.0"", ""pcie"": ""Gen1 x1"", ""util_pct"": 12.0, ""power_w"": 124.94, ""vram_used_mib"": 6276.0}]"
2026-08-16T15:05:02.097430+03:00,1786881902.097430,ctx_004096.txt,1,1,decode,40.18801410105758,"[18.95734597156398, 98.12206572769954, 15.492957746478874, 26.88679245283019]",15875.55078125,7130.65625,8744.89453125,44.91596133106602,24575.99609375,497.078125,2.0226163900083525,"[{""index"": 0, ""name"": ""NVIDIA P104-100"", ""pci_bus"": ""00000000:01:00.0"", ""pcie"": ""Gen1 x1"", ""util_pct"": 6.0, ""power_w"": 56.78, ""vram_used_mib"": 6088.0}, {""index"": 1, ""name"": ""NVIDIA P104-100"", ""pci_bus"": ""00000000:02:00.0"", ""pcie"": ""Gen1 x1"", ""util_pct"": 0.0, ""power_w"": 96.26, ""vram_used_mib"": 4710.0}, {""index"": 2, ""name"": ""NVIDIA P104-100"", ""pci_bus"": ""00000000:0A:00.0"", ""pcie"": ""Gen1 x1"", ""util_pct"": 13.0, ""power_w"": 149.66, ""vram_used_mib"": 5926.0}, {""index"": 3, ""name"": ""NVIDIA P104-100"", ""pci_bus"": ""00000000:0C:00.0"", ""pcie"": ""Gen1 x1"", ""util_pct"": 17.0, ""power_w"": 51.87, ""vram_used_mib"": 5672.0}, {""index"": 4, ""name"": ""NVIDIA P104-100"", ""pci_bus"": ""00000000:0D:00.0"", ""pcie"": ""Gen1 x1"", ""util_pct"": 19.0, ""power_w"": 43.44, ""vram_used_mib"": 5740.0}, {""index"": 5, ""name"": ""NVIDIA P104-100"", ""pci_bus"": ""00000000:0E:00.0"", ""pcie"": ""Gen1 x1"", ""util_pct"": 44.0, ""power_w"": 51.89, ""vram_used_mib"": 6276.0}]"
2026-08-16T15:05:04.264220+03:00,1786881904.264220,ctx_004096.txt,1,1,decode,40.0,"[25.462962962962962, 100.0, 19.53488372093023, 14.814814814814815]",15875.55078125,7163.90234375,8711.6484375,45.12537827796821,24575.99609375,497.0703125,2.0225846008594197,"[{""index"": 0, ""name"": ""NVIDIA P104-100"", ""pci_bus"": ""00000000:01:00.0"", ""pcie"": ""Gen1 x1"", ""util_pct"": 18.0, ""power_w"": 51.22, ""vram_used_mib"": 6088.0}, {""index"": 1, ""name"": ""NVIDIA P104-100"", ""pci_bus"": ""00000000:02:00.0"", ""pcie"": ""Gen1 x1"", ""util_pct"": 17.0, ""power_w"": 52.22, ""vram_used_mib"": 4710.0}, {""index"": 2, ""name"": ""NVIDIA P104-100"", ""pci_bus"": ""00000000:0A:00.0"", ""pcie"": ""Gen1 x1"", ""util_pct"": 18.0, ""power_w"": 50.56, ""vram_used_mib"": 5926.0}, {""index"": 3, ""name"": ""NVIDIA P104-100"", ""pci_bus"": ""00000000:0C:00.0"", ""pcie"": ""Gen1 x1"", ""util_pct"": 6.0, ""power_w"": 56.12, ""vram_used_mib"": 5672.0}, {""index"": 4, ""name"": ""NVIDIA P104-100"", ""pci_bus"": ""00000000:0D:00.0"", ""pcie"": ""Gen1 x1"", ""util_pct"": 13.0, ""power_w"": 54.09, ""vram_used_mib"": 5740.0}, {""index"": 5, ""name"": ""NVIDIA P104-100"", ""pci_bus"": ""00000000:0E:00.0"", ""pcie"": ""Gen1 x1"", ""util_pct"": 45.0, ""power_w"": 110.49, ""vram_used_mib"": 6276.0}]"
2026-08-16T15:05:06.422810+03:00,1786881906.422810,ctx_004096.txt,1,1,decode,41.01969872537659,"[17.05069124423963, 100.0, 14.883720930232558, 31.944444444444443]",15875.55078125,7222.46875,8653.08203125,45.49428772279308,24575.99609375,497.05859375,2.02253691713602,"[{""index"": 0, ""name"": ""NVIDIA P104-100"", ""pci_bus"": ""00000000:01:00.0"", ""pcie"": ""Gen1 x1"", ""util_pct"": 18.0, ""power_w"": 80.4, ""vram_used_mib"": 6088.0}, {""index"": 1, ""name"": ""NVIDIA P104-100"", ""pci_bus"": ""00000000:02:00.0"", ""pcie"": ""Gen1 x1"", ""util_pct"": 17.0, ""power_w"": 170.68, ""vram_used_mib"": 4710.0}, {""index"": 2, ""name"": ""NVIDIA P104-100"", ""pci_bus"": ""00000000:0A:00.0"", ""pcie"": ""Gen1 x1"", ""util_pct"": 0.0, ""power_w"": 49.42, ""vram_used_mib"": 5926.0}, {""index"": 3, ""name"": ""NVIDIA P104-100"", ""pci_bus"": ""00000000:0C:00.0"", ""pcie"": ""Gen1 x1"", ""util_pct"": 17.0, ""power_w"": 51.95, ""vram_used_mib"": 5672.0}, {""index"": 4, ""name"": ""NVIDIA P104-100"", ""pci_bus"": ""00000000:0D:00.0"", ""pcie"": ""Gen1 x1"", ""util_pct"": 19.0, ""power_w"": 43.51, ""vram_used_mib"": 5740.0}, {""index"": 5, ""name"": ""NVIDIA P104-100"", ""pci_bus"": ""00000000:0E:00.0"", ""pcie"": ""Gen1 x1"", ""util_pct"": 17.0, ""power_w"": 52.47, ""vram_used_mib"": 6276.0}]"
2026-08-16T15:05:07.097371+03:00,1786881907.097371,ctx_008192.txt,1,1,outside,,"[null, null, null, null]",15875.55078125,7169.796875,8705.75390625,45.162507895272334,24575.99609375,496.87109375,2.021773977561629,"[{""index"": 0, ""name"": ""NVIDIA P104-100"", ""pci_bus"": ""00000000:01:00.0"", ""pcie"": ""Gen1 x1"", ""util_pct"": 11.0, ""power_w"": 50.98, ""vram_used_mib"": 6088.0}, {""index"": 1, ""name"": ""NVIDIA P104-100"", ""pci_bus"": ""00000000:02:00.0"", ""pcie"": ""Gen1 x1"", ""util_pct"": 9.0, ""power_w"": 52.15, ""vram_used_mib"": 4710.0}, {""index"": 2, ""name"": ""NVIDIA P104-100"", ""pci_bus"": ""00000000:0A:00.0"", ""pcie"": ""Gen1 x1"", ""util_pct"": 0.0, ""power_w"": 49.13, ""vram_used_mib"": 5926.0}, {""index"": 3, ""name"": ""NVIDIA P104-100"", ""pci_bus"": ""00000000:0C:00.0"", ""pcie"": ""Gen1 x1"", ""util_pct"": 0.0, ""power_w"": 51.87, ""vram_used_mib"": 5672.0}, {""index"": 4, ""name"": ""NVIDIA P104-100"", ""pci_bus"": ""00000000:0D:00.0"", ""pcie"": ""Gen1 x1"", ""util_pct"": 10.0, ""power_w"": 43.29, ""vram_used_mib"": 5740.0}, {""index"": 5, ""name"": ""NVIDIA P104-100"", ""pci_bus"": ""00000000:0E:00.0"", ""pcie"": ""Gen1 x1"", ""util_pct"": 14.0, ""power_w"": 50.65, ""vram_used_mib"": 6276.0}]"
2026-08-16T15:05:09.215387+03:00,1786881909.215387,ctx_008192.txt,1,1,prefill,36.56804733727811,"[91.50943396226415, 14.218009478672986, 15.566037735849056, 24.761904761904763]",15875.55078125,7854.328125,8021.22265625,49.47436616987452,24575.99609375,474.171875,1.9294106053369213,"[{""index"": 0, ""name"": ""NVIDIA P104-100"", ""pci_bus"": ""00000000:01:00.0"", ""pcie"": ""Gen1 x1"", ""util_pct"": 50.0, ""power_w"": 51.47, ""vram_used_mib"": 6088.0}, {""index"": 1, ""name"": ""NVIDIA P104-100"", ""pci_bus"": ""00000000:02:00.0"", ""pcie"": ""Gen1 x1"", ""util_pct"": 3.0, ""power_w"": 53.23, ""vram_used_mib"": 4710.0}, {""index"": 2, ""name"": ""NVIDIA P104-100"", ""pci_bus"": ""00000000:0A:00.0"", ""pcie"": ""Gen1 x1"", ""util_pct"": 3.0, ""power_w"": 51.6, ""vram_used_mib"": 5926.0}, {""index"": 3, ""name"": ""NVIDIA P104-100"", ""pci_bus"": ""00000000:0C:00.0"", ""pcie"": ""Gen1 x1"", ""util_pct"": 0.0, ""power_w"": 54.33, ""vram_used_mib"": 5672.0}, {""index"": 4, ""name"": ""NVIDIA P104-100"", ""pci_bus"": ""00000000:0D:00.0"", ""pcie"": ""Gen1 x1"", ""util_pct"": 0.0, ""power_w"": 53.94, ""vram_used_mib"": 5740.0}, {""index"": 5, ""name"": ""NVIDIA P104-100"", ""pci_bus"": ""00000000:0E:00.0"", ""pcie"": ""Gen1 x1"", ""util_pct"": 2.0, ""power_w"": 51.03, ""vram_used_mib"": 6276.0}]"
2026-08-16T15:05:11.404069+03:00,1786881911.404069,ctx_008192.txt,1,1,prefill,38.787185354691076,"[97.71689497716895, 14.220183486238533, 20.642201834862384, 23.181818181818183]",15875.55078125,7905.44921875,7970.1015625,49.79637763552003,24575.99609375,474.0546875,1.9289337681029268,"[{""index"": 0, ""name"": ""NVIDIA P104-100"", ""pci_bus"": ""00000000:01:00.0"", ""pcie"": ""Gen1 x1"", ""util_pct"": 0.0, ""power_w"": 51.47, ""vram_used_mib"": 6088.0}, {""index"": 1, ""name"": ""NVIDIA P104-100"", ""pci_bus"": ""00000000:02:00.0"", ""pcie"": ""Gen1 x1"", ""util_pct"": 0.0, ""power_w"": 52.9, ""vram_used_mib"": 4710.0}, {""index"": 2, ""name"": ""NVIDIA P104-100"", ""pci_bus"": ""00000000:0A:00.0"", ""pcie"": ""Gen1 x1"", ""util_pct"": 0.0, ""power_w"": 51.6, ""vram_used_mib"": 5926.0}, {""index"": 3, ""name"": ""NVIDIA P104-100"", ""pci_bus"": ""00000000:0C:00.0"", ""pcie"": ""Gen1 x1"", ""util_pct"": 0.0, ""power_w"": 54.43, ""vram_used_mib"": 5672.0}, {""index"": 4, ""name"": ""NVIDIA P104-100"", ""pci_bus"": ""00000000:0D:00.0"", ""pcie"": ""Gen1 x1"", ""util_pct"": 26.0, ""power_w"": 53.84, ""vram_used_mib"": 5740.0}, {""index"": 5, ""name"": ""NVIDIA P104-100"", ""pci_bus"": ""00000000:0E:00.0"", ""pcie"": ""Gen1 x1"", ""util_pct"": 100.0, ""power_w"": 51.05, ""vram_used_mib"": 6276.0}]"
2026-08-16T15:05:13.525050+03:00,1786881913.525050,ctx_008192.txt,1,1,prefill,38.69822485207101,"[100.0, 6.161137440758294, 32.54716981132076, 14.761904761904763]",15875.55078125,7882.91015625,7992.640625,49.6544042148144,24575.99609375,474.0390625,1.928870189805061,"[{""index"": 0, ""name"": ""NVIDIA P104-100"", ""pci_bus"": ""00000000:01:00.0"", ""pcie"": ""Gen1 x1"", ""util_pct"": 0.0, ""power_w"": 51.22, ""vram_used_mib"": 6088.0}, {""index"": 1, ""name"": ""NVIDIA P104-100"", ""pci_bus"": ""00000000:02:00.0"", ""pcie"": ""Gen1 x1"", ""util_pct"": 0.0, ""power_w"": 52.9, ""vram_used_mib"": 4710.0}, {""index"": 2, ""name"": ""NVIDIA P104-100"", ""pci_bus"": ""00000000:0A:00.0"", ""pcie"": ""Gen1 x1"", ""util_pct"": 15.0, ""power_w"": 51.7, ""vram_used_mib"": 5926.0}, {""index"": 3, ""name"": ""NVIDIA P104-100"", ""pci_bus"": ""00000000:0C:00.0"", ""pcie"": ""Gen1 x1"", ""util_pct"": 60.0, ""power_w"": 54.43, ""vram_used_mib"": 5672.0}, {""index"": 4, ""name"": ""NVIDIA P104-100"", ""pci_bus"": ""00000000:0D:00.0"", ""pcie"": ""Gen1 x1"", ""util_pct"": 14.0, ""power_w"": 53.94, ""vram_used_mib"": 5740.0}, {""index"": 5, ""name"": ""NVIDIA P104-100"", ""pci_bus"": ""00000000:0E:00.0"", ""pcie"": ""Gen1 x1"", ""util_pct"": 0.0, ""power_w"": 51.05, ""vram_used_mib"": 6276.0}]"
2026-08-16T15:05:15.663163+03:00,1786881915.663163,ctx_008192.txt,1,1,prefill,38.40749414519906,"[98.6046511627907, 25.821596244131456, 12.735849056603774, 16.037735849056602]",15875.55078125,6621.6796875,9253.87109375,41.70992098945386,24575.99609375,452.0703125,1.8394791030055846,"[{""index"": 0, ""name"": ""NVIDIA P104-100"", ""pci_bus"": ""00000000:01:00.0"", ""pcie"": ""Gen1 x1"", ""util_pct"": 97.0, ""power_w"": 171.52, ""vram_used_mib"": 6088.0}, {""index"": 1, ""name"": ""NVIDIA P104-100"", ""pci_bus"": ""00000000:02:00.0"", ""pcie"": ""Gen1 x1"", ""util_pct"": 88.0, ""power_w"": 156.31, ""vram_used_mib"": 4710.0}, {""index"": 2, ""name"": ""NVIDIA P104-100"", ""pci_bus"": ""00000000:0A:00.0"", ""pcie"": ""Gen1 x1"", ""util_pct"": 95.0, ""power_w"": 148.77, ""vram_used_mib"": 5926.0}, {""index"": 3, ""name"": ""NVIDIA P104-100"", ""pci_bus"": ""00000000:0C:00.0"", ""pcie"": ""Gen1 x1"", ""util_pct"": 88.0, ""power_w"": 105.97, ""vram_used_mib"": 5672.0}, {""index"": 4, ""name"": ""NVIDIA P104-100"", ""pci_bus"": ""00000000:0D:00.0"", ""pcie"": ""Gen1 x1"", ""util_pct"": 88.0, ""power_w"": 131.09, ""vram_used_mib"": 5740.0}, {""index"": 5, ""name"": ""NVIDIA P104-100"", ""pci_bus"": ""00000000:0E:00.0"", ""pcie"": ""Gen1 x1"", ""util_pct"": 58.0, ""power_w"": 114.96, ""vram_used_mib"": 6276.0}]"
2026-08-16T15:05:17.862223+03:00,1786881917.862223,ctx_008192.txt,1,1,prefill,48.68571428571428,"[99.0909090909091, 21.19815668202765, 12.785388127853881, 61.18721461187214]",15875.55078125,6545.48046875,9330.0703125,41.2299425635085,24575.99609375,452.06640625,1.839463208431118,"[{""index"": 0, ""name"": ""NVIDIA P104-100"", ""pci_bus"": ""00000000:01:00.0"", ""pcie"": ""Gen1 x1"", ""util_pct"": 98.0, ""power_w"": 171.44, ""vram_used_mib"": 6088.0}, {""index"": 1, ""name"": ""NVIDIA P104-100"", ""pci_bus"": ""00000000:02:00.0"", ""pcie"": ""Gen1 x1"", ""util_pct"": 88.0, ""power_w"": 179.16, ""vram_used_mib"": 4710.0}, {""index"": 2, ""name"": ""NVIDIA P104-100"", ""pci_bus"": ""00000000:0A:00.0"", ""pcie"": ""Gen1 x1"", ""util_pct"": 96.0, ""power_w"": 185.56, ""vram_used_mib"": 5926.0}, {""index"": 3, ""name"": ""NVIDIA P104-100"", ""pci_bus"": ""00000000:0C:00.0"", ""pcie"": ""Gen1 x1"", ""util_pct"": 89.0, ""power_w"": 183.66, ""vram_used_mib"": 5672.0}, {""index"": 4, ""name"": ""NVIDIA P104-100"", ""pci_bus"": ""00000000:0D:00.0"", ""pcie"": ""Gen1 x1"", ""util_pct"": 88.0, ""power_w"": 191.58, ""vram_used_mib"": 5740.0}, {""index"": 5, ""name"": ""NVIDIA P104-100"", ""pci_bus"": ""00000000:0E:00.0"", ""pcie"": ""Gen1 x1"", ""util_pct"": 64.0, ""power_w"": 65.38, ""vram_used_mib"": 6276.0}]"
2026-08-16T15:05:20.476058+03:00,1786881920.476058,ctx_008192.txt,1,1,prefill,46.59635666347076,"[39.84674329501916, 22.393822393822393, 24.045801526717558, 100.0]",15875.55078125,6435.58984375,9439.9609375,40.53774216987058,24575.99609375,452.05859375,1.8394314192821852,"[{""index"": 0, ""name"": ""NVIDIA P104-100"", ""pci_bus"": ""00000000:01:00.0"", ""pcie"": ""Gen1 x1"", ""util_pct"": 98.0, ""power_w"": 174.2, ""vram_used_mib"": 6088.0}, {""index"": 1, ""name"": ""NVIDIA P104-100"", ""pci_bus"": ""00000000:02:00.0"", ""pcie"": ""Gen1 x1"", ""util_pct"": 87.0, ""power_w"": 181.51, ""vram_used_mib"": 4710.0}, {""index"": 2, ""name"": ""NVIDIA P104-100"", ""pci_bus"": ""00000000:0A:00.0"", ""pcie"": ""Gen1 x1"", ""util_pct"": 96.0, ""power_w"": 183.13, ""vram_used_mib"": 5926.0}, {""index"": 3, ""name"": ""NVIDIA P104-100"", ""pci_bus"": ""00000000:0C:00.0"", ""pcie"": ""Gen1 x1"", ""util_pct"": 88.0, ""power_w"": 176.6, ""vram_used_mib"": 5672.0}, {""index"": 4, ""name"": ""NVIDIA P104-100"", ""pci_bus"": ""00000000:0D:00.0"", ""pcie"": ""Gen1 x1"", ""util_pct"": 89.0, ""power_w"": 128.69, ""vram_used_mib"": 5740.0}, {""index"": 5, ""name"": ""NVIDIA P104-100"", ""pci_bus"": ""00000000:0E:00.0"", ""pcie"": ""Gen1 x1"", ""util_pct"": 58.0, ""power_w"": 63.81, ""vram_used_mib"": 6276.0}]"
2026-08-16T15:05:22.723680+03:00,1786881922.723680,ctx_008192.txt,1,1,prefill,45.07829977628635,"[29.017857142857142, 20.27027027027027, 30.803571428571427, 100.0]",15875.55078125,6318.7734375,9556.77734375,39.80191632130873,24575.99609375,452.0546875,1.8394155247077186,"[{""index"": 0, ""name"": ""NVIDIA P104-100"", ""pci_bus"": ""00000000:01:00.0"", ""pcie"": ""Gen1 x1"", ""util_pct"": 98.0, ""power_w"": 52.11, ""vram_used_mib"": 6088.0}, {""index"": 1, ""name"": ""NVIDIA P104-100"", ""pci_bus"": ""00000000:02:00.0"", ""pcie"": ""Gen1 x1"", ""util_pct"": 88.0, ""power_w"": 58.26, ""vram_used_mib"": 4710.0}, {""index"": 2, ""name"": ""NVIDIA P104-100"", ""pci_bus"": ""00000000:0A:00.0"", ""pcie"": ""Gen1 x1"", ""util_pct"": 97.0, ""power_w"": 178.27, ""vram_used_mib"": 5926.0}, {""index"": 3, ""name"": ""NVIDIA P104-100"", ""pci_bus"": ""00000000:0C:00.0"", ""pcie"": ""Gen1 x1"", ""util_pct"": 89.0, ""power_w"": 184.75, ""vram_used_mib"": 5672.0}, {""index"": 4, ""name"": ""NVIDIA P104-100"", ""pci_bus"": ""00000000:0D:00.0"", ""pcie"": ""Gen1 x1"", ""util_pct"": 93.0, ""power_w"": 185.06, ""vram_used_mib"": 5740.0}, {""index"": 5, ""name"": ""NVIDIA P104-100"", ""pci_bus"": ""00000000:0E:00.0"", ""pcie"": ""Gen1 x1"", ""util_pct"": 59.0, ""power_w"": 75.52, ""vram_used_mib"": 6276.0}]"
2026-08-16T15:05:24.941478+03:00,1786881924.941478,ctx_008192.txt,1,1,prefill,39.887005649717516,"[6.334841628959276, 27.92792792792793, 25.225225225225227, 100.0]",15875.55078125,6383.63671875,9491.9140625,40.210489744327276,24575.99609375,452.0546875,1.8394155247077186,"[{""index"": 0, ""name"": ""NVIDIA P104-100"", ""pci_bus"": ""00000000:01:00.0"", ""pcie"": ""Gen1 x1"", ""util_pct"": 0.0, ""power_w"": 51.84, ""vram_used_mib"": 6088.0}, {""index"": 1, ""name"": ""NVIDIA P104-100"", ""pci_bus"": ""00000000:02:00.0"", ""pcie"": ""Gen1 x1"", ""util_pct"": 0.0, ""power_w"": 52.28, ""vram_used_mib"": 4710.0}, {""index"": 2, ""name"": ""NVIDIA P104-100"", ""pci_bus"": ""00000000:0A:00.0"", ""pcie"": ""Gen1 x1"", ""util_pct"": 0.0, ""power_w"": 48.49, ""vram_used_mib"": 5926.0}, {""index"": 3, ""name"": ""NVIDIA P104-100"", ""pci_bus"": ""00000000:0C:00.0"", ""pcie"": ""Gen1 x1"", ""util_pct"": 0.0, ""power_w"": 53.49, ""vram_used_mib"": 5672.0}, {""index"": 4, ""name"": ""NVIDIA P104-100"", ""pci_bus"": ""00000000:0D:00.0"", ""pcie"": ""Gen1 x1"", ""util_pct"": 0.0, ""power_w"": 54.22, ""vram_used_mib"": 5740.0}, {""index"": 5, ""name"": ""NVIDIA P104-100"", ""pci_bus"": ""00000000:0E:00.0"", ""pcie"": ""Gen1 x1"", ""util_pct"": 98.0, ""power_w"": 56.11, ""vram_used_mib"": 6276.0}]"
2026-08-16T15:05:27.084624+03:00,1786881927.084624,ctx_008192.txt,1,1,prefill,40.39812646370024,"[74.76635514018692, 17.84037558685446, 29.71698113207547, 38.78504672897196]",15875.55078125,6482.484375,9393.06640625,40.833130543453095,24575.99609375,430.2890625,1.7508509557804992,"[{""index"": 0, ""name"": ""NVIDIA P104-100"", ""pci_bus"": ""00000000:01:00.0"", ""pcie"": ""Gen1 x1"", ""util_pct"": 98.0, ""power_w"": 147.15, ""vram_used_mib"": 6088.0}, {""index"": 1, ""name"": ""NVIDIA P104-100"", ""pci_bus"": ""00000000:02:00.0"", ""pcie"": ""Gen1 x1"", ""util_pct"": 88.0, ""power_w"": 154.59, ""vram_used_mib"": 4710.0}, {""index"": 2, ""name"": ""NVIDIA P104-100"", ""pci_bus"": ""00000000:0A:00.0"", ""pcie"": ""Gen1 x1"", ""util_pct"": 97.0, ""power_w"": 164.66, ""vram_used_mib"": 5926.0}, {""index"": 3, ""name"": ""NVIDIA P104-100"", ""pci_bus"": ""00000000:0C:00.0"", ""pcie"": ""Gen1 x1"", ""util_pct"": 92.0, ""power_w"": 175.24, ""vram_used_mib"": 5672.0}, {""index"": 4, ""name"": ""NVIDIA P104-100"", ""pci_bus"": ""00000000:0D:00.0"", ""pcie"": ""Gen1 x1"", ""util_pct"": 89.0, ""power_w"": 182.01, ""vram_used_mib"": 5740.0}, {""index"": 5, ""name"": ""NVIDIA P104-100"", ""pci_bus"": ""00000000:0E:00.0"", ""pcie"": ""Gen1 x1"", ""util_pct"": 67.0, ""power_w"": 112.42, ""vram_used_mib"": 6276.0}]"
2026-08-16T15:05:29.330570+03:00,1786881929.330570,ctx_008192.txt,1,1,prefill,45.02793296089386,"[100.0, 22.52252252252252, 24.0, 33.333333333333336]",15875.55078125,6525.8671875,9349.68359375,41.10639862150452,24575.99609375,430.2890625,1.7508509557804992,"[{""index"": 0, ""name"": ""NVIDIA P104-100"", ""pci_bus"": ""00000000:01:00.0"", ""pcie"": ""Gen1 x1"", ""util_pct"": 98.0, ""power_w"": 171.88, ""vram_used_mib"": 6088.0}, {""index"": 1, ""name"": ""NVIDIA P104-100"", ""pci_bus"": ""00000000:02:00.0"", ""pcie"": ""Gen1 x1"", ""util_pct"": 90.0, ""power_w"": 177.95, ""vram_used_mib"": 4710.0}, {""index"": 2, ""name"": ""NVIDIA P104-100"", ""pci_bus"": ""00000000:0A:00.0"", ""pcie"": ""Gen1 x1"", ""util_pct"": 97.0, ""power_w"": 179.82, ""vram_used_mib"": 5926.0}, {""index"": 3, ""name"": ""NVIDIA P104-100"", ""pci_bus"": ""00000000:0C:00.0"", ""pcie"": ""Gen1 x1"", ""util_pct"": 92.0, ""power_w"": 120.66, ""vram_used_mib"": 5672.0}, {""index"": 4, ""name"": ""NVIDIA P104-100"", ""pci_bus"": ""00000000:0D:00.0"", ""pcie"": ""Gen1 x1"", ""util_pct"": 89.0, ""power_w"": 104.96, ""vram_used_mib"": 5740.0}, {""index"": 5, ""name"": ""NVIDIA P104-100"", ""pci_bus"": ""00000000:0E:00.0"", ""pcie"": ""Gen1 x1"", ""util_pct"": 65.0, ""power_w"": 79.13, ""vram_used_mib"": 6276.0}]"
2026-08-16T15:05:31.586587+03:00,1786881931.586587,ctx_008192.txt,1,1,prefill,44.83906770255272,"[100.0, 28.571428571428573, 22.22222222222222, 28.444444444444443]",15875.55078125,6557.9921875,9317.55859375,41.308753805539716,24575.99609375,430.2890625,1.7508509557804992,"[{""index"": 0, ""name"": ""NVIDIA P104-100"", ""pci_bus"": ""00000000:01:00.0"", ""pcie"": ""Gen1 x1"", ""util_pct"": 98.0, ""power_w"": 141.62, ""vram_used_mib"": 6088.0}, {""index"": 1, ""name"": ""NVIDIA P104-100"", ""pci_bus"": ""00000000:02:00.0"", ""pcie"": ""Gen1 x1"", ""util_pct"": 85.0, ""power_w"": 150.56, ""vram_used_mib"": 4710.0}, {""index"": 2, ""name"": ""NVIDIA P104-100"", ""pci_bus"": ""00000000:0A:00.0"", ""pcie"": ""Gen1 x1"", ""util_pct"": 97.0, ""power_w"": 163.78, ""vram_used_mib"": 5926.0}, {""index"": 3, ""name"": ""NVIDIA P104-100"", ""pci_bus"": ""00000000:0C:00.0"", ""pcie"": ""Gen1 x1"", ""util_pct"": 89.0, ""power_w"": 166.76, ""vram_used_mib"": 5672.0}, {""index"": 4, ""name"": ""NVIDIA P104-100"", ""pci_bus"": ""00000000:0D:00.0"", ""pcie"": ""Gen1 x1"", ""util_pct"": 93.0, ""power_w"": 169.85, ""vram_used_mib"": 5740.0}, {""index"": 5, ""name"": ""NVIDIA P104-100"", ""pci_bus"": ""00000000:0E:00.0"", ""pcie"": ""Gen1 x1"", ""util_pct"": 64.0, ""power_w"": 167.81, ""vram_used_mib"": 6276.0}]"
2026-08-16T15:05:33.821907+03:00,1786881933.821907,ctx_008192.txt,1,1,prefill,45.056179775280896,"[100.0, 19.81981981981982, 30.316742081447963, 30.22222222222222]",15875.55078125,6530.18359375,9345.3671875,41.133587638814696,24575.99609375,430.2890625,1.7508509557804992,"[{""index"": 0, ""name"": ""NVIDIA P104-100"", ""pci_bus"": ""00000000:01:00.0"", ""pcie"": ""Gen1 x1"", ""util_pct"": 98.0, ""power_w"": 168.16, ""vram_used_mib"": 6088.0}, {""index"": 1, ""name"": ""NVIDIA P104-100"", ""pci_bus"": ""00000000:02:00.0"", ""pcie"": ""Gen1 x1"", ""util_pct"": 85.0, ""power_w"": 180.3, ""vram_used_mib"": 4710.0}, {""index"": 2, ""name"": ""NVIDIA P104-100"", ""pci_bus"": ""00000000:0A:00.0"", ""pcie"": ""Gen1 x1"", ""util_pct"": 97.0, ""power_w"": 181.01, ""vram_used_mib"": 5926.0}, {""index"": 3, ""name"": ""NVIDIA P104-100"", ""pci_bus"": ""00000000:0C:00.0"", ""pcie"": ""Gen1 x1"", ""util_pct"": 90.0, ""power_w"": 184.26, ""vram_used_mib"": 5672.0}, {""index"": 4, ""name"": ""NVIDIA P104-100"", ""pci_bus"": ""00000000:0D:00.0"", ""pcie"": ""Gen1 x1"", ""util_pct"": 93.0, ""power_w"": 181.21, ""vram_used_mib"": 5740.0}, {""index"": 5, ""name"": ""NVIDIA P104-100"", ""pci_bus"": ""00000000:0E:00.0"", ""pcie"": ""Gen1 x1"", ""util_pct"": 68.0, ""power_w"": 97.18, ""vram_used_mib"": 6276.0}]"
2026-08-16T15:05:36.026564+03:00,1786881936.026564,ctx_008192.txt,1,1,decode,41.29692832764505,"[100.0, 17.35159817351598, 25.114155251141554, 21.91780821917808]",15875.55078125,6572.45703125,9303.09375,41.399867770335725,24575.99609375,430.2890625,1.7508509557804992,"[{""index"": 0, ""name"": ""NVIDIA P104-100"", ""pci_bus"": ""00000000:01:00.0"", ""pcie"": ""Gen1 x1"", ""util_pct"": 0.0, ""power_w"": 51.92, ""vram_used_mib"": 6088.0}, {""index"": 1, ""name"": ""NVIDIA P104-100"", ""pci_bus"": ""00000000:02:00.0"", ""pcie"": ""Gen1 x1"", ""util_pct"": 0.0, ""power_w"": 52.6, ""vram_used_mib"": 4710.0}, {""index"": 2, ""name"": ""NVIDIA P104-100"", ""pci_bus"": ""00000000:0A:00.0"", ""pcie"": ""Gen1 x1"", ""util_pct"": 0.0, ""power_w"": 52.3, ""vram_used_mib"": 5926.0}, {""index"": 3, ""name"": ""NVIDIA P104-100"", ""pci_bus"": ""00000000:0C:00.0"", ""pcie"": ""Gen1 x1"", ""util_pct"": 0.0, ""power_w"": 55.31, ""vram_used_mib"": 5672.0}, {""index"": 4, ""name"": ""NVIDIA P104-100"", ""pci_bus"": ""00000000:0D:00.0"", ""pcie"": ""Gen1 x1"", ""util_pct"": 0.0, ""power_w"": 51.92, ""vram_used_mib"": 5740.0}, {""index"": 5, ""name"": ""NVIDIA P104-100"", ""pci_bus"": ""00000000:0E:00.0"", ""pcie"": ""Gen1 x1"", ""util_pct"": 98.0, ""power_w"": 88.67, ""vram_used_mib"": 6276.0}]"
2026-08-16T15:05:38.147340+03:00,1786881938.147340,ctx_008192.txt,1,1,decode,40.189125295508276,"[100.0, 24.644549763033176, 11.904761904761905, 24.056603773584907]",15875.55078125,6608.7421875,9266.80859375,41.62842775385992,24575.99609375,430.28515625,1.7508350612060326,"[{""index"": 0, ""name"": ""NVIDIA P104-100"", ""pci_bus"": ""00000000:01:00.0"", ""pcie"": ""Gen1 x1"", ""util_pct"": 98.0, ""power_w"": 106.99, ""vram_used_mib"": 6088.0}, {""index"": 1, ""name"": ""NVIDIA P104-100"", ""pci_bus"": ""00000000:02:00.0"", ""pcie"": ""Gen1 x1"", ""util_pct"": 88.0, ""power_w"": 118.0, ""vram_used_mib"": 4710.0}, {""index"": 2, ""name"": ""NVIDIA P104-100"", ""pci_bus"": ""00000000:0A:00.0"", ""pcie"": ""Gen1 x1"", ""util_pct"": 97.0, ""power_w"": 143.51, ""vram_used_mib"": 5926.0}, {""index"": 3, ""name"": ""NVIDIA P104-100"", ""pci_bus"": ""00000000:0C:00.0"", ""pcie"": ""Gen1 x1"", ""util_pct"": 92.0, ""power_w"": 182.31, ""vram_used_mib"": 5672.0}, {""index"": 4, ""name"": ""NVIDIA P104-100"", ""pci_bus"": ""00000000:0D:00.0"", ""pcie"": ""Gen1 x1"", ""util_pct"": 89.0, ""power_w"": 176.31, ""vram_used_mib"": 5740.0}, {""index"": 5, ""name"": ""NVIDIA P104-100"", ""pci_bus"": ""00000000:0E:00.0"", ""pcie"": ""Gen1 x1"", ""util_pct"": 67.0, ""power_w"": 113.29, ""vram_used_mib"": 6276.0}]"
2026-08-16T15:05:40.400258+03:00,1786881940.400258,ctx_008192.txt,1,1,decode,40.42316258351893,"[100.0, 20.0, 26.548672566371682, 15.178571428571429]",15875.55078125,6714.77734375,9160.7734375,42.296342572760146,24575.99609375,430.27734375,1.7508032720570996,"[{""index"": 0, ""name"": ""NVIDIA P104-100"", ""pci_bus"": ""00000000:01:00.0"", ""pcie"": ""Gen1 x1"", ""util_pct"": 41.0, ""power_w"": 51.72, ""vram_used_mib"": 6088.0}, {""index"": 1, ""name"": ""NVIDIA P104-100"", ""pci_bus"": ""00000000:02:00.0"", ""pcie"": ""Gen1 x1"", ""util_pct"": 2.0, ""power_w"": 56.22, ""vram_used_mib"": 4710.0}, {""index"": 2, ""name"": ""NVIDIA P104-100"", ""pci_bus"": ""00000000:0A:00.0"", ""pcie"": ""Gen1 x1"", ""util_pct"": 34.0, ""power_w"": 152.03, ""vram_used_mib"": 5926.0}, {""index"": 3, ""name"": ""NVIDIA P104-100"", ""pci_bus"": ""00000000:0C:00.0"", ""pcie"": ""Gen1 x1"", ""util_pct"": 2.0, ""power_w"": 140.09, ""vram_used_mib"": 5672.0}, {""index"": 4, ""name"": ""NVIDIA P104-100"", ""pci_bus"": ""00000000:0D:00.0"", ""pcie"": ""Gen1 x1"", ""util_pct"": 2.0, ""power_w"": 54.75, ""vram_used_mib"": 5740.0}, {""index"": 5, ""name"": ""NVIDIA P104-100"", ""pci_bus"": ""00000000:0E:00.0"", ""pcie"": ""Gen1 x1"", ""util_pct"": 0.0, ""power_w"": 51.34, ""vram_used_mib"": 6276.0}]"
2026-08-16T15:05:42.743608+03:00,1786881942.743608,ctx_008192.txt,1,1,decode,52.77777777777778,"[65.1063829787234, 32.05128205128205, 15.948275862068966, 97.86324786324786]",15875.55078125,6833.80078125,9041.75,43.046070498046205,24575.99609375,430.2734375,1.7507873774826332,"[{""index"": 0, ""name"": ""NVIDIA P104-100"", ""pci_bus"": ""00000000:01:00.0"", ""pcie"": ""Gen1 x1"", ""util_pct"": 7.0, ""power_w"": 50.68, ""vram_used_mib"": 6088.0}, {""index"": 1, ""name"": ""NVIDIA P104-100"", ""pci_bus"": ""00000000:02:00.0"", ""pcie"": ""Gen1 x1"", ""util_pct"": 17.0, ""power_w"": 52.49, ""vram_used_mib"": 4710.0}, {""index"": 2, ""name"": ""NVIDIA P104-100"", ""pci_bus"": ""00000000:0A:00.0"", ""pcie"": ""Gen1 x1"", ""util_pct"": 19.0, ""power_w"": 51.19, ""vram_used_mib"": 5926.0}, {""index"": 3, ""name"": ""NVIDIA P104-100"", ""pci_bus"": ""00000000:0C:00.0"", ""pcie"": ""Gen1 x1"", ""util_pct"": 17.0, ""power_w"": 53.4, ""vram_used_mib"": 5672.0}, {""index"": 4, ""name"": ""NVIDIA P104-100"", ""pci_bus"": ""00000000:0D:00.0"", ""pcie"": ""Gen1 x1"", ""util_pct"": 0.0, ""power_w"": 52.05, ""vram_used_mib"": 5740.0}, {""index"": 5, ""name"": ""NVIDIA P104-100"", ""pci_bus"": ""00000000:0E:00.0"", ""pcie"": ""Gen1 x1"", ""util_pct"": 45.0, ""power_w"": 84.57, ""vram_used_mib"": 6276.0}]"
2026-08-16T15:05:44.954983+03:00,1786881944.954983,ctx_008192.txt,1,1,decode,41.1764705882353,"[20.81447963800905, 13.122171945701357, 30.63063063063063, 100.0]",15875.55078125,6950.1875,8925.36328125,43.7791897475998,24575.99609375,430.26171875,1.7507396937592337,"[{""index"": 0, ""name"": ""NVIDIA P104-100"", ""pci_bus"": ""00000000:01:00.0"", ""pcie"": ""Gen1 x1"", ""util_pct"": 19.0, ""power_w"": 50.94, ""vram_used_mib"": 6088.0}, {""index"": 1, ""name"": ""NVIDIA P104-100"", ""pci_bus"": ""00000000:02:00.0"", ""pcie"": ""Gen1 x1"", ""util_pct"": 17.0, ""power_w"": 55.9, ""vram_used_mib"": 4710.0}, {""index"": 2, ""name"": ""NVIDIA P104-100"", ""pci_bus"": ""00000000:0A:00.0"", ""pcie"": ""Gen1 x1"", ""util_pct"": 19.0, ""power_w"": 82.61, ""vram_used_mib"": 5926.0}, {""index"": 3, ""name"": ""NVIDIA P104-100"", ""pci_bus"": ""00000000:0C:00.0"", ""pcie"": ""Gen1 x1"", ""util_pct"": 0.0, ""power_w"": 170.08, ""vram_used_mib"": 5672.0}, {""index"": 4, ""name"": ""NVIDIA P104-100"", ""pci_bus"": ""00000000:0D:00.0"", ""pcie"": ""Gen1 x1"", ""util_pct"": 17.0, ""power_w"": 51.8, ""vram_used_mib"": 5740.0}, {""index"": 5, ""name"": ""NVIDIA P104-100"", ""pci_bus"": ""00000000:0E:00.0"", ""pcie"": ""Gen1 x1"", ""util_pct"": 25.0, ""power_w"": 51.71, ""vram_used_mib"": 6276.0}]"
2026-08-16T15:05:47.075546+03:00,1786881947.075546,ctx_008192.txt,1,1,decode,39.59810874704492,"[92.8909952606635, 18.48341232227488, 27.142857142857142, 19.339622641509433]",15875.55078125,7020.63671875,8854.9140625,44.22294895772563,24575.99609375,430.25390625,1.750707904610301,"[{""index"": 0, ""name"": ""NVIDIA P104-100"", ""pci_bus"": ""00000000:01:00.0"", ""pcie"": ""Gen1 x1"", ""util_pct"": 19.0, ""power_w"": 50.6, ""vram_used_mib"": 6088.0}, {""index"": 1, ""name"": ""NVIDIA P104-100"", ""pci_bus"": ""00000000:02:00.0"", ""pcie"": ""Gen1 x1"", ""util_pct"": 13.0, ""power_w"": 52.6, ""vram_used_mib"": 4710.0}, {""index"": 2, ""name"": ""NVIDIA P104-100"", ""pci_bus"": ""00000000:0A:00.0"", ""pcie"": ""Gen1 x1"", ""util_pct"": 19.0, ""power_w"": 49.58, ""vram_used_mib"": 5926.0}, {""index"": 3, ""name"": ""NVIDIA P104-100"", ""pci_bus"": ""00000000:0C:00.0"", ""pcie"": ""Gen1 x1"", ""util_pct"": 18.0, ""power_w"": 53.24, ""vram_used_mib"": 5672.0}, {""index"": 4, ""name"": ""NVIDIA P104-100"", ""pci_bus"": ""00000000:0D:00.0"", ""pcie"": ""Gen1 x1"", ""util_pct"": 15.0, ""power_w"": 52.69, ""vram_used_mib"": 5740.0}, {""index"": 5, ""name"": ""NVIDIA P104-100"", ""pci_bus"": ""00000000:0E:00.0"", ""pcie"": ""Gen1 x1"", ""util_pct"": 46.0, ""power_w"": 157.87, ""vram_used_mib"": 6276.0}]"
2026-08-16T15:05:49.246526+03:00,1786881949.246526,ctx_008192.txt,1,1,decode,40.415704387990765,"[100.0, 9.767441860465116, 32.25806451612903, 19.724770642201836]",15875.55078125,6962.1015625,8913.44921875,43.854236356464995,24575.99609375,430.24609375,1.750676115461368,"[{""index"": 0, ""name"": ""NVIDIA P104-100"", ""pci_bus"": ""00000000:01:00.0"", ""pcie"": ""Gen1 x1"", ""util_pct"": 19.0, ""power_w"": 50.6, ""vram_used_mib"": 6088.0}, {""index"": 1, ""name"": ""NVIDIA P104-100"", ""pci_bus"": ""00000000:02:00.0"", ""pcie"": ""Gen1 x1"", ""util_pct"": 17.0, ""power_w"": 52.58, ""vram_used_mib"": 4710.0}, {""index"": 2, ""name"": ""NVIDIA P104-100"", ""pci_bus"": ""00000000:0A:00.0"", ""pcie"": ""Gen1 x1"", ""util_pct"": 21.0, ""power_w"": 42.03, ""vram_used_mib"": 5926.0}, {""index"": 3, ""name"": ""NVIDIA P104-100"", ""pci_bus"": ""00000000:0C:00.0"", ""pcie"": ""Gen1 x1"", ""util_pct"": 17.0, ""power_w"": 53.15, ""vram_used_mib"": 5672.0}, {""index"": 4, ""name"": ""NVIDIA P104-100"", ""pci_bus"": ""00000000:0D:00.0"", ""pcie"": ""Gen1 x1"", ""util_pct"": 5.0, ""power_w"": 43.94, ""vram_used_mib"": 5740.0}, {""index"": 5, ""name"": ""NVIDIA P104-100"", ""pci_bus"": ""00000000:0E:00.0"", ""pcie"": ""Gen1 x1"", ""util_pct"": 18.0, ""power_w"": 107.85, ""vram_used_mib"": 6276.0}]"
2026-08-16T15:05:50.887748+03:00,1786881950.887748,ctx_016384.txt,1,1,outside,,"[null, null, null, null]",15875.55078125,7034.92578125,8840.625,44.31295567747281,24575.99609375,430.15625,1.7503105402486387,"[{""index"": 0, ""name"": ""NVIDIA P104-100"", ""pci_bus"": ""00000000:01:00.0"", ""pcie"": ""Gen1 x1"", ""util_pct"": 11.0, ""power_w"": 50.7, ""vram_used_mib"": 6088.0}, {""index"": 1, ""name"": ""NVIDIA P104-100"", ""pci_bus"": ""00000000:02:00.0"", ""pcie"": ""Gen1 x1"", ""util_pct"": 10.0, ""power_w"": 52.6, ""vram_used_mib"": 4710.0}, {""index"": 2, ""name"": ""NVIDIA P104-100"", ""pci_bus"": ""00000000:0A:00.0"", ""pcie"": ""Gen1 x1"", ""util_pct"": 11.0, ""power_w"": 41.8, ""vram_used_mib"": 5926.0}, {""index"": 3, ""name"": ""NVIDIA P104-100"", ""pci_bus"": ""00000000:0C:00.0"", ""pcie"": ""Gen1 x1"", ""util_pct"": 10.0, ""power_w"": 53.15, ""vram_used_mib"": 5672.0}, {""index"": 4, ""name"": ""NVIDIA P104-100"", ""pci_bus"": ""00000000:0D:00.0"", ""pcie"": ""Gen1 x1"", ""util_pct"": 10.0, ""power_w"": 43.87, ""vram_used_mib"": 5740.0}, {""index"": 5, ""name"": ""NVIDIA P104-100"", ""pci_bus"": ""00000000:0E:00.0"", ""pcie"": ""Gen1 x1"", ""util_pct"": 15.0, ""power_w"": 51.48, ""vram_used_mib"": 6276.0}]"
2026-08-16T15:05:53.024085+03:00,1786881953.024085,ctx_016384.txt,1,1,prefill,38.33528722157092,"[96.24413145539906, 24.766355140186917, 23.364485981308412, 8.49056603773585]",15875.55078125,8040.1875,7835.36328125,50.64509326817155,24575.99609375,430.15234375,1.7502946456741724,"[{""index"": 0, ""name"": ""NVIDIA P104-100"", ""pci_bus"": ""00000000:01:00.0"", ""pcie"": ""Gen1 x1"", ""util_pct"": 23.0, ""power_w"": 51.82, ""vram_used_mib"": 6088.0}, {""index"": 1, ""name"": ""NVIDIA P104-100"", ""pci_bus"": ""00000000:02:00.0"", ""pcie"": ""Gen1 x1"", ""util_pct"": 0.0, ""power_w"": 54.07, ""vram_used_mib"": 4710.0}, {""index"": 2, ""name"": ""NVIDIA P104-100"", ""pci_bus"": ""00000000:0A:00.0"", ""pcie"": ""Gen1 x1"", ""util_pct"": 0.0, ""power_w"": 46.1, ""vram_used_mib"": 5926.0}, {""index"": 3, ""name"": ""NVIDIA P104-100"", ""pci_bus"": ""00000000:0C:00.0"", ""pcie"": ""Gen1 x1"", ""util_pct"": 0.0, ""power_w"": 55.12, ""vram_used_mib"": 5672.0}, {""index"": 4, ""name"": ""NVIDIA P104-100"", ""pci_bus"": ""00000000:0D:00.0"", ""pcie"": ""Gen1 x1"", ""util_pct"": 0.0, ""power_w"": 48.33, ""vram_used_mib"": 5740.0}, {""index"": 5, ""name"": ""NVIDIA P104-100"", ""pci_bus"": ""00000000:0E:00.0"", ""pcie"": ""Gen1 x1"", ""util_pct"": 30.0, ""power_w"": 51.13, ""vram_used_mib"": 6276.0}]"
2026-08-16T15:05:55.142078+03:00,1786881955.142078,ctx_016384.txt,1,1,prefill,37.98816568047337,"[41.509433962264154, 24.761904761904763, 15.566037735849056, 70.28301886792453]",15875.55078125,8093.91796875,7781.6328125,50.983541171430815,24575.99609375,430.1484375,1.7502787510997058,"[{""index"": 0, ""name"": ""NVIDIA P104-100"", ""pci_bus"": ""00000000:01:00.0"", ""pcie"": ""Gen1 x1"", ""util_pct"": 0.0, ""power_w"": 51.56, ""vram_used_mib"": 6088.0}, {""index"": 1, ""name"": ""NVIDIA P104-100"", ""pci_bus"": ""00000000:02:00.0"", ""pcie"": ""Gen1 x1"", ""util_pct"": 0.0, ""power_w"": 54.07, ""vram_used_mib"": 4710.0}, {""index"": 2, ""name"": ""NVIDIA P104-100"", ""pci_bus"": ""00000000:0A:00.0"", ""pcie"": ""Gen1 x1"", ""util_pct"": 0.0, ""power_w"": 52.55, ""vram_used_mib"": 5926.0}, {""index"": 3, ""name"": ""NVIDIA P104-100"", ""pci_bus"": ""00000000:0C:00.0"", ""pcie"": ""Gen1 x1"", ""util_pct"": 0.0, ""power_w"": 55.02, ""vram_used_mib"": 5672.0}, {""index"": 4, ""name"": ""NVIDIA P104-100"", ""pci_bus"": ""00000000:0D:00.0"", ""pcie"": ""Gen1 x1"", ""util_pct"": 0.0, ""power_w"": 54.29, ""vram_used_mib"": 5740.0}, {""index"": 5, ""name"": ""NVIDIA P104-100"", ""pci_bus"": ""00000000:0E:00.0"", ""pcie"": ""Gen1 x1"", ""util_pct"": 99.0, ""power_w"": 51.38, ""vram_used_mib"": 6276.0}]"
2026-08-16T15:05:57.328988+03:00,1786881957.328988,ctx_016384.txt,1,1,prefill,40.274599542334094,"[15.668202764976959, 40.182648401826484, 10.599078341013826, 94.00921658986175]",15875.55078125,7807.26953125,8068.28125,49.17794436757977,24575.99609375,430.14453125,1.7502628565252394,"[{""index"": 0, ""name"": ""NVIDIA P104-100"", ""pci_bus"": ""00000000:01:00.0"", ""pcie"": ""Gen1 x1"", ""util_pct"": 98.0, ""power_w"": 133.47, ""vram_used_mib"": 6088.0}, {""index"": 1, ""name"": ""NVIDIA P104-100"", ""pci_bus"": ""00000000:02:00.0"", ""pcie"": ""Gen1 x1"", ""util_pct"": 91.0, ""power_w"": 108.97, ""vram_used_mib"": 4710.0}, {""index"": 2, ""name"": ""NVIDIA P104-100"", ""pci_bus"": ""00000000:0A:00.0"", ""pcie"": ""Gen1 x1"", ""util_pct"": 96.0, ""power_w"": 143.05, ""vram_used_mib"": 5926.0}, {""index"": 3, ""name"": ""NVIDIA P104-100"", ""pci_bus"": ""00000000:0C:00.0"", ""pcie"": ""Gen1 x1"", ""util_pct"": 88.0, ""power_w"": 140.67, ""vram_used_mib"": 5672.0}, {""index"": 4, ""name"": ""NVIDIA P104-100"", ""pci_bus"": ""00000000:0D:00.0"", ""pcie"": ""Gen1 x1"", ""util_pct"": 89.0, ""power_w"": 156.35, ""vram_used_mib"": 5740.0}, {""index"": 5, ""name"": ""NVIDIA P104-100"", ""pci_bus"": ""00000000:0E:00.0"", ""pcie"": ""Gen1 x1"", ""util_pct"": 65.0, ""power_w"": 150.28, ""vram_used_mib"": 6276.0}]"
2026-08-16T15:05:59.474945+03:00,1786881959.474945,ctx_016384.txt,1,1,prefill,44.37939110070258,"[34.11214953271028, 19.339622641509433, 23.474178403755868, 100.0]",15875.55078125,7726.49609375,8149.0546875,48.66915296491928,24575.99609375,430.14453125,1.7502628565252394,"[{""index"": 0, ""name"": ""NVIDIA P104-100"", ""pci_bus"": ""00000000:01:00.0"", ""pcie"": ""Gen1 x1"", ""util_pct"": 98.0, ""power_w"": 169.71, ""vram_used_mib"": 6088.0}, {""index"": 1, ""name"": ""NVIDIA P104-100"", ""pci_bus"": ""00000000:02:00.0"", ""pcie"": ""Gen1 x1"", ""util_pct"": 92.0, ""power_w"": 173.48, ""vram_used_mib"": 4710.0}, {""index"": 2, ""name"": ""NVIDIA P104-100"", ""pci_bus"": ""00000000:0A:00.0"", ""pcie"": ""Gen1 x1"", ""util_pct"": 96.0, ""power_w"": 186.53, ""vram_used_mib"": 5926.0}, {""index"": 3, ""name"": ""NVIDIA P104-100"", ""pci_bus"": ""00000000:0C:00.0"", ""pcie"": ""Gen1 x1"", ""util_pct"": 89.0, ""power_w"": 180.78, ""vram_used_mib"": 5672.0}, {""index"": 4, ""name"": ""NVIDIA P104-100"", ""pci_bus"": ""00000000:0D:00.0"", ""pcie"": ""Gen1 x1"", ""util_pct"": 89.0, ""power_w"": 187.49, ""vram_used_mib"": 5740.0}, {""index"": 5, ""name"": ""NVIDIA P104-100"", ""pci_bus"": ""00000000:0E:00.0"", ""pcie"": ""Gen1 x1"", ""util_pct"": 58.0, ""power_w"": 81.05, ""vram_used_mib"": 6276.0}]"
2026-08-16T15:06:01.685989+03:00,1786881961.685989,ctx_016384.txt,1,1,prefill,44.65909090909091,"[28.506787330316744, 23.529411764705884, 26.363636363636363, 100.0]",15875.55078125,7605.4921875,8270.05859375,47.90695007874973,24575.99609375,430.14453125,1.7502628565252394,"[{""index"": 0, ""name"": ""NVIDIA P104-100"", ""pci_bus"": ""00000000:01:00.0"", ""pcie"": ""Gen1 x1"", ""util_pct"": 98.0, ""power_w"": 173.5, ""vram_used_mib"": 6088.0}, {""index"": 1, ""name"": ""NVIDIA P104-100"", ""pci_bus"": ""00000000:02:00.0"", ""pcie"": ""Gen1 x1"", ""util_pct"": 91.0, ""power_w"": 174.67, ""vram_used_mib"": 4710.0}, {""index"": 2, ""name"": ""NVIDIA P104-100"", ""pci_bus"": ""00000000:0A:00.0"", ""pcie"": ""Gen1 x1"", ""util_pct"": 97.0, ""power_w"": 177.41, ""vram_used_mib"": 5926.0}, {""index"": 3, ""name"": ""NVIDIA P104-100"", ""pci_bus"": ""00000000:0C:00.0"", ""pcie"": ""Gen1 x1"", ""util_pct"": 93.0, ""power_w"": 107.68, ""vram_used_mib"": 5672.0}, {""index"": 4, ""name"": ""NVIDIA P104-100"", ""pci_bus"": ""00000000:0D:00.0"", ""pcie"": ""Gen1 x1"", ""util_pct"": 89.0, ""power_w"": 120.12, ""vram_used_mib"": 5740.0}, {""index"": 5, ""name"": ""NVIDIA P104-100"", ""pci_bus"": ""00000000:0E:00.0"", ""pcie"": ""Gen1 x1"", ""util_pct"": 68.0, ""power_w"": 111.18, ""vram_used_mib"": 6276.0}]"
2026-08-16T15:06:03.947394+03:00,1786881963.947394,ctx_016384.txt,1,1,prefill,45.39400665926748,"[20.444444444444443, 32.589285714285715, 28.125, 100.0]",15875.55078125,7638.9296875,8236.62109375,48.11757269248287,24575.99609375,430.14453125,1.7502628565252394,"[{""index"": 0, ""name"": ""NVIDIA P104-100"", ""pci_bus"": ""00000000:01:00.0"", ""pcie"": ""Gen1 x1"", ""util_pct"": 0.0, ""power_w"": 52.17, ""vram_used_mib"": 6088.0}, {""index"": 1, ""name"": ""NVIDIA P104-100"", ""pci_bus"": ""00000000:02:00.0"", ""pcie"": ""Gen1 x1"", ""util_pct"": 0.0, ""power_w"": 54.87, ""vram_used_mib"": 4710.0}, {""index"": 2, ""name"": ""NVIDIA P104-100"", ""pci_bus"": ""00000000:0A:00.0"", ""pcie"": ""Gen1 x1"", ""util_pct"": 0.0, ""power_w"": 51.65, ""vram_used_mib"": 5926.0}, {""index"": 3, ""name"": ""NVIDIA P104-100"", ""pci_bus"": ""00000000:0C:00.0"", ""pcie"": ""Gen1 x1"", ""util_pct"": 0.0, ""power_w"": 55.75, ""vram_used_mib"": 5672.0}, {""index"": 4, ""name"": ""NVIDIA P104-100"", ""pci_bus"": ""00000000:0D:00.0"", ""pcie"": ""Gen1 x1"", ""util_pct"": 32.0, ""power_w"": 51.42, ""vram_used_mib"": 5740.0}, {""index"": 5, ""name"": ""NVIDIA P104-100"", ""pci_bus"": ""00000000:0E:00.0"", ""pcie"": ""Gen1 x1"", ""util_pct"": 79.0, ""power_w"": 98.87, ""vram_used_mib"": 6276.0}]"
2026-08-16T15:06:07.151607+03:00,1786881967.151607,ctx_016384.txt,1,1,prefill,47.339593114241005,"[51.724137931034484, 16.5625, 21.49532710280374, 100.0]",15875.55078125,7629.58203125,8245.96875,48.0586918613306,24575.99609375,430.14453125,1.7502628565252394,"[{""index"": 0, ""name"": ""NVIDIA P104-100"", ""pci_bus"": ""00000000:01:00.0"", ""pcie"": ""Gen1 x1"", ""util_pct"": 13.0, ""power_w"": 145.96, ""vram_used_mib"": 6088.0}, {""index"": 1, ""name"": ""NVIDIA P104-100"", ""pci_bus"": ""00000000:02:00.0"", ""pcie"": ""Gen1 x1"", ""util_pct"": 0.0, ""power_w"": 54.39, ""vram_used_mib"": 4710.0}, {""index"": 2, ""name"": ""NVIDIA P104-100"", ""pci_bus"": ""00000000:0A:00.0"", ""pcie"": ""Gen1 x1"", ""util_pct"": 0.0, ""power_w"": 51.05, ""vram_used_mib"": 5926.0}, {""index"": 3, ""name"": ""NVIDIA P104-100"", ""pci_bus"": ""00000000:0C:00.0"", ""pcie"": ""Gen1 x1"", ""util_pct"": 0.0, ""power_w"": 55.35, ""vram_used_mib"": 5672.0}, {""index"": 4, ""name"": ""NVIDIA P104-100"", ""pci_bus"": ""00000000:0D:00.0"", ""pcie"": ""Gen1 x1"", ""util_pct"": 0.0, ""power_w"": 50.91, ""vram_used_mib"": 5740.0}, {""index"": 5, ""name"": ""NVIDIA P104-100"", ""pci_bus"": ""00000000:0E:00.0"", ""pcie"": ""Gen1 x1"", ""util_pct"": 56.0, ""power_w"": 51.46, ""vram_used_mib"": 6276.0}]"
2026-08-16T15:06:09.287043+03:00,1786881969.287043,ctx_016384.txt,1,1,prefill,44.470588235294116,"[32.22748815165877, 18.39622641509434, 26.760563380281692, 100.0]",15875.55078125,7545.34375,8330.20703125,47.52807542848538,24575.99609375,430.14453125,1.7502628565252394,"[{""index"": 0, ""name"": ""NVIDIA P104-100"", ""pci_bus"": ""00000000:01:00.0"", ""pcie"": ""Gen1 x1"", ""util_pct"": 98.0, ""power_w"": 164.64, ""vram_used_mib"": 6088.0}, {""index"": 1, ""name"": ""NVIDIA P104-100"", ""pci_bus"": ""00000000:02:00.0"", ""pcie"": ""Gen1 x1"", ""util_pct"": 86.0, ""power_w"": 172.94, ""vram_used_mib"": 4710.0}, {""index"": 2, ""name"": ""NVIDIA P104-100"", ""pci_bus"": ""00000000:0A:00.0"", ""pcie"": ""Gen1 x1"", ""util_pct"": 95.0, ""power_w"": 175.57, ""vram_used_mib"": 5926.0}, {""index"": 3, ""name"": ""NVIDIA P104-100"", ""pci_bus"": ""00000000:0C:00.0"", ""pcie"": ""Gen1 x1"", ""util_pct"": 92.0, ""power_w"": 179.72, ""vram_used_mib"": 5672.0}, {""index"": 4, ""name"": ""NVIDIA P104-100"", ""pci_bus"": ""00000000:0D:00.0"", ""pcie"": ""Gen1 x1"", ""util_pct"": 92.0, ""power_w"": 188.16, ""vram_used_mib"": 5740.0}, {""index"": 5, ""name"": ""NVIDIA P104-100"", ""pci_bus"": ""00000000:0E:00.0"", ""pcie"": ""Gen1 x1"", ""util_pct"": 57.0, ""power_w"": 88.59, ""vram_used_mib"": 6276.0}]"
2026-08-16T15:06:11.432440+03:00,1786881971.432440,ctx_016384.txt,1,1,prefill,45.25205158264947,"[29.577464788732396, 27.230046948356808, 23.943661971830984, 100.0]",15875.55078125,7625.2265625,8250.32421875,48.03125678956513,24575.99609375,430.14453125,1.7502628565252394,"[{""index"": 0, ""name"": ""NVIDIA P104-100"", ""pci_bus"": ""00000000:01:00.0"", ""pcie"": ""Gen1 x1"", ""util_pct"": 98.0, ""power_w"": 168.64, ""vram_used_mib"": 6088.0}, {""index"": 1, ""name"": ""NVIDIA P104-100"", ""pci_bus"": ""00000000:02:00.0"", ""pcie"": ""Gen1 x1"", ""util_pct"": 85.0, ""power_w"": 181.54, ""vram_used_mib"": 4710.0}, {""index"": 2, ""name"": ""NVIDIA P104-100"", ""pci_bus"": ""00000000:0A:00.0"", ""pcie"": ""Gen1 x1"", ""util_pct"": 96.0, ""power_w"": 178.15, ""vram_used_mib"": 5926.0}, {""index"": 3, ""name"": ""NVIDIA P104-100"", ""pci_bus"": ""00000000:0C:00.0"", ""pcie"": ""Gen1 x1"", ""util_pct"": 92.0, ""power_w"": 185.32, ""vram_used_mib"": 5672.0}, {""index"": 4, ""name"": ""NVIDIA P104-100"", ""pci_bus"": ""00000000:0D:00.0"", ""pcie"": ""Gen1 x1"", ""util_pct"": 92.0, ""power_w"": 178.1, ""vram_used_mib"": 5740.0}, {""index"": 5, ""name"": ""NVIDIA P104-100"", ""pci_bus"": ""00000000:0E:00.0"", ""pcie"": ""Gen1 x1"", ""util_pct"": 59.0, ""power_w"": 69.34, ""vram_used_mib"": 6276.0}]"
2026-08-16T15:06:13.634277+03:00,1786881973.634277,ctx_016384.txt,1,1,prefill,44.64692482915718,"[25.90909090909091, 24.09090909090909, 28.110599078341014, 100.0]",15875.55078125,7762.82421875,8112.7265625,48.8979836083443,24575.99609375,430.14453125,1.7502628565252394,"[{""index"": 0, ""name"": ""NVIDIA P104-100"", ""pci_bus"": ""00000000:01:00.0"", ""pcie"": ""Gen1 x1"", ""util_pct"": 98.0, ""power_w"": 171.31, ""vram_used_mib"": 6088.0}, {""index"": 1, ""name"": ""NVIDIA P104-100"", ""pci_bus"": ""00000000:02:00.0"", ""pcie"": ""Gen1 x1"", ""util_pct"": 89.0, ""power_w"": 177.75, ""vram_used_mib"": 4710.0}, {""index"": 2, ""name"": ""NVIDIA P104-100"", ""pci_bus"": ""00000000:0A:00.0"", ""pcie"": ""Gen1 x1"", ""util_pct"": 97.0, ""power_w"": 171.65, ""vram_used_mib"": 5926.0}, {""index"": 3, ""name"": ""NVIDIA P104-100"", ""pci_bus"": ""00000000:0C:00.0"", ""pcie"": ""Gen1 x1"", ""util_pct"": 91.0, ""power_w"": 188.73, ""vram_used_mib"": 5672.0}, {""index"": 4, ""name"": ""NVIDIA P104-100"", ""pci_bus"": ""00000000:0D:00.0"", ""pcie"": ""Gen1 x1"", ""util_pct"": 89.0, ""power_w"": 133.26, ""vram_used_mib"": 5740.0}, {""index"": 5, ""name"": ""NVIDIA P104-100"", ""pci_bus"": ""00000000:0E:00.0"", ""pcie"": ""Gen1 x1"", ""util_pct"": 59.0, ""power_w"": 61.02, ""vram_used_mib"": 6276.0}]"
2026-08-16T15:06:15.860288+03:00,1786881975.860288,ctx_016384.txt,1,1,prefill,45.372460496613996,"[29.09090909090909, 24.43438914027149, 27.601809954751133, 100.0]",15875.55078125,7596.26171875,8279.2890625,47.84880741096335,24575.99609375,430.14453125,1.7502628565252394,"[{""index"": 0, ""name"": ""NVIDIA P104-100"", ""pci_bus"": ""00000000:01:00.0"", ""pcie"": ""Gen1 x1"", ""util_pct"": 0.0, ""power_w"": 52.5, ""vram_used_mib"": 6088.0}, {""index"": 1, ""name"": ""NVIDIA P104-100"", ""pci_bus"": ""00000000:02:00.0"", ""pcie"": ""Gen1 x1"", ""util_pct"": 40.0, ""power_w"": 55.51, ""vram_used_mib"": 4710.0}, {""index"": 2, ""name"": ""NVIDIA P104-100"", ""pci_bus"": ""00000000:0A:00.0"", ""pcie"": ""Gen1 x1"", ""util_pct"": 80.0, ""power_w"": 53.74, ""vram_used_mib"": 5926.0}, {""index"": 3, ""name"": ""NVIDIA P104-100"", ""pci_bus"": ""00000000:0C:00.0"", ""pcie"": ""Gen1 x1"", ""util_pct"": 39.0, ""power_w"": 55.22, ""vram_used_mib"": 5672.0}, {""index"": 4, ""name"": ""NVIDIA P104-100"", ""pci_bus"": ""00000000:0D:00.0"", ""pcie"": ""Gen1 x1"", ""util_pct"": 93.0, ""power_w"": 59.87, ""vram_used_mib"": 5740.0}, {""index"": 5, ""name"": ""NVIDIA P104-100"", ""pci_bus"": ""00000000:0E:00.0"", ""pcie"": ""Gen1 x1"", ""util_pct"": 62.0, ""power_w"": 138.62, ""vram_used_mib"": 6276.0}]"
2026-08-16T15:06:18.016418+03:00,1786881978.016418,ctx_016384.txt,1,1,prefill,39.651162790697676,"[19.53488372093023, 18.6046511627907, 20.37037037037037, 100.0]",15875.55078125,7682.05859375,8193.4921875,48.38924141657487,24575.99609375,430.14453125,1.7502628565252394,"[{""index"": 0, ""name"": ""NVIDIA P104-100"", ""pci_bus"": ""00000000:01:00.0"", ""pcie"": ""Gen1 x1"", ""util_pct"": 0.0, ""power_w"": 52.27, ""vram_used_mib"": 6088.0}, {""index"": 1, ""name"": ""NVIDIA P104-100"", ""pci_bus"": ""00000000:02:00.0"", ""pcie"": ""Gen1 x1"", ""util_pct"": 0.0, ""power_w"": 51.95, ""vram_used_mib"": 4710.0}, {""index"": 2, ""name"": ""NVIDIA P104-100"", ""pci_bus"": ""00000000:0A:00.0"", ""pcie"": ""Gen1 x1"", ""util_pct"": 0.0, ""power_w"": 49.93, ""vram_used_mib"": 5926.0}, {""index"": 3, ""name"": ""NVIDIA P104-100"", ""pci_bus"": ""00000000:0C:00.0"", ""pcie"": ""Gen1 x1"", ""util_pct"": 0.0, ""power_w"": 55.36, ""vram_used_mib"": 5672.0}, {""index"": 4, ""name"": ""NVIDIA P104-100"", ""pci_bus"": ""00000000:0D:00.0"", ""pcie"": ""Gen1 x1"", ""util_pct"": 0.0, ""power_w"": 54.9, ""vram_used_mib"": 5740.0}, {""index"": 5, ""name"": ""NVIDIA P104-100"", ""pci_bus"": ""00000000:0E:00.0"", ""pcie"": ""Gen1 x1"", ""util_pct"": 98.0, ""power_w"": 95.9, ""vram_used_mib"": 6276.0}]"
2026-08-16T15:06:20.135580+03:00,1786881980.135580,ctx_016384.txt,1,1,prefill,40.780141843971634,"[16.587677725118482, 14.553990610328638, 31.753554502369667, 100.0]",15875.55078125,7873.25,8002.30078125,49.593554948019765,24575.99609375,430.140625,1.750246961950773,"[{""index"": 0, ""name"": ""NVIDIA P104-100"", ""pci_bus"": ""00000000:01:00.0"", ""pcie"": ""Gen1 x1"", ""util_pct"": 99.0, ""power_w"": 169.33, ""vram_used_mib"": 6088.0}, {""index"": 1, ""name"": ""NVIDIA P104-100"", ""pci_bus"": ""00000000:02:00.0"", ""pcie"": ""Gen1 x1"", ""util_pct"": 90.0, ""power_w"": 183.19, ""vram_used_mib"": 4710.0}, {""index"": 2, ""name"": ""NVIDIA P104-100"", ""pci_bus"": ""00000000:0A:00.0"", ""pcie"": ""Gen1 x1"", ""util_pct"": 97.0, ""power_w"": 184.1, ""vram_used_mib"": 5926.0}, {""index"": 3, ""name"": ""NVIDIA P104-100"", ""pci_bus"": ""00000000:0C:00.0"", ""pcie"": ""Gen1 x1"", ""util_pct"": 89.0, ""power_w"": 117.71, ""vram_used_mib"": 5672.0}, {""index"": 4, ""name"": ""NVIDIA P104-100"", ""pci_bus"": ""00000000:0D:00.0"", ""pcie"": ""Gen1 x1"", ""util_pct"": 93.0, ""power_w"": 99.69, ""vram_used_mib"": 5740.0}, {""index"": 5, ""name"": ""NVIDIA P104-100"", ""pci_bus"": ""00000000:0E:00.0"", ""pcie"": ""Gen1 x1"", ""util_pct"": 66.0, ""power_w"": 93.13, ""vram_used_mib"": 6276.0}]"
2026-08-16T15:06:22.386418+03:00,1786881982.386418,ctx_016384.txt,1,1,prefill,45.870535714285715,"[22.767857142857142, 26.576576576576578, 33.92857142857143, 100.0]",15875.55078125,7871.5,8004.05078125,49.582531708422515,24575.99609375,430.140625,1.750246961950773,"[{""index"": 0, ""name"": ""NVIDIA P104-100"", ""pci_bus"": ""00000000:01:00.0"", ""pcie"": ""Gen1 x1"", ""util_pct"": 99.0, ""power_w"": 144.69, ""vram_used_mib"": 6088.0}, {""index"": 1, ""name"": ""NVIDIA P104-100"", ""pci_bus"": ""00000000:02:00.0"", ""pcie"": ""Gen1 x1"", ""util_pct"": 89.0, ""power_w"": 153.65, ""vram_used_mib"": 4710.0}, {""index"": 2, ""name"": ""NVIDIA P104-100"", ""pci_bus"": ""00000000:0A:00.0"", ""pcie"": ""Gen1 x1"", ""util_pct"": 98.0, ""power_w"": 172.77, ""vram_used_mib"": 5926.0}, {""index"": 3, ""name"": ""NVIDIA P104-100"", ""pci_bus"": ""00000000:0C:00.0"", ""pcie"": ""Gen1 x1"", ""util_pct"": 92.0, ""power_w"": 167.04, ""vram_used_mib"": 5672.0}, {""index"": 4, ""name"": ""NVIDIA P104-100"", ""pci_bus"": ""00000000:0D:00.0"", ""pcie"": ""Gen1 x1"", ""util_pct"": 93.0, ""power_w"": 179.29, ""vram_used_mib"": 5740.0}, {""index"": 5, ""name"": ""NVIDIA P104-100"", ""pci_bus"": ""00000000:0E:00.0"", ""pcie"": ""Gen1 x1"", ""util_pct"": 63.0, ""power_w"": 168.02, ""vram_used_mib"": 6276.0}]"
2026-08-16T15:06:24.537525+03:00,1786881984.537525,ctx_016384.txt,1,1,prefill,44.85981308411215,"[25.58139534883721, 23.83177570093458, 30.373831775700936, 100.0]",15875.55078125,7819.3984375,8056.15234375,49.25434427594909,24575.99609375,430.140625,1.750246961950773,"[{""index"": 0, ""name"": ""NVIDIA P104-100"", ""pci_bus"": ""00000000:01:00.0"", ""pcie"": ""Gen1 x1"", ""util_pct"": 98.0, ""power_w"": 174.52, ""vram_used_mib"": 6088.0}, {""index"": 1, ""name"": ""NVIDIA P104-100"", ""pci_bus"": ""00000000:02:00.0"", ""pcie"": ""Gen1 x1"", ""util_pct"": 84.0, ""power_w"": 175.41, ""vram_used_mib"": 4710.0}, {""index"": 2, ""name"": ""NVIDIA P104-100"", ""pci_bus"": ""00000000:0A:00.0"", ""pcie"": ""Gen1 x1"", ""util_pct"": 97.0, ""power_w"": 178.08, ""vram_used_mib"": 5926.0}, {""index"": 3, ""name"": ""NVIDIA P104-100"", ""pci_bus"": ""00000000:0C:00.0"", ""pcie"": ""Gen1 x1"", ""util_pct"": 92.0, ""power_w"": 179.78, ""vram_used_mib"": 5672.0}, {""index"": 4, ""name"": ""NVIDIA P104-100"", ""pci_bus"": ""00000000:0D:00.0"", ""pcie"": ""Gen1 x1"", ""util_pct"": 89.0, ""power_w"": 187.55, ""vram_used_mib"": 5740.0}, {""index"": 5, ""name"": ""NVIDIA P104-100"", ""pci_bus"": ""00000000:0E:00.0"", ""pcie"": ""Gen1 x1"", ""util_pct"": 69.0, ""power_w"": 76.17, ""vram_used_mib"": 6276.0}]"
2026-08-16T15:06:26.700020+03:00,1786881986.700020,ctx_016384.txt,1,1,prefill,44.71544715447155,"[27.102803738317757, 21.12676056338028, 29.302325581395348, 100.0]",15875.55078125,7820.61328125,8054.9375,49.26199656950878,24575.99609375,430.140625,1.750246961950773,"[{""index"": 0, ""name"": ""NVIDIA P104-100"", ""pci_bus"": ""00000000:01:00.0"", ""pcie"": ""Gen1 x1"", ""util_pct"": 98.0, ""power_w"": 154.9, ""vram_used_mib"": 6088.0}, {""index"": 1, ""name"": ""NVIDIA P104-100"", ""pci_bus"": ""00000000:02:00.0"", ""pcie"": ""Gen1 x1"", ""util_pct"": 85.0, ""power_w"": 152.09, ""vram_used_mib"": 4710.0}, {""index"": 2, ""name"": ""NVIDIA P104-100"", ""pci_bus"": ""00000000:0A:00.0"", ""pcie"": ""Gen1 x1"", ""util_pct"": 97.0, ""power_w"": 159.52, ""vram_used_mib"": 5926.0}, {""index"": 3, ""name"": ""NVIDIA P104-100"", ""pci_bus"": ""00000000:0C:00.0"", ""pcie"": ""Gen1 x1"", ""util_pct"": 89.0, ""power_w"": 178.74, ""vram_used_mib"": 5672.0}, {""index"": 4, ""name"": ""NVIDIA P104-100"", ""pci_bus"": ""00000000:0D:00.0"", ""pcie"": ""Gen1 x1"", ""util_pct"": 89.0, ""power_w"": 172.76, ""vram_used_mib"": 5740.0}, {""index"": 5, ""name"": ""NVIDIA P104-100"", ""pci_bus"": ""00000000:0E:00.0"", ""pcie"": ""Gen1 x1"", ""util_pct"": 69.0, ""power_w"": 165.05, ""vram_used_mib"": 6276.0}]"
2026-08-16T15:06:28.938853+03:00,1786881988.938853,ctx_016384.txt,1,1,prefill,53.683035714285715,"[71.11111111111111, 20.089285714285715, 27.92792792792793, 95.51569506726457]",15875.55078125,7412.27734375,8463.2734375,46.68989092652051,24575.99609375,430.13671875,1.7502310673763064,"[{""index"": 0, ""name"": ""NVIDIA P104-100"", ""pci_bus"": ""00000000:01:00.0"", ""pcie"": ""Gen1 x1"", ""util_pct"": 0.0, ""power_w"": 52.6, ""vram_used_mib"": 6088.0}, {""index"": 1, ""name"": ""NVIDIA P104-100"", ""pci_bus"": ""00000000:02:00.0"", ""pcie"": ""Gen1 x1"", ""util_pct"": 0.0, ""power_w"": 55.0, ""vram_used_mib"": 4710.0}, {""index"": 2, ""name"": ""NVIDIA P104-100"", ""pci_bus"": ""00000000:0A:00.0"", ""pcie"": ""Gen1 x1"", ""util_pct"": 0.0, ""power_w"": 53.37, ""vram_used_mib"": 5926.0}, {""index"": 3, ""name"": ""NVIDIA P104-100"", ""pci_bus"": ""00000000:0C:00.0"", ""pcie"": ""Gen1 x1"", ""util_pct"": 0.0, ""power_w"": 55.57, ""vram_used_mib"": 5672.0}, {""index"": 4, ""name"": ""NVIDIA P104-100"", ""pci_bus"": ""00000000:0D:00.0"", ""pcie"": ""Gen1 x1"", ""util_pct"": 0.0, ""power_w"": 55.58, ""vram_used_mib"": 5740.0}, {""index"": 5, ""name"": ""NVIDIA P104-100"", ""pci_bus"": ""00000000:0E:00.0"", ""pcie"": ""Gen1 x1"", ""util_pct"": 0.0, ""power_w"": 51.71, ""vram_used_mib"": 6276.0}]"
2026-08-16T15:06:31.054894+03:00,1786881991.054894,ctx_016384.txt,1,1,prefill,38.57988165680474,"[18.48341232227488, 20.28301886792453, 15.639810426540285, 100.0]",15875.55078125,7972.72265625,7902.828125,50.22013261843031,24575.99609375,430.1328125,1.75021517280184,"[{""index"": 0, ""name"": ""NVIDIA P104-100"", ""pci_bus"": ""00000000:01:00.0"", ""pcie"": ""Gen1 x1"", ""util_pct"": 0.0, ""power_w"": 52.17, ""vram_used_mib"": 6088.0}, {""index"": 1, ""name"": ""NVIDIA P104-100"", ""pci_bus"": ""00000000:02:00.0"", ""pcie"": ""Gen1 x1"", ""util_pct"": 0.0, ""power_w"": 54.78, ""vram_used_mib"": 4710.0}, {""index"": 2, ""name"": ""NVIDIA P104-100"", ""pci_bus"": ""00000000:0A:00.0"", ""pcie"": ""Gen1 x1"", ""util_pct"": 0.0, ""power_w"": 51.25, ""vram_used_mib"": 5926.0}, {""index"": 3, ""name"": ""NVIDIA P104-100"", ""pci_bus"": ""00000000:0C:00.0"", ""pcie"": ""Gen1 x1"", ""util_pct"": 0.0, ""power_w"": 56.58, ""vram_used_mib"": 5672.0}, {""index"": 4, ""name"": ""NVIDIA P104-100"", ""pci_bus"": ""00000000:0D:00.0"", ""pcie"": ""Gen1 x1"", ""util_pct"": 0.0, ""power_w"": 53.22, ""vram_used_mib"": 5740.0}, {""index"": 5, ""name"": ""NVIDIA P104-100"", ""pci_bus"": ""00000000:0E:00.0"", ""pcie"": ""Gen1 x1"", ""util_pct"": 98.0, ""power_w"": 102.77, ""vram_used_mib"": 6276.0}]"
2026-08-16T15:06:33.190862+03:00,1786881993.190862,ctx_016384.txt,1,1,prefill,39.294117647058826,"[18.779342723004696, 17.061611374407583, 21.12676056338028, 100.0]",15875.55078125,8042.12109375,7833.4296875,50.65727296370869,24575.99609375,430.1328125,1.75021517280184,"[{""index"": 0, ""name"": ""NVIDIA P104-100"", ""pci_bus"": ""00000000:01:00.0"", ""pcie"": ""Gen1 x1"", ""util_pct"": 98.0, ""power_w"": 159.74, ""vram_used_mib"": 6088.0}, {""index"": 1, ""name"": ""NVIDIA P104-100"", ""pci_bus"": ""00000000:02:00.0"", ""pcie"": ""Gen1 x1"", ""util_pct"": 82.0, ""power_w"": 174.57, ""vram_used_mib"": 4710.0}, {""index"": 2, ""name"": ""NVIDIA P104-100"", ""pci_bus"": ""00000000:0A:00.0"", ""pcie"": ""Gen1 x1"", ""util_pct"": 96.0, ""power_w"": 176.68, ""vram_used_mib"": 5926.0}, {""index"": 3, ""name"": ""NVIDIA P104-100"", ""pci_bus"": ""00000000:0C:00.0"", ""pcie"": ""Gen1 x1"", ""util_pct"": 91.0, ""power_w"": 190.73, ""vram_used_mib"": 5672.0}, {""index"": 4, ""name"": ""NVIDIA P104-100"", ""pci_bus"": ""00000000:0D:00.0"", ""pcie"": ""Gen1 x1"", ""util_pct"": 38.0, ""power_w"": 176.26, ""vram_used_mib"": 5740.0}, {""index"": 5, ""name"": ""NVIDIA P104-100"", ""pci_bus"": ""00000000:0E:00.0"", ""pcie"": ""Gen1 x1"", ""util_pct"": 46.0, ""power_w"": 104.22, ""vram_used_mib"": 6276.0}]"
2026-08-16T15:06:35.344239+03:00,1786881995.344239,ctx_016384.txt,1,1,prefill,43.70629370629371,"[23.83177570093458, 22.897196261682243, 27.906976744186046, 100.0]",15875.55078125,8017.98046875,7857.5703125,50.50521131033594,24575.99609375,430.1328125,1.75021517280184,"[{""index"": 0, ""name"": ""NVIDIA P104-100"", ""pci_bus"": ""00000000:01:00.0"", ""pcie"": ""Gen1 x1"", ""util_pct"": 98.0, ""power_w"": 148.23, ""vram_used_mib"": 6088.0}, {""index"": 1, ""name"": ""NVIDIA P104-100"", ""pci_bus"": ""00000000:02:00.0"", ""pcie"": ""Gen1 x1"", ""util_pct"": 83.0, ""power_w"": 152.79, ""vram_used_mib"": 4710.0}, {""index"": 2, ""name"": ""NVIDIA P104-100"", ""pci_bus"": ""00000000:0A:00.0"", ""pcie"": ""Gen1 x1"", ""util_pct"": 97.0, ""power_w"": 167.24, ""vram_used_mib"": 5926.0}, {""index"": 3, ""name"": ""NVIDIA P104-100"", ""pci_bus"": ""00000000:0C:00.0"", ""pcie"": ""Gen1 x1"", ""util_pct"": 92.0, ""power_w"": 170.09, ""vram_used_mib"": 5672.0}, {""index"": 4, ""name"": ""NVIDIA P104-100"", ""pci_bus"": ""00000000:0D:00.0"", ""pcie"": ""Gen1 x1"", ""util_pct"": 92.0, ""power_w"": 175.36, ""vram_used_mib"": 5740.0}, {""index"": 5, ""name"": ""NVIDIA P104-100"", ""pci_bus"": ""00000000:0E:00.0"", ""pcie"": ""Gen1 x1"", ""util_pct"": 68.0, ""power_w"": 162.55, ""vram_used_mib"": 6276.0}]"
2026-08-16T15:06:37.558210+03:00,1786881997.558210,ctx_016384.txt,1,1,prefill,44.67120181405895,"[29.86425339366516, 20.091324200913242, 27.85388127853881, 100.0]",15875.55078125,8000.4453125,7875.10546875,50.394757465353685,24575.99609375,430.1328125,1.75021517280184,"[{""index"": 0, ""name"": ""NVIDIA P104-100"", ""pci_bus"": ""00000000:01:00.0"", ""pcie"": ""Gen1 x1"", ""util_pct"": 98.0, ""power_w"": 167.84, ""vram_used_mib"": 6088.0}, {""index"": 1, ""name"": ""NVIDIA P104-100"", ""pci_bus"": ""00000000:02:00.0"", ""pcie"": ""Gen1 x1"", ""util_pct"": 88.0, ""power_w"": 99.35, ""vram_used_mib"": 4710.0}, {""index"": 2, ""name"": ""NVIDIA P104-100"", ""pci_bus"": ""00000000:0A:00.0"", ""pcie"": ""Gen1 x1"", ""util_pct"": 97.0, ""power_w"": 136.03, ""vram_used_mib"": 5926.0}, {""index"": 3, ""name"": ""NVIDIA P104-100"", ""pci_bus"": ""00000000:0C:00.0"", ""pcie"": ""Gen1 x1"", ""util_pct"": 92.0, ""power_w"": 145.29, ""vram_used_mib"": 5672.0}, {""index"": 4, ""name"": ""NVIDIA P104-100"", ""pci_bus"": ""00000000:0D:00.0"", ""pcie"": ""Gen1 x1"", ""util_pct"": 90.0, ""power_w"": 170.96, ""vram_used_mib"": 5740.0}, {""index"": 5, ""name"": ""NVIDIA P104-100"", ""pci_bus"": ""00000000:0E:00.0"", ""pcie"": ""Gen1 x1"", ""util_pct"": 65.0, ""power_w"": 161.52, ""vram_used_mib"": 6276.0}]"
2026-08-16T15:06:39.833576+03:00,1786881999.833576,ctx_016384.txt,1,1,prefill,45.31422271223815,"[26.991150442477878, 29.07488986784141, 25.221238938053098, 100.0]",15875.55078125,7987.203125,7888.34765625,50.31134500500844,24575.99609375,430.1328125,1.75021517280184,"[{""index"": 0, ""name"": ""NVIDIA P104-100"", ""pci_bus"": ""00000000:01:00.0"", ""pcie"": ""Gen1 x1"", ""util_pct"": 98.0, ""power_w"": 162.77, ""vram_used_mib"": 6088.0}, {""index"": 1, ""name"": ""NVIDIA P104-100"", ""pci_bus"": ""00000000:02:00.0"", ""pcie"": ""Gen1 x1"", ""util_pct"": 87.0, ""power_w"": 81.47, ""vram_used_mib"": 4710.0}, {""index"": 2, ""name"": ""NVIDIA P104-100"", ""pci_bus"": ""00000000:0A:00.0"", ""pcie"": ""Gen1 x1"", ""util_pct"": 98.0, ""power_w"": 136.78, ""vram_used_mib"": 5926.0}, {""index"": 3, ""name"": ""NVIDIA P104-100"", ""pci_bus"": ""00000000:0C:00.0"", ""pcie"": ""Gen1 x1"", ""util_pct"": 92.0, ""power_w"": 148.51, ""vram_used_mib"": 5672.0}, {""index"": 4, ""name"": ""NVIDIA P104-100"", ""pci_bus"": ""00000000:0D:00.0"", ""pcie"": ""Gen1 x1"", ""util_pct"": 93.0, ""power_w"": 169.25, ""vram_used_mib"": 5740.0}, {""index"": 5, ""name"": ""NVIDIA P104-100"", ""pci_bus"": ""00000000:0E:00.0"", ""pcie"": ""Gen1 x1"", ""util_pct"": 68.0, ""power_w"": 164.12, ""vram_used_mib"": 6276.0}]"
2026-08-16T15:06:42.033436+03:00,1786882002.033436,ctx_016384.txt,1,1,prefill,45.25714285714286,"[26.940639269406393, 25.68807339449541, 28.506787330316744, 100.0]",15875.55078125,7995.21875,7880.33203125,50.36183537923512,24575.99609375,430.1328125,1.75021517280184,"[{""index"": 0, ""name"": ""NVIDIA P104-100"", ""pci_bus"": ""00000000:01:00.0"", ""pcie"": ""Gen1 x1"", ""util_pct"": 99.0, ""power_w"": 146.4, ""vram_used_mib"": 6088.0}, {""index"": 1, ""name"": ""NVIDIA P104-100"", ""pci_bus"": ""00000000:02:00.0"", ""pcie"": ""Gen1 x1"", ""util_pct"": 87.0, ""power_w"": 150.9, ""vram_used_mib"": 4710.0}, {""index"": 2, ""name"": ""NVIDIA P104-100"", ""pci_bus"": ""00000000:0A:00.0"", ""pcie"": ""Gen1 x1"", ""util_pct"": 98.0, ""power_w"": 159.93, ""vram_used_mib"": 5926.0}, {""index"": 3, ""name"": ""NVIDIA P104-100"", ""pci_bus"": ""00000000:0C:00.0"", ""pcie"": ""Gen1 x1"", ""util_pct"": 92.0, ""power_w"": 186.73, ""vram_used_mib"": 5672.0}, {""index"": 4, ""name"": ""NVIDIA P104-100"", ""pci_bus"": ""00000000:0D:00.0"", ""pcie"": ""Gen1 x1"", ""util_pct"": 92.0, ""power_w"": 183.72, ""vram_used_mib"": 5740.0}, {""index"": 5, ""name"": ""NVIDIA P104-100"", ""pci_bus"": ""00000000:0E:00.0"", ""pcie"": ""Gen1 x1"", ""util_pct"": 67.0, ""power_w"": 127.61, ""vram_used_mib"": 6276.0}]"
2026-08-16T15:06:44.206043+03:00,1786882004.206043,ctx_016384.txt,1,1,prefill,41.40715109573241,"[18.055555555555557, 26.85185185185185, 20.46511627906977, 99.54128440366972]",15875.55078125,8130.125,7745.42578125,51.211609046044416,24575.99609375,430.12890625,1.7501992782273734,"[{""index"": 0, ""name"": ""NVIDIA P104-100"", ""pci_bus"": ""00000000:01:00.0"", ""pcie"": ""Gen1 x1"", ""util_pct"": 0.0, ""power_w"": 52.37, ""vram_used_mib"": 6088.0}, {""index"": 1, ""name"": ""NVIDIA P104-100"", ""pci_bus"": ""00000000:02:00.0"", ""pcie"": ""Gen1 x1"", ""util_pct"": 0.0, ""power_w"": 54.14, ""vram_used_mib"": 4710.0}, {""index"": 2, ""name"": ""NVIDIA P104-100"", ""pci_bus"": ""00000000:0A:00.0"", ""pcie"": ""Gen1 x1"", ""util_pct"": 0.0, ""power_w"": 50.36, ""vram_used_mib"": 5926.0}, {""index"": 3, ""name"": ""NVIDIA P104-100"", ""pci_bus"": ""00000000:0C:00.0"", ""pcie"": ""Gen1 x1"", ""util_pct"": 0.0, ""power_w"": 56.81, ""vram_used_mib"": 5672.0}, {""index"": 4, ""name"": ""NVIDIA P104-100"", ""pci_bus"": ""00000000:0D:00.0"", ""pcie"": ""Gen1 x1"", ""util_pct"": 0.0, ""power_w"": 54.81, ""vram_used_mib"": 5740.0}, {""index"": 5, ""name"": ""NVIDIA P104-100"", ""pci_bus"": ""00000000:0E:00.0"", ""pcie"": ""Gen1 x1"", ""util_pct"": 85.0, ""power_w"": 101.85, ""vram_used_mib"": 6276.0}]"
2026-08-16T15:06:46.325898+03:00,1786882006.325898,ctx_016384.txt,1,1,prefill,38.4160756501182,"[13.679245283018869, 29.245283018867923, 10.849056603773585, 100.0]",15875.55078125,8157.43359375,7718.1171875,51.38362571574165,24575.99609375,430.125,1.750183383652907,"[{""index"": 0, ""name"": ""NVIDIA P104-100"", ""pci_bus"": ""00000000:01:00.0"", ""pcie"": ""Gen1 x1"", ""util_pct"": 0.0, ""power_w"": 52.27, ""vram_used_mib"": 6088.0}, {""index"": 1, ""name"": ""NVIDIA P104-100"", ""pci_bus"": ""00000000:02:00.0"", ""pcie"": ""Gen1 x1"", ""util_pct"": 0.0, ""power_w"": 53.89, ""vram_used_mib"": 4710.0}, {""index"": 2, ""name"": ""NVIDIA P104-100"", ""pci_bus"": ""00000000:0A:00.0"", ""pcie"": ""Gen1 x1"", ""util_pct"": 0.0, ""power_w"": 50.03, ""vram_used_mib"": 5926.0}, {""index"": 3, ""name"": ""NVIDIA P104-100"", ""pci_bus"": ""00000000:0C:00.0"", ""pcie"": ""Gen1 x1"", ""util_pct"": 0.0, ""power_w"": 56.58, ""vram_used_mib"": 5672.0}, {""index"": 4, ""name"": ""NVIDIA P104-100"", ""pci_bus"": ""00000000:0D:00.0"", ""pcie"": ""Gen1 x1"", ""util_pct"": 0.0, ""power_w"": 54.58, ""vram_used_mib"": 5740.0}, {""index"": 5, ""name"": ""NVIDIA P104-100"", ""pci_bus"": ""00000000:0E:00.0"", ""pcie"": ""Gen1 x1"", ""util_pct"": 98.0, ""power_w"": 89.61, ""vram_used_mib"": 6276.0}]"
2026-08-16T15:06:48.446414+03:00,1786882008.446414,ctx_016384.txt,1,1,prefill,41.77514792899408,"[11.428571428571429, 27.96208530805687, 27.01421800947867, 100.0]",15875.55078125,8182.25390625,7693.296875,51.53996871663655,24575.99609375,421.171875,1.7137530189757377,"[{""index"": 0, ""name"": ""NVIDIA P104-100"", ""pci_bus"": ""00000000:01:00.0"", ""pcie"": ""Gen1 x1"", ""util_pct"": 98.0, ""power_w"": 166.59, ""vram_used_mib"": 6088.0}, {""index"": 1, ""name"": ""NVIDIA P104-100"", ""pci_bus"": ""00000000:02:00.0"", ""pcie"": ""Gen1 x1"", ""util_pct"": 85.0, ""power_w"": 179.95, ""vram_used_mib"": 4710.0}, {""index"": 2, ""name"": ""NVIDIA P104-100"", ""pci_bus"": ""00000000:0A:00.0"", ""pcie"": ""Gen1 x1"", ""util_pct"": 97.0, ""power_w"": 180.11, ""vram_used_mib"": 5926.0}, {""index"": 3, ""name"": ""NVIDIA P104-100"", ""pci_bus"": ""00000000:0C:00.0"", ""pcie"": ""Gen1 x1"", ""util_pct"": 90.0, ""power_w"": 183.23, ""vram_used_mib"": 5672.0}, {""index"": 4, ""name"": ""NVIDIA P104-100"", ""pci_bus"": ""00000000:0D:00.0"", ""pcie"": ""Gen1 x1"", ""util_pct"": 93.0, ""power_w"": 176.42, ""vram_used_mib"": 5740.0}, {""index"": 5, ""name"": ""NVIDIA P104-100"", ""pci_bus"": ""00000000:0E:00.0"", ""pcie"": ""Gen1 x1"", ""util_pct"": 66.0, ""power_w"": 79.42, ""vram_used_mib"": 6276.0}]"
2026-08-16T15:06:50.589255+03:00,1786882010.589255,ctx_016384.txt,1,1,decode,42.38875878220141,"[24.88262910798122, 22.641509433962263, 21.86046511627907, 100.0]",15875.55078125,8147.671875,7727.87890625,51.322136707363256,24575.99609375,421.16796875,1.7137371244012714,"[{""index"": 0, ""name"": ""NVIDIA P104-100"", ""pci_bus"": ""00000000:01:00.0"", ""pcie"": ""Gen1 x1"", ""util_pct"": 0.0, ""power_w"": 52.6, ""vram_used_mib"": 6088.0}, {""index"": 1, ""name"": ""NVIDIA P104-100"", ""pci_bus"": ""00000000:02:00.0"", ""pcie"": ""Gen1 x1"", ""util_pct"": 0.0, ""power_w"": 55.11, ""vram_used_mib"": 4710.0}, {""index"": 2, ""name"": ""NVIDIA P104-100"", ""pci_bus"": ""00000000:0A:00.0"", ""pcie"": ""Gen1 x1"", ""util_pct"": 38.0, ""power_w"": 52.97, ""vram_used_mib"": 5926.0}, {""index"": 3, ""name"": ""NVIDIA P104-100"", ""pci_bus"": ""00000000:0C:00.0"", ""pcie"": ""Gen1 x1"", ""util_pct"": 40.0, ""power_w"": 57.15, ""vram_used_mib"": 5672.0}, {""index"": 4, ""name"": ""NVIDIA P104-100"", ""pci_bus"": ""00000000:0D:00.0"", ""pcie"": ""Gen1 x1"", ""util_pct"": 41.0, ""power_w"": 55.06, ""vram_used_mib"": 5740.0}, {""index"": 5, ""name"": ""NVIDIA P104-100"", ""pci_bus"": ""00000000:0E:00.0"", ""pcie"": ""Gen1 x1"", ""util_pct"": 59.0, ""power_w"": 89.13, ""vram_used_mib"": 6276.0}]"
2026-08-16T15:06:52.711158+03:00,1786882012.711158,ctx_016384.txt,1,1,decode,53.199052132701425,"[71.56398104265404, 25.0, 16.587677725118482, 100.0]",15875.55078125,8159.29296875,7716.2578125,51.39533790781373,24575.99609375,421.16796875,1.7137371244012714,"[{""index"": 0, ""name"": ""NVIDIA P104-100"", ""pci_bus"": ""00000000:01:00.0"", ""pcie"": ""Gen1 x1"", ""util_pct"": 47.0, ""power_w"": 53.19, ""vram_used_mib"": 6088.0}, {""index"": 1, ""name"": ""NVIDIA P104-100"", ""pci_bus"": ""00000000:02:00.0"", ""pcie"": ""Gen1 x1"", ""util_pct"": 3.0, ""power_w"": 134.64, ""vram_used_mib"": 4710.0}, {""index"": 2, ""name"": ""NVIDIA P104-100"", ""pci_bus"": ""00000000:0A:00.0"", ""pcie"": ""Gen1 x1"", ""util_pct"": 4.0, ""power_w"": 69.27, ""vram_used_mib"": 5926.0}, {""index"": 3, ""name"": ""NVIDIA P104-100"", ""pci_bus"": ""00000000:0C:00.0"", ""pcie"": ""Gen1 x1"", ""util_pct"": 4.0, ""power_w"": 56.79, ""vram_used_mib"": 5672.0}, {""index"": 4, ""name"": ""NVIDIA P104-100"", ""pci_bus"": ""00000000:0D:00.0"", ""pcie"": ""Gen1 x1"", ""util_pct"": 4.0, ""power_w"": 54.73, ""vram_used_mib"": 5740.0}, {""index"": 5, ""name"": ""NVIDIA P104-100"", ""pci_bus"": ""00000000:0E:00.0"", ""pcie"": ""Gen1 x1"", ""util_pct"": 81.0, ""power_w"": 51.81, ""vram_used_mib"": 6276.0}]"
2026-08-16T15:06:54.827590+03:00,1786882014.827590,ctx_016384.txt,1,1,decode,38.53427895981088,"[1.9047619047619047, 29.523809523809526, 21.80094786729858, 100.0]",15875.55078125,8408.265625,7467.28515625,52.96361518953206,24575.99609375,421.16015625,1.7137053352523384,"[{""index"": 0, ""name"": ""NVIDIA P104-100"", ""pci_bus"": ""00000000:01:00.0"", ""pcie"": ""Gen1 x1"", ""util_pct"": 21.0, ""power_w"": 52.35, ""vram_used_mib"": 6088.0}, {""index"": 1, ""name"": ""NVIDIA P104-100"", ""pci_bus"": ""00000000:02:00.0"", ""pcie"": ""Gen1 x1"", ""util_pct"": 18.0, ""power_w"": 55.0, ""vram_used_mib"": 4710.0}, {""index"": 2, ""name"": ""NVIDIA P104-100"", ""pci_bus"": ""00000000:0A:00.0"", ""pcie"": ""Gen1 x1"", ""util_pct"": 20.0, ""power_w"": 52.74, ""vram_used_mib"": 5926.0}, {""index"": 3, ""name"": ""NVIDIA P104-100"", ""pci_bus"": ""00000000:0C:00.0"", ""pcie"": ""Gen1 x1"", ""util_pct"": 7.0, ""power_w"": 53.2, ""vram_used_mib"": 5672.0}, {""index"": 4, ""name"": ""NVIDIA P104-100"", ""pci_bus"": ""00000000:0D:00.0"", ""pcie"": ""Gen1 x1"", ""util_pct"": 19.0, ""power_w"": 54.26, ""vram_used_mib"": 5740.0}, {""index"": 5, ""name"": ""NVIDIA P104-100"", ""pci_bus"": ""00000000:0E:00.0"", ""pcie"": ""Gen1 x1"", ""util_pct"": 40.0, ""power_w"": 163.91, ""vram_used_mib"": 6276.0}]"
2026-08-16T15:06:57.012089+03:00,1786882017.012089,ctx_016384.txt,1,1,decode,40.689655172413794,"[18.34862385321101, 20.737327188940093, 24.200913242009133, 100.0]",15875.55078125,8358.27734375,7517.2734375,52.648739303090125,24575.99609375,421.15234375,1.7136735461034054,"[{""index"": 0, ""name"": ""NVIDIA P104-100"", ""pci_bus"": ""00000000:01:00.0"", ""pcie"": ""Gen1 x1"", ""util_pct"": 21.0, ""power_w"": 52.0, ""vram_used_mib"": 6088.0}, {""index"": 1, ""name"": ""NVIDIA P104-100"", ""pci_bus"": ""00000000:02:00.0"", ""pcie"": ""Gen1 x1"", ""util_pct"": 18.0, ""power_w"": 53.61, ""vram_used_mib"": 4710.0}, {""index"": 2, ""name"": ""NVIDIA P104-100"", ""pci_bus"": ""00000000:0A:00.0"", ""pcie"": ""Gen1 x1"", ""util_pct"": 20.0, ""power_w"": 53.42, ""vram_used_mib"": 5926.0}, {""index"": 3, ""name"": ""NVIDIA P104-100"", ""pci_bus"": ""00000000:0C:00.0"", ""pcie"": ""Gen1 x1"", ""util_pct"": 0.0, ""power_w"": 62.99, ""vram_used_mib"": 5672.0}, {""index"": 4, ""name"": ""NVIDIA P104-100"", ""pci_bus"": ""00000000:0D:00.0"", ""pcie"": ""Gen1 x1"", ""util_pct"": 19.0, ""power_w"": 132.63, ""vram_used_mib"": 5740.0}, {""index"": 5, ""name"": ""NVIDIA P104-100"", ""pci_bus"": ""00000000:0E:00.0"", ""pcie"": ""Gen1 x1"", ""util_pct"": 48.0, ""power_w"": 126.37, ""vram_used_mib"": 6276.0}]"
2026-08-16T15:06:59.169132+03:00,1786882019.169132,ctx_016384.txt,1,1,decode,40.76655052264808,"[20.46511627906977, 19.069767441860463, 23.83177570093458, 99.53703703703704]",15875.55078125,8405.5859375,7469.96484375,52.94673585389877,24575.99609375,421.15234375,1.7136735461034054,"[{""index"": 0, ""name"": ""NVIDIA P104-100"", ""pci_bus"": ""00000000:01:00.0"", ""pcie"": ""Gen1 x1"", ""util_pct"": 21.0, ""power_w"": 52.23, ""vram_used_mib"": 6088.0}, {""index"": 1, ""name"": ""NVIDIA P104-100"", ""pci_bus"": ""00000000:02:00.0"", ""pcie"": ""Gen1 x1"", ""util_pct"": 4.0, ""power_w"": 57.04, ""vram_used_mib"": 4710.0}, {""index"": 2, ""name"": ""NVIDIA P104-100"", ""pci_bus"": ""00000000:0A:00.0"", ""pcie"": ""Gen1 x1"", ""util_pct"": 1.0, ""power_w"": 95.61, ""vram_used_mib"": 5926.0}, {""index"": 3, ""name"": ""NVIDIA P104-100"", ""pci_bus"": ""00000000:0C:00.0"", ""pcie"": ""Gen1 x1"", ""util_pct"": 1.0, ""power_w"": 150.31, ""vram_used_mib"": 5672.0}, {""index"": 4, ""name"": ""NVIDIA P104-100"", ""pci_bus"": ""00000000:0D:00.0"", ""pcie"": ""Gen1 x1"", ""util_pct"": 19.0, ""power_w"": 52.58, ""vram_used_mib"": 5740.0}, {""index"": 5, ""name"": ""NVIDIA P104-100"", ""pci_bus"": ""00000000:0E:00.0"", ""pcie"": ""Gen1 x1"", ""util_pct"": 48.0, ""power_w"": 52.06, ""vram_used_mib"": 6276.0}]"
2026-08-16T15:07:01.301669+03:00,1786882021.301669,ctx_016384.txt,1,1,decode,39.60047003525264,"[21.12676056338028, 17.452830188679247, 19.626168224299064, 100.0]",15875.55078125,8368.50390625,7507.046875,52.71315635948655,24575.99609375,421.14453125,1.7136417569544724,"[{""index"": 0, ""name"": ""NVIDIA P104-100"", ""pci_bus"": ""00000000:01:00.0"", ""pcie"": ""Gen1 x1"", ""util_pct"": 21.0, ""power_w"": 83.0, ""vram_used_mib"": 6088.0}, {""index"": 1, ""name"": ""NVIDIA P104-100"", ""pci_bus"": ""00000000:02:00.0"", ""pcie"": ""Gen1 x1"", ""util_pct"": 0.0, ""power_w"": 163.29, ""vram_used_mib"": 4710.0}, {""index"": 2, ""name"": ""NVIDIA P104-100"", ""pci_bus"": ""00000000:0A:00.0"", ""pcie"": ""Gen1 x1"", ""util_pct"": 0.0, ""power_w"": 51.45, ""vram_used_mib"": 5926.0}, {""index"": 3, ""name"": ""NVIDIA P104-100"", ""pci_bus"": ""00000000:0C:00.0"", ""pcie"": ""Gen1 x1"", ""util_pct"": 19.0, ""power_w"": 53.22, ""vram_used_mib"": 5672.0}, {""index"": 4, ""name"": ""NVIDIA P104-100"", ""pci_bus"": ""00000000:0D:00.0"", ""pcie"": ""Gen1 x1"", ""util_pct"": 19.0, ""power_w"": 52.58, ""vram_used_mib"": 5740.0}, {""index"": 5, ""name"": ""NVIDIA P104-100"", ""pci_bus"": ""00000000:0E:00.0"", ""pcie"": ""Gen1 x1"", ""util_pct"": 48.0, ""power_w"": 52.4, ""vram_used_mib"": 6276.0}]"
2026-08-16T15:07:03.510096+03:00,1786882023.510096,ctx_016384.txt,1,1,decode,41.156462585034014,"[11.872146118721462, 20.90909090909091, 30.90909090909091, 100.0]",15875.55078125,8252.484375,7623.06640625,51.98235002181273,24575.99609375,421.14453125,1.7136417569544724,"[{""index"": 0, ""name"": ""NVIDIA P104-100"", ""pci_bus"": ""00000000:01:00.0"", ""pcie"": ""Gen1 x1"", ""util_pct"": 21.0, ""power_w"": 172.62, ""vram_used_mib"": 6088.0}, {""index"": 1, ""name"": ""NVIDIA P104-100"", ""pci_bus"": ""00000000:02:00.0"", ""pcie"": ""Gen1 x1"", ""util_pct"": 8.0, ""power_w"": 53.28, ""vram_used_mib"": 4710.0}, {""index"": 2, ""name"": ""NVIDIA P104-100"", ""pci_bus"": ""00000000:0A:00.0"", ""pcie"": ""Gen1 x1"", ""util_pct"": 13.0, ""power_w"": 50.33, ""vram_used_mib"": 5926.0}, {""index"": 3, ""name"": ""NVIDIA P104-100"", ""pci_bus"": ""00000000:0C:00.0"", ""pcie"": ""Gen1 x1"", ""util_pct"": 19.0, ""power_w"": 53.1, ""vram_used_mib"": 5672.0}, {""index"": 4, ""name"": ""NVIDIA P104-100"", ""pci_bus"": ""00000000:0D:00.0"", ""pcie"": ""Gen1 x1"", ""util_pct"": 19.0, ""power_w"": 52.51, ""vram_used_mib"": 5740.0}, {""index"": 5, ""name"": ""NVIDIA P104-100"", ""pci_bus"": ""00000000:0E:00.0"", ""pcie"": ""Gen1 x1"", ""util_pct"": 36.0, ""power_w"": 58.02, ""vram_used_mib"": 6276.0}]"
