timestamp_iso,epoch_s,file,active_slots,repeat,stage_hint,cpu_total_pct,cpu_per_core_pct_json,ram_total_mib,ram_used_mib,ram_available_mib,ram_used_pct,swap_total_mib,swap_used_mib,swap_used_pct,gpu_samples_json
2026-08-16T16:43:28.402834+03:00,1786887808.402834,ctx_000256.txt,1,1,outside,33.333333333333336,"[0.0, null, 0.0, null]",15875.55078125,3773.640625,12101.91015625,23.770139864734023,24575.99609375,367.640625,1.4959337704871132,"[{""index"": 0, ""name"": ""NVIDIA P104-100"", ""pci_bus"": ""00000000:01:00.0"", ""pcie"": ""Gen1 x1"", ""util_pct"": 18.0, ""power_w"": 48.92, ""vram_used_mib"": 7514.0}, {""index"": 1, ""name"": ""NVIDIA P104-100"", ""pci_bus"": ""00000000:02:00.0"", ""pcie"": ""Gen1 x1"", ""util_pct"": 17.0, ""power_w"": 43.14, ""vram_used_mib"": 7122.0}, {""index"": 2, ""name"": ""NVIDIA P104-100"", ""pci_bus"": ""00000000:0A:00.0"", ""pcie"": ""Gen1 x1"", ""util_pct"": 18.0, ""power_w"": 41.57, ""vram_used_mib"": 7862.0}, {""index"": 3, ""name"": ""NVIDIA P104-100"", ""pci_bus"": ""00000000:0C:00.0"", ""pcie"": ""Gen1 x1"", ""util_pct"": 9.0, ""power_w"": 49.8, ""vram_used_mib"": 7492.0}, {""index"": 4, ""name"": ""NVIDIA P104-100"", ""pci_bus"": ""00000000:0D:00.0"", ""pcie"": ""Gen1 x1"", ""util_pct"": 0.0, ""power_w"": 8.75, ""vram_used_mib"": 86.0}, {""index"": 5, ""name"": ""NVIDIA P104-100"", ""pci_bus"": ""00000000:0E:00.0"", ""pcie"": ""Gen1 x1"", ""util_pct"": 0.0, ""power_w"": 9.7, ""vram_used_mib"": 86.0}]"
2026-08-16T16:43:30.535607+03:00,1786887810.535607,ctx_000256.txt,1,1,prefill,53.003533568904594,"[99.05660377358491, 10.42654028436019, 73.11320754716981, 28.97196261682243]",15875.55078125,4637.84375,11237.70703125,29.213750211914398,24575.99609375,367.625,1.4958701921892472,"[{""index"": 0, ""name"": ""NVIDIA P104-100"", ""pci_bus"": ""00000000:01:00.0"", ""pcie"": ""Gen1 x1"", ""util_pct"": 78.0, ""power_w"": 51.87, ""vram_used_mib"": 7514.0}, {""index"": 1, ""name"": ""NVIDIA P104-100"", ""pci_bus"": ""00000000:02:00.0"", ""pcie"": ""Gen1 x1"", ""util_pct"": 0.0, ""power_w"": 53.28, ""vram_used_mib"": 7122.0}, {""index"": 2, ""name"": ""NVIDIA P104-100"", ""pci_bus"": ""00000000:0A:00.0"", ""pcie"": ""Gen1 x1"", ""util_pct"": 0.0, ""power_w"": 51.6, ""vram_used_mib"": 7862.0}, {""index"": 3, ""name"": ""NVIDIA P104-100"", ""pci_bus"": ""00000000:0C:00.0"", ""pcie"": ""Gen1 x1"", ""util_pct"": 53.0, ""power_w"": 54.63, ""vram_used_mib"": 7492.0}, {""index"": 4, ""name"": ""NVIDIA P104-100"", ""pci_bus"": ""00000000:0D:00.0"", ""pcie"": ""Gen1 x1"", ""util_pct"": 0.0, ""power_w"": 8.85, ""vram_used_mib"": 86.0}, {""index"": 5, ""name"": ""NVIDIA P104-100"", ""pci_bus"": ""00000000:0E:00.0"", ""pcie"": ""Gen1 x1"", ""util_pct"": 0.0, ""power_w"": 9.8, ""vram_used_mib"": 86.0}]"
2026-08-16T16:43:32.657529+03:00,1786887812.657529,ctx_000256.txt,1,1,decode,38.20754716981132,"[100.0, 16.9811320754717, 8.962264150943396, 27.142857142857142]",15875.55078125,4733.14453125,11142.40625,29.814049266499367,24575.99609375,367.59375,1.4957430355935153,"[{""index"": 0, ""name"": ""NVIDIA P104-100"", ""pci_bus"": ""00000000:01:00.0"", ""pcie"": ""Gen1 x1"", ""util_pct"": 0.0, ""power_w"": 142.91, ""vram_used_mib"": 7514.0}, {""index"": 1, ""name"": ""NVIDIA P104-100"", ""pci_bus"": ""00000000:02:00.0"", ""pcie"": ""Gen1 x1"", ""util_pct"": 0.0, ""power_w"": 53.26, ""vram_used_mib"": 7122.0}, {""index"": 2, ""name"": ""NVIDIA P104-100"", ""pci_bus"": ""00000000:0A:00.0"", ""pcie"": ""Gen1 x1"", ""util_pct"": 0.0, ""power_w"": 51.83, ""vram_used_mib"": 7862.0}, {""index"": 3, ""name"": ""NVIDIA P104-100"", ""pci_bus"": ""00000000:0C:00.0"", ""pcie"": ""Gen1 x1"", ""util_pct"": 99.0, ""power_w"": 54.88, ""vram_used_mib"": 7492.0}, {""index"": 4, ""name"": ""NVIDIA P104-100"", ""pci_bus"": ""00000000:0D:00.0"", ""pcie"": ""Gen1 x1"", ""util_pct"": 0.0, ""power_w"": 8.94, ""vram_used_mib"": 86.0}, {""index"": 5, ""name"": ""NVIDIA P104-100"", ""pci_bus"": ""00000000:0E:00.0"", ""pcie"": ""Gen1 x1"", ""util_pct"": 0.0, ""power_w"": 9.79, ""vram_used_mib"": 86.0}]"
2026-08-16T16:43:34.836557+03:00,1786887814.836557,ctx_000256.txt,1,1,decode,40.50632911392405,"[98.62385321100918, 14.285714285714286, 28.110599078341014, 19.81566820276498]",15875.55078125,4486.55859375,11388.9921875,28.260805911999608,24575.99609375,367.5625,1.4956158789977836,"[{""index"": 0, ""name"": ""NVIDIA P104-100"", ""pci_bus"": ""00000000:01:00.0"", ""pcie"": ""Gen1 x1"", ""util_pct"": 0.0, ""power_w"": 51.87, ""vram_used_mib"": 7514.0}, {""index"": 1, ""name"": ""NVIDIA P104-100"", ""pci_bus"": ""00000000:02:00.0"", ""pcie"": ""Gen1 x1"", ""util_pct"": 19.0, ""power_w"": 53.28, ""vram_used_mib"": 7122.0}, {""index"": 2, ""name"": ""NVIDIA P104-100"", ""pci_bus"": ""00000000:0A:00.0"", ""pcie"": ""Gen1 x1"", ""util_pct"": 81.0, ""power_w"": 50.86, ""vram_used_mib"": 7862.0}, {""index"": 3, ""name"": ""NVIDIA P104-100"", ""pci_bus"": ""00000000:0C:00.0"", ""pcie"": ""Gen1 x1"", ""util_pct"": 0.0, ""power_w"": 54.63, ""vram_used_mib"": 7492.0}, {""index"": 4, ""name"": ""NVIDIA P104-100"", ""pci_bus"": ""00000000:0D:00.0"", ""pcie"": ""Gen1 x1"", ""util_pct"": 0.0, ""power_w"": 8.85, ""vram_used_mib"": 86.0}, {""index"": 5, ""name"": ""NVIDIA P104-100"", ""pci_bus"": ""00000000:0E:00.0"", ""pcie"": ""Gen1 x1"", ""util_pct"": 0.0, ""power_w"": 9.55, ""vram_used_mib"": 86.0}]"
2026-08-16T16:43:36.977318+03:00,1786887816.977318,ctx_000256.txt,1,1,decode,39.976553341148886,"[100.0, 18.867924528301888, 20.560747663551403, 21.02803738317757]",15875.55078125,4672.3828125,11203.16796875,29.431311561286876,24575.99609375,367.54296875,1.495536406125451,"[{""index"": 0, ""name"": ""NVIDIA P104-100"", ""pci_bus"": ""00000000:01:00.0"", ""pcie"": ""Gen1 x1"", ""util_pct"": 24.0, ""power_w"": 48.91, ""vram_used_mib"": 7514.0}, {""index"": 1, ""name"": ""NVIDIA P104-100"", ""pci_bus"": ""00000000:02:00.0"", ""pcie"": ""Gen1 x1"", ""util_pct"": 25.0, ""power_w"": 50.04, ""vram_used_mib"": 7122.0}, {""index"": 2, ""name"": ""NVIDIA P104-100"", ""pci_bus"": ""00000000:0A:00.0"", ""pcie"": ""Gen1 x1"", ""util_pct"": 25.0, ""power_w"": 48.37, ""vram_used_mib"": 7862.0}, {""index"": 3, ""name"": ""NVIDIA P104-100"", ""pci_bus"": ""00000000:0C:00.0"", ""pcie"": ""Gen1 x1"", ""util_pct"": 25.0, ""power_w"": 137.57, ""vram_used_mib"": 7492.0}, {""index"": 4, ""name"": ""NVIDIA P104-100"", ""pci_bus"": ""00000000:0D:00.0"", ""pcie"": ""Gen1 x1"", ""util_pct"": 0.0, ""power_w"": 8.85, ""vram_used_mib"": 86.0}, {""index"": 5, ""name"": ""NVIDIA P104-100"", ""pci_bus"": ""00000000:0E:00.0"", ""pcie"": ""Gen1 x1"", ""util_pct"": 0.0, ""power_w"": 9.65, ""vram_used_mib"": 86.0}]"
2026-08-16T16:43:39.123980+03:00,1786887819.123980,ctx_000256.txt,1,1,decode,41.07351225204201,"[100.0, 20.560747663551403, 29.302325581395348, 14.553990610328638]",15875.55078125,4628.46875,11247.08203125,29.15469714264343,24575.99609375,367.515625,1.4954251441041857,"[{""index"": 0, ""name"": ""NVIDIA P104-100"", ""pci_bus"": ""00000000:01:00.0"", ""pcie"": ""Gen1 x1"", ""util_pct"": 9.0, ""power_w"": 49.01, ""vram_used_mib"": 7514.0}, {""index"": 1, ""name"": ""NVIDIA P104-100"", ""pci_bus"": ""00000000:02:00.0"", ""pcie"": ""Gen1 x1"", ""util_pct"": 5.0, ""power_w"": 50.42, ""vram_used_mib"": 7122.0}, {""index"": 2, ""name"": ""NVIDIA P104-100"", ""pci_bus"": ""00000000:0A:00.0"", ""pcie"": ""Gen1 x1"", ""util_pct"": 17.0, ""power_w"": 51.27, ""vram_used_mib"": 7862.0}, {""index"": 3, ""name"": ""NVIDIA P104-100"", ""pci_bus"": ""00000000:0C:00.0"", ""pcie"": ""Gen1 x1"", ""util_pct"": 22.0, ""power_w"": 89.89, ""vram_used_mib"": 7492.0}, {""index"": 4, ""name"": ""NVIDIA P104-100"", ""pci_bus"": ""00000000:0D:00.0"", ""pcie"": ""Gen1 x1"", ""util_pct"": 0.0, ""power_w"": 8.85, ""vram_used_mib"": 86.0}, {""index"": 5, ""name"": ""NVIDIA P104-100"", ""pci_bus"": ""00000000:0E:00.0"", ""pcie"": ""Gen1 x1"", ""util_pct"": 0.0, ""power_w"": 9.8, ""vram_used_mib"": 86.0}]"
2026-08-16T16:43:41.252684+03:00,1786887821.252684,ctx_000256.txt,1,1,decode,40.94117647058823,"[100.0, 13.744075829383887, 18.867924528301888, 30.660377358490567]",15875.55078125,4667.19140625,11208.359375,29.398610924178072,24575.99609375,367.48828125,1.4953138820829204,"[{""index"": 0, ""name"": ""NVIDIA P104-100"", ""pci_bus"": ""00000000:01:00.0"", ""pcie"": ""Gen1 x1"", ""util_pct"": 12.0, ""power_w"": 49.01, ""vram_used_mib"": 7514.0}, {""index"": 1, ""name"": ""NVIDIA P104-100"", ""pci_bus"": ""00000000:02:00.0"", ""pcie"": ""Gen1 x1"", ""util_pct"": 10.0, ""power_w"": 49.97, ""vram_used_mib"": 7122.0}, {""index"": 2, ""name"": ""NVIDIA P104-100"", ""pci_bus"": ""00000000:0A:00.0"", ""pcie"": ""Gen1 x1"", ""util_pct"": 12.0, ""power_w"": 48.73, ""vram_used_mib"": 7862.0}, {""index"": 3, ""name"": ""NVIDIA P104-100"", ""pci_bus"": ""00000000:0C:00.0"", ""pcie"": ""Gen1 x1"", ""util_pct"": 23.0, ""power_w"": 161.55, ""vram_used_mib"": 7492.0}, {""index"": 4, ""name"": ""NVIDIA P104-100"", ""pci_bus"": ""00000000:0D:00.0"", ""pcie"": ""Gen1 x1"", ""util_pct"": 0.0, ""power_w"": 9.14, ""vram_used_mib"": 86.0}, {""index"": 5, ""name"": ""NVIDIA P104-100"", ""pci_bus"": ""00000000:0E:00.0"", ""pcie"": ""Gen1 x1"", ""util_pct"": 0.0, ""power_w"": 9.55, ""vram_used_mib"": 86.0}]"
2026-08-16T16:43:43.437569+03:00,1786887823.437569,ctx_000256.txt,1,1,decode,41.724137931034484,"[98.63013698630137, 20.54794520547945, 22.01834862385321, 25.68807339449541]",15875.55078125,4610.8125,11264.73828125,29.043480528849763,24575.99609375,367.47265625,1.4952503037850544,"[{""index"": 0, ""name"": ""NVIDIA P104-100"", ""pci_bus"": ""00000000:01:00.0"", ""pcie"": ""Gen1 x1"", ""util_pct"": 4.0, ""power_w"": 42.54, ""vram_used_mib"": 7514.0}, {""index"": 1, ""name"": ""NVIDIA P104-100"", ""pci_bus"": ""00000000:02:00.0"", ""pcie"": ""Gen1 x1"", ""util_pct"": 0.0, ""power_w"": 55.69, ""vram_used_mib"": 7122.0}, {""index"": 2, ""name"": ""NVIDIA P104-100"", ""pci_bus"": ""00000000:0A:00.0"", ""pcie"": ""Gen1 x1"", ""util_pct"": 22.0, ""power_w"": 158.86, ""vram_used_mib"": 7862.0}, {""index"": 3, ""name"": ""NVIDIA P104-100"", ""pci_bus"": ""00000000:0C:00.0"", ""pcie"": ""Gen1 x1"", ""util_pct"": 36.0, ""power_w"": 87.92, ""vram_used_mib"": 7492.0}, {""index"": 4, ""name"": ""NVIDIA P104-100"", ""pci_bus"": ""00000000:0D:00.0"", ""pcie"": ""Gen1 x1"", ""util_pct"": 0.0, ""power_w"": 8.84, ""vram_used_mib"": 86.0}, {""index"": 5, ""name"": ""NVIDIA P104-100"", ""pci_bus"": ""00000000:0E:00.0"", ""pcie"": ""Gen1 x1"", ""util_pct"": 0.0, ""power_w"": 9.69, ""vram_used_mib"": 86.0}]"
2026-08-16T16:43:45.568152+03:00,1786887825.568152,ctx_000256.txt,1,1,decode,40.893066980023505,"[100.0, 16.50943396226415, 26.88679245283019, 20.187793427230048]",15875.55078125,4633.8671875,11241.68359375,29.188701868365296,24575.99609375,367.4453125,1.495139041763789,"[{""index"": 0, ""name"": ""NVIDIA P104-100"", ""pci_bus"": ""00000000:01:00.0"", ""pcie"": ""Gen1 x1"", ""util_pct"": 18.0, ""power_w"": 111.21, ""vram_used_mib"": 7514.0}, {""index"": 1, ""name"": ""NVIDIA P104-100"", ""pci_bus"": ""00000000:02:00.0"", ""pcie"": ""Gen1 x1"", ""util_pct"": 21.0, ""power_w"": 95.38, ""vram_used_mib"": 7122.0}, {""index"": 2, ""name"": ""NVIDIA P104-100"", ""pci_bus"": ""00000000:0A:00.0"", ""pcie"": ""Gen1 x1"", ""util_pct"": 25.0, ""power_w"": 48.57, ""vram_used_mib"": 7862.0}, {""index"": 3, ""name"": ""NVIDIA P104-100"", ""pci_bus"": ""00000000:0C:00.0"", ""pcie"": ""Gen1 x1"", ""util_pct"": 20.0, ""power_w"": 53.75, ""vram_used_mib"": 7492.0}, {""index"": 4, ""name"": ""NVIDIA P104-100"", ""pci_bus"": ""00000000:0D:00.0"", ""pcie"": ""Gen1 x1"", ""util_pct"": 0.0, ""power_w"": 8.94, ""vram_used_mib"": 86.0}, {""index"": 5, ""name"": ""NVIDIA P104-100"", ""pci_bus"": ""00000000:0E:00.0"", ""pcie"": ""Gen1 x1"", ""util_pct"": 0.0, ""power_w"": 9.69, ""vram_used_mib"": 86.0}]"
2026-08-16T16:43:46.214041+03:00,1786887826.214041,ctx_000512.txt,1,1,outside,,"[null, null, null, null]",15875.55078125,4569.55859375,11305.9921875,28.78362241861195,24575.99609375,367.3671875,1.4948211502744595,"[{""index"": 0, ""name"": ""NVIDIA P104-100"", ""pci_bus"": ""00000000:01:00.0"", ""pcie"": ""Gen1 x1"", ""util_pct"": 6.0, ""power_w"": 42.62, ""vram_used_mib"": 7514.0}, {""index"": 1, ""name"": ""NVIDIA P104-100"", ""pci_bus"": ""00000000:02:00.0"", ""pcie"": ""Gen1 x1"", ""util_pct"": 1.0, ""power_w"": 50.17, ""vram_used_mib"": 7122.0}, {""index"": 2, ""name"": ""NVIDIA P104-100"", ""pci_bus"": ""00000000:0A:00.0"", ""pcie"": ""Gen1 x1"", ""util_pct"": 17.0, ""power_w"": 48.42, ""vram_used_mib"": 7862.0}, {""index"": 3, ""name"": ""NVIDIA P104-100"", ""pci_bus"": ""00000000:0C:00.0"", ""pcie"": ""Gen1 x1"", ""util_pct"": 23.0, ""power_w"": 54.88, ""vram_used_mib"": 7492.0}, {""index"": 4, ""name"": ""NVIDIA P104-100"", ""pci_bus"": ""00000000:0D:00.0"", ""pcie"": ""Gen1 x1"", ""util_pct"": 0.0, ""power_w"": 8.85, ""vram_used_mib"": 86.0}, {""index"": 5, ""name"": ""NVIDIA P104-100"", ""pci_bus"": ""00000000:0E:00.0"", ""pcie"": ""Gen1 x1"", ""util_pct"": 0.0, ""power_w"": 9.55, ""vram_used_mib"": 86.0}]"
2026-08-16T16:43:48.337207+03:00,1786887828.337207,ctx_000512.txt,1,1,prefill,39.315230224321134,"[26.066350710900473, 69.9530516431925, 16.113744075829384, 44.339622641509436]",15875.55078125,4504.0234375,11371.52734375,28.370816858962325,24575.99609375,584.63671875,2.3788932766744737,"[{""index"": 0, ""name"": ""NVIDIA P104-100"", ""pci_bus"": ""00000000:01:00.0"", ""pcie"": ""Gen1 x1"", ""util_pct"": 98.0, ""power_w"": 146.86, ""vram_used_mib"": 7514.0}, {""index"": 1, ""name"": ""NVIDIA P104-100"", ""pci_bus"": ""00000000:02:00.0"", ""pcie"": ""Gen1 x1"", ""util_pct"": 92.0, ""power_w"": 146.57, ""vram_used_mib"": 7122.0}, {""index"": 2, ""name"": ""NVIDIA P104-100"", ""pci_bus"": ""00000000:0A:00.0"", ""pcie"": ""Gen1 x1"", ""util_pct"": 47.0, ""power_w"": 153.4, ""vram_used_mib"": 7862.0}, {""index"": 3, ""name"": ""NVIDIA P104-100"", ""pci_bus"": ""00000000:0C:00.0"", ""pcie"": ""Gen1 x1"", ""util_pct"": 0.0, ""power_w"": 166.48, ""vram_used_mib"": 7492.0}, {""index"": 4, ""name"": ""NVIDIA P104-100"", ""pci_bus"": ""00000000:0D:00.0"", ""pcie"": ""Gen1 x1"", ""util_pct"": 0.0, ""power_w"": 8.83, ""vram_used_mib"": 86.0}, {""index"": 5, ""name"": ""NVIDIA P104-100"", ""pci_bus"": ""00000000:0E:00.0"", ""pcie"": ""Gen1 x1"", ""util_pct"": 0.0, ""power_w"": 10.18, ""vram_used_mib"": 86.0}]"
2026-08-16T16:43:50.518603+03:00,1786887830.518603,ctx_000512.txt,1,1,prefill,40.57471264367816,"[12.903225806451612, 29.953917050691246, 21.004566210045663, 98.61751152073732]",15875.55078125,4739.078125,11136.47265625,29.851424938258784,24575.99609375,572.72265625,2.3304148245517133,"[{""index"": 0, ""name"": ""NVIDIA P104-100"", ""pci_bus"": ""00000000:01:00.0"", ""pcie"": ""Gen1 x1"", ""util_pct"": 11.0, ""power_w"": 51.77, ""vram_used_mib"": 7514.0}, {""index"": 1, ""name"": ""NVIDIA P104-100"", ""pci_bus"": ""00000000:02:00.0"", ""pcie"": ""Gen1 x1"", ""util_pct"": 13.0, ""power_w"": 53.88, ""vram_used_mib"": 7122.0}, {""index"": 2, ""name"": ""NVIDIA P104-100"", ""pci_bus"": ""00000000:0A:00.0"", ""pcie"": ""Gen1 x1"", ""util_pct"": 0.0, ""power_w"": 51.95, ""vram_used_mib"": 7862.0}, {""index"": 3, ""name"": ""NVIDIA P104-100"", ""pci_bus"": ""00000000:0C:00.0"", ""pcie"": ""Gen1 x1"", ""util_pct"": 0.0, ""power_w"": 54.88, ""vram_used_mib"": 7492.0}, {""index"": 4, ""name"": ""NVIDIA P104-100"", ""pci_bus"": ""00000000:0D:00.0"", ""pcie"": ""Gen1 x1"", ""util_pct"": 0.0, ""power_w"": 8.75, ""vram_used_mib"": 86.0}, {""index"": 5, ""name"": ""NVIDIA P104-100"", ""pci_bus"": ""00000000:0E:00.0"", ""pcie"": ""Gen1 x1"", ""util_pct"": 0.0, ""power_w"": 9.8, ""vram_used_mib"": 86.0}]"
2026-08-16T16:43:52.661125+03:00,1786887832.661125,ctx_000512.txt,1,1,decode,40.04683840749414,"[23.474178403755868, 17.370892018779344, 20.560747663551403, 98.13953488372093]",15875.55078125,4903.23828125,10972.3125,30.885468786639045,24575.99609375,566.5859375,2.3054444480648755,"[{""index"": 0, ""name"": ""NVIDIA P104-100"", ""pci_bus"": ""00000000:01:00.0"", ""pcie"": ""Gen1 x1"", ""util_pct"": 27.0, ""power_w"": 59.24, ""vram_used_mib"": 7514.0}, {""index"": 1, ""name"": ""NVIDIA P104-100"", ""pci_bus"": ""00000000:02:00.0"", ""pcie"": ""Gen1 x1"", ""util_pct"": 25.0, ""power_w"": 178.68, ""vram_used_mib"": 7122.0}, {""index"": 2, ""name"": ""NVIDIA P104-100"", ""pci_bus"": ""00000000:0A:00.0"", ""pcie"": ""Gen1 x1"", ""util_pct"": 25.0, ""power_w"": 50.08, ""vram_used_mib"": 7862.0}, {""index"": 3, ""name"": ""NVIDIA P104-100"", ""pci_bus"": ""00000000:0C:00.0"", ""pcie"": ""Gen1 x1"", ""util_pct"": 50.0, ""power_w"": 55.43, ""vram_used_mib"": 7492.0}, {""index"": 4, ""name"": ""NVIDIA P104-100"", ""pci_bus"": ""00000000:0D:00.0"", ""pcie"": ""Gen1 x1"", ""util_pct"": 0.0, ""power_w"": 8.84, ""vram_used_mib"": 86.0}, {""index"": 5, ""name"": ""NVIDIA P104-100"", ""pci_bus"": ""00000000:0E:00.0"", ""pcie"": ""Gen1 x1"", ""util_pct"": 0.0, ""power_w"": 9.89, ""vram_used_mib"": 86.0}]"
2026-08-16T16:43:55.996304+03:00,1786887835.996304,ctx_000512.txt,1,1,decode,46.27539503386004,"[47.43202416918429, 14.156626506024097, 23.423423423423422, 100.0]",15875.55078125,4801.6640625,11073.88671875,30.245653386533586,24575.99609375,566.5546875,2.3053172914691435,"[{""index"": 0, ""name"": ""NVIDIA P104-100"", ""pci_bus"": ""00000000:01:00.0"", ""pcie"": ""Gen1 x1"", ""util_pct"": 27.0, ""power_w"": 175.22, ""vram_used_mib"": 7514.0}, {""index"": 1, ""name"": ""NVIDIA P104-100"", ""pci_bus"": ""00000000:02:00.0"", ""pcie"": ""Gen1 x1"", ""util_pct"": 25.0, ""power_w"": 50.17, ""vram_used_mib"": 7122.0}, {""index"": 2, ""name"": ""NVIDIA P104-100"", ""pci_bus"": ""00000000:0A:00.0"", ""pcie"": ""Gen1 x1"", ""util_pct"": 25.0, ""power_w"": 47.83, ""vram_used_mib"": 7862.0}, {""index"": 3, ""name"": ""NVIDIA P104-100"", ""pci_bus"": ""00000000:0C:00.0"", ""pcie"": ""Gen1 x1"", ""util_pct"": 33.0, ""power_w"": 54.77, ""vram_used_mib"": 7492.0}, {""index"": 4, ""name"": ""NVIDIA P104-100"", ""pci_bus"": ""00000000:0D:00.0"", ""pcie"": ""Gen1 x1"", ""util_pct"": 0.0, ""power_w"": 8.75, ""vram_used_mib"": 86.0}, {""index"": 5, ""name"": ""NVIDIA P104-100"", ""pci_bus"": ""00000000:0E:00.0"", ""pcie"": ""Gen1 x1"", ""util_pct"": 0.0, ""power_w"": 9.9, ""vram_used_mib"": 86.0}]"
2026-08-16T16:43:58.131697+03:00,1786887838.131697,ctx_000512.txt,1,1,decode,40.72769953051643,"[12.206572769953052, 16.037735849056602, 35.046728971962615, 100.0]",15875.55078125,4860.8984375,11014.65234375,30.618770362544016,24575.99609375,566.52734375,2.305206029447878,"[{""index"": 0, ""name"": ""NVIDIA P104-100"", ""pci_bus"": ""00000000:01:00.0"", ""pcie"": ""Gen1 x1"", ""util_pct"": 27.0, ""power_w"": 152.14, ""vram_used_mib"": 7514.0}, {""index"": 1, ""name"": ""NVIDIA P104-100"", ""pci_bus"": ""00000000:02:00.0"", ""pcie"": ""Gen1 x1"", ""util_pct"": 25.0, ""power_w"": 50.42, ""vram_used_mib"": 7122.0}, {""index"": 2, ""name"": ""NVIDIA P104-100"", ""pci_bus"": ""00000000:0A:00.0"", ""pcie"": ""Gen1 x1"", ""util_pct"": 25.0, ""power_w"": 48.59, ""vram_used_mib"": 7862.0}, {""index"": 3, ""name"": ""NVIDIA P104-100"", ""pci_bus"": ""00000000:0C:00.0"", ""pcie"": ""Gen1 x1"", ""util_pct"": 28.0, ""power_w"": 61.02, ""vram_used_mib"": 7492.0}, {""index"": 4, ""name"": ""NVIDIA P104-100"", ""pci_bus"": ""00000000:0D:00.0"", ""pcie"": ""Gen1 x1"", ""util_pct"": 0.0, ""power_w"": 8.85, ""vram_used_mib"": 86.0}, {""index"": 5, ""name"": ""NVIDIA P104-100"", ""pci_bus"": ""00000000:0E:00.0"", ""pcie"": ""Gen1 x1"", ""util_pct"": 0.0, ""power_w"": 9.8, ""vram_used_mib"": 86.0}]"
2026-08-16T16:44:00.304022+03:00,1786887840.304022,ctx_000512.txt,1,1,decode,42.09919261822376,"[22.01834862385321, 18.98148148148148, 27.314814814814813, 100.0]",15875.55078125,4885.328125,10990.22265625,30.77265281888596,24575.99609375,566.5,2.305094767426613,"[{""index"": 0, ""name"": ""NVIDIA P104-100"", ""pci_bus"": ""00000000:01:00.0"", ""pcie"": ""Gen1 x1"", ""util_pct"": 27.0, ""power_w"": 169.58, ""vram_used_mib"": 7514.0}, {""index"": 1, ""name"": ""NVIDIA P104-100"", ""pci_bus"": ""00000000:02:00.0"", ""pcie"": ""Gen1 x1"", ""util_pct"": 25.0, ""power_w"": 79.14, ""vram_used_mib"": 7122.0}, {""index"": 2, ""name"": ""NVIDIA P104-100"", ""pci_bus"": ""00000000:0A:00.0"", ""pcie"": ""Gen1 x1"", ""util_pct"": 25.0, ""power_w"": 48.33, ""vram_used_mib"": 7862.0}, {""index"": 3, ""name"": ""NVIDIA P104-100"", ""pci_bus"": ""00000000:0C:00.0"", ""pcie"": ""Gen1 x1"", ""util_pct"": 22.0, ""power_w"": 53.37, ""vram_used_mib"": 7492.0}, {""index"": 4, ""name"": ""NVIDIA P104-100"", ""pci_bus"": ""00000000:0D:00.0"", ""pcie"": ""Gen1 x1"", ""util_pct"": 0.0, ""power_w"": 8.94, ""vram_used_mib"": 86.0}, {""index"": 5, ""name"": ""NVIDIA P104-100"", ""pci_bus"": ""00000000:0E:00.0"", ""pcie"": ""Gen1 x1"", ""util_pct"": 0.0, ""power_w"": 9.79, ""vram_used_mib"": 86.0}]"
2026-08-16T16:44:01.661511+03:00,1786887841.661511,ctx_001024.txt,1,1,outside,,"[null, null, null, null]",15875.55078125,4924.34375,10951.20703125,31.018412008835323,24575.99609375,566.40625,2.304713297639417,"[{""index"": 0, ""name"": ""NVIDIA P104-100"", ""pci_bus"": ""00000000:01:00.0"", ""pcie"": ""Gen1 x1"", ""util_pct"": 9.0, ""power_w"": 48.91, ""vram_used_mib"": 7514.0}, {""index"": 1, ""name"": ""NVIDIA P104-100"", ""pci_bus"": ""00000000:02:00.0"", ""pcie"": ""Gen1 x1"", ""util_pct"": 0.0, ""power_w"": 50.07, ""vram_used_mib"": 7122.0}, {""index"": 2, ""name"": ""NVIDIA P104-100"", ""pci_bus"": ""00000000:0A:00.0"", ""pcie"": ""Gen1 x1"", ""util_pct"": 14.0, ""power_w"": 48.39, ""vram_used_mib"": 7862.0}, {""index"": 3, ""name"": ""NVIDIA P104-100"", ""pci_bus"": ""00000000:0C:00.0"", ""pcie"": ""Gen1 x1"", ""util_pct"": 18.0, ""power_w"": 50.69, ""vram_used_mib"": 7492.0}, {""index"": 4, ""name"": ""NVIDIA P104-100"", ""pci_bus"": ""00000000:0D:00.0"", ""pcie"": ""Gen1 x1"", ""util_pct"": 0.0, ""power_w"": 8.75, ""vram_used_mib"": 86.0}, {""index"": 5, ""name"": ""NVIDIA P104-100"", ""pci_bus"": ""00000000:0E:00.0"", ""pcie"": ""Gen1 x1"", ""util_pct"": 0.0, ""power_w"": 9.8, ""vram_used_mib"": 86.0}]"
2026-08-16T16:44:03.782620+03:00,1786887843.782620,ctx_001024.txt,1,1,prefill,33.96449704142012,"[18.571428571428573, 79.52380952380952, 14.622641509433961, 23.474178403755868]",15875.55078125,5259.96875,10615.58203125,33.13251188873615,24575.99609375,558.76171875,2.2736076154085185,"[{""index"": 0, ""name"": ""NVIDIA P104-100"", ""pci_bus"": ""00000000:01:00.0"", ""pcie"": ""Gen1 x1"", ""util_pct"": 0.0, ""power_w"": 51.87, ""vram_used_mib"": 7514.0}, {""index"": 1, ""name"": ""NVIDIA P104-100"", ""pci_bus"": ""00000000:02:00.0"", ""pcie"": ""Gen1 x1"", ""util_pct"": 0.0, ""power_w"": 53.53, ""vram_used_mib"": 7122.0}, {""index"": 2, ""name"": ""NVIDIA P104-100"", ""pci_bus"": ""00000000:0A:00.0"", ""pcie"": ""Gen1 x1"", ""util_pct"": 0.0, ""power_w"": 51.95, ""vram_used_mib"": 7862.0}, {""index"": 3, ""name"": ""NVIDIA P104-100"", ""pci_bus"": ""00000000:0C:00.0"", ""pcie"": ""Gen1 x1"", ""util_pct"": 39.0, ""power_w"": 54.0, ""vram_used_mib"": 7492.0}, {""index"": 4, ""name"": ""NVIDIA P104-100"", ""pci_bus"": ""00000000:0D:00.0"", ""pcie"": ""Gen1 x1"", ""util_pct"": 0.0, ""power_w"": 8.95, ""vram_used_mib"": 86.0}, {""index"": 5, ""name"": ""NVIDIA P104-100"", ""pci_bus"": ""00000000:0E:00.0"", ""pcie"": ""Gen1 x1"", ""util_pct"": 0.0, ""power_w"": 9.9, ""vram_used_mib"": 86.0}]"
2026-08-16T16:44:05.928072+03:00,1786887845.928072,ctx_001024.txt,1,1,prefill,41.98830409356725,"[96.26168224299066, 26.976744186046513, 19.339622641509433, 25.35211267605634]",15875.55078125,5233.6640625,10641.88671875,32.966818818540006,24575.99609375,548.62109375,2.2323453000935394,"[{""index"": 0, ""name"": ""NVIDIA P104-100"", ""pci_bus"": ""00000000:01:00.0"", ""pcie"": ""Gen1 x1"", ""util_pct"": 98.0, ""power_w"": 178.04, ""vram_used_mib"": 7514.0}, {""index"": 1, ""name"": ""NVIDIA P104-100"", ""pci_bus"": ""00000000:02:00.0"", ""pcie"": ""Gen1 x1"", ""util_pct"": 92.0, ""power_w"": 187.06, ""vram_used_mib"": 7122.0}, {""index"": 2, ""name"": ""NVIDIA P104-100"", ""pci_bus"": ""00000000:0A:00.0"", ""pcie"": ""Gen1 x1"", ""util_pct"": 91.0, ""power_w"": 156.05, ""vram_used_mib"": 7862.0}, {""index"": 3, ""name"": ""NVIDIA P104-100"", ""pci_bus"": ""00000000:0C:00.0"", ""pcie"": ""Gen1 x1"", ""util_pct"": 71.0, ""power_w"": 70.5, ""vram_used_mib"": 7492.0}, {""index"": 4, ""name"": ""NVIDIA P104-100"", ""pci_bus"": ""00000000:0D:00.0"", ""pcie"": ""Gen1 x1"", ""util_pct"": 0.0, ""power_w"": 8.85, ""vram_used_mib"": 86.0}, {""index"": 5, ""name"": ""NVIDIA P104-100"", ""pci_bus"": ""00000000:0E:00.0"", ""pcie"": ""Gen1 x1"", ""util_pct"": 0.0, ""power_w"": 9.65, ""vram_used_mib"": 86.0}]"
2026-08-16T16:44:08.131498+03:00,1786887848.131498,ctx_001024.txt,1,1,decode,39.47667804323095,"[42.98642533936651, 18.264840182648403, 29.09090909090909, 67.27272727272727]",15875.55078125,5319.08984375,10556.4609375,33.50491530682621,24575.99609375,539.5625,2.1954857819057754,"[{""index"": 0, ""name"": ""NVIDIA P104-100"", ""pci_bus"": ""00000000:01:00.0"", ""pcie"": ""Gen1 x1"", ""util_pct"": 0.0, ""power_w"": 52.12, ""vram_used_mib"": 7514.0}, {""index"": 1, ""name"": ""NVIDIA P104-100"", ""pci_bus"": ""00000000:02:00.0"", ""pcie"": ""Gen1 x1"", ""util_pct"": 13.0, ""power_w"": 53.53, ""vram_used_mib"": 7122.0}, {""index"": 2, ""name"": ""NVIDIA P104-100"", ""pci_bus"": ""00000000:0A:00.0"", ""pcie"": ""Gen1 x1"", ""util_pct"": 85.0, ""power_w"": 52.69, ""vram_used_mib"": 7862.0}, {""index"": 3, ""name"": ""NVIDIA P104-100"", ""pci_bus"": ""00000000:0C:00.0"", ""pcie"": ""Gen1 x1"", ""util_pct"": 0.0, ""power_w"": 55.32, ""vram_used_mib"": 7492.0}, {""index"": 4, ""name"": ""NVIDIA P104-100"", ""pci_bus"": ""00000000:0D:00.0"", ""pcie"": ""Gen1 x1"", ""util_pct"": 0.0, ""power_w"": 8.95, ""vram_used_mib"": 86.0}, {""index"": 5, ""name"": ""NVIDIA P104-100"", ""pci_bus"": ""00000000:0E:00.0"", ""pcie"": ""Gen1 x1"", ""util_pct"": 0.0, ""power_w"": 9.9, ""vram_used_mib"": 86.0}]"
2026-08-16T16:44:10.284729+03:00,1786887850.284729,ctx_001024.txt,1,1,decode,40.46511627906977,"[20.930232558139537, 25.58139534883721, 47.004608294930875, 67.90697674418605]",15875.55078125,5452.5078125,10423.04296875,34.345314298888745,24575.99609375,534.015625,2.1729154861633755,"[{""index"": 0, ""name"": ""NVIDIA P104-100"", ""pci_bus"": ""00000000:01:00.0"", ""pcie"": ""Gen1 x1"", ""util_pct"": 26.0, ""power_w"": 50.45, ""vram_used_mib"": 7514.0}, {""index"": 1, ""name"": ""NVIDIA P104-100"", ""pci_bus"": ""00000000:02:00.0"", ""pcie"": ""Gen1 x1"", ""util_pct"": 25.0, ""power_w"": 52.92, ""vram_used_mib"": 7122.0}, {""index"": 2, ""name"": ""NVIDIA P104-100"", ""pci_bus"": ""00000000:0A:00.0"", ""pcie"": ""Gen1 x1"", ""util_pct"": 25.0, ""power_w"": 90.46, ""vram_used_mib"": 7862.0}, {""index"": 3, ""name"": ""NVIDIA P104-100"", ""pci_bus"": ""00000000:0C:00.0"", ""pcie"": ""Gen1 x1"", ""util_pct"": 30.0, ""power_w"": 176.48, ""vram_used_mib"": 7492.0}, {""index"": 4, ""name"": ""NVIDIA P104-100"", ""pci_bus"": ""00000000:0D:00.0"", ""pcie"": ""Gen1 x1"", ""util_pct"": 0.0, ""power_w"": 8.74, ""vram_used_mib"": 86.0}, {""index"": 5, ""name"": ""NVIDIA P104-100"", ""pci_bus"": ""00000000:0E:00.0"", ""pcie"": ""Gen1 x1"", ""util_pct"": 0.0, ""power_w"": 9.79, ""vram_used_mib"": 86.0}]"
2026-08-16T16:44:12.427746+03:00,1786887852.427746,ctx_001024.txt,1,1,decode,39.906103286384976,"[19.43127962085308, 31.92488262910798, 80.18867924528301, 28.63849765258216]",15875.55078125,5358.69921875,10516.8515625,33.75441452449608,24575.99609375,534.00390625,2.1728678024399763,"[{""index"": 0, ""name"": ""NVIDIA P104-100"", ""pci_bus"": ""00000000:01:00.0"", ""pcie"": ""Gen1 x1"", ""util_pct"": 20.0, ""power_w"": 53.26, ""vram_used_mib"": 7514.0}, {""index"": 1, ""name"": ""NVIDIA P104-100"", ""pci_bus"": ""00000000:02:00.0"", ""pcie"": ""Gen1 x1"", ""util_pct"": 20.0, ""power_w"": 131.51, ""vram_used_mib"": 7122.0}, {""index"": 2, ""name"": ""NVIDIA P104-100"", ""pci_bus"": ""00000000:0A:00.0"", ""pcie"": ""Gen1 x1"", ""util_pct"": 1.0, ""power_w"": 123.77, ""vram_used_mib"": 7862.0}, {""index"": 3, ""name"": ""NVIDIA P104-100"", ""pci_bus"": ""00000000:0C:00.0"", ""pcie"": ""Gen1 x1"", ""util_pct"": 52.0, ""power_w"": 55.32, ""vram_used_mib"": 7492.0}, {""index"": 4, ""name"": ""NVIDIA P104-100"", ""pci_bus"": ""00000000:0D:00.0"", ""pcie"": ""Gen1 x1"", ""util_pct"": 0.0, ""power_w"": 8.95, ""vram_used_mib"": 86.0}, {""index"": 5, ""name"": ""NVIDIA P104-100"", ""pci_bus"": ""00000000:0E:00.0"", ""pcie"": ""Gen1 x1"", ""util_pct"": 0.0, ""power_w"": 9.8, ""vram_used_mib"": 86.0}]"
2026-08-16T16:44:14.619545+03:00,1786887854.619545,ctx_001024.txt,1,1,decode,41.9908466819222,"[16.972477064220183, 25.90909090909091, 25.114155251141554, 100.0]",15875.55078125,5486.7265625,10388.82421875,34.560858001727794,24575.99609375,533.9765625,2.172756540418711,"[{""index"": 0, ""name"": ""NVIDIA P104-100"", ""pci_bus"": ""00000000:01:00.0"", ""pcie"": ""Gen1 x1"", ""util_pct"": 13.0, ""power_w"": 168.17, ""vram_used_mib"": 7514.0}, {""index"": 1, ""name"": ""NVIDIA P104-100"", ""pci_bus"": ""00000000:02:00.0"", ""pcie"": ""Gen1 x1"", ""util_pct"": 14.0, ""power_w"": 43.37, ""vram_used_mib"": 7122.0}, {""index"": 2, ""name"": ""NVIDIA P104-100"", ""pci_bus"": ""00000000:0A:00.0"", ""pcie"": ""Gen1 x1"", ""util_pct"": 28.0, ""power_w"": 41.59, ""vram_used_mib"": 7862.0}, {""index"": 3, ""name"": ""NVIDIA P104-100"", ""pci_bus"": ""00000000:0C:00.0"", ""pcie"": ""Gen1 x1"", ""util_pct"": 49.0, ""power_w"": 63.85, ""vram_used_mib"": 7492.0}, {""index"": 4, ""name"": ""NVIDIA P104-100"", ""pci_bus"": ""00000000:0D:00.0"", ""pcie"": ""Gen1 x1"", ""util_pct"": 0.0, ""power_w"": 8.85, ""vram_used_mib"": 86.0}, {""index"": 5, ""name"": ""NVIDIA P104-100"", ""pci_bus"": ""00000000:0E:00.0"", ""pcie"": ""Gen1 x1"", ""util_pct"": 0.0, ""power_w"": 9.9, ""vram_used_mib"": 86.0}]"
2026-08-16T16:44:16.784613+03:00,1786887856.784613,ctx_001024.txt,1,1,decode,43.90243902439025,"[67.44186046511628, 36.40552995391705, 22.429906542056074, 48.83720930232558]",15875.55078125,5503.83984375,10371.7109375,34.66865445859285,24575.99609375,533.953125,2.172661172971912,"[{""index"": 0, ""name"": ""NVIDIA P104-100"", ""pci_bus"": ""00000000:01:00.0"", ""pcie"": ""Gen1 x1"", ""util_pct"": 27.0, ""power_w"": 49.27, ""vram_used_mib"": 7514.0}, {""index"": 1, ""name"": ""NVIDIA P104-100"", ""pci_bus"": ""00000000:02:00.0"", ""pcie"": ""Gen1 x1"", ""util_pct"": 28.0, ""power_w"": 43.39, ""vram_used_mib"": 7122.0}, {""index"": 2, ""name"": ""NVIDIA P104-100"", ""pci_bus"": ""00000000:0A:00.0"", ""pcie"": ""Gen1 x1"", ""util_pct"": 28.0, ""power_w"": 42.4, ""vram_used_mib"": 7862.0}, {""index"": 3, ""name"": ""NVIDIA P104-100"", ""pci_bus"": ""00000000:0C:00.0"", ""pcie"": ""Gen1 x1"", ""util_pct"": 30.0, ""power_w"": 134.5, ""vram_used_mib"": 7492.0}, {""index"": 4, ""name"": ""NVIDIA P104-100"", ""pci_bus"": ""00000000:0D:00.0"", ""pcie"": ""Gen1 x1"", ""util_pct"": 0.0, ""power_w"": 8.74, ""vram_used_mib"": 86.0}, {""index"": 5, ""name"": ""NVIDIA P104-100"", ""pci_bus"": ""00000000:0E:00.0"", ""pcie"": ""Gen1 x1"", ""util_pct"": 0.0, ""power_w"": 9.8, ""vram_used_mib"": 86.0}]"
2026-08-16T16:44:19.607372+03:00,1786887859.607372,ctx_001024.txt,1,1,decode,44.89795918367347,"[37.5886524822695, 20.99644128113879, 99.29328621908127, 21.785714285714285]",15875.55078125,5453.34375,10422.20703125,34.350579864232074,24575.99609375,533.9375,2.172597594674046,"[{""index"": 0, ""name"": ""NVIDIA P104-100"", ""pci_bus"": ""00000000:01:00.0"", ""pcie"": ""Gen1 x1"", ""util_pct"": 27.0, ""power_w"": 109.23, ""vram_used_mib"": 7514.0}, {""index"": 1, ""name"": ""NVIDIA P104-100"", ""pci_bus"": ""00000000:02:00.0"", ""pcie"": ""Gen1 x1"", ""util_pct"": 28.0, ""power_w"": 99.4, ""vram_used_mib"": 7122.0}, {""index"": 2, ""name"": ""NVIDIA P104-100"", ""pci_bus"": ""00000000:0A:00.0"", ""pcie"": ""Gen1 x1"", ""util_pct"": 28.0, ""power_w"": 41.75, ""vram_used_mib"": 7862.0}, {""index"": 3, ""name"": ""NVIDIA P104-100"", ""pci_bus"": ""00000000:0C:00.0"", ""pcie"": ""Gen1 x1"", ""util_pct"": 17.0, ""power_w"": 54.16, ""vram_used_mib"": 7492.0}, {""index"": 4, ""name"": ""NVIDIA P104-100"", ""pci_bus"": ""00000000:0D:00.0"", ""pcie"": ""Gen1 x1"", ""util_pct"": 0.0, ""power_w"": 8.84, ""vram_used_mib"": 86.0}, {""index"": 5, ""name"": ""NVIDIA P104-100"", ""pci_bus"": ""00000000:0E:00.0"", ""pcie"": ""Gen1 x1"", ""util_pct"": 0.0, ""power_w"": 9.54, ""vram_used_mib"": 86.0}]"
2026-08-16T16:44:21.737428+03:00,1786887861.737428,ctx_001024.txt,1,1,decode,40.91981132075472,"[13.20754716981132, 29.71698113207547, 99.53271028037383, 20.657276995305164]",15875.55078125,5436.62109375,10438.9296875,34.245243951919974,24575.99609375,533.9296875,2.172565805525113,"[{""index"": 0, ""name"": ""NVIDIA P104-100"", ""pci_bus"": ""00000000:01:00.0"", ""pcie"": ""Gen1 x1"", ""util_pct"": 13.0, ""power_w"": 49.15, ""vram_used_mib"": 7514.0}, {""index"": 1, ""name"": ""NVIDIA P104-100"", ""pci_bus"": ""00000000:02:00.0"", ""pcie"": ""Gen1 x1"", ""util_pct"": 14.0, ""power_w"": 43.39, ""vram_used_mib"": 7122.0}, {""index"": 2, ""name"": ""NVIDIA P104-100"", ""pci_bus"": ""00000000:0A:00.0"", ""pcie"": ""Gen1 x1"", ""util_pct"": 28.0, ""power_w"": 41.89, ""vram_used_mib"": 7862.0}, {""index"": 3, ""name"": ""NVIDIA P104-100"", ""pci_bus"": ""00000000:0C:00.0"", ""pcie"": ""Gen1 x1"", ""util_pct"": 51.0, ""power_w"": 72.3, ""vram_used_mib"": 7492.0}, {""index"": 4, ""name"": ""NVIDIA P104-100"", ""pci_bus"": ""00000000:0D:00.0"", ""pcie"": ""Gen1 x1"", ""util_pct"": 0.0, ""power_w"": 8.75, ""vram_used_mib"": 86.0}, {""index"": 5, ""name"": ""NVIDIA P104-100"", ""pci_bus"": ""00000000:0E:00.0"", ""pcie"": ""Gen1 x1"", ""util_pct"": 0.0, ""power_w"": 9.9, ""vram_used_mib"": 86.0}]"
2026-08-16T16:44:22.185525+03:00,1786887862.185525,ctx_002048.txt,1,1,outside,0.0,"[null, null, null, null]",15875.55078125,5468.30078125,10407.25,34.444794115164804,24575.99609375,533.7734375,2.1719300225464537,"[{""index"": 0, ""name"": ""NVIDIA P104-100"", ""pci_bus"": ""00000000:01:00.0"", ""pcie"": ""Gen1 x1"", ""util_pct"": 0.0, ""power_w"": 49.17, ""vram_used_mib"": 7514.0}, {""index"": 1, ""name"": ""NVIDIA P104-100"", ""pci_bus"": ""00000000:02:00.0"", ""pcie"": ""Gen1 x1"", ""util_pct"": 0.0, ""power_w"": 43.4, ""vram_used_mib"": 7122.0}, {""index"": 2, ""name"": ""NVIDIA P104-100"", ""pci_bus"": ""00000000:0A:00.0"", ""pcie"": ""Gen1 x1"", ""util_pct"": 0.0, ""power_w"": 41.46, ""vram_used_mib"": 7862.0}, {""index"": 3, ""name"": ""NVIDIA P104-100"", ""pci_bus"": ""00000000:0C:00.0"", ""pcie"": ""Gen1 x1"", ""util_pct"": 0.0, ""power_w"": 53.6, ""vram_used_mib"": 7492.0}, {""index"": 4, ""name"": ""NVIDIA P104-100"", ""pci_bus"": ""00000000:0D:00.0"", ""pcie"": ""Gen1 x1"", ""util_pct"": 0.0, ""power_w"": 8.85, ""vram_used_mib"": 86.0}, {""index"": 5, ""name"": ""NVIDIA P104-100"", ""pci_bus"": ""00000000:0E:00.0"", ""pcie"": ""Gen1 x1"", ""util_pct"": 0.0, ""power_w"": 9.7, ""vram_used_mib"": 86.0}]"
2026-08-16T16:44:24.359972+03:00,1786887864.359972,ctx_002048.txt,1,1,prefill,36.48960739030023,"[12.5, 26.38888888888889, 77.1689497716895, 29.166666666666668]",15875.55078125,5863.48046875,10012.0703125,36.93402861760948,24575.99609375,523.25,2.12911003893376,"[{""index"": 0, ""name"": ""NVIDIA P104-100"", ""pci_bus"": ""00000000:01:00.0"", ""pcie"": ""Gen1 x1"", ""util_pct"": 0.0, ""power_w"": 52.22, ""vram_used_mib"": 7514.0}, {""index"": 1, ""name"": ""NVIDIA P104-100"", ""pci_bus"": ""00000000:02:00.0"", ""pcie"": ""Gen1 x1"", ""util_pct"": 0.0, ""power_w"": 53.53, ""vram_used_mib"": 7122.0}, {""index"": 2, ""name"": ""NVIDIA P104-100"", ""pci_bus"": ""00000000:0A:00.0"", ""pcie"": ""Gen1 x1"", ""util_pct"": 0.0, ""power_w"": 51.85, ""vram_used_mib"": 7862.0}, {""index"": 3, ""name"": ""NVIDIA P104-100"", ""pci_bus"": ""00000000:0C:00.0"", ""pcie"": ""Gen1 x1"", ""util_pct"": 63.0, ""power_w"": 55.22, ""vram_used_mib"": 7492.0}, {""index"": 4, ""name"": ""NVIDIA P104-100"", ""pci_bus"": ""00000000:0D:00.0"", ""pcie"": ""Gen1 x1"", ""util_pct"": 0.0, ""power_w"": 9.15, ""vram_used_mib"": 86.0}, {""index"": 5, ""name"": ""NVIDIA P104-100"", ""pci_bus"": ""00000000:0E:00.0"", ""pcie"": ""Gen1 x1"", ""util_pct"": 0.0, ""power_w"": 9.9, ""vram_used_mib"": 86.0}]"
2026-08-16T16:44:26.507996+03:00,1786887866.507996,ctx_002048.txt,1,1,prefill,33.995327102803735,"[72.89719626168224, 20.093457943925234, 22.429906542056074, 21.02803738317757]",15875.55078125,5703.0,10172.55078125,35.923163098918074,24575.99609375,497.02734375,2.022409760540288,"[{""index"": 0, ""name"": ""NVIDIA P104-100"", ""pci_bus"": ""00000000:01:00.0"", ""pcie"": ""Gen1 x1"", ""util_pct"": 98.0, ""power_w"": 181.84, ""vram_used_mib"": 7514.0}, {""index"": 1, ""name"": ""NVIDIA P104-100"", ""pci_bus"": ""00000000:02:00.0"", ""pcie"": ""Gen1 x1"", ""util_pct"": 92.0, ""power_w"": 146.42, ""vram_used_mib"": 7122.0}, {""index"": 2, ""name"": ""NVIDIA P104-100"", ""pci_bus"": ""00000000:0A:00.0"", ""pcie"": ""Gen1 x1"", ""util_pct"": 91.0, ""power_w"": 113.09, ""vram_used_mib"": 7862.0}, {""index"": 3, ""name"": ""NVIDIA P104-100"", ""pci_bus"": ""00000000:0C:00.0"", ""pcie"": ""Gen1 x1"", ""util_pct"": 68.0, ""power_w"": 66.96, ""vram_used_mib"": 7492.0}, {""index"": 4, ""name"": ""NVIDIA P104-100"", ""pci_bus"": ""00000000:0D:00.0"", ""pcie"": ""Gen1 x1"", ""util_pct"": 0.0, ""power_w"": 8.85, ""vram_used_mib"": 86.0}, {""index"": 5, ""name"": ""NVIDIA P104-100"", ""pci_bus"": ""00000000:0E:00.0"", ""pcie"": ""Gen1 x1"", ""util_pct"": 0.0, ""power_w"": 9.55, ""vram_used_mib"": 86.0}]"
2026-08-16T16:44:28.698019+03:00,1786887868.698019,ctx_002048.txt,1,1,prefill,43.7070938215103,"[100.0, 25.68807339449541, 16.972477064220183, 31.65137614678899]",15875.55078125,5757.15625,10118.39453125,36.26429299574006,24575.99609375,497.02734375,2.022409760540288,"[{""index"": 0, ""name"": ""NVIDIA P104-100"", ""pci_bus"": ""00000000:01:00.0"", ""pcie"": ""Gen1 x1"", ""util_pct"": 98.0, ""power_w"": 172.31, ""vram_used_mib"": 7514.0}, {""index"": 1, ""name"": ""NVIDIA P104-100"", ""pci_bus"": ""00000000:02:00.0"", ""pcie"": ""Gen1 x1"", ""util_pct"": 91.0, ""power_w"": 181.75, ""vram_used_mib"": 7122.0}, {""index"": 2, ""name"": ""NVIDIA P104-100"", ""pci_bus"": ""00000000:0A:00.0"", ""pcie"": ""Gen1 x1"", ""util_pct"": 91.0, ""power_w"": 184.05, ""vram_used_mib"": 7862.0}, {""index"": 3, ""name"": ""NVIDIA P104-100"", ""pci_bus"": ""00000000:0C:00.0"", ""pcie"": ""Gen1 x1"", ""util_pct"": 68.0, ""power_w"": 74.66, ""vram_used_mib"": 7492.0}, {""index"": 4, ""name"": ""NVIDIA P104-100"", ""pci_bus"": ""00000000:0D:00.0"", ""pcie"": ""Gen1 x1"", ""util_pct"": 0.0, ""power_w"": 8.75, ""vram_used_mib"": 86.0}, {""index"": 5, ""name"": ""NVIDIA P104-100"", ""pci_bus"": ""00000000:0E:00.0"", ""pcie"": ""Gen1 x1"", ""util_pct"": 0.0, ""power_w"": 9.8, ""vram_used_mib"": 86.0}]"
2026-08-16T16:44:30.850572+03:00,1786887870.850572,ctx_002048.txt,1,1,prefill,43.10747663551402,"[100.0, 26.635514018691588, 21.5962441314554, 23.83177570093458]",15875.55078125,5682.6640625,10192.88671875,35.795067149491125,24575.99609375,497.015625,2.022362076816889,"[{""index"": 0, ""name"": ""NVIDIA P104-100"", ""pci_bus"": ""00000000:01:00.0"", ""pcie"": ""Gen1 x1"", ""util_pct"": 98.0, ""power_w"": 136.92, ""vram_used_mib"": 7514.0}, {""index"": 1, ""name"": ""NVIDIA P104-100"", ""pci_bus"": ""00000000:02:00.0"", ""pcie"": ""Gen1 x1"", ""util_pct"": 92.0, ""power_w"": 105.28, ""vram_used_mib"": 7122.0}, {""index"": 2, ""name"": ""NVIDIA P104-100"", ""pci_bus"": ""00000000:0A:00.0"", ""pcie"": ""Gen1 x1"", ""util_pct"": 91.0, ""power_w"": 125.57, ""vram_used_mib"": 7862.0}, {""index"": 3, ""name"": ""NVIDIA P104-100"", ""pci_bus"": ""00000000:0C:00.0"", ""pcie"": ""Gen1 x1"", ""util_pct"": 68.0, ""power_w"": 121.08, ""vram_used_mib"": 7492.0}, {""index"": 4, ""name"": ""NVIDIA P104-100"", ""pci_bus"": ""00000000:0D:00.0"", ""pcie"": ""Gen1 x1"", ""util_pct"": 0.0, ""power_w"": 8.84, ""vram_used_mib"": 86.0}, {""index"": 5, ""name"": ""NVIDIA P104-100"", ""pci_bus"": ""00000000:0E:00.0"", ""pcie"": ""Gen1 x1"", ""util_pct"": 0.0, ""power_w"": 9.69, ""vram_used_mib"": 86.0}]"
2026-08-16T16:44:32.992138+03:00,1786887872.992138,ctx_002048.txt,1,1,prefill,39.1812865497076,"[52.33644859813084, 25.700934579439252, 14.018691588785046, 63.888888888888886]",15875.55078125,5857.35546875,10018.1953125,36.89544727901911,24575.99609375,485.12890625,1.973994886715394,"[{""index"": 0, ""name"": ""NVIDIA P104-100"", ""pci_bus"": ""00000000:01:00.0"", ""pcie"": ""Gen1 x1"", ""util_pct"": 62.0, ""power_w"": 52.05, ""vram_used_mib"": 7514.0}, {""index"": 1, ""name"": ""NVIDIA P104-100"", ""pci_bus"": ""00000000:02:00.0"", ""pcie"": ""Gen1 x1"", ""util_pct"": 0.0, ""power_w"": 53.13, ""vram_used_mib"": 7122.0}, {""index"": 2, ""name"": ""NVIDIA P104-100"", ""pci_bus"": ""00000000:0A:00.0"", ""pcie"": ""Gen1 x1"", ""util_pct"": 4.0, ""power_w"": 52.79, ""vram_used_mib"": 7862.0}, {""index"": 3, ""name"": ""NVIDIA P104-100"", ""pci_bus"": ""00000000:0C:00.0"", ""pcie"": ""Gen1 x1"", ""util_pct"": 33.0, ""power_w"": 54.83, ""vram_used_mib"": 7492.0}, {""index"": 4, ""name"": ""NVIDIA P104-100"", ""pci_bus"": ""00000000:0D:00.0"", ""pcie"": ""Gen1 x1"", ""util_pct"": 0.0, ""power_w"": 8.85, ""vram_used_mib"": 86.0}, {""index"": 5, ""name"": ""NVIDIA P104-100"", ""pci_bus"": ""00000000:0E:00.0"", ""pcie"": ""Gen1 x1"", ""util_pct"": 0.0, ""power_w"": 9.9, ""vram_used_mib"": 86.0}]"
2026-08-16T16:44:35.176608+03:00,1786887875.176608,ctx_002048.txt,1,1,decode,39.22018348623853,"[16.129032258064516, 22.831050228310502, 19.81566820276498, 98.62385321100918]",15875.55078125,6030.57421875,9844.9765625,37.98655115558245,24575.99609375,479.2890625,1.9502324978880083,"[{""index"": 0, ""name"": ""NVIDIA P104-100"", ""pci_bus"": ""00000000:01:00.0"", ""pcie"": ""Gen1 x1"", ""util_pct"": 26.0, ""power_w"": 68.12, ""vram_used_mib"": 7514.0}, {""index"": 1, ""name"": ""NVIDIA P104-100"", ""pci_bus"": ""00000000:02:00.0"", ""pcie"": ""Gen1 x1"", ""util_pct"": 25.0, ""power_w"": 175.66, ""vram_used_mib"": 7122.0}, {""index"": 2, ""name"": ""NVIDIA P104-100"", ""pci_bus"": ""00000000:0A:00.0"", ""pcie"": ""Gen1 x1"", ""util_pct"": 25.0, ""power_w"": 49.8, ""vram_used_mib"": 7862.0}, {""index"": 3, ""name"": ""NVIDIA P104-100"", ""pci_bus"": ""00000000:0C:00.0"", ""pcie"": ""Gen1 x1"", ""util_pct"": 22.0, ""power_w"": 53.65, ""vram_used_mib"": 7492.0}, {""index"": 4, ""name"": ""NVIDIA P104-100"", ""pci_bus"": ""00000000:0D:00.0"", ""pcie"": ""Gen1 x1"", ""util_pct"": 0.0, ""power_w"": 9.04, ""vram_used_mib"": 86.0}, {""index"": 5, ""name"": ""NVIDIA P104-100"", ""pci_bus"": ""00000000:0E:00.0"", ""pcie"": ""Gen1 x1"", ""util_pct"": 0.0, ""power_w"": 9.99, ""vram_used_mib"": 86.0}]"
2026-08-16T16:44:37.336777+03:00,1786887877.336777,ctx_002048.txt,1,1,decode,42.044134727061554,"[23.61111111111111, 15.42056074766355, 28.037383177570092, 100.0]",15875.55078125,6042.1640625,9833.38671875,38.059555512468684,24575.99609375,479.26953125,1.950153025015676,"[{""index"": 0, ""name"": ""NVIDIA P104-100"", ""pci_bus"": ""00000000:01:00.0"", ""pcie"": ""Gen1 x1"", ""util_pct"": 13.0, ""power_w"": 57.32, ""vram_used_mib"": 7514.0}, {""index"": 1, ""name"": ""NVIDIA P104-100"", ""pci_bus"": ""00000000:02:00.0"", ""pcie"": ""Gen1 x1"", ""util_pct"": 21.0, ""power_w"": 180.96, ""vram_used_mib"": 7122.0}, {""index"": 2, ""name"": ""NVIDIA P104-100"", ""pci_bus"": ""00000000:0A:00.0"", ""pcie"": ""Gen1 x1"", ""util_pct"": 25.0, ""power_w"": 49.8, ""vram_used_mib"": 7862.0}, {""index"": 3, ""name"": ""NVIDIA P104-100"", ""pci_bus"": ""00000000:0C:00.0"", ""pcie"": ""Gen1 x1"", ""util_pct"": 22.0, ""power_w"": 52.53, ""vram_used_mib"": 7492.0}, {""index"": 4, ""name"": ""NVIDIA P104-100"", ""pci_bus"": ""00000000:0D:00.0"", ""pcie"": ""Gen1 x1"", ""util_pct"": 0.0, ""power_w"": 8.94, ""vram_used_mib"": 86.0}, {""index"": 5, ""name"": ""NVIDIA P104-100"", ""pci_bus"": ""00000000:0E:00.0"", ""pcie"": ""Gen1 x1"", ""util_pct"": 0.0, ""power_w"": 9.8, ""vram_used_mib"": 86.0}]"
2026-08-16T16:44:39.520844+03:00,1786887879.520844,ctx_002048.txt,1,1,decode,41.49425287356322,"[29.493087557603687, 14.814814814814815, 21.19815668202765, 100.0]",15875.55078125,5985.578125,9889.97265625,37.703121028527306,24575.99609375,479.26953125,1.950153025015676,"[{""index"": 0, ""name"": ""NVIDIA P104-100"", ""pci_bus"": ""00000000:01:00.0"", ""pcie"": ""Gen1 x1"", ""util_pct"": 16.0, ""power_w"": 42.9, ""vram_used_mib"": 7514.0}, {""index"": 1, ""name"": ""NVIDIA P104-100"", ""pci_bus"": ""00000000:02:00.0"", ""pcie"": ""Gen1 x1"", ""util_pct"": 19.0, ""power_w"": 50.73, ""vram_used_mib"": 7122.0}, {""index"": 2, ""name"": ""NVIDIA P104-100"", ""pci_bus"": ""00000000:0A:00.0"", ""pcie"": ""Gen1 x1"", ""util_pct"": 6.0, ""power_w"": 49.6, ""vram_used_mib"": 7862.0}, {""index"": 3, ""name"": ""NVIDIA P104-100"", ""pci_bus"": ""00000000:0C:00.0"", ""pcie"": ""Gen1 x1"", ""util_pct"": 31.0, ""power_w"": 147.75, ""vram_used_mib"": 7492.0}, {""index"": 4, ""name"": ""NVIDIA P104-100"", ""pci_bus"": ""00000000:0D:00.0"", ""pcie"": ""Gen1 x1"", ""util_pct"": 0.0, ""power_w"": 8.94, ""vram_used_mib"": 86.0}, {""index"": 5, ""name"": ""NVIDIA P104-100"", ""pci_bus"": ""00000000:0E:00.0"", ""pcie"": ""Gen1 x1"", ""util_pct"": 0.0, ""power_w"": 9.69, ""vram_used_mib"": 86.0}]"
2026-08-16T16:44:41.650752+03:00,1786887881.650752,ctx_002048.txt,1,1,decode,50.35377358490566,"[71.49532710280374, 21.12676056338028, 8.962264150943396, 100.0]",15875.55078125,5979.79296875,9895.7578125,37.66668036369801,24575.99609375,479.2578125,1.9501053412922766,"[{""index"": 0, ""name"": ""NVIDIA P104-100"", ""pci_bus"": ""00000000:01:00.0"", ""pcie"": ""Gen1 x1"", ""util_pct"": 30.0, ""power_w"": 43.11, ""vram_used_mib"": 7514.0}, {""index"": 1, ""name"": ""NVIDIA P104-100"", ""pci_bus"": ""00000000:02:00.0"", ""pcie"": ""Gen1 x1"", ""util_pct"": 14.0, ""power_w"": 55.44, ""vram_used_mib"": 7122.0}, {""index"": 2, ""name"": ""NVIDIA P104-100"", ""pci_bus"": ""00000000:0A:00.0"", ""pcie"": ""Gen1 x1"", ""util_pct"": 25.0, ""power_w"": 147.03, ""vram_used_mib"": 7862.0}, {""index"": 3, ""name"": ""NVIDIA P104-100"", ""pci_bus"": ""00000000:0C:00.0"", ""pcie"": ""Gen1 x1"", ""util_pct"": 52.0, ""power_w"": 109.41, ""vram_used_mib"": 7492.0}, {""index"": 4, ""name"": ""NVIDIA P104-100"", ""pci_bus"": ""00000000:0D:00.0"", ""pcie"": ""Gen1 x1"", ""util_pct"": 0.0, ""power_w"": 8.74, ""vram_used_mib"": 86.0}, {""index"": 5, ""name"": ""NVIDIA P104-100"", ""pci_bus"": ""00000000:0E:00.0"", ""pcie"": ""Gen1 x1"", ""util_pct"": 0.0, ""power_w"": 9.89, ""vram_used_mib"": 86.0}]"
2026-08-16T16:44:43.827539+03:00,1786887883.827539,ctx_002048.txt,1,1,decode,41.42692750287687,"[19.444444444444443, 24.074074074074073, 22.01834862385321, 100.0]",15875.55078125,6016.79296875,9858.7578125,37.899743143754115,24575.99609375,479.25,1.9500735521433437,"[{""index"": 0, ""name"": ""NVIDIA P104-100"", ""pci_bus"": ""00000000:01:00.0"", ""pcie"": ""Gen1 x1"", ""util_pct"": 30.0, ""power_w"": 109.19, ""vram_used_mib"": 7514.0}, {""index"": 1, ""name"": ""NVIDIA P104-100"", ""pci_bus"": ""00000000:02:00.0"", ""pcie"": ""Gen1 x1"", ""util_pct"": 25.0, ""power_w"": 50.66, ""vram_used_mib"": 7122.0}, {""index"": 2, ""name"": ""NVIDIA P104-100"", ""pci_bus"": ""00000000:0A:00.0"", ""pcie"": ""Gen1 x1"", ""util_pct"": 25.0, ""power_w"": 48.79, ""vram_used_mib"": 7862.0}, {""index"": 3, ""name"": ""NVIDIA P104-100"", ""pci_bus"": ""00000000:0C:00.0"", ""pcie"": ""Gen1 x1"", ""util_pct"": 43.0, ""power_w"": 70.19, ""vram_used_mib"": 7492.0}, {""index"": 4, ""name"": ""NVIDIA P104-100"", ""pci_bus"": ""00000000:0D:00.0"", ""pcie"": ""Gen1 x1"", ""util_pct"": 0.0, ""power_w"": 8.85, ""vram_used_mib"": 86.0}, {""index"": 5, ""name"": ""NVIDIA P104-100"", ""pci_bus"": ""00000000:0E:00.0"", ""pcie"": ""Gen1 x1"", ""util_pct"": 0.0, ""power_w"": 9.8, ""vram_used_mib"": 86.0}]"
2026-08-16T16:44:44.519429+03:00,1786887884.519429,ctx_004096.txt,1,1,outside,0.0,"[null, null, null, null]",15875.55078125,6016.109375,9859.44140625,37.89543719078644,24575.99609375,479.16015625,1.9497079769306147,"[{""index"": 0, ""name"": ""NVIDIA P104-100"", ""pci_bus"": ""00000000:01:00.0"", ""pcie"": ""Gen1 x1"", ""util_pct"": 0.0, ""power_w"": 42.92, ""vram_used_mib"": 7514.0}, {""index"": 1, ""name"": ""NVIDIA P104-100"", ""pci_bus"": ""00000000:02:00.0"", ""pcie"": ""Gen1 x1"", ""util_pct"": 14.0, ""power_w"": 50.76, ""vram_used_mib"": 7122.0}, {""index"": 2, ""name"": ""NVIDIA P104-100"", ""pci_bus"": ""00000000:0A:00.0"", ""pcie"": ""Gen1 x1"", ""util_pct"": 14.0, ""power_w"": 48.5, ""vram_used_mib"": 7862.0}, {""index"": 3, ""name"": ""NVIDIA P104-100"", ""pci_bus"": ""00000000:0C:00.0"", ""pcie"": ""Gen1 x1"", ""util_pct"": 18.0, ""power_w"": 53.45, ""vram_used_mib"": 7492.0}, {""index"": 4, ""name"": ""NVIDIA P104-100"", ""pci_bus"": ""00000000:0D:00.0"", ""pcie"": ""Gen1 x1"", ""util_pct"": 0.0, ""power_w"": 8.75, ""vram_used_mib"": 86.0}, {""index"": 5, ""name"": ""NVIDIA P104-100"", ""pci_bus"": ""00000000:0E:00.0"", ""pcie"": ""Gen1 x1"", ""util_pct"": 0.0, ""power_w"": 9.8, ""vram_used_mib"": 86.0}]"
2026-08-16T16:44:46.660874+03:00,1786887886.660874,ctx_004096.txt,1,1,prefill,38.901869158878505,"[12.67605633802817, 29.71698113207547, 17.757009345794394, 94.4186046511628]",15875.55078125,6627.2421875,9248.30859375,41.74495914388797,24575.99609375,478.4140625,1.946672113207517,"[{""index"": 0, ""name"": ""NVIDIA P104-100"", ""pci_bus"": ""00000000:01:00.0"", ""pcie"": ""Gen1 x1"", ""util_pct"": 0.0, ""power_w"": 64.53, ""vram_used_mib"": 7514.0}, {""index"": 1, ""name"": ""NVIDIA P104-100"", ""pci_bus"": ""00000000:02:00.0"", ""pcie"": ""Gen1 x1"", ""util_pct"": 0.0, ""power_w"": 164.21, ""vram_used_mib"": 7122.0}, {""index"": 2, ""name"": ""NVIDIA P104-100"", ""pci_bus"": ""00000000:0A:00.0"", ""pcie"": ""Gen1 x1"", ""util_pct"": 0.0, ""power_w"": 52.91, ""vram_used_mib"": 7862.0}, {""index"": 3, ""name"": ""NVIDIA P104-100"", ""pci_bus"": ""00000000:0C:00.0"", ""pcie"": ""Gen1 x1"", ""util_pct"": 31.0, ""power_w"": 54.54, ""vram_used_mib"": 7492.0}, {""index"": 4, ""name"": ""NVIDIA P104-100"", ""pci_bus"": ""00000000:0D:00.0"", ""pcie"": ""Gen1 x1"", ""util_pct"": 0.0, ""power_w"": 8.84, ""vram_used_mib"": 86.0}, {""index"": 5, ""name"": ""NVIDIA P104-100"", ""pci_bus"": ""00000000:0E:00.0"", ""pcie"": ""Gen1 x1"", ""util_pct"": 0.0, ""power_w"": 9.44, ""vram_used_mib"": 86.0}]"
2026-08-16T16:44:48.789178+03:00,1786887888.789178,ctx_004096.txt,1,1,prefill,36.406619385342786,"[21.22641509433962, 51.64319248826291, 25.471698113207548, 47.61904761904762]",15875.55078125,6555.75390625,9319.796875,41.294654885251276,24575.99609375,440.7109375,1.7932576804570644,"[{""index"": 0, ""name"": ""NVIDIA P104-100"", ""pci_bus"": ""00000000:01:00.0"", ""pcie"": ""Gen1 x1"", ""util_pct"": 98.0, ""power_w"": 158.47, ""vram_used_mib"": 7514.0}, {""index"": 1, ""name"": ""NVIDIA P104-100"", ""pci_bus"": ""00000000:02:00.0"", ""pcie"": ""Gen1 x1"", ""util_pct"": 91.0, ""power_w"": 168.43, ""vram_used_mib"": 7122.0}, {""index"": 2, ""name"": ""NVIDIA P104-100"", ""pci_bus"": ""00000000:0A:00.0"", ""pcie"": ""Gen1 x1"", ""util_pct"": 91.0, ""power_w"": 180.46, ""vram_used_mib"": 7862.0}, {""index"": 3, ""name"": ""NVIDIA P104-100"", ""pci_bus"": ""00000000:0C:00.0"", ""pcie"": ""Gen1 x1"", ""util_pct"": 67.0, ""power_w"": 186.7, ""vram_used_mib"": 7492.0}, {""index"": 4, ""name"": ""NVIDIA P104-100"", ""pci_bus"": ""00000000:0D:00.0"", ""pcie"": ""Gen1 x1"", ""util_pct"": 0.0, ""power_w"": 8.83, ""vram_used_mib"": 86.0}, {""index"": 5, ""name"": ""NVIDIA P104-100"", ""pci_bus"": ""00000000:0E:00.0"", ""pcie"": ""Gen1 x1"", ""util_pct"": 0.0, ""power_w"": 9.69, ""vram_used_mib"": 86.0}]"
2026-08-16T16:44:50.976274+03:00,1786887890.976274,ctx_004096.txt,1,1,prefill,43.986254295532646,"[22.477064220183486, 100.0, 19.634703196347033, 34.403669724770644]",15875.55078125,6439.15234375,9436.3984375,40.560182336193556,24575.99609375,440.70703125,1.793241785882598,"[{""index"": 0, ""name"": ""NVIDIA P104-100"", ""pci_bus"": ""00000000:01:00.0"", ""pcie"": ""Gen1 x1"", ""util_pct"": 99.0, ""power_w"": 167.49, ""vram_used_mib"": 7514.0}, {""index"": 1, ""name"": ""NVIDIA P104-100"", ""pci_bus"": ""00000000:02:00.0"", ""pcie"": ""Gen1 x1"", ""util_pct"": 92.0, ""power_w"": 177.44, ""vram_used_mib"": 7122.0}, {""index"": 2, ""name"": ""NVIDIA P104-100"", ""pci_bus"": ""00000000:0A:00.0"", ""pcie"": ""Gen1 x1"", ""util_pct"": 94.0, ""power_w"": 172.23, ""vram_used_mib"": 7862.0}, {""index"": 3, ""name"": ""NVIDIA P104-100"", ""pci_bus"": ""00000000:0C:00.0"", ""pcie"": ""Gen1 x1"", ""util_pct"": 69.0, ""power_w"": 187.49, ""vram_used_mib"": 7492.0}, {""index"": 4, ""name"": ""NVIDIA P104-100"", ""pci_bus"": ""00000000:0D:00.0"", ""pcie"": ""Gen1 x1"", ""util_pct"": 0.0, ""power_w"": 8.94, ""vram_used_mib"": 86.0}, {""index"": 5, ""name"": ""NVIDIA P104-100"", ""pci_bus"": ""00000000:0E:00.0"", ""pcie"": ""Gen1 x1"", ""util_pct"": 0.0, ""power_w"": 9.54, ""vram_used_mib"": 86.0}]"
2026-08-16T16:44:53.152660+03:00,1786887893.152660,ctx_004096.txt,1,1,prefill,43.13725490196079,"[23.502304147465438, 100.0, 24.074074074074073, 24.537037037037038]",15875.55078125,6438.25390625,9437.296875,40.55452308372175,24575.99609375,440.703125,1.7932258913081314,"[{""index"": 0, ""name"": ""NVIDIA P104-100"", ""pci_bus"": ""00000000:01:00.0"", ""pcie"": ""Gen1 x1"", ""util_pct"": 98.0, ""power_w"": 174.89, ""vram_used_mib"": 7514.0}, {""index"": 1, ""name"": ""NVIDIA P104-100"", ""pci_bus"": ""00000000:02:00.0"", ""pcie"": ""Gen1 x1"", ""util_pct"": 91.0, ""power_w"": 184.51, ""vram_used_mib"": 7122.0}, {""index"": 2, ""name"": ""NVIDIA P104-100"", ""pci_bus"": ""00000000:0A:00.0"", ""pcie"": ""Gen1 x1"", ""util_pct"": 92.0, ""power_w"": 185.15, ""vram_used_mib"": 7862.0}, {""index"": 3, ""name"": ""NVIDIA P104-100"", ""pci_bus"": ""00000000:0C:00.0"", ""pcie"": ""Gen1 x1"", ""util_pct"": 67.0, ""power_w"": 77.13, ""vram_used_mib"": 7492.0}, {""index"": 4, ""name"": ""NVIDIA P104-100"", ""pci_bus"": ""00000000:0D:00.0"", ""pcie"": ""Gen1 x1"", ""util_pct"": 0.0, ""power_w"": 8.94, ""vram_used_mib"": 86.0}, {""index"": 5, ""name"": ""NVIDIA P104-100"", ""pci_bus"": ""00000000:0E:00.0"", ""pcie"": ""Gen1 x1"", ""util_pct"": 0.0, ""power_w"": 9.55, ""vram_used_mib"": 86.0}]"
2026-08-16T16:44:55.364836+03:00,1786887895.364836,ctx_004096.txt,1,1,prefill,44.50736126840317,"[19.634703196347033, 100.0, 22.07207207207207, 36.486486486486484]",15875.55078125,6516.5,9359.05078125,41.04739476312461,24575.99609375,440.6953125,1.7931941021591984,"[{""index"": 0, ""name"": ""NVIDIA P104-100"", ""pci_bus"": ""00000000:01:00.0"", ""pcie"": ""Gen1 x1"", ""util_pct"": 98.0, ""power_w"": 173.46, ""vram_used_mib"": 7514.0}, {""index"": 1, ""name"": ""NVIDIA P104-100"", ""pci_bus"": ""00000000:02:00.0"", ""pcie"": ""Gen1 x1"", ""util_pct"": 91.0, ""power_w"": 164.95, ""vram_used_mib"": 7122.0}, {""index"": 2, ""name"": ""NVIDIA P104-100"", ""pci_bus"": ""00000000:0A:00.0"", ""pcie"": ""Gen1 x1"", ""util_pct"": 92.0, ""power_w"": 120.3, ""vram_used_mib"": 7862.0}, {""index"": 3, ""name"": ""NVIDIA P104-100"", ""pci_bus"": ""00000000:0C:00.0"", ""pcie"": ""Gen1 x1"", ""util_pct"": 74.0, ""power_w"": 64.53, ""vram_used_mib"": 7492.0}, {""index"": 4, ""name"": ""NVIDIA P104-100"", ""pci_bus"": ""00000000:0D:00.0"", ""pcie"": ""Gen1 x1"", ""util_pct"": 0.0, ""power_w"": 8.85, ""vram_used_mib"": 86.0}, {""index"": 5, ""name"": ""NVIDIA P104-100"", ""pci_bus"": ""00000000:0E:00.0"", ""pcie"": ""Gen1 x1"", ""util_pct"": 0.0, ""power_w"": 9.9, ""vram_used_mib"": 86.0}]"
2026-08-16T16:44:57.519783+03:00,1786887897.519783,ctx_004096.txt,1,1,prefill,43.372093023255815,"[23.25581395348837, 100.0, 21.49532710280374, 28.037383177570092]",15875.55078125,6386.02734375,9489.5234375,40.225548276991375,24575.99609375,440.69140625,1.793178207584732,"[{""index"": 0, ""name"": ""NVIDIA P104-100"", ""pci_bus"": ""00000000:01:00.0"", ""pcie"": ""Gen1 x1"", ""util_pct"": 98.0, ""power_w"": 173.43, ""vram_used_mib"": 7514.0}, {""index"": 1, ""name"": ""NVIDIA P104-100"", ""pci_bus"": ""00000000:02:00.0"", ""pcie"": ""Gen1 x1"", ""util_pct"": 91.0, ""power_w"": 178.3, ""vram_used_mib"": 7122.0}, {""index"": 2, ""name"": ""NVIDIA P104-100"", ""pci_bus"": ""00000000:0A:00.0"", ""pcie"": ""Gen1 x1"", ""util_pct"": 92.0, ""power_w"": 184.29, ""vram_used_mib"": 7862.0}, {""index"": 3, ""name"": ""NVIDIA P104-100"", ""pci_bus"": ""00000000:0C:00.0"", ""pcie"": ""Gen1 x1"", ""util_pct"": 69.0, ""power_w"": 156.39, ""vram_used_mib"": 7492.0}, {""index"": 4, ""name"": ""NVIDIA P104-100"", ""pci_bus"": ""00000000:0D:00.0"", ""pcie"": ""Gen1 x1"", ""util_pct"": 0.0, ""power_w"": 8.84, ""vram_used_mib"": 86.0}, {""index"": 5, ""name"": ""NVIDIA P104-100"", ""pci_bus"": ""00000000:0E:00.0"", ""pcie"": ""Gen1 x1"", ""util_pct"": 0.0, ""power_w"": 9.54, ""vram_used_mib"": 86.0}]"
2026-08-16T16:44:59.662378+03:00,1786887899.662378,ctx_004096.txt,1,1,prefill,42.38875878220141,"[23.364485981308412, 100.0, 18.309859154929576, 27.230046948356808]",15875.55078125,6510.65625,9364.89453125,41.01058501661237,24575.99609375,440.6328125,1.7929397889677348,"[{""index"": 0, ""name"": ""NVIDIA P104-100"", ""pci_bus"": ""00000000:01:00.0"", ""pcie"": ""Gen1 x1"", ""util_pct"": 0.0, ""power_w"": 49.45, ""vram_used_mib"": 7514.0}, {""index"": 1, ""name"": ""NVIDIA P104-100"", ""pci_bus"": ""00000000:02:00.0"", ""pcie"": ""Gen1 x1"", ""util_pct"": 0.0, ""power_w"": 50.4, ""vram_used_mib"": 7122.0}, {""index"": 2, ""name"": ""NVIDIA P104-100"", ""pci_bus"": ""00000000:0A:00.0"", ""pcie"": ""Gen1 x1"", ""util_pct"": 40.0, ""power_w"": 49.53, ""vram_used_mib"": 7862.0}, {""index"": 3, ""name"": ""NVIDIA P104-100"", ""pci_bus"": ""00000000:0C:00.0"", ""pcie"": ""Gen1 x1"", ""util_pct"": 20.0, ""power_w"": 54.89, ""vram_used_mib"": 7492.0}, {""index"": 4, ""name"": ""NVIDIA P104-100"", ""pci_bus"": ""00000000:0D:00.0"", ""pcie"": ""Gen1 x1"", ""util_pct"": 0.0, ""power_w"": 8.85, ""vram_used_mib"": 86.0}, {""index"": 5, ""name"": ""NVIDIA P104-100"", ""pci_bus"": ""00000000:0E:00.0"", ""pcie"": ""Gen1 x1"", ""util_pct"": 0.0, ""power_w"": 9.7, ""vram_used_mib"": 86.0}]"
2026-08-16T16:45:01.795143+03:00,1786887901.795143,ctx_004096.txt,1,1,prefill,38.33528722157092,"[19.81132075471698, 97.66355140186916, 11.267605633802816, 24.528301886792452]",15875.55078125,6512.09765625,9363.453125,41.01966442601278,24575.99609375,423.8125,1.7244977513150774,"[{""index"": 0, ""name"": ""NVIDIA P104-100"", ""pci_bus"": ""00000000:01:00.0"", ""pcie"": ""Gen1 x1"", ""util_pct"": 74.0, ""power_w"": 51.8, ""vram_used_mib"": 7514.0}, {""index"": 1, ""name"": ""NVIDIA P104-100"", ""pci_bus"": ""00000000:02:00.0"", ""pcie"": ""Gen1 x1"", ""util_pct"": 72.0, ""power_w"": 56.28, ""vram_used_mib"": 7122.0}, {""index"": 2, ""name"": ""NVIDIA P104-100"", ""pci_bus"": ""00000000:0A:00.0"", ""pcie"": ""Gen1 x1"", ""util_pct"": 95.0, ""power_w"": 182.68, ""vram_used_mib"": 7862.0}, {""index"": 3, ""name"": ""NVIDIA P104-100"", ""pci_bus"": ""00000000:0C:00.0"", ""pcie"": ""Gen1 x1"", ""util_pct"": 55.0, ""power_w"": 140.74, ""vram_used_mib"": 7492.0}, {""index"": 4, ""name"": ""NVIDIA P104-100"", ""pci_bus"": ""00000000:0D:00.0"", ""pcie"": ""Gen1 x1"", ""util_pct"": 0.0, ""power_w"": 8.95, ""vram_used_mib"": 86.0}, {""index"": 5, ""name"": ""NVIDIA P104-100"", ""pci_bus"": ""00000000:0E:00.0"", ""pcie"": ""Gen1 x1"", ""util_pct"": 0.0, ""power_w"": 9.9, ""vram_used_mib"": 86.0}]"
2026-08-16T16:45:03.981964+03:00,1786887903.981964,ctx_004096.txt,1,1,decode,48.26789838337182,"[38.81278538812786, 99.54545454545455, 33.333333333333336, 20.657276995305164]",15875.55078125,6722.578125,9152.97265625,42.345479647482705,24575.99609375,423.80078125,1.7244500675916778,"[{""index"": 0, ""name"": ""NVIDIA P104-100"", ""pci_bus"": ""00000000:01:00.0"", ""pcie"": ""Gen1 x1"", ""util_pct"": 79.0, ""power_w"": 51.9, ""vram_used_mib"": 7514.0}, {""index"": 1, ""name"": ""NVIDIA P104-100"", ""pci_bus"": ""00000000:02:00.0"", ""pcie"": ""Gen1 x1"", ""util_pct"": 72.0, ""power_w"": 53.83, ""vram_used_mib"": 7122.0}, {""index"": 2, ""name"": ""NVIDIA P104-100"", ""pci_bus"": ""00000000:0A:00.0"", ""pcie"": ""Gen1 x1"", ""util_pct"": 0.0, ""power_w"": 52.4, ""vram_used_mib"": 7862.0}, {""index"": 3, ""name"": ""NVIDIA P104-100"", ""pci_bus"": ""00000000:0C:00.0"", ""pcie"": ""Gen1 x1"", ""util_pct"": 0.0, ""power_w"": 55.02, ""vram_used_mib"": 7492.0}, {""index"": 4, ""name"": ""NVIDIA P104-100"", ""pci_bus"": ""00000000:0D:00.0"", ""pcie"": ""Gen1 x1"", ""util_pct"": 0.0, ""power_w"": 8.95, ""vram_used_mib"": 86.0}, {""index"": 5, ""name"": ""NVIDIA P104-100"", ""pci_bus"": ""00000000:0E:00.0"", ""pcie"": ""Gen1 x1"", ""util_pct"": 0.0, ""power_w"": 9.8, ""vram_used_mib"": 86.0}]"
2026-08-16T16:45:06.234621+03:00,1786887906.234621,ctx_004096.txt,1,1,decode,49.83314794215795,"[47.767857142857146, 100.0, 25.446428571428573, 25.112107623318387]",15875.55078125,6782.4765625,9093.07421875,42.72277954923316,24575.99609375,423.7890625,1.7244023838682785,"[{""index"": 0, ""name"": ""NVIDIA P104-100"", ""pci_bus"": ""00000000:01:00.0"", ""pcie"": ""Gen1 x1"", ""util_pct"": 27.0, ""power_w"": 50.29, ""vram_used_mib"": 7514.0}, {""index"": 1, ""name"": ""NVIDIA P104-100"", ""pci_bus"": ""00000000:02:00.0"", ""pcie"": ""Gen1 x1"", ""util_pct"": 26.0, ""power_w"": 51.21, ""vram_used_mib"": 7122.0}, {""index"": 2, ""name"": ""NVIDIA P104-100"", ""pci_bus"": ""00000000:0A:00.0"", ""pcie"": ""Gen1 x1"", ""util_pct"": 26.0, ""power_w"": 51.12, ""vram_used_mib"": 7862.0}, {""index"": 3, ""name"": ""NVIDIA P104-100"", ""pci_bus"": ""00000000:0C:00.0"", ""pcie"": ""Gen1 x1"", ""util_pct"": 52.0, ""power_w"": 113.38, ""vram_used_mib"": 7492.0}, {""index"": 4, ""name"": ""NVIDIA P104-100"", ""pci_bus"": ""00000000:0D:00.0"", ""pcie"": ""Gen1 x1"", ""util_pct"": 0.0, ""power_w"": 8.94, ""vram_used_mib"": 86.0}, {""index"": 5, ""name"": ""NVIDIA P104-100"", ""pci_bus"": ""00000000:0E:00.0"", ""pcie"": ""Gen1 x1"", ""util_pct"": 0.0, ""power_w"": 9.8, ""vram_used_mib"": 86.0}]"
2026-08-16T16:45:08.366580+03:00,1786887908.366580,ctx_004096.txt,1,1,decode,41.0377358490566,"[20.28301886792453, 100.0, 13.615023474178404, 30.18867924528302]",15875.55078125,6775.27734375,9100.2734375,42.67743171312216,24575.99609375,423.78125,1.7243705947193455,"[{""index"": 0, ""name"": ""NVIDIA P104-100"", ""pci_bus"": ""00000000:01:00.0"", ""pcie"": ""Gen1 x1"", ""util_pct"": 7.0, ""power_w"": 90.92, ""vram_used_mib"": 7514.0}, {""index"": 1, ""name"": ""NVIDIA P104-100"", ""pci_bus"": ""00000000:02:00.0"", ""pcie"": ""Gen1 x1"", ""util_pct"": 7.0, ""power_w"": 115.95, ""vram_used_mib"": 7122.0}, {""index"": 2, ""name"": ""NVIDIA P104-100"", ""pci_bus"": ""00000000:0A:00.0"", ""pcie"": ""Gen1 x1"", ""util_pct"": 25.0, ""power_w"": 42.32, ""vram_used_mib"": 7862.0}, {""index"": 3, ""name"": ""NVIDIA P104-100"", ""pci_bus"": ""00000000:0C:00.0"", ""pcie"": ""Gen1 x1"", ""util_pct"": 30.0, ""power_w"": 51.8, ""vram_used_mib"": 7492.0}, {""index"": 4, ""name"": ""NVIDIA P104-100"", ""pci_bus"": ""00000000:0D:00.0"", ""pcie"": ""Gen1 x1"", ""util_pct"": 0.0, ""power_w"": 8.84, ""vram_used_mib"": 86.0}, {""index"": 5, ""name"": ""NVIDIA P104-100"", ""pci_bus"": ""00000000:0E:00.0"", ""pcie"": ""Gen1 x1"", ""util_pct"": 0.0, ""power_w"": 9.89, ""vram_used_mib"": 86.0}]"
2026-08-16T16:45:10.521429+03:00,1786887910.521429,ctx_004096.txt,1,1,decode,41.81184668989547,"[16.822429906542055, 100.0, 21.3953488372093, 28.50467289719626]",15875.55078125,6750.1328125,9125.41796875,42.519046460248305,24575.99609375,423.77734375,1.7243547001448791,"[{""index"": 0, ""name"": ""NVIDIA P104-100"", ""pci_bus"": ""00000000:01:00.0"", ""pcie"": ""Gen1 x1"", ""util_pct"": 27.0, ""power_w"": 50.2, ""vram_used_mib"": 7514.0}, {""index"": 1, ""name"": ""NVIDIA P104-100"", ""pci_bus"": ""00000000:02:00.0"", ""pcie"": ""Gen1 x1"", ""util_pct"": 29.0, ""power_w"": 43.91, ""vram_used_mib"": 7122.0}, {""index"": 2, ""name"": ""NVIDIA P104-100"", ""pci_bus"": ""00000000:0A:00.0"", ""pcie"": ""Gen1 x1"", ""util_pct"": 29.0, ""power_w"": 44.04, ""vram_used_mib"": 7862.0}, {""index"": 3, ""name"": ""NVIDIA P104-100"", ""pci_bus"": ""00000000:0C:00.0"", ""pcie"": ""Gen1 x1"", ""util_pct"": 53.0, ""power_w"": 108.88, ""vram_used_mib"": 7492.0}, {""index"": 4, ""name"": ""NVIDIA P104-100"", ""pci_bus"": ""00000000:0D:00.0"", ""pcie"": ""Gen1 x1"", ""util_pct"": 0.0, ""power_w"": 8.85, ""vram_used_mib"": 86.0}, {""index"": 5, ""name"": ""NVIDIA P104-100"", ""pci_bus"": ""00000000:0E:00.0"", ""pcie"": ""Gen1 x1"", ""util_pct"": 0.0, ""power_w"": 9.8, ""vram_used_mib"": 86.0}]"
2026-08-16T16:45:12.720392+03:00,1786887912.720392,ctx_004096.txt,1,1,decode,41.78082191780822,"[18.264840182648403, 100.0, 28.181818181818183, 20.642201834862384]",15875.55078125,6713.96875,9161.58203125,42.291249245535525,24575.99609375,423.73046875,1.7241639652512812,"[{""index"": 0, ""name"": ""NVIDIA P104-100"", ""pci_bus"": ""00000000:01:00.0"", ""pcie"": ""Gen1 x1"", ""util_pct"": 27.0, ""power_w"": 50.2, ""vram_used_mib"": 7514.0}, {""index"": 1, ""name"": ""NVIDIA P104-100"", ""pci_bus"": ""00000000:02:00.0"", ""pcie"": ""Gen1 x1"", ""util_pct"": 28.0, ""power_w"": 43.91, ""vram_used_mib"": 7122.0}, {""index"": 2, ""name"": ""NVIDIA P104-100"", ""pci_bus"": ""00000000:0A:00.0"", ""pcie"": ""Gen1 x1"", ""util_pct"": 11.0, ""power_w"": 42.15, ""vram_used_mib"": 7862.0}, {""index"": 3, ""name"": ""NVIDIA P104-100"", ""pci_bus"": ""00000000:0C:00.0"", ""pcie"": ""Gen1 x1"", ""util_pct"": 25.0, ""power_w"": 156.74, ""vram_used_mib"": 7492.0}, {""index"": 4, ""name"": ""NVIDIA P104-100"", ""pci_bus"": ""00000000:0D:00.0"", ""pcie"": ""Gen1 x1"", ""util_pct"": 0.0, ""power_w"": 8.94, ""vram_used_mib"": 86.0}, {""index"": 5, ""name"": ""NVIDIA P104-100"", ""pci_bus"": ""00000000:0E:00.0"", ""pcie"": ""Gen1 x1"", ""util_pct"": 0.0, ""power_w"": 9.9, ""vram_used_mib"": 86.0}]"
2026-08-16T16:45:14.551460+03:00,1786887914.551460,ctx_008192.txt,1,1,outside,,"[null, null, null, null]",15875.55078125,6699.12109375,9176.4296875,42.19772394707763,24575.99609375,423.6171875,1.7237030225917533,"[{""index"": 0, ""name"": ""NVIDIA P104-100"", ""pci_bus"": ""00000000:01:00.0"", ""pcie"": ""Gen1 x1"", ""util_pct"": 16.0, ""power_w"": 50.2, ""vram_used_mib"": 7514.0}, {""index"": 1, ""name"": ""NVIDIA P104-100"", ""pci_bus"": ""00000000:02:00.0"", ""pcie"": ""Gen1 x1"", ""util_pct"": 5.0, ""power_w"": 43.93, ""vram_used_mib"": 7122.0}, {""index"": 2, ""name"": ""NVIDIA P104-100"", ""pci_bus"": ""00000000:0A:00.0"", ""pcie"": ""Gen1 x1"", ""util_pct"": 12.0, ""power_w"": 42.0, ""vram_used_mib"": 7862.0}, {""index"": 3, ""name"": ""NVIDIA P104-100"", ""pci_bus"": ""00000000:0C:00.0"", ""pcie"": ""Gen1 x1"", ""util_pct"": 43.0, ""power_w"": 54.94, ""vram_used_mib"": 7492.0}, {""index"": 4, ""name"": ""NVIDIA P104-100"", ""pci_bus"": ""00000000:0D:00.0"", ""pcie"": ""Gen1 x1"", ""util_pct"": 0.0, ""power_w"": 8.85, ""vram_used_mib"": 86.0}, {""index"": 5, ""name"": ""NVIDIA P104-100"", ""pci_bus"": ""00000000:0E:00.0"", ""pcie"": ""Gen1 x1"", ""util_pct"": 0.0, ""power_w"": 9.8, ""vram_used_mib"": 86.0}]"
2026-08-16T16:45:16.740728+03:00,1786887916.740728,ctx_008192.txt,1,1,prefill,40.09163802978236,"[97.70642201834862, 20.18348623853211, 21.461187214611872, 21.19815668202765]",15875.55078125,7409.66796875,8465.8828125,46.673454488906756,24575.99609375,423.61328125,1.723687128017287,"[{""index"": 0, ""name"": ""NVIDIA P104-100"", ""pci_bus"": ""00000000:01:00.0"", ""pcie"": ""Gen1 x1"", ""util_pct"": 53.0, ""power_w"": 51.9, ""vram_used_mib"": 7514.0}, {""index"": 1, ""name"": ""NVIDIA P104-100"", ""pci_bus"": ""00000000:02:00.0"", ""pcie"": ""Gen1 x1"", ""util_pct"": 98.0, ""power_w"": 54.3, ""vram_used_mib"": 7122.0}, {""index"": 2, ""name"": ""NVIDIA P104-100"", ""pci_bus"": ""00000000:0A:00.0"", ""pcie"": ""Gen1 x1"", ""util_pct"": 0.0, ""power_w"": 52.79, ""vram_used_mib"": 7862.0}, {""index"": 3, ""name"": ""NVIDIA P104-100"", ""pci_bus"": ""00000000:0C:00.0"", ""pcie"": ""Gen1 x1"", ""util_pct"": 0.0, ""power_w"": 54.68, ""vram_used_mib"": 7492.0}, {""index"": 4, ""name"": ""NVIDIA P104-100"", ""pci_bus"": ""00000000:0D:00.0"", ""pcie"": ""Gen1 x1"", ""util_pct"": 0.0, ""power_w"": 8.75, ""vram_used_mib"": 86.0}, {""index"": 5, ""name"": ""NVIDIA P104-100"", ""pci_bus"": ""00000000:0E:00.0"", ""pcie"": ""Gen1 x1"", ""util_pct"": 0.0, ""power_w"": 9.8, ""vram_used_mib"": 86.0}]"
2026-08-16T16:45:18.904097+03:00,1786887918.904097,ctx_008192.txt,1,1,prefill,39.51332560834299,"[100.0, 16.27906976744186, 15.668202764976959, 26.72811059907834]",15875.55078125,7395.90234375,8479.6484375,46.586744898860545,24575.99609375,423.48828125,1.7231785016343597,"[{""index"": 0, ""name"": ""NVIDIA P104-100"", ""pci_bus"": ""00000000:01:00.0"", ""pcie"": ""Gen1 x1"", ""util_pct"": 85.0, ""power_w"": 51.9, ""vram_used_mib"": 7514.0}, {""index"": 1, ""name"": ""NVIDIA P104-100"", ""pci_bus"": ""00000000:02:00.0"", ""pcie"": ""Gen1 x1"", ""util_pct"": 0.0, ""power_w"": 54.07, ""vram_used_mib"": 7122.0}, {""index"": 2, ""name"": ""NVIDIA P104-100"", ""pci_bus"": ""00000000:0A:00.0"", ""pcie"": ""Gen1 x1"", ""util_pct"": 0.0, ""power_w"": 52.79, ""vram_used_mib"": 7862.0}, {""index"": 3, ""name"": ""NVIDIA P104-100"", ""pci_bus"": ""00000000:0C:00.0"", ""pcie"": ""Gen1 x1"", ""util_pct"": 19.0, ""power_w"": 54.68, ""vram_used_mib"": 7492.0}, {""index"": 4, ""name"": ""NVIDIA P104-100"", ""pci_bus"": ""00000000:0D:00.0"", ""pcie"": ""Gen1 x1"", ""util_pct"": 0.0, ""power_w"": 8.85, ""vram_used_mib"": 86.0}, {""index"": 5, ""name"": ""NVIDIA P104-100"", ""pci_bus"": ""00000000:0E:00.0"", ""pcie"": ""Gen1 x1"", ""util_pct"": 0.0, ""power_w"": 9.8, ""vram_used_mib"": 86.0}]"
2026-08-16T16:45:21.026971+03:00,1786887921.026971,ctx_008192.txt,1,1,prefill,38.089622641509436,"[100.0, 16.9811320754717, 9.47867298578199, 25.0]",15875.55078125,7490.66796875,8384.8828125,47.18367300740796,24575.99609375,423.48828125,1.7231785016343597,"[{""index"": 0, ""name"": ""NVIDIA P104-100"", ""pci_bus"": ""00000000:01:00.0"", ""pcie"": ""Gen1 x1"", ""util_pct"": 0.0, ""power_w"": 51.9, ""vram_used_mib"": 7514.0}, {""index"": 1, ""name"": ""NVIDIA P104-100"", ""pci_bus"": ""00000000:02:00.0"", ""pcie"": ""Gen1 x1"", ""util_pct"": 0.0, ""power_w"": 54.07, ""vram_used_mib"": 7122.0}, {""index"": 2, ""name"": ""NVIDIA P104-100"", ""pci_bus"": ""00000000:0A:00.0"", ""pcie"": ""Gen1 x1"", ""util_pct"": 53.0, ""power_w"": 52.79, ""vram_used_mib"": 7862.0}, {""index"": 3, ""name"": ""NVIDIA P104-100"", ""pci_bus"": ""00000000:0C:00.0"", ""pcie"": ""Gen1 x1"", ""util_pct"": 85.0, ""power_w"": 55.02, ""vram_used_mib"": 7492.0}, {""index"": 4, ""name"": ""NVIDIA P104-100"", ""pci_bus"": ""00000000:0D:00.0"", ""pcie"": ""Gen1 x1"", ""util_pct"": 0.0, ""power_w"": 8.85, ""vram_used_mib"": 86.0}, {""index"": 5, ""name"": ""NVIDIA P104-100"", ""pci_bus"": ""00000000:0E:00.0"", ""pcie"": ""Gen1 x1"", ""util_pct"": 0.0, ""power_w"": 9.8, ""vram_used_mib"": 86.0}]"
2026-08-16T16:45:23.205382+03:00,1786887923.205382,ctx_008192.txt,1,1,prefill,31.566820276497698,"[67.74193548387096, 12.442396313364055, 27.98165137614679, 17.289719626168225]",15875.55078125,6210.05078125,9665.5,39.11707295588416,24575.99609375,423.4140625,1.7228765047194965,"[{""index"": 0, ""name"": ""NVIDIA P104-100"", ""pci_bus"": ""00000000:01:00.0"", ""pcie"": ""Gen1 x1"", ""util_pct"": 98.0, ""power_w"": 172.52, ""vram_used_mib"": 7514.0}, {""index"": 1, ""name"": ""NVIDIA P104-100"", ""pci_bus"": ""00000000:02:00.0"", ""pcie"": ""Gen1 x1"", ""util_pct"": 8.0, ""power_w"": 175.17, ""vram_used_mib"": 7122.0}, {""index"": 2, ""name"": ""NVIDIA P104-100"", ""pci_bus"": ""00000000:0A:00.0"", ""pcie"": ""Gen1 x1"", ""util_pct"": 0.0, ""power_w"": 181.84, ""vram_used_mib"": 7862.0}, {""index"": 3, ""name"": ""NVIDIA P104-100"", ""pci_bus"": ""00000000:0C:00.0"", ""pcie"": ""Gen1 x1"", ""util_pct"": 0.0, ""power_w"": 54.46, ""vram_used_mib"": 7492.0}, {""index"": 4, ""name"": ""NVIDIA P104-100"", ""pci_bus"": ""00000000:0D:00.0"", ""pcie"": ""Gen1 x1"", ""util_pct"": 0.0, ""power_w"": 9.44, ""vram_used_mib"": 86.0}, {""index"": 5, ""name"": ""NVIDIA P104-100"", ""pci_bus"": ""00000000:0E:00.0"", ""pcie"": ""Gen1 x1"", ""util_pct"": 0.0, ""power_w"": 9.99, ""vram_used_mib"": 86.0}]"
2026-08-16T16:45:25.362609+03:00,1786887925.362609,ctx_008192.txt,1,1,prefill,43.55400696864111,"[100.0, 23.25581395348837, 22.325581395348838, 28.837209302325583]",15875.55078125,6115.45703125,9760.09375,38.52122748694004,24575.99609375,423.41015625,1.7228606101450301,"[{""index"": 0, ""name"": ""NVIDIA P104-100"", ""pci_bus"": ""00000000:01:00.0"", ""pcie"": ""Gen1 x1"", ""util_pct"": 98.0, ""power_w"": 175.22, ""vram_used_mib"": 7514.0}, {""index"": 1, ""name"": ""NVIDIA P104-100"", ""pci_bus"": ""00000000:02:00.0"", ""pcie"": ""Gen1 x1"", ""util_pct"": 91.0, ""power_w"": 183.08, ""vram_used_mib"": 7122.0}, {""index"": 2, ""name"": ""NVIDIA P104-100"", ""pci_bus"": ""00000000:0A:00.0"", ""pcie"": ""Gen1 x1"", ""util_pct"": 91.0, ""power_w"": 177.04, ""vram_used_mib"": 7862.0}, {""index"": 3, ""name"": ""NVIDIA P104-100"", ""pci_bus"": ""00000000:0C:00.0"", ""pcie"": ""Gen1 x1"", ""util_pct"": 68.0, ""power_w"": 104.94, ""vram_used_mib"": 7492.0}, {""index"": 4, ""name"": ""NVIDIA P104-100"", ""pci_bus"": ""00000000:0D:00.0"", ""pcie"": ""Gen1 x1"", ""util_pct"": 0.0, ""power_w"": 8.84, ""vram_used_mib"": 86.0}, {""index"": 5, ""name"": ""NVIDIA P104-100"", ""pci_bus"": ""00000000:0E:00.0"", ""pcie"": ""Gen1 x1"", ""util_pct"": 0.0, ""power_w"": 9.74, ""vram_used_mib"": 86.0}]"
2026-08-16T16:45:27.520516+03:00,1786887927.520516,ctx_008192.txt,1,1,prefill,47.9020979020979,"[98.59813084112149, 50.93457943925234, 15.277777777777779, 26.760563380281692]",15875.55078125,6114.953125,9760.59765625,38.51805338446673,24575.99609375,423.40625,1.7228447155705635,"[{""index"": 0, ""name"": ""NVIDIA P104-100"", ""pci_bus"": ""00000000:01:00.0"", ""pcie"": ""Gen1 x1"", ""util_pct"": 99.0, ""power_w"": 176.48, ""vram_used_mib"": 7514.0}, {""index"": 1, ""name"": ""NVIDIA P104-100"", ""pci_bus"": ""00000000:02:00.0"", ""pcie"": ""Gen1 x1"", ""util_pct"": 90.0, ""power_w"": 181.54, ""vram_used_mib"": 7122.0}, {""index"": 2, ""name"": ""NVIDIA P104-100"", ""pci_bus"": ""00000000:0A:00.0"", ""pcie"": ""Gen1 x1"", ""util_pct"": 93.0, ""power_w"": 176.73, ""vram_used_mib"": 7862.0}, {""index"": 3, ""name"": ""NVIDIA P104-100"", ""pci_bus"": ""00000000:0C:00.0"", ""pcie"": ""Gen1 x1"", ""util_pct"": 72.0, ""power_w"": 149.87, ""vram_used_mib"": 7492.0}, {""index"": 4, ""name"": ""NVIDIA P104-100"", ""pci_bus"": ""00000000:0D:00.0"", ""pcie"": ""Gen1 x1"", ""util_pct"": 0.0, ""power_w"": 8.84, ""vram_used_mib"": 86.0}, {""index"": 5, ""name"": ""NVIDIA P104-100"", ""pci_bus"": ""00000000:0E:00.0"", ""pcie"": ""Gen1 x1"", ""util_pct"": 0.0, ""power_w"": 9.64, ""vram_used_mib"": 86.0}]"
2026-08-16T16:45:30.317802+03:00,1786887930.317802,ctx_008192.txt,1,1,prefill,51.61001788908766,"[47.31182795698925, 100.0, 34.40860215053763, 24.91103202846975]",15875.55078125,6068.90625,9806.64453125,38.22800439256414,24575.99609375,423.40625,1.7228447155705635,"[{""index"": 0, ""name"": ""NVIDIA P104-100"", ""pci_bus"": ""00000000:01:00.0"", ""pcie"": ""Gen1 x1"", ""util_pct"": 98.0, ""power_w"": 176.03, ""vram_used_mib"": 7514.0}, {""index"": 1, ""name"": ""NVIDIA P104-100"", ""pci_bus"": ""00000000:02:00.0"", ""pcie"": ""Gen1 x1"", ""util_pct"": 92.0, ""power_w"": 104.87, ""vram_used_mib"": 7122.0}, {""index"": 2, ""name"": ""NVIDIA P104-100"", ""pci_bus"": ""00000000:0A:00.0"", ""pcie"": ""Gen1 x1"", ""util_pct"": 92.0, ""power_w"": 132.42, ""vram_used_mib"": 7862.0}, {""index"": 3, ""name"": ""NVIDIA P104-100"", ""pci_bus"": ""00000000:0C:00.0"", ""pcie"": ""Gen1 x1"", ""util_pct"": 67.0, ""power_w"": 139.83, ""vram_used_mib"": 7492.0}, {""index"": 4, ""name"": ""NVIDIA P104-100"", ""pci_bus"": ""00000000:0D:00.0"", ""pcie"": ""Gen1 x1"", ""util_pct"": 0.0, ""power_w"": 8.94, ""vram_used_mib"": 86.0}, {""index"": 5, ""name"": ""NVIDIA P104-100"", ""pci_bus"": ""00000000:0E:00.0"", ""pcie"": ""Gen1 x1"", ""util_pct"": 0.0, ""power_w"": 9.89, ""vram_used_mib"": 86.0}]"
2026-08-16T16:45:32.510087+03:00,1786887932.510087,ctx_008192.txt,1,1,prefill,43.6426116838488,"[26.484018264840184, 100.0, 20.091324200913242, 27.522935779816514]",15875.55078125,5942.12109375,9933.4296875,37.42938544701082,24575.99609375,423.40625,1.7228447155705635,"[{""index"": 0, ""name"": ""NVIDIA P104-100"", ""pci_bus"": ""00000000:01:00.0"", ""pcie"": ""Gen1 x1"", ""util_pct"": 98.0, ""power_w"": 174.45, ""vram_used_mib"": 7514.0}, {""index"": 1, ""name"": ""NVIDIA P104-100"", ""pci_bus"": ""00000000:02:00.0"", ""pcie"": ""Gen1 x1"", ""util_pct"": 92.0, ""power_w"": 186.17, ""vram_used_mib"": 7122.0}, {""index"": 2, ""name"": ""NVIDIA P104-100"", ""pci_bus"": ""00000000:0A:00.0"", ""pcie"": ""Gen1 x1"", ""util_pct"": 92.0, ""power_w"": 178.69, ""vram_used_mib"": 7862.0}, {""index"": 3, ""name"": ""NVIDIA P104-100"", ""pci_bus"": ""00000000:0C:00.0"", ""pcie"": ""Gen1 x1"", ""util_pct"": 66.0, ""power_w"": 82.86, ""vram_used_mib"": 7492.0}, {""index"": 4, ""name"": ""NVIDIA P104-100"", ""pci_bus"": ""00000000:0D:00.0"", ""pcie"": ""Gen1 x1"", ""util_pct"": 0.0, ""power_w"": 8.84, ""vram_used_mib"": 86.0}, {""index"": 5, ""name"": ""NVIDIA P104-100"", ""pci_bus"": ""00000000:0E:00.0"", ""pcie"": ""Gen1 x1"", ""util_pct"": 0.0, ""power_w"": 9.8, ""vram_used_mib"": 86.0}]"
2026-08-16T16:45:34.651865+03:00,1786887934.651865,ctx_008192.txt,1,1,prefill,42.69005847953216,"[30.8411214953271, 100.0, 17.289719626168225, 22.535211267605632]",15875.55078125,6054.48046875,9821.0703125,38.137136482223426,24575.99609375,423.40234375,1.7228288209960971,"[{""index"": 0, ""name"": ""NVIDIA P104-100"", ""pci_bus"": ""00000000:01:00.0"", ""pcie"": ""Gen1 x1"", ""util_pct"": 79.0, ""power_w"": 49.94, ""vram_used_mib"": 7514.0}, {""index"": 1, ""name"": ""NVIDIA P104-100"", ""pci_bus"": ""00000000:02:00.0"", ""pcie"": ""Gen1 x1"", ""util_pct"": 73.0, ""power_w"": 114.24, ""vram_used_mib"": 7122.0}, {""index"": 2, ""name"": ""NVIDIA P104-100"", ""pci_bus"": ""00000000:0A:00.0"", ""pcie"": ""Gen1 x1"", ""util_pct"": 11.0, ""power_w"": 181.06, ""vram_used_mib"": 7862.0}, {""index"": 3, ""name"": ""NVIDIA P104-100"", ""pci_bus"": ""00000000:0C:00.0"", ""pcie"": ""Gen1 x1"", ""util_pct"": 6.0, ""power_w"": 54.03, ""vram_used_mib"": 7492.0}, {""index"": 4, ""name"": ""NVIDIA P104-100"", ""pci_bus"": ""00000000:0D:00.0"", ""pcie"": ""Gen1 x1"", ""util_pct"": 0.0, ""power_w"": 8.95, ""vram_used_mib"": 86.0}, {""index"": 5, ""name"": ""NVIDIA P104-100"", ""pci_bus"": ""00000000:0E:00.0"", ""pcie"": ""Gen1 x1"", ""util_pct"": 0.0, ""power_w"": 9.8, ""vram_used_mib"": 86.0}]"
2026-08-16T16:45:36.781987+03:00,1786887936.781987,ctx_008192.txt,1,1,prefill,38.705882352941174,"[20.754716981132077, 98.58490566037736, 20.754716981132077, 14.953271028037383]",15875.55078125,6033.83984375,9841.7109375,38.00712130804517,24575.99609375,423.3984375,1.7228129264216305,"[{""index"": 0, ""name"": ""NVIDIA P104-100"", ""pci_bus"": ""00000000:01:00.0"", ""pcie"": ""Gen1 x1"", ""util_pct"": 0.0, ""power_w"": 49.8, ""vram_used_mib"": 7514.0}, {""index"": 1, ""name"": ""NVIDIA P104-100"", ""pci_bus"": ""00000000:02:00.0"", ""pcie"": ""Gen1 x1"", ""util_pct"": 0.0, ""power_w"": 49.97, ""vram_used_mib"": 7122.0}, {""index"": 2, ""name"": ""NVIDIA P104-100"", ""pci_bus"": ""00000000:0A:00.0"", ""pcie"": ""Gen1 x1"", ""util_pct"": 0.0, ""power_w"": 47.94, ""vram_used_mib"": 7862.0}, {""index"": 3, ""name"": ""NVIDIA P104-100"", ""pci_bus"": ""00000000:0C:00.0"", ""pcie"": ""Gen1 x1"", ""util_pct"": 58.0, ""power_w"": 55.27, ""vram_used_mib"": 7492.0}, {""index"": 4, ""name"": ""NVIDIA P104-100"", ""pci_bus"": ""00000000:0D:00.0"", ""pcie"": ""Gen1 x1"", ""util_pct"": 0.0, ""power_w"": 8.85, ""vram_used_mib"": 86.0}, {""index"": 5, ""name"": ""NVIDIA P104-100"", ""pci_bus"": ""00000000:0E:00.0"", ""pcie"": ""Gen1 x1"", ""util_pct"": 0.0, ""power_w"": 9.8, ""vram_used_mib"": 86.0}]"
2026-08-16T16:45:38.948112+03:00,1786887938.948112,ctx_008192.txt,1,1,prefill,41.73410404624278,"[25.462962962962962, 99.07407407407408, 18.51851851851852, 23.25581395348837]",15875.55078125,6187.14453125,9688.40625,38.972786623298745,24575.99609375,422.15234375,1.717742557166824,"[{""index"": 0, ""name"": ""NVIDIA P104-100"", ""pci_bus"": ""00000000:01:00.0"", ""pcie"": ""Gen1 x1"", ""util_pct"": 98.0, ""power_w"": 177.18, ""vram_used_mib"": 7514.0}, {""index"": 1, ""name"": ""NVIDIA P104-100"", ""pci_bus"": ""00000000:02:00.0"", ""pcie"": ""Gen1 x1"", ""util_pct"": 91.0, ""power_w"": 184.81, ""vram_used_mib"": 7122.0}, {""index"": 2, ""name"": ""NVIDIA P104-100"", ""pci_bus"": ""00000000:0A:00.0"", ""pcie"": ""Gen1 x1"", ""util_pct"": 92.0, ""power_w"": 179.31, ""vram_used_mib"": 7862.0}, {""index"": 3, ""name"": ""NVIDIA P104-100"", ""pci_bus"": ""00000000:0C:00.0"", ""pcie"": ""Gen1 x1"", ""util_pct"": 67.0, ""power_w"": 103.03, ""vram_used_mib"": 7492.0}, {""index"": 4, ""name"": ""NVIDIA P104-100"", ""pci_bus"": ""00000000:0D:00.0"", ""pcie"": ""Gen1 x1"", ""util_pct"": 0.0, ""power_w"": 8.74, ""vram_used_mib"": 86.0}, {""index"": 5, ""name"": ""NVIDIA P104-100"", ""pci_bus"": ""00000000:0E:00.0"", ""pcie"": ""Gen1 x1"", ""util_pct"": 0.0, ""power_w"": 9.79, ""vram_used_mib"": 86.0}]"
2026-08-16T16:45:41.091270+03:00,1786887941.091270,ctx_008192.txt,1,1,prefill,43.141852286049236,"[37.55868544600939, 100.0, 14.018691588785046, 21.5962441314554]",15875.55078125,6098.9453125,9776.60546875,38.41722026868654,24575.99609375,422.15234375,1.717742557166824,"[{""index"": 0, ""name"": ""NVIDIA P104-100"", ""pci_bus"": ""00000000:01:00.0"", ""pcie"": ""Gen1 x1"", ""util_pct"": 99.0, ""power_w"": 171.2, ""vram_used_mib"": 7514.0}, {""index"": 1, ""name"": ""NVIDIA P104-100"", ""pci_bus"": ""00000000:02:00.0"", ""pcie"": ""Gen1 x1"", ""util_pct"": 92.0, ""power_w"": 175.68, ""vram_used_mib"": 7122.0}, {""index"": 2, ""name"": ""NVIDIA P104-100"", ""pci_bus"": ""00000000:0A:00.0"", ""pcie"": ""Gen1 x1"", ""util_pct"": 94.0, ""power_w"": 180.94, ""vram_used_mib"": 7862.0}, {""index"": 3, ""name"": ""NVIDIA P104-100"", ""pci_bus"": ""00000000:0C:00.0"", ""pcie"": ""Gen1 x1"", ""util_pct"": 66.0, ""power_w"": 143.54, ""vram_used_mib"": 7492.0}, {""index"": 4, ""name"": ""NVIDIA P104-100"", ""pci_bus"": ""00000000:0D:00.0"", ""pcie"": ""Gen1 x1"", ""util_pct"": 0.0, ""power_w"": 8.74, ""vram_used_mib"": 86.0}, {""index"": 5, ""name"": ""NVIDIA P104-100"", ""pci_bus"": ""00000000:0E:00.0"", ""pcie"": ""Gen1 x1"", ""util_pct"": 0.0, ""power_w"": 9.89, ""vram_used_mib"": 86.0}]"
2026-08-16T16:45:43.249991+03:00,1786887943.249991,ctx_008192.txt,1,1,prefill,43.25581395348837,"[21.02803738317757, 100.0, 20.093457943925234, 31.162790697674417]",15875.55078125,6107.09375,9768.45703125,38.46854722806123,24575.99609375,422.15234375,1.717742557166824,"[{""index"": 0, ""name"": ""NVIDIA P104-100"", ""pci_bus"": ""00000000:01:00.0"", ""pcie"": ""Gen1 x1"", ""util_pct"": 99.0, ""power_w"": 173.58, ""vram_used_mib"": 7514.0}, {""index"": 1, ""name"": ""NVIDIA P104-100"", ""pci_bus"": ""00000000:02:00.0"", ""pcie"": ""Gen1 x1"", ""util_pct"": 96.0, ""power_w"": 169.21, ""vram_used_mib"": 7122.0}, {""index"": 2, ""name"": ""NVIDIA P104-100"", ""pci_bus"": ""00000000:0A:00.0"", ""pcie"": ""Gen1 x1"", ""util_pct"": 93.0, ""power_w"": 182.93, ""vram_used_mib"": 7862.0}, {""index"": 3, ""name"": ""NVIDIA P104-100"", ""pci_bus"": ""00000000:0C:00.0"", ""pcie"": ""Gen1 x1"", ""util_pct"": 66.0, ""power_w"": 155.46, ""vram_used_mib"": 7492.0}, {""index"": 4, ""name"": ""NVIDIA P104-100"", ""pci_bus"": ""00000000:0D:00.0"", ""pcie"": ""Gen1 x1"", ""util_pct"": 0.0, ""power_w"": 9.44, ""vram_used_mib"": 86.0}, {""index"": 5, ""name"": ""NVIDIA P104-100"", ""pci_bus"": ""00000000:0E:00.0"", ""pcie"": ""Gen1 x1"", ""util_pct"": 0.0, ""power_w"": 9.79, ""vram_used_mib"": 86.0}]"
2026-08-16T16:45:45.406855+03:00,1786887945.406855,ctx_008192.txt,1,1,prefill,43.25581395348837,"[25.700934579439252, 100.0, 23.14814814814815, 23.83177570093458]",15875.55078125,6199.25,9676.30078125,39.049038898994894,24575.99609375,422.1484375,1.7177266625923575,"[{""index"": 0, ""name"": ""NVIDIA P104-100"", ""pci_bus"": ""00000000:01:00.0"", ""pcie"": ""Gen1 x1"", ""util_pct"": 99.0, ""power_w"": 129.76, ""vram_used_mib"": 7514.0}, {""index"": 1, ""name"": ""NVIDIA P104-100"", ""pci_bus"": ""00000000:02:00.0"", ""pcie"": ""Gen1 x1"", ""util_pct"": 92.0, ""power_w"": 171.92, ""vram_used_mib"": 7122.0}, {""index"": 2, ""name"": ""NVIDIA P104-100"", ""pci_bus"": ""00000000:0A:00.0"", ""pcie"": ""Gen1 x1"", ""util_pct"": 94.0, ""power_w"": 177.96, ""vram_used_mib"": 7862.0}, {""index"": 3, ""name"": ""NVIDIA P104-100"", ""pci_bus"": ""00000000:0C:00.0"", ""pcie"": ""Gen1 x1"", ""util_pct"": 66.0, ""power_w"": 173.83, ""vram_used_mib"": 7492.0}, {""index"": 4, ""name"": ""NVIDIA P104-100"", ""pci_bus"": ""00000000:0D:00.0"", ""pcie"": ""Gen1 x1"", ""util_pct"": 0.0, ""power_w"": 8.83, ""vram_used_mib"": 86.0}, {""index"": 5, ""name"": ""NVIDIA P104-100"", ""pci_bus"": ""00000000:0E:00.0"", ""pcie"": ""Gen1 x1"", ""util_pct"": 0.0, ""power_w"": 9.89, ""vram_used_mib"": 86.0}]"
2026-08-16T16:45:47.568418+03:00,1786887947.568418,ctx_008192.txt,1,1,prefill,42.92343387470998,"[26.38888888888889, 100.0, 28.24074074074074, 17.59259259259259]",15875.55078125,6375.64453125,9499.90625,40.16014700277377,24575.99609375,422.14453125,1.717710768017891,"[{""index"": 0, ""name"": ""NVIDIA P104-100"", ""pci_bus"": ""00000000:01:00.0"", ""pcie"": ""Gen1 x1"", ""util_pct"": 98.0, ""power_w"": 171.29, ""vram_used_mib"": 7514.0}, {""index"": 1, ""name"": ""NVIDIA P104-100"", ""pci_bus"": ""00000000:02:00.0"", ""pcie"": ""Gen1 x1"", ""util_pct"": 92.0, ""power_w"": 178.93, ""vram_used_mib"": 7122.0}, {""index"": 2, ""name"": ""NVIDIA P104-100"", ""pci_bus"": ""00000000:0A:00.0"", ""pcie"": ""Gen1 x1"", ""util_pct"": 94.0, ""power_w"": 179.64, ""vram_used_mib"": 7862.0}, {""index"": 3, ""name"": ""NVIDIA P104-100"", ""pci_bus"": ""00000000:0C:00.0"", ""pcie"": ""Gen1 x1"", ""util_pct"": 70.0, ""power_w"": 175.95, ""vram_used_mib"": 7492.0}, {""index"": 4, ""name"": ""NVIDIA P104-100"", ""pci_bus"": ""00000000:0D:00.0"", ""pcie"": ""Gen1 x1"", ""util_pct"": 0.0, ""power_w"": 9.14, ""vram_used_mib"": 86.0}, {""index"": 5, ""name"": ""NVIDIA P104-100"", ""pci_bus"": ""00000000:0E:00.0"", ""pcie"": ""Gen1 x1"", ""util_pct"": 0.0, ""power_w"": 9.89, ""vram_used_mib"": 86.0}]"
2026-08-16T16:45:49.788404+03:00,1786887949.788404,ctx_008192.txt,1,1,prefill,43.45372460496614,"[35.294117647058826, 100.0, 16.289592760180994, 21.71945701357466]",15875.55078125,6251.33203125,9624.21875,39.37710330424068,24575.99609375,422.140625,1.7176948734434245,"[{""index"": 0, ""name"": ""NVIDIA P104-100"", ""pci_bus"": ""00000000:01:00.0"", ""pcie"": ""Gen1 x1"", ""util_pct"": 61.0, ""power_w"": 50.15, ""vram_used_mib"": 7514.0}, {""index"": 1, ""name"": ""NVIDIA P104-100"", ""pci_bus"": ""00000000:02:00.0"", ""pcie"": ""Gen1 x1"", ""util_pct"": 55.0, ""power_w"": 54.99, ""vram_used_mib"": 7122.0}, {""index"": 2, ""name"": ""NVIDIA P104-100"", ""pci_bus"": ""00000000:0A:00.0"", ""pcie"": ""Gen1 x1"", ""util_pct"": 24.0, ""power_w"": 163.27, ""vram_used_mib"": 7862.0}, {""index"": 3, ""name"": ""NVIDIA P104-100"", ""pci_bus"": ""00000000:0C:00.0"", ""pcie"": ""Gen1 x1"", ""util_pct"": 3.0, ""power_w"": 128.29, ""vram_used_mib"": 7492.0}, {""index"": 4, ""name"": ""NVIDIA P104-100"", ""pci_bus"": ""00000000:0D:00.0"", ""pcie"": ""Gen1 x1"", ""util_pct"": 0.0, ""power_w"": 8.84, ""vram_used_mib"": 86.0}, {""index"": 5, ""name"": ""NVIDIA P104-100"", ""pci_bus"": ""00000000:0E:00.0"", ""pcie"": ""Gen1 x1"", ""util_pct"": 0.0, ""power_w"": 9.89, ""vram_used_mib"": 86.0}]"
2026-08-16T16:45:52.225091+03:00,1786887952.225091,ctx_008192.txt,1,1,decode,50.25853154084798,"[60.08230452674897, 100.0, 17.28395061728395, 22.78481012658228]",15875.55078125,6200.84375,9674.70703125,39.05907792077096,24575.99609375,422.140625,1.7176948734434245,"[{""index"": 0, ""name"": ""NVIDIA P104-100"", ""pci_bus"": ""00000000:01:00.0"", ""pcie"": ""Gen1 x1"", ""util_pct"": 98.0, ""power_w"": 134.82, ""vram_used_mib"": 7514.0}, {""index"": 1, ""name"": ""NVIDIA P104-100"", ""pci_bus"": ""00000000:02:00.0"", ""pcie"": ""Gen1 x1"", ""util_pct"": 93.0, ""power_w"": 145.72, ""vram_used_mib"": 7122.0}, {""index"": 2, ""name"": ""NVIDIA P104-100"", ""pci_bus"": ""00000000:0A:00.0"", ""pcie"": ""Gen1 x1"", ""util_pct"": 0.0, ""power_w"": 149.28, ""vram_used_mib"": 7862.0}, {""index"": 3, ""name"": ""NVIDIA P104-100"", ""pci_bus"": ""00000000:0C:00.0"", ""pcie"": ""Gen1 x1"", ""util_pct"": 0.0, ""power_w"": 176.08, ""vram_used_mib"": 7492.0}, {""index"": 4, ""name"": ""NVIDIA P104-100"", ""pci_bus"": ""00000000:0D:00.0"", ""pcie"": ""Gen1 x1"", ""util_pct"": 0.0, ""power_w"": 10.08, ""vram_used_mib"": 86.0}, {""index"": 5, ""name"": ""NVIDIA P104-100"", ""pci_bus"": ""00000000:0E:00.0"", ""pcie"": ""Gen1 x1"", ""util_pct"": 0.0, ""power_w"": 9.53, ""vram_used_mib"": 86.0}]"
2026-08-16T16:45:54.398096+03:00,1786887954.398096,ctx_008192.txt,1,1,decode,42.79123414071511,"[27.1889400921659, 100.0, 23.14814814814815, 20.737327188940093]",15875.55078125,6080.34375,9795.20703125,38.30004913707472,24575.99609375,422.140625,1.7176948734434245,"[{""index"": 0, ""name"": ""NVIDIA P104-100"", ""pci_bus"": ""00000000:01:00.0"", ""pcie"": ""Gen1 x1"", ""util_pct"": 0.0, ""power_w"": 52.7, ""vram_used_mib"": 7514.0}, {""index"": 1, ""name"": ""NVIDIA P104-100"", ""pci_bus"": ""00000000:02:00.0"", ""pcie"": ""Gen1 x1"", ""util_pct"": 0.0, ""power_w"": 53.64, ""vram_used_mib"": 7122.0}, {""index"": 2, ""name"": ""NVIDIA P104-100"", ""pci_bus"": ""00000000:0A:00.0"", ""pcie"": ""Gen1 x1"", ""util_pct"": 0.0, ""power_w"": 53.09, ""vram_used_mib"": 7862.0}, {""index"": 3, ""name"": ""NVIDIA P104-100"", ""pci_bus"": ""00000000:0C:00.0"", ""pcie"": ""Gen1 x1"", ""util_pct"": 83.0, ""power_w"": 92.86, ""vram_used_mib"": 7492.0}, {""index"": 4, ""name"": ""NVIDIA P104-100"", ""pci_bus"": ""00000000:0D:00.0"", ""pcie"": ""Gen1 x1"", ""util_pct"": 0.0, ""power_w"": 8.85, ""vram_used_mib"": 86.0}, {""index"": 5, ""name"": ""NVIDIA P104-100"", ""pci_bus"": ""00000000:0E:00.0"", ""pcie"": ""Gen1 x1"", ""util_pct"": 0.0, ""power_w"": 9.8, ""vram_used_mib"": 86.0}]"
2026-08-16T16:45:56.572855+03:00,1786887956.572855,ctx_008192.txt,1,1,decode,39.285714285714285,"[12.962962962962964, 100.0, 23.61111111111111, 19.81566820276498]",15875.55078125,6485.12890625,9390.421875,40.849788430076615,24575.99609375,422.13671875,1.717678978868958,"[{""index"": 0, ""name"": ""NVIDIA P104-100"", ""pci_bus"": ""00000000:01:00.0"", ""pcie"": ""Gen1 x1"", ""util_pct"": 0.0, ""power_w"": 52.6, ""vram_used_mib"": 7514.0}, {""index"": 1, ""name"": ""NVIDIA P104-100"", ""pci_bus"": ""00000000:02:00.0"", ""pcie"": ""Gen1 x1"", ""util_pct"": 33.0, ""power_w"": 54.02, ""vram_used_mib"": 7122.0}, {""index"": 2, ""name"": ""NVIDIA P104-100"", ""pci_bus"": ""00000000:0A:00.0"", ""pcie"": ""Gen1 x1"", ""util_pct"": 0.0, ""power_w"": 53.82, ""vram_used_mib"": 7862.0}, {""index"": 3, ""name"": ""NVIDIA P104-100"", ""pci_bus"": ""00000000:0C:00.0"", ""pcie"": ""Gen1 x1"", ""util_pct"": 0.0, ""power_w"": 55.12, ""vram_used_mib"": 7492.0}, {""index"": 4, ""name"": ""NVIDIA P104-100"", ""pci_bus"": ""00000000:0D:00.0"", ""pcie"": ""Gen1 x1"", ""util_pct"": 0.0, ""power_w"": 8.85, ""vram_used_mib"": 86.0}, {""index"": 5, ""name"": ""NVIDIA P104-100"", ""pci_bus"": ""00000000:0E:00.0"", ""pcie"": ""Gen1 x1"", ""util_pct"": 0.0, ""power_w"": 9.9, ""vram_used_mib"": 86.0}]"
2026-08-16T16:45:58.722054+03:00,1786887958.722054,ctx_008192.txt,1,1,decode,41.540256709451576,"[20.930232558139537, 99.53917050691244, 18.055555555555557, 27.906976744186046]",15875.55078125,6534.921875,9340.62890625,41.16343404424207,24575.99609375,422.12890625,1.717647189720025,"[{""index"": 0, ""name"": ""NVIDIA P104-100"", ""pci_bus"": ""00000000:01:00.0"", ""pcie"": ""Gen1 x1"", ""util_pct"": 29.0, ""power_w"": 50.81, ""vram_used_mib"": 7514.0}, {""index"": 1, ""name"": ""NVIDIA P104-100"", ""pci_bus"": ""00000000:02:00.0"", ""pcie"": ""Gen1 x1"", ""util_pct"": 26.0, ""power_w"": 51.8, ""vram_used_mib"": 7122.0}, {""index"": 2, ""name"": ""NVIDIA P104-100"", ""pci_bus"": ""00000000:0A:00.0"", ""pcie"": ""Gen1 x1"", ""util_pct"": 21.0, ""power_w"": 51.72, ""vram_used_mib"": 7862.0}, {""index"": 3, ""name"": ""NVIDIA P104-100"", ""pci_bus"": ""00000000:0C:00.0"", ""pcie"": ""Gen1 x1"", ""util_pct"": 17.0, ""power_w"": 85.88, ""vram_used_mib"": 7492.0}, {""index"": 4, ""name"": ""NVIDIA P104-100"", ""pci_bus"": ""00000000:0D:00.0"", ""pcie"": ""Gen1 x1"", ""util_pct"": 0.0, ""power_w"": 8.75, ""vram_used_mib"": 86.0}, {""index"": 5, ""name"": ""NVIDIA P104-100"", ""pci_bus"": ""00000000:0E:00.0"", ""pcie"": ""Gen1 x1"", ""util_pct"": 0.0, ""power_w"": 9.55, ""vram_used_mib"": 86.0}]"
2026-08-16T16:46:00.899775+03:00,1786887960.899775,ctx_008192.txt,1,1,decode,41.244239631336406,"[13.88888888888889, 100.0, 19.069767441860463, 31.01851851851852]",15875.55078125,6520.8046875,9354.74609375,41.0745099640982,24575.99609375,422.12890625,1.717647189720025,"[{""index"": 0, ""name"": ""NVIDIA P104-100"", ""pci_bus"": ""00000000:01:00.0"", ""pcie"": ""Gen1 x1"", ""util_pct"": 28.0, ""power_w"": 50.64, ""vram_used_mib"": 7514.0}, {""index"": 1, ""name"": ""NVIDIA P104-100"", ""pci_bus"": ""00000000:02:00.0"", ""pcie"": ""Gen1 x1"", ""util_pct"": 17.0, ""power_w"": 44.36, ""vram_used_mib"": 7122.0}, {""index"": 2, ""name"": ""NVIDIA P104-100"", ""pci_bus"": ""00000000:0A:00.0"", ""pcie"": ""Gen1 x1"", ""util_pct"": 9.0, ""power_w"": 42.6, ""vram_used_mib"": 7862.0}, {""index"": 3, ""name"": ""NVIDIA P104-100"", ""pci_bus"": ""00000000:0C:00.0"", ""pcie"": ""Gen1 x1"", ""util_pct"": 42.0, ""power_w"": 157.85, ""vram_used_mib"": 7492.0}, {""index"": 4, ""name"": ""NVIDIA P104-100"", ""pci_bus"": ""00000000:0D:00.0"", ""pcie"": ""Gen1 x1"", ""util_pct"": 0.0, ""power_w"": 8.94, ""vram_used_mib"": 86.0}, {""index"": 5, ""name"": ""NVIDIA P104-100"", ""pci_bus"": ""00000000:0E:00.0"", ""pcie"": ""Gen1 x1"", ""util_pct"": 0.0, ""power_w"": 9.54, ""vram_used_mib"": 86.0}]"
2026-08-16T16:46:03.051153+03:00,1786887963.051153,ctx_008192.txt,1,1,decode,41.841491841491845,"[31.30841121495327, 100.0, 21.49532710280374, 14.814814814814815]",15875.55078125,6535.859375,9339.69140625,41.169339351169164,24575.99609375,422.12890625,1.717647189720025,"[{""index"": 0, ""name"": ""NVIDIA P104-100"", ""pci_bus"": ""00000000:01:00.0"", ""pcie"": ""Gen1 x1"", ""util_pct"": 28.0, ""power_w"": 161.17, ""vram_used_mib"": 7514.0}, {""index"": 1, ""name"": ""NVIDIA P104-100"", ""pci_bus"": ""00000000:02:00.0"", ""pcie"": ""Gen1 x1"", ""util_pct"": 10.0, ""power_w"": 44.36, ""vram_used_mib"": 7122.0}, {""index"": 2, ""name"": ""NVIDIA P104-100"", ""pci_bus"": ""00000000:0A:00.0"", ""pcie"": ""Gen1 x1"", ""util_pct"": 13.0, ""power_w"": 42.72, ""vram_used_mib"": 7862.0}, {""index"": 3, ""name"": ""NVIDIA P104-100"", ""pci_bus"": ""00000000:0C:00.0"", ""pcie"": ""Gen1 x1"", ""util_pct"": 46.0, ""power_w"": 65.17, ""vram_used_mib"": 7492.0}, {""index"": 4, ""name"": ""NVIDIA P104-100"", ""pci_bus"": ""00000000:0D:00.0"", ""pcie"": ""Gen1 x1"", ""util_pct"": 0.0, ""power_w"": 8.85, ""vram_used_mib"": 86.0}, {""index"": 5, ""name"": ""NVIDIA P104-100"", ""pci_bus"": ""00000000:0E:00.0"", ""pcie"": ""Gen1 x1"", ""util_pct"": 0.0, ""power_w"": 9.8, ""vram_used_mib"": 86.0}]"
2026-08-16T16:46:05.244589+03:00,1786887965.244589,ctx_008192.txt,1,1,decode,41.53318077803203,"[26.267281105990783, 100.0, 20.454545454545453, 19.634703196347033]",15875.55078125,6404.9609375,9470.58984375,40.34481087147321,24575.99609375,422.12890625,1.717647189720025,"[{""index"": 0, ""name"": ""NVIDIA P104-100"", ""pci_bus"": ""00000000:01:00.0"", ""pcie"": ""Gen1 x1"", ""util_pct"": 28.0, ""power_w"": 50.64, ""vram_used_mib"": 7514.0}, {""index"": 1, ""name"": ""NVIDIA P104-100"", ""pci_bus"": ""00000000:02:00.0"", ""pcie"": ""Gen1 x1"", ""util_pct"": 23.0, ""power_w"": 44.36, ""vram_used_mib"": 7122.0}, {""index"": 2, ""name"": ""NVIDIA P104-100"", ""pci_bus"": ""00000000:0A:00.0"", ""pcie"": ""Gen1 x1"", ""util_pct"": 17.0, ""power_w"": 42.68, ""vram_used_mib"": 7862.0}, {""index"": 3, ""name"": ""NVIDIA P104-100"", ""pci_bus"": ""00000000:0C:00.0"", ""pcie"": ""Gen1 x1"", ""util_pct"": 54.0, ""power_w"": 163.77, ""vram_used_mib"": 7492.0}, {""index"": 4, ""name"": ""NVIDIA P104-100"", ""pci_bus"": ""00000000:0D:00.0"", ""pcie"": ""Gen1 x1"", ""util_pct"": 0.0, ""power_w"": 8.84, ""vram_used_mib"": 86.0}, {""index"": 5, ""name"": ""NVIDIA P104-100"", ""pci_bus"": ""00000000:0E:00.0"", ""pcie"": ""Gen1 x1"", ""util_pct"": 0.0, ""power_w"": 9.9, ""vram_used_mib"": 86.0}]"
2026-08-16T16:46:06.415189+03:00,1786887966.415189,ctx_016384.txt,1,1,outside,,"[null, null, null, null]",15875.55078125,6516.27734375,9359.2734375,41.04599225272942,24575.99609375,421.97265625,1.7170114067413658,"[{""index"": 0, ""name"": ""NVIDIA P104-100"", ""pci_bus"": ""00000000:01:00.0"", ""pcie"": ""Gen1 x1"", ""util_pct"": 16.0, ""power_w"": 50.64, ""vram_used_mib"": 7514.0}, {""index"": 1, ""name"": ""NVIDIA P104-100"", ""pci_bus"": ""00000000:02:00.0"", ""pcie"": ""Gen1 x1"", ""util_pct"": 0.0, ""power_w"": 44.13, ""vram_used_mib"": 7122.0}, {""index"": 2, ""name"": ""NVIDIA P104-100"", ""pci_bus"": ""00000000:0A:00.0"", ""pcie"": ""Gen1 x1"", ""util_pct"": 16.0, ""power_w"": 42.35, ""vram_used_mib"": 7862.0}, {""index"": 3, ""name"": ""NVIDIA P104-100"", ""pci_bus"": ""00000000:0C:00.0"", ""pcie"": ""Gen1 x1"", ""util_pct"": 19.0, ""power_w"": 52.16, ""vram_used_mib"": 7492.0}, {""index"": 4, ""name"": ""NVIDIA P104-100"", ""pci_bus"": ""00000000:0D:00.0"", ""pcie"": ""Gen1 x1"", ""util_pct"": 0.0, ""power_w"": 8.95, ""vram_used_mib"": 86.0}, {""index"": 5, ""name"": ""NVIDIA P104-100"", ""pci_bus"": ""00000000:0E:00.0"", ""pcie"": ""Gen1 x1"", ""util_pct"": 0.0, ""power_w"": 9.8, ""vram_used_mib"": 86.0}]"
2026-08-16T16:46:08.574174+03:00,1786887968.574174,ctx_016384.txt,1,1,prefill,38.604651162790695,"[16.27906976744186, 96.75925925925925, 14.883720930232558, 26.16822429906542]",15875.55078125,7646.7421875,8228.80859375,48.166783583542006,24575.99609375,421.9609375,1.7169637230179664,"[{""index"": 0, ""name"": ""NVIDIA P104-100"", ""pci_bus"": ""00000000:01:00.0"", ""pcie"": ""Gen1 x1"", ""util_pct"": 87.0, ""power_w"": 52.7, ""vram_used_mib"": 7514.0}, {""index"": 1, ""name"": ""NVIDIA P104-100"", ""pci_bus"": ""00000000:02:00.0"", ""pcie"": ""Gen1 x1"", ""util_pct"": 0.0, ""power_w"": 53.76, ""vram_used_mib"": 7122.0}, {""index"": 2, ""name"": ""NVIDIA P104-100"", ""pci_bus"": ""00000000:0A:00.0"", ""pcie"": ""Gen1 x1"", ""util_pct"": 0.0, ""power_w"": 53.24, ""vram_used_mib"": 7862.0}, {""index"": 3, ""name"": ""NVIDIA P104-100"", ""pci_bus"": ""00000000:0C:00.0"", ""pcie"": ""Gen1 x1"", ""util_pct"": 70.0, ""power_w"": 55.02, ""vram_used_mib"": 7492.0}, {""index"": 4, ""name"": ""NVIDIA P104-100"", ""pci_bus"": ""00000000:0D:00.0"", ""pcie"": ""Gen1 x1"", ""util_pct"": 0.0, ""power_w"": 8.95, ""vram_used_mib"": 86.0}, {""index"": 5, ""name"": ""NVIDIA P104-100"", ""pci_bus"": ""00000000:0E:00.0"", ""pcie"": ""Gen1 x1"", ""util_pct"": 0.0, ""power_w"": 10.0, ""vram_used_mib"": 86.0}]"
2026-08-16T16:46:10.726359+03:00,1786887970.726359,ctx_016384.txt,1,1,prefill,39.651162790697676,"[22.22222222222222, 100.0, 17.674418604651162, 18.6046511627907]",15875.55078125,7656.09765625,8219.453125,48.225713625585335,24575.99609375,421.9609375,1.7169637230179664,"[{""index"": 0, ""name"": ""NVIDIA P104-100"", ""pci_bus"": ""00000000:01:00.0"", ""pcie"": ""Gen1 x1"", ""util_pct"": 0.0, ""power_w"": 52.25, ""vram_used_mib"": 7514.0}, {""index"": 1, ""name"": ""NVIDIA P104-100"", ""pci_bus"": ""00000000:02:00.0"", ""pcie"": ""Gen1 x1"", ""util_pct"": 0.0, ""power_w"": 53.77, ""vram_used_mib"": 7122.0}, {""index"": 2, ""name"": ""NVIDIA P104-100"", ""pci_bus"": ""00000000:0A:00.0"", ""pcie"": ""Gen1 x1"", ""util_pct"": 0.0, ""power_w"": 53.22, ""vram_used_mib"": 7862.0}, {""index"": 3, ""name"": ""NVIDIA P104-100"", ""pci_bus"": ""00000000:0C:00.0"", ""pcie"": ""Gen1 x1"", ""util_pct"": 99.0, ""power_w"": 55.02, ""vram_used_mib"": 7492.0}, {""index"": 4, ""name"": ""NVIDIA P104-100"", ""pci_bus"": ""00000000:0D:00.0"", ""pcie"": ""Gen1 x1"", ""util_pct"": 0.0, ""power_w"": 8.85, ""vram_used_mib"": 86.0}, {""index"": 5, ""name"": ""NVIDIA P104-100"", ""pci_bus"": ""00000000:0E:00.0"", ""pcie"": ""Gen1 x1"", ""util_pct"": 0.0, ""power_w"": 9.8, ""vram_used_mib"": 86.0}]"
2026-08-16T16:46:12.847745+03:00,1786887972.847745,ctx_016384.txt,1,1,prefill,36.87943262411348,"[10.90047393364929, 90.56603773584905, 29.38388625592417, 16.9811320754717]",15875.55078125,7598.19140625,8277.359375,47.860962501054956,24575.99609375,421.95703125,1.7169478284435,"[{""index"": 0, ""name"": ""NVIDIA P104-100"", ""pci_bus"": ""00000000:01:00.0"", ""pcie"": ""Gen1 x1"", ""util_pct"": 98.0, ""power_w"": 164.82, ""vram_used_mib"": 7514.0}, {""index"": 1, ""name"": ""NVIDIA P104-100"", ""pci_bus"": ""00000000:02:00.0"", ""pcie"": ""Gen1 x1"", ""util_pct"": 92.0, ""power_w"": 152.5, ""vram_used_mib"": 7122.0}, {""index"": 2, ""name"": ""NVIDIA P104-100"", ""pci_bus"": ""00000000:0A:00.0"", ""pcie"": ""Gen1 x1"", ""util_pct"": 91.0, ""power_w"": 165.77, ""vram_used_mib"": 7862.0}, {""index"": 3, ""name"": ""NVIDIA P104-100"", ""pci_bus"": ""00000000:0C:00.0"", ""pcie"": ""Gen1 x1"", ""util_pct"": 69.0, ""power_w"": 171.52, ""vram_used_mib"": 7492.0}, {""index"": 4, ""name"": ""NVIDIA P104-100"", ""pci_bus"": ""00000000:0D:00.0"", ""pcie"": ""Gen1 x1"", ""util_pct"": 0.0, ""power_w"": 8.84, ""vram_used_mib"": 86.0}, {""index"": 5, ""name"": ""NVIDIA P104-100"", ""pci_bus"": ""00000000:0E:00.0"", ""pcie"": ""Gen1 x1"", ""util_pct"": 0.0, ""power_w"": 9.79, ""vram_used_mib"": 86.0}]"
2026-08-16T16:46:15.074239+03:00,1786887975.074239,ctx_016384.txt,1,1,prefill,50.79185520361991,"[69.36936936936937, 100.0, 14.864864864864865, 18.34862385321101]",15875.55078125,7456.18359375,8419.3671875,46.9664561342729,24575.99609375,421.95703125,1.7169478284435,"[{""index"": 0, ""name"": ""NVIDIA P104-100"", ""pci_bus"": ""00000000:01:00.0"", ""pcie"": ""Gen1 x1"", ""util_pct"": 98.0, ""power_w"": 122.85, ""vram_used_mib"": 7514.0}, {""index"": 1, ""name"": ""NVIDIA P104-100"", ""pci_bus"": ""00000000:02:00.0"", ""pcie"": ""Gen1 x1"", ""util_pct"": 92.0, ""power_w"": 131.53, ""vram_used_mib"": 7122.0}, {""index"": 2, ""name"": ""NVIDIA P104-100"", ""pci_bus"": ""00000000:0A:00.0"", ""pcie"": ""Gen1 x1"", ""util_pct"": 91.0, ""power_w"": 159.51, ""vram_used_mib"": 7862.0}, {""index"": 3, ""name"": ""NVIDIA P104-100"", ""pci_bus"": ""00000000:0C:00.0"", ""pcie"": ""Gen1 x1"", ""util_pct"": 72.0, ""power_w"": 157.46, ""vram_used_mib"": 7492.0}, {""index"": 4, ""name"": ""NVIDIA P104-100"", ""pci_bus"": ""00000000:0D:00.0"", ""pcie"": ""Gen1 x1"", ""util_pct"": 0.0, ""power_w"": 8.94, ""vram_used_mib"": 86.0}, {""index"": 5, ""name"": ""NVIDIA P104-100"", ""pci_bus"": ""00000000:0E:00.0"", ""pcie"": ""Gen1 x1"", ""util_pct"": 0.0, ""power_w"": 9.79, ""vram_used_mib"": 86.0}]"
2026-08-16T16:46:17.302287+03:00,1786887977.302287,ctx_016384.txt,1,1,prefill,44.20697412823397,"[24.663677130044842, 100.0, 21.71945701357466, 29.41176470588235]",15875.55078125,7484.1875,8391.36328125,47.1428525732744,24575.99609375,421.95703125,1.7169478284435,"[{""index"": 0, ""name"": ""NVIDIA P104-100"", ""pci_bus"": ""00000000:01:00.0"", ""pcie"": ""Gen1 x1"", ""util_pct"": 98.0, ""power_w"": 156.73, ""vram_used_mib"": 7514.0}, {""index"": 1, ""name"": ""NVIDIA P104-100"", ""pci_bus"": ""00000000:02:00.0"", ""pcie"": ""Gen1 x1"", ""util_pct"": 92.0, ""power_w"": 108.06, ""vram_used_mib"": 7122.0}, {""index"": 2, ""name"": ""NVIDIA P104-100"", ""pci_bus"": ""00000000:0A:00.0"", ""pcie"": ""Gen1 x1"", ""util_pct"": 95.0, ""power_w"": 126.93, ""vram_used_mib"": 7862.0}, {""index"": 3, ""name"": ""NVIDIA P104-100"", ""pci_bus"": ""00000000:0C:00.0"", ""pcie"": ""Gen1 x1"", ""util_pct"": 67.0, ""power_w"": 129.22, ""vram_used_mib"": 7492.0}, {""index"": 4, ""name"": ""NVIDIA P104-100"", ""pci_bus"": ""00000000:0D:00.0"", ""pcie"": ""Gen1 x1"", ""util_pct"": 0.0, ""power_w"": 8.84, ""vram_used_mib"": 86.0}, {""index"": 5, ""name"": ""NVIDIA P104-100"", ""pci_bus"": ""00000000:0E:00.0"", ""pcie"": ""Gen1 x1"", ""util_pct"": 0.0, ""power_w"": 9.69, ""vram_used_mib"": 86.0}]"
2026-08-16T16:46:19.505611+03:00,1786887979.505611,ctx_016384.txt,1,1,prefill,44.07744874715262,"[26.940639269406393, 100.0, 25.0, 24.200913242009133]",15875.55078125,7535.171875,8340.37890625,47.46400284832637,24575.99609375,421.95703125,1.7169478284435,"[{""index"": 0, ""name"": ""NVIDIA P104-100"", ""pci_bus"": ""00000000:01:00.0"", ""pcie"": ""Gen1 x1"", ""util_pct"": 98.0, ""power_w"": 174.04, ""vram_used_mib"": 7514.0}, {""index"": 1, ""name"": ""NVIDIA P104-100"", ""pci_bus"": ""00000000:02:00.0"", ""pcie"": ""Gen1 x1"", ""util_pct"": 95.0, ""power_w"": 182.99, ""vram_used_mib"": 7122.0}, {""index"": 2, ""name"": ""NVIDIA P104-100"", ""pci_bus"": ""00000000:0A:00.0"", ""pcie"": ""Gen1 x1"", ""util_pct"": 92.0, ""power_w"": 182.3, ""vram_used_mib"": 7862.0}, {""index"": 3, ""name"": ""NVIDIA P104-100"", ""pci_bus"": ""00000000:0C:00.0"", ""pcie"": ""Gen1 x1"", ""util_pct"": 71.0, ""power_w"": 113.57, ""vram_used_mib"": 7492.0}, {""index"": 4, ""name"": ""NVIDIA P104-100"", ""pci_bus"": ""00000000:0D:00.0"", ""pcie"": ""Gen1 x1"", ""util_pct"": 0.0, ""power_w"": 8.74, ""vram_used_mib"": 86.0}, {""index"": 5, ""name"": ""NVIDIA P104-100"", ""pci_bus"": ""00000000:0E:00.0"", ""pcie"": ""Gen1 x1"", ""util_pct"": 0.0, ""power_w"": 9.69, ""vram_used_mib"": 86.0}]"
2026-08-16T16:46:21.718035+03:00,1786887981.718035,ctx_016384.txt,1,1,prefill,44.50736126840317,"[33.18181818181818, 100.0, 23.636363636363637, 21.363636363636363]",15875.55078125,7491.421875,8384.12890625,47.18842185839517,24575.99609375,421.95703125,1.7169478284435,"[{""index"": 0, ""name"": ""NVIDIA P104-100"", ""pci_bus"": ""00000000:01:00.0"", ""pcie"": ""Gen1 x1"", ""util_pct"": 98.0, ""power_w"": 171.09, ""vram_used_mib"": 7514.0}, {""index"": 1, ""name"": ""NVIDIA P104-100"", ""pci_bus"": ""00000000:02:00.0"", ""pcie"": ""Gen1 x1"", ""util_pct"": 92.0, ""power_w"": 177.41, ""vram_used_mib"": 7122.0}, {""index"": 2, ""name"": ""NVIDIA P104-100"", ""pci_bus"": ""00000000:0A:00.0"", ""pcie"": ""Gen1 x1"", ""util_pct"": 92.0, ""power_w"": 178.56, ""vram_used_mib"": 7862.0}, {""index"": 3, ""name"": ""NVIDIA P104-100"", ""pci_bus"": ""00000000:0C:00.0"", ""pcie"": ""Gen1 x1"", ""util_pct"": 67.0, ""power_w"": 186.63, ""vram_used_mib"": 7492.0}, {""index"": 4, ""name"": ""NVIDIA P104-100"", ""pci_bus"": ""00000000:0D:00.0"", ""pcie"": ""Gen1 x1"", ""util_pct"": 0.0, ""power_w"": 8.83, ""vram_used_mib"": 86.0}, {""index"": 5, ""name"": ""NVIDIA P104-100"", ""pci_bus"": ""00000000:0E:00.0"", ""pcie"": ""Gen1 x1"", ""util_pct"": 0.0, ""power_w"": 9.69, ""vram_used_mib"": 86.0}]"
2026-08-16T16:46:23.863212+03:00,1786887983.863212,ctx_016384.txt,1,1,prefill,43.559718969555036,"[23.58490566037736, 100.0, 28.037383177570092, 21.5962441314554]",15875.55078125,7553.015625,8322.53515625,47.57640052350546,24575.99609375,421.953125,1.7169319338690334,"[{""index"": 0, ""name"": ""NVIDIA P104-100"", ""pci_bus"": ""00000000:01:00.0"", ""pcie"": ""Gen1 x1"", ""util_pct"": 0.0, ""power_w"": 52.95, ""vram_used_mib"": 7514.0}, {""index"": 1, ""name"": ""NVIDIA P104-100"", ""pci_bus"": ""00000000:02:00.0"", ""pcie"": ""Gen1 x1"", ""util_pct"": 41.0, ""power_w"": 54.88, ""vram_used_mib"": 7122.0}, {""index"": 2, ""name"": ""NVIDIA P104-100"", ""pci_bus"": ""00000000:0A:00.0"", ""pcie"": ""Gen1 x1"", ""util_pct"": 66.0, ""power_w"": 50.72, ""vram_used_mib"": 7862.0}, {""index"": 3, ""name"": ""NVIDIA P104-100"", ""pci_bus"": ""00000000:0C:00.0"", ""pcie"": ""Gen1 x1"", ""util_pct"": 34.0, ""power_w"": 98.45, ""vram_used_mib"": 7492.0}, {""index"": 4, ""name"": ""NVIDIA P104-100"", ""pci_bus"": ""00000000:0D:00.0"", ""pcie"": ""Gen1 x1"", ""util_pct"": 0.0, ""power_w"": 8.85, ""vram_used_mib"": 86.0}, {""index"": 5, ""name"": ""NVIDIA P104-100"", ""pci_bus"": ""00000000:0E:00.0"", ""pcie"": ""Gen1 x1"", ""util_pct"": 0.0, ""power_w"": 10.0, ""vram_used_mib"": 86.0}]"
2026-08-16T16:46:25.990620+03:00,1786887985.990620,ctx_016384.txt,1,1,prefill,37.5736160188457,"[19.718309859154928, 99.06542056074767, 15.96244131455399, 16.431924882629108]",15875.55078125,7500.18359375,8375.3671875,47.243611872718,24575.99609375,421.953125,1.7169319338690334,"[{""index"": 0, ""name"": ""NVIDIA P104-100"", ""pci_bus"": ""00000000:01:00.0"", ""pcie"": ""Gen1 x1"", ""util_pct"": 0.0, ""power_w"": 52.7, ""vram_used_mib"": 7514.0}, {""index"": 1, ""name"": ""NVIDIA P104-100"", ""pci_bus"": ""00000000:02:00.0"", ""pcie"": ""Gen1 x1"", ""util_pct"": 0.0, ""power_w"": 54.02, ""vram_used_mib"": 7122.0}, {""index"": 2, ""name"": ""NVIDIA P104-100"", ""pci_bus"": ""00000000:0A:00.0"", ""pcie"": ""Gen1 x1"", ""util_pct"": 0.0, ""power_w"": 50.26, ""vram_used_mib"": 7862.0}, {""index"": 3, ""name"": ""NVIDIA P104-100"", ""pci_bus"": ""00000000:0C:00.0"", ""pcie"": ""Gen1 x1"", ""util_pct"": 57.0, ""power_w"": 55.27, ""vram_used_mib"": 7492.0}, {""index"": 4, ""name"": ""NVIDIA P104-100"", ""pci_bus"": ""00000000:0D:00.0"", ""pcie"": ""Gen1 x1"", ""util_pct"": 0.0, ""power_w"": 8.85, ""vram_used_mib"": 86.0}, {""index"": 5, ""name"": ""NVIDIA P104-100"", ""pci_bus"": ""00000000:0E:00.0"", ""pcie"": ""Gen1 x1"", ""util_pct"": 0.0, ""power_w"": 9.9, ""vram_used_mib"": 86.0}]"
2026-08-16T16:46:28.170641+03:00,1786887988.170641,ctx_016384.txt,1,1,prefill,43.49827387802071,"[31.192660550458715, 100.0, 21.75925925925926, 20.276497695852534]",15875.55078125,7401.31640625,8474.234375,46.620848046364536,24575.99609375,421.953125,1.7169319338690334,"[{""index"": 0, ""name"": ""NVIDIA P104-100"", ""pci_bus"": ""00000000:01:00.0"", ""pcie"": ""Gen1 x1"", ""util_pct"": 98.0, ""power_w"": 175.16, ""vram_used_mib"": 7514.0}, {""index"": 1, ""name"": ""NVIDIA P104-100"", ""pci_bus"": ""00000000:02:00.0"", ""pcie"": ""Gen1 x1"", ""util_pct"": 92.0, ""power_w"": 173.15, ""vram_used_mib"": 7122.0}, {""index"": 2, ""name"": ""NVIDIA P104-100"", ""pci_bus"": ""00000000:0A:00.0"", ""pcie"": ""Gen1 x1"", ""util_pct"": 94.0, ""power_w"": 181.79, ""vram_used_mib"": 7862.0}, {""index"": 3, ""name"": ""NVIDIA P104-100"", ""pci_bus"": ""00000000:0C:00.0"", ""pcie"": ""Gen1 x1"", ""util_pct"": 67.0, ""power_w"": 121.86, ""vram_used_mib"": 7492.0}, {""index"": 4, ""name"": ""NVIDIA P104-100"", ""pci_bus"": ""00000000:0D:00.0"", ""pcie"": ""Gen1 x1"", ""util_pct"": 0.0, ""power_w"": 8.94, ""vram_used_mib"": 86.0}, {""index"": 5, ""name"": ""NVIDIA P104-100"", ""pci_bus"": ""00000000:0E:00.0"", ""pcie"": ""Gen1 x1"", ""util_pct"": 0.0, ""power_w"": 9.79, ""vram_used_mib"": 86.0}]"
2026-08-16T16:46:30.308761+03:00,1786887990.308761,ctx_016384.txt,1,1,prefill,44.19695193434936,"[28.77358490566038, 100.0, 27.230046948356808, 20.930232558139537]",15875.55078125,7393.98828125,8481.5625,46.574688230551054,24575.99609375,421.953125,1.7169319338690334,"[{""index"": 0, ""name"": ""NVIDIA P104-100"", ""pci_bus"": ""00000000:01:00.0"", ""pcie"": ""Gen1 x1"", ""util_pct"": 98.0, ""power_w"": 174.05, ""vram_used_mib"": 7514.0}, {""index"": 1, ""name"": ""NVIDIA P104-100"", ""pci_bus"": ""00000000:02:00.0"", ""pcie"": ""Gen1 x1"", ""util_pct"": 95.0, ""power_w"": 180.69, ""vram_used_mib"": 7122.0}, {""index"": 2, ""name"": ""NVIDIA P104-100"", ""pci_bus"": ""00000000:0A:00.0"", ""pcie"": ""Gen1 x1"", ""util_pct"": 93.0, ""power_w"": 178.99, ""vram_used_mib"": 7862.0}, {""index"": 3, ""name"": ""NVIDIA P104-100"", ""pci_bus"": ""00000000:0C:00.0"", ""pcie"": ""Gen1 x1"", ""util_pct"": 73.0, ""power_w"": 106.31, ""vram_used_mib"": 7492.0}, {""index"": 4, ""name"": ""NVIDIA P104-100"", ""pci_bus"": ""00000000:0D:00.0"", ""pcie"": ""Gen1 x1"", ""util_pct"": 0.0, ""power_w"": 9.24, ""vram_used_mib"": 86.0}, {""index"": 5, ""name"": ""NVIDIA P104-100"", ""pci_bus"": ""00000000:0E:00.0"", ""pcie"": ""Gen1 x1"", ""util_pct"": 0.0, ""power_w"": 9.79, ""vram_used_mib"": 86.0}]"
2026-08-16T16:46:32.460871+03:00,1786887992.460871,ctx_016384.txt,1,1,prefill,43.42258440046566,"[23.474178403755868, 100.0, 23.25581395348837, 26.635514018691588]",15875.55078125,7262.03125,8613.51953125,45.74349167511659,24575.99609375,421.953125,1.7169319338690334,"[{""index"": 0, ""name"": ""NVIDIA P104-100"", ""pci_bus"": ""00000000:01:00.0"", ""pcie"": ""Gen1 x1"", ""util_pct"": 98.0, ""power_w"": 180.14, ""vram_used_mib"": 7514.0}, {""index"": 1, ""name"": ""NVIDIA P104-100"", ""pci_bus"": ""00000000:02:00.0"", ""pcie"": ""Gen1 x1"", ""util_pct"": 96.0, ""power_w"": 175.94, ""vram_used_mib"": 7122.0}, {""index"": 2, ""name"": ""NVIDIA P104-100"", ""pci_bus"": ""00000000:0A:00.0"", ""pcie"": ""Gen1 x1"", ""util_pct"": 93.0, ""power_w"": 186.39, ""vram_used_mib"": 7862.0}, {""index"": 3, ""name"": ""NVIDIA P104-100"", ""pci_bus"": ""00000000:0C:00.0"", ""pcie"": ""Gen1 x1"", ""util_pct"": 68.0, ""power_w"": 184.93, ""vram_used_mib"": 7492.0}, {""index"": 4, ""name"": ""NVIDIA P104-100"", ""pci_bus"": ""00000000:0D:00.0"", ""pcie"": ""Gen1 x1"", ""util_pct"": 0.0, ""power_w"": 8.94, ""vram_used_mib"": 86.0}, {""index"": 5, ""name"": ""NVIDIA P104-100"", ""pci_bus"": ""00000000:0E:00.0"", ""pcie"": ""Gen1 x1"", ""util_pct"": 0.0, ""power_w"": 9.79, ""vram_used_mib"": 86.0}]"
2026-08-16T16:46:34.611786+03:00,1786887994.611786,ctx_016384.txt,1,1,prefill,43.45794392523364,"[26.511627906976745, 100.0, 19.53488372093023, 28.037383177570092]",15875.55078125,7328.58984375,8546.9609375,46.16274386149496,24575.99609375,421.953125,1.7169319338690334,"[{""index"": 0, ""name"": ""NVIDIA P104-100"", ""pci_bus"": ""00000000:01:00.0"", ""pcie"": ""Gen1 x1"", ""util_pct"": 99.0, ""power_w"": 122.4, ""vram_used_mib"": 7514.0}, {""index"": 1, ""name"": ""NVIDIA P104-100"", ""pci_bus"": ""00000000:02:00.0"", ""pcie"": ""Gen1 x1"", ""util_pct"": 96.0, ""power_w"": 107.7, ""vram_used_mib"": 7122.0}, {""index"": 2, ""name"": ""NVIDIA P104-100"", ""pci_bus"": ""00000000:0A:00.0"", ""pcie"": ""Gen1 x1"", ""util_pct"": 94.0, ""power_w"": 140.96, ""vram_used_mib"": 7862.0}, {""index"": 3, ""name"": ""NVIDIA P104-100"", ""pci_bus"": ""00000000:0C:00.0"", ""pcie"": ""Gen1 x1"", ""util_pct"": 72.0, ""power_w"": 140.04, ""vram_used_mib"": 7492.0}, {""index"": 4, ""name"": ""NVIDIA P104-100"", ""pci_bus"": ""00000000:0D:00.0"", ""pcie"": ""Gen1 x1"", ""util_pct"": 0.0, ""power_w"": 8.84, ""vram_used_mib"": 86.0}, {""index"": 5, ""name"": ""NVIDIA P104-100"", ""pci_bus"": ""00000000:0E:00.0"", ""pcie"": ""Gen1 x1"", ""util_pct"": 0.0, ""power_w"": 9.89, ""vram_used_mib"": 86.0}]"
2026-08-16T16:46:36.768872+03:00,1786887996.768872,ctx_016384.txt,1,1,prefill,43.83720930232558,"[18.779342723004696, 100.0, 25.35211267605634, 29.906542056074766]",15875.55078125,7351.39453125,8524.15625,46.3063904524966,24575.99609375,421.953125,1.7169319338690334,"[{""index"": 0, ""name"": ""NVIDIA P104-100"", ""pci_bus"": ""00000000:01:00.0"", ""pcie"": ""Gen1 x1"", ""util_pct"": 99.0, ""power_w"": 166.95, ""vram_used_mib"": 7514.0}, {""index"": 1, ""name"": ""NVIDIA P104-100"", ""pci_bus"": ""00000000:02:00.0"", ""pcie"": ""Gen1 x1"", ""util_pct"": 93.0, ""power_w"": 168.3, ""vram_used_mib"": 7122.0}, {""index"": 2, ""name"": ""NVIDIA P104-100"", ""pci_bus"": ""00000000:0A:00.0"", ""pcie"": ""Gen1 x1"", ""util_pct"": 94.0, ""power_w"": 176.56, ""vram_used_mib"": 7862.0}, {""index"": 3, ""name"": ""NVIDIA P104-100"", ""pci_bus"": ""00000000:0C:00.0"", ""pcie"": ""Gen1 x1"", ""util_pct"": 78.0, ""power_w"": 179.63, ""vram_used_mib"": 7492.0}, {""index"": 4, ""name"": ""NVIDIA P104-100"", ""pci_bus"": ""00000000:0D:00.0"", ""pcie"": ""Gen1 x1"", ""util_pct"": 0.0, ""power_w"": 8.93, ""vram_used_mib"": 86.0}, {""index"": 5, ""name"": ""NVIDIA P104-100"", ""pci_bus"": ""00000000:0E:00.0"", ""pcie"": ""Gen1 x1"", ""util_pct"": 0.0, ""power_w"": 9.53, ""vram_used_mib"": 86.0}]"
2026-08-16T16:46:38.917883+03:00,1786887998.917883,ctx_016384.txt,1,1,prefill,50.526315789473685,"[73.61111111111111, 100.0, 11.682242990654206, 16.50943396226415]",15875.55078125,7271.98828125,8603.5625,45.80621095577146,24575.99609375,421.953125,1.7169319338690334,"[{""index"": 0, ""name"": ""NVIDIA P104-100"", ""pci_bus"": ""00000000:01:00.0"", ""pcie"": ""Gen1 x1"", ""util_pct"": 0.0, ""power_w"": 50.59, ""vram_used_mib"": 7514.0}, {""index"": 1, ""name"": ""NVIDIA P104-100"", ""pci_bus"": ""00000000:02:00.0"", ""pcie"": ""Gen1 x1"", ""util_pct"": 0.0, ""power_w"": 52.99, ""vram_used_mib"": 7122.0}, {""index"": 2, ""name"": ""NVIDIA P104-100"", ""pci_bus"": ""00000000:0A:00.0"", ""pcie"": ""Gen1 x1"", ""util_pct"": 4.0, ""power_w"": 49.72, ""vram_used_mib"": 7862.0}, {""index"": 3, ""name"": ""NVIDIA P104-100"", ""pci_bus"": ""00000000:0C:00.0"", ""pcie"": ""Gen1 x1"", ""util_pct"": 98.0, ""power_w"": 111.58, ""vram_used_mib"": 7492.0}, {""index"": 4, ""name"": ""NVIDIA P104-100"", ""pci_bus"": ""00000000:0D:00.0"", ""pcie"": ""Gen1 x1"", ""util_pct"": 0.0, ""power_w"": 8.85, ""vram_used_mib"": 86.0}, {""index"": 5, ""name"": ""NVIDIA P104-100"", ""pci_bus"": ""00000000:0E:00.0"", ""pcie"": ""Gen1 x1"", ""util_pct"": 0.0, ""power_w"": 9.8, ""vram_used_mib"": 86.0}]"
2026-08-16T16:46:41.091902+03:00,1786888001.091902,ctx_016384.txt,1,1,prefill,38.4083044982699,"[4.62962962962963, 100.0, 22.580645161290324, 26.146788990825687]",15875.55078125,7316.04296875,8559.5078125,46.08371117045398,24575.99609375,421.953125,1.7169319338690334,"[{""index"": 0, ""name"": ""NVIDIA P104-100"", ""pci_bus"": ""00000000:01:00.0"", ""pcie"": ""Gen1 x1"", ""util_pct"": 0.0, ""power_w"": 50.24, ""vram_used_mib"": 7514.0}, {""index"": 1, ""name"": ""NVIDIA P104-100"", ""pci_bus"": ""00000000:02:00.0"", ""pcie"": ""Gen1 x1"", ""util_pct"": 0.0, ""power_w"": 52.4, ""vram_used_mib"": 7122.0}, {""index"": 2, ""name"": ""NVIDIA P104-100"", ""pci_bus"": ""00000000:0A:00.0"", ""pcie"": ""Gen1 x1"", ""util_pct"": 0.0, ""power_w"": 49.38, ""vram_used_mib"": 7862.0}, {""index"": 3, ""name"": ""NVIDIA P104-100"", ""pci_bus"": ""00000000:0C:00.0"", ""pcie"": ""Gen1 x1"", ""util_pct"": 56.0, ""power_w"": 55.72, ""vram_used_mib"": 7492.0}, {""index"": 4, ""name"": ""NVIDIA P104-100"", ""pci_bus"": ""00000000:0D:00.0"", ""pcie"": ""Gen1 x1"", ""util_pct"": 0.0, ""power_w"": 8.75, ""vram_used_mib"": 86.0}, {""index"": 5, ""name"": ""NVIDIA P104-100"", ""pci_bus"": ""00000000:0E:00.0"", ""pcie"": ""Gen1 x1"", ""util_pct"": 0.0, ""power_w"": 9.7, ""vram_used_mib"": 86.0}]"
2026-08-16T16:46:43.283082+03:00,1786888003.283082,ctx_016384.txt,1,1,prefill,43.4135166093929,"[22.727272727272727, 100.0, 33.17972350230415, 17.889908256880734]",15875.55078125,7330.703125,8544.84765625,46.17605540752646,24575.99609375,421.953125,1.7169319338690334,"[{""index"": 0, ""name"": ""NVIDIA P104-100"", ""pci_bus"": ""00000000:01:00.0"", ""pcie"": ""Gen1 x1"", ""util_pct"": 98.0, ""power_w"": 176.51, ""vram_used_mib"": 7514.0}, {""index"": 1, ""name"": ""NVIDIA P104-100"", ""pci_bus"": ""00000000:02:00.0"", ""pcie"": ""Gen1 x1"", ""util_pct"": 92.0, ""power_w"": 180.55, ""vram_used_mib"": 7122.0}, {""index"": 2, ""name"": ""NVIDIA P104-100"", ""pci_bus"": ""00000000:0A:00.0"", ""pcie"": ""Gen1 x1"", ""util_pct"": 96.0, ""power_w"": 180.28, ""vram_used_mib"": 7862.0}, {""index"": 3, ""name"": ""NVIDIA P104-100"", ""pci_bus"": ""00000000:0C:00.0"", ""pcie"": ""Gen1 x1"", ""util_pct"": 65.0, ""power_w"": 112.07, ""vram_used_mib"": 7492.0}, {""index"": 4, ""name"": ""NVIDIA P104-100"", ""pci_bus"": ""00000000:0D:00.0"", ""pcie"": ""Gen1 x1"", ""util_pct"": 0.0, ""power_w"": 8.84, ""vram_used_mib"": 86.0}, {""index"": 5, ""name"": ""NVIDIA P104-100"", ""pci_bus"": ""00000000:0E:00.0"", ""pcie"": ""Gen1 x1"", ""util_pct"": 0.0, ""power_w"": 9.79, ""vram_used_mib"": 86.0}]"
2026-08-16T16:46:45.435936+03:00,1786888005.435936,ctx_016384.txt,1,1,prefill,43.70629370629371,"[30.232558139534884, 100.0, 18.13953488372093, 25.943396226415093]",15875.55078125,7426.421875,8449.12890625,46.77898724478309,24575.99609375,421.953125,1.7169319338690334,"[{""index"": 0, ""name"": ""NVIDIA P104-100"", ""pci_bus"": ""00000000:01:00.0"", ""pcie"": ""Gen1 x1"", ""util_pct"": 98.0, ""power_w"": 158.4, ""vram_used_mib"": 7514.0}, {""index"": 1, ""name"": ""NVIDIA P104-100"", ""pci_bus"": ""00000000:02:00.0"", ""pcie"": ""Gen1 x1"", ""util_pct"": 92.0, ""power_w"": 154.15, ""vram_used_mib"": 7122.0}, {""index"": 2, ""name"": ""NVIDIA P104-100"", ""pci_bus"": ""00000000:0A:00.0"", ""pcie"": ""Gen1 x1"", ""util_pct"": 97.0, ""power_w"": 169.78, ""vram_used_mib"": 7862.0}, {""index"": 3, ""name"": ""NVIDIA P104-100"", ""pci_bus"": ""00000000:0C:00.0"", ""pcie"": ""Gen1 x1"", ""util_pct"": 67.0, ""power_w"": 176.5, ""vram_used_mib"": 7492.0}, {""index"": 4, ""name"": ""NVIDIA P104-100"", ""pci_bus"": ""00000000:0D:00.0"", ""pcie"": ""Gen1 x1"", ""util_pct"": 0.0, ""power_w"": 8.73, ""vram_used_mib"": 86.0}, {""index"": 5, ""name"": ""NVIDIA P104-100"", ""pci_bus"": ""00000000:0E:00.0"", ""pcie"": ""Gen1 x1"", ""util_pct"": 0.0, ""power_w"": 9.89, ""vram_used_mib"": 86.0}]"
2026-08-16T16:46:47.572509+03:00,1786888007.572509,ctx_016384.txt,1,1,prefill,43.66197183098591,"[21.327014218009477, 100.0, 27.699530516431924, 25.35211267605634]",15875.55078125,7431.30078125,8444.25,46.809719446249524,24575.99609375,421.953125,1.7169319338690334,"[{""index"": 0, ""name"": ""NVIDIA P104-100"", ""pci_bus"": ""00000000:01:00.0"", ""pcie"": ""Gen1 x1"", ""util_pct"": 99.0, ""power_w"": 176.95, ""vram_used_mib"": 7514.0}, {""index"": 1, ""name"": ""NVIDIA P104-100"", ""pci_bus"": ""00000000:02:00.0"", ""pcie"": ""Gen1 x1"", ""util_pct"": 94.0, ""power_w"": 182.14, ""vram_used_mib"": 7122.0}, {""index"": 2, ""name"": ""NVIDIA P104-100"", ""pci_bus"": ""00000000:0A:00.0"", ""pcie"": ""Gen1 x1"", ""util_pct"": 94.0, ""power_w"": 167.36, ""vram_used_mib"": 7862.0}, {""index"": 3, ""name"": ""NVIDIA P104-100"", ""pci_bus"": ""00000000:0C:00.0"", ""pcie"": ""Gen1 x1"", ""util_pct"": 64.0, ""power_w"": 67.48, ""vram_used_mib"": 7492.0}, {""index"": 4, ""name"": ""NVIDIA P104-100"", ""pci_bus"": ""00000000:0D:00.0"", ""pcie"": ""Gen1 x1"", ""util_pct"": 0.0, ""power_w"": 8.84, ""vram_used_mib"": 86.0}, {""index"": 5, ""name"": ""NVIDIA P104-100"", ""pci_bus"": ""00000000:0E:00.0"", ""pcie"": ""Gen1 x1"", ""util_pct"": 0.0, ""power_w"": 9.7, ""vram_used_mib"": 86.0}]"
2026-08-16T16:46:49.740629+03:00,1786888009.740629,ctx_016384.txt,1,1,prefill,43.63425925925926,"[22.790697674418606, 100.0, 32.55813953488372, 18.89400921658986]",15875.55078125,7476.16796875,8399.3828125,47.09233759360219,24575.99609375,421.953125,1.7169319338690334,"[{""index"": 0, ""name"": ""NVIDIA P104-100"", ""pci_bus"": ""00000000:01:00.0"", ""pcie"": ""Gen1 x1"", ""util_pct"": 98.0, ""power_w"": 157.66, ""vram_used_mib"": 7514.0}, {""index"": 1, ""name"": ""NVIDIA P104-100"", ""pci_bus"": ""00000000:02:00.0"", ""pcie"": ""Gen1 x1"", ""util_pct"": 92.0, ""power_w"": 161.38, ""vram_used_mib"": 7122.0}, {""index"": 2, ""name"": ""NVIDIA P104-100"", ""pci_bus"": ""00000000:0A:00.0"", ""pcie"": ""Gen1 x1"", ""util_pct"": 96.0, ""power_w"": 170.42, ""vram_used_mib"": 7862.0}, {""index"": 3, ""name"": ""NVIDIA P104-100"", ""pci_bus"": ""00000000:0C:00.0"", ""pcie"": ""Gen1 x1"", ""util_pct"": 75.0, ""power_w"": 185.54, ""vram_used_mib"": 7492.0}, {""index"": 4, ""name"": ""NVIDIA P104-100"", ""pci_bus"": ""00000000:0D:00.0"", ""pcie"": ""Gen1 x1"", ""util_pct"": 0.0, ""power_w"": 8.83, ""vram_used_mib"": 86.0}, {""index"": 5, ""name"": ""NVIDIA P104-100"", ""pci_bus"": ""00000000:0E:00.0"", ""pcie"": ""Gen1 x1"", ""util_pct"": 0.0, ""power_w"": 9.78, ""vram_used_mib"": 86.0}]"
2026-08-16T16:46:51.902533+03:00,1786888011.902533,ctx_016384.txt,1,1,prefill,43.38747099767981,"[25.0, 100.0, 24.186046511627907, 24.299065420560748]",15875.55078125,7373.64453125,8501.90625,46.44654307023305,24575.99609375,421.953125,1.7169319338690334,"[{""index"": 0, ""name"": ""NVIDIA P104-100"", ""pci_bus"": ""00000000:01:00.0"", ""pcie"": ""Gen1 x1"", ""util_pct"": 99.0, ""power_w"": 175.69, ""vram_used_mib"": 7514.0}, {""index"": 1, ""name"": ""NVIDIA P104-100"", ""pci_bus"": ""00000000:02:00.0"", ""pcie"": ""Gen1 x1"", ""util_pct"": 96.0, ""power_w"": 180.12, ""vram_used_mib"": 7122.0}, {""index"": 2, ""name"": ""NVIDIA P104-100"", ""pci_bus"": ""00000000:0A:00.0"", ""pcie"": ""Gen1 x1"", ""util_pct"": 95.0, ""power_w"": 182.72, ""vram_used_mib"": 7862.0}, {""index"": 3, ""name"": ""NVIDIA P104-100"", ""pci_bus"": ""00000000:0C:00.0"", ""pcie"": ""Gen1 x1"", ""util_pct"": 64.0, ""power_w"": 189.7, ""vram_used_mib"": 7492.0}, {""index"": 4, ""name"": ""NVIDIA P104-100"", ""pci_bus"": ""00000000:0D:00.0"", ""pcie"": ""Gen1 x1"", ""util_pct"": 0.0, ""power_w"": 8.93, ""vram_used_mib"": 86.0}, {""index"": 5, ""name"": ""NVIDIA P104-100"", ""pci_bus"": ""00000000:0E:00.0"", ""pcie"": ""Gen1 x1"", ""util_pct"": 0.0, ""power_w"": 9.68, ""vram_used_mib"": 86.0}]"
2026-08-16T16:46:54.059385+03:00,1786888014.059385,ctx_016384.txt,1,1,prefill,44.01858304297329,"[25.700934579439252, 100.0, 26.85185185185185, 22.897196261682243]",15875.55078125,7312.31640625,8563.234375,46.06023757541877,24575.99609375,421.953125,1.7169319338690334,"[{""index"": 0, ""name"": ""NVIDIA P104-100"", ""pci_bus"": ""00000000:01:00.0"", ""pcie"": ""Gen1 x1"", ""util_pct"": 99.0, ""power_w"": 128.09, ""vram_used_mib"": 7514.0}, {""index"": 1, ""name"": ""NVIDIA P104-100"", ""pci_bus"": ""00000000:02:00.0"", ""pcie"": ""Gen1 x1"", ""util_pct"": 92.0, ""power_w"": 133.75, ""vram_used_mib"": 7122.0}, {""index"": 2, ""name"": ""NVIDIA P104-100"", ""pci_bus"": ""00000000:0A:00.0"", ""pcie"": ""Gen1 x1"", ""util_pct"": 96.0, ""power_w"": 160.65, ""vram_used_mib"": 7862.0}, {""index"": 3, ""name"": ""NVIDIA P104-100"", ""pci_bus"": ""00000000:0C:00.0"", ""pcie"": ""Gen1 x1"", ""util_pct"": 77.0, ""power_w"": 158.44, ""vram_used_mib"": 7492.0}, {""index"": 4, ""name"": ""NVIDIA P104-100"", ""pci_bus"": ""00000000:0D:00.0"", ""pcie"": ""Gen1 x1"", ""util_pct"": 0.0, ""power_w"": 9.04, ""vram_used_mib"": 86.0}, {""index"": 5, ""name"": ""NVIDIA P104-100"", ""pci_bus"": ""00000000:0E:00.0"", ""pcie"": ""Gen1 x1"", ""util_pct"": 0.0, ""power_w"": 9.54, ""vram_used_mib"": 86.0}]"
2026-08-16T16:46:56.208448+03:00,1786888016.208448,ctx_016384.txt,1,1,prefill,48.01401869158879,"[20.46511627906977, 67.13615023474179, 74.07407407407408, 30.232558139534884]",15875.55078125,7484.95703125,8390.59375,47.14769984604373,24575.99609375,421.9453125,1.7169001447201004,"[{""index"": 0, ""name"": ""NVIDIA P104-100"", ""pci_bus"": ""00000000:01:00.0"", ""pcie"": ""Gen1 x1"", ""util_pct"": 0.0, ""power_w"": 50.69, ""vram_used_mib"": 7514.0}, {""index"": 1, ""name"": ""NVIDIA P104-100"", ""pci_bus"": ""00000000:02:00.0"", ""pcie"": ""Gen1 x1"", ""util_pct"": 0.0, ""power_w"": 52.75, ""vram_used_mib"": 7122.0}, {""index"": 2, ""name"": ""NVIDIA P104-100"", ""pci_bus"": ""00000000:0A:00.0"", ""pcie"": ""Gen1 x1"", ""util_pct"": 0.0, ""power_w"": 49.63, ""vram_used_mib"": 7862.0}, {""index"": 3, ""name"": ""NVIDIA P104-100"", ""pci_bus"": ""00000000:0C:00.0"", ""pcie"": ""Gen1 x1"", ""util_pct"": 97.0, ""power_w"": 96.26, ""vram_used_mib"": 7492.0}, {""index"": 4, ""name"": ""NVIDIA P104-100"", ""pci_bus"": ""00000000:0D:00.0"", ""pcie"": ""Gen1 x1"", ""util_pct"": 0.0, ""power_w"": 8.85, ""vram_used_mib"": 86.0}, {""index"": 5, ""name"": ""NVIDIA P104-100"", ""pci_bus"": ""00000000:0E:00.0"", ""pcie"": ""Gen1 x1"", ""util_pct"": 0.0, ""power_w"": 9.55, ""vram_used_mib"": 86.0}]"
2026-08-16T16:46:58.328495+03:00,1786888018.328495,ctx_016384.txt,1,1,prefill,38.77068557919622,"[22.169811320754718, 10.377358490566039, 100.0, 22.748815165876778]",15875.55078125,7525.28515625,8350.265625,47.40172646569103,24575.99609375,421.94140625,1.716884250145634,"[{""index"": 0, ""name"": ""NVIDIA P104-100"", ""pci_bus"": ""00000000:01:00.0"", ""pcie"": ""Gen1 x1"", ""util_pct"": 0.0, ""power_w"": 50.34, ""vram_used_mib"": 7514.0}, {""index"": 1, ""name"": ""NVIDIA P104-100"", ""pci_bus"": ""00000000:02:00.0"", ""pcie"": ""Gen1 x1"", ""util_pct"": 0.0, ""power_w"": 44.81, ""vram_used_mib"": 7122.0}, {""index"": 2, ""name"": ""NVIDIA P104-100"", ""pci_bus"": ""00000000:0A:00.0"", ""pcie"": ""Gen1 x1"", ""util_pct"": 0.0, ""power_w"": 42.7, ""vram_used_mib"": 7862.0}, {""index"": 3, ""name"": ""NVIDIA P104-100"", ""pci_bus"": ""00000000:0C:00.0"", ""pcie"": ""Gen1 x1"", ""util_pct"": 51.0, ""power_w"": 55.72, ""vram_used_mib"": 7492.0}, {""index"": 4, ""name"": ""NVIDIA P104-100"", ""pci_bus"": ""00000000:0D:00.0"", ""pcie"": ""Gen1 x1"", ""util_pct"": 0.0, ""power_w"": 10.29, ""vram_used_mib"": 86.0}, {""index"": 5, ""name"": ""NVIDIA P104-100"", ""pci_bus"": ""00000000:0E:00.0"", ""pcie"": ""Gen1 x1"", ""util_pct"": 0.0, ""power_w"": 9.8, ""vram_used_mib"": 86.0}]"
2026-08-16T16:47:00.471494+03:00,1786888020.471494,ctx_016384.txt,1,1,prefill,41.92037470725995,"[20.187793427230048, 28.169014084507044, 100.0, 18.69158878504673]",15875.55078125,7730.31640625,8145.234375,48.6932170906472,24575.99609375,421.9375,1.7168683555711675,"[{""index"": 0, ""name"": ""NVIDIA P104-100"", ""pci_bus"": ""00000000:01:00.0"", ""pcie"": ""Gen1 x1"", ""util_pct"": 98.0, ""power_w"": 175.09, ""vram_used_mib"": 7514.0}, {""index"": 1, ""name"": ""NVIDIA P104-100"", ""pci_bus"": ""00000000:02:00.0"", ""pcie"": ""Gen1 x1"", ""util_pct"": 96.0, ""power_w"": 189.05, ""vram_used_mib"": 7122.0}, {""index"": 2, ""name"": ""NVIDIA P104-100"", ""pci_bus"": ""00000000:0A:00.0"", ""pcie"": ""Gen1 x1"", ""util_pct"": 95.0, ""power_w"": 121.4, ""vram_used_mib"": 7862.0}, {""index"": 3, ""name"": ""NVIDIA P104-100"", ""pci_bus"": ""00000000:0C:00.0"", ""pcie"": ""Gen1 x1"", ""util_pct"": 80.0, ""power_w"": 75.52, ""vram_used_mib"": 7492.0}, {""index"": 4, ""name"": ""NVIDIA P104-100"", ""pci_bus"": ""00000000:0D:00.0"", ""pcie"": ""Gen1 x1"", ""util_pct"": 0.0, ""power_w"": 8.94, ""vram_used_mib"": 86.0}, {""index"": 5, ""name"": ""NVIDIA P104-100"", ""pci_bus"": ""00000000:0E:00.0"", ""pcie"": ""Gen1 x1"", ""util_pct"": 0.0, ""power_w"": 9.7, ""vram_used_mib"": 86.0}]"
2026-08-16T16:47:03.842999+03:00,1786888023.842999,ctx_016384.txt,1,1,prefill,48.06547619047619,"[55.223880597014926, 18.208955223880597, 100.0, 19.104477611940297]",15875.55078125,7574.7109375,8300.83984375,47.7130591679767,24575.99609375,421.9375,1.7168683555711675,"[{""index"": 0, ""name"": ""NVIDIA P104-100"", ""pci_bus"": ""00000000:01:00.0"", ""pcie"": ""Gen1 x1"", ""util_pct"": 99.0, ""power_w"": 178.94, ""vram_used_mib"": 7514.0}, {""index"": 1, ""name"": ""NVIDIA P104-100"", ""pci_bus"": ""00000000:02:00.0"", ""pcie"": ""Gen1 x1"", ""util_pct"": 92.0, ""power_w"": 180.13, ""vram_used_mib"": 7122.0}, {""index"": 2, ""name"": ""NVIDIA P104-100"", ""pci_bus"": ""00000000:0A:00.0"", ""pcie"": ""Gen1 x1"", ""util_pct"": 97.0, ""power_w"": 188.01, ""vram_used_mib"": 7862.0}, {""index"": 3, ""name"": ""NVIDIA P104-100"", ""pci_bus"": ""00000000:0C:00.0"", ""pcie"": ""Gen1 x1"", ""util_pct"": 74.0, ""power_w"": 74.21, ""vram_used_mib"": 7492.0}, {""index"": 4, ""name"": ""NVIDIA P104-100"", ""pci_bus"": ""00000000:0D:00.0"", ""pcie"": ""Gen1 x1"", ""util_pct"": 0.0, ""power_w"": 8.74, ""vram_used_mib"": 86.0}, {""index"": 5, ""name"": ""NVIDIA P104-100"", ""pci_bus"": ""00000000:0E:00.0"", ""pcie"": ""Gen1 x1"", ""util_pct"": 0.0, ""power_w"": 9.55, ""vram_used_mib"": 86.0}]"
2026-08-16T16:47:05.983733+03:00,1786888025.983733,ctx_016384.txt,1,1,prefill,43.610785463071515,"[23.11320754716981, 24.299065420560748, 100.0, 26.976744186046513]",15875.55078125,7618.62109375,8256.9296875,47.98964898117462,24575.99609375,421.9375,1.7168683555711675,"[{""index"": 0, ""name"": ""NVIDIA P104-100"", ""pci_bus"": ""00000000:01:00.0"", ""pcie"": ""Gen1 x1"", ""util_pct"": 98.0, ""power_w"": 182.06, ""vram_used_mib"": 7514.0}, {""index"": 1, ""name"": ""NVIDIA P104-100"", ""pci_bus"": ""00000000:02:00.0"", ""pcie"": ""Gen1 x1"", ""util_pct"": 96.0, ""power_w"": 187.06, ""vram_used_mib"": 7122.0}, {""index"": 2, ""name"": ""NVIDIA P104-100"", ""pci_bus"": ""00000000:0A:00.0"", ""pcie"": ""Gen1 x1"", ""util_pct"": 97.0, ""power_w"": 113.46, ""vram_used_mib"": 7862.0}, {""index"": 3, ""name"": ""NVIDIA P104-100"", ""pci_bus"": ""00000000:0C:00.0"", ""pcie"": ""Gen1 x1"", ""util_pct"": 66.0, ""power_w"": 67.81, ""vram_used_mib"": 7492.0}, {""index"": 4, ""name"": ""NVIDIA P104-100"", ""pci_bus"": ""00000000:0D:00.0"", ""pcie"": ""Gen1 x1"", ""util_pct"": 0.0, ""power_w"": 8.84, ""vram_used_mib"": 86.0}, {""index"": 5, ""name"": ""NVIDIA P104-100"", ""pci_bus"": ""00000000:0E:00.0"", ""pcie"": ""Gen1 x1"", ""util_pct"": 0.0, ""power_w"": 9.54, ""vram_used_mib"": 86.0}]"
2026-08-16T16:47:08.139679+03:00,1786888028.139679,ctx_016384.txt,1,1,prefill,43.35664335664335,"[21.3953488372093, 28.50467289719626, 100.0, 23.004694835680752]",15875.55078125,7648.3828125,8227.16796875,48.177117870664425,24575.99609375,421.9375,1.7168683555711675,"[{""index"": 0, ""name"": ""NVIDIA P104-100"", ""pci_bus"": ""00000000:01:00.0"", ""pcie"": ""Gen1 x1"", ""util_pct"": 98.0, ""power_w"": 179.0, ""vram_used_mib"": 7514.0}, {""index"": 1, ""name"": ""NVIDIA P104-100"", ""pci_bus"": ""00000000:02:00.0"", ""pcie"": ""Gen1 x1"", ""util_pct"": 96.0, ""power_w"": 141.25, ""vram_used_mib"": 7122.0}, {""index"": 2, ""name"": ""NVIDIA P104-100"", ""pci_bus"": ""00000000:0A:00.0"", ""pcie"": ""Gen1 x1"", ""util_pct"": 98.0, ""power_w"": 110.54, ""vram_used_mib"": 7862.0}, {""index"": 3, ""name"": ""NVIDIA P104-100"", ""pci_bus"": ""00000000:0C:00.0"", ""pcie"": ""Gen1 x1"", ""util_pct"": 81.0, ""power_w"": 82.17, ""vram_used_mib"": 7492.0}, {""index"": 4, ""name"": ""NVIDIA P104-100"", ""pci_bus"": ""00000000:0D:00.0"", ""pcie"": ""Gen1 x1"", ""util_pct"": 0.0, ""power_w"": 8.49, ""vram_used_mib"": 86.0}, {""index"": 5, ""name"": ""NVIDIA P104-100"", ""pci_bus"": ""00000000:0E:00.0"", ""pcie"": ""Gen1 x1"", ""util_pct"": 0.0, ""power_w"": 9.79, ""vram_used_mib"": 86.0}]"
2026-08-16T16:47:10.293128+03:00,1786888030.293128,ctx_016384.txt,1,1,prefill,42.9569266589057,"[14.553990610328638, 30.09259259259259, 100.0, 26.635514018691588]",15875.55078125,7685.64453125,8189.90625,48.41182921557102,24575.99609375,421.9375,1.7168683555711675,"[{""index"": 0, ""name"": ""NVIDIA P104-100"", ""pci_bus"": ""00000000:01:00.0"", ""pcie"": ""Gen1 x1"", ""util_pct"": 98.0, ""power_w"": 175.85, ""vram_used_mib"": 7514.0}, {""index"": 1, ""name"": ""NVIDIA P104-100"", ""pci_bus"": ""00000000:02:00.0"", ""pcie"": ""Gen1 x1"", ""util_pct"": 92.0, ""power_w"": 179.56, ""vram_used_mib"": 7122.0}, {""index"": 2, ""name"": ""NVIDIA P104-100"", ""pci_bus"": ""00000000:0A:00.0"", ""pcie"": ""Gen1 x1"", ""util_pct"": 98.0, ""power_w"": 180.06, ""vram_used_mib"": 7862.0}, {""index"": 3, ""name"": ""NVIDIA P104-100"", ""pci_bus"": ""00000000:0C:00.0"", ""pcie"": ""Gen1 x1"", ""util_pct"": 76.0, ""power_w"": 70.21, ""vram_used_mib"": 7492.0}, {""index"": 4, ""name"": ""NVIDIA P104-100"", ""pci_bus"": ""00000000:0D:00.0"", ""pcie"": ""Gen1 x1"", ""util_pct"": 0.0, ""power_w"": 8.84, ""vram_used_mib"": 86.0}, {""index"": 5, ""name"": ""NVIDIA P104-100"", ""pci_bus"": ""00000000:0E:00.0"", ""pcie"": ""Gen1 x1"", ""util_pct"": 0.0, ""power_w"": 9.79, ""vram_used_mib"": 86.0}]"
2026-08-16T16:47:12.470436+03:00,1786888032.470436,ctx_016384.txt,1,1,prefill,43.8150289017341,"[27.1889400921659, 24.074074074074073, 100.0, 23.61111111111111]",15875.55078125,7676.26953125,8199.28125,48.352776146300045,24575.99609375,421.93359375,1.716852460996701,"[{""index"": 0, ""name"": ""NVIDIA P104-100"", ""pci_bus"": ""00000000:01:00.0"", ""pcie"": ""Gen1 x1"", ""util_pct"": 0.0, ""power_w"": 54.22, ""vram_used_mib"": 7514.0}, {""index"": 1, ""name"": ""NVIDIA P104-100"", ""pci_bus"": ""00000000:02:00.0"", ""pcie"": ""Gen1 x1"", ""util_pct"": 65.0, ""power_w"": 56.6, ""vram_used_mib"": 7122.0}, {""index"": 2, ""name"": ""NVIDIA P104-100"", ""pci_bus"": ""00000000:0A:00.0"", ""pcie"": ""Gen1 x1"", ""util_pct"": 99.0, ""power_w"": 55.34, ""vram_used_mib"": 7862.0}, {""index"": 3, ""name"": ""NVIDIA P104-100"", ""pci_bus"": ""00000000:0C:00.0"", ""pcie"": ""Gen1 x1"", ""util_pct"": 79.0, ""power_w"": 112.06, ""vram_used_mib"": 7492.0}, {""index"": 4, ""name"": ""NVIDIA P104-100"", ""pci_bus"": ""00000000:0D:00.0"", ""pcie"": ""Gen1 x1"", ""util_pct"": 0.0, ""power_w"": 8.85, ""vram_used_mib"": 86.0}, {""index"": 5, ""name"": ""NVIDIA P104-100"", ""pci_bus"": ""00000000:0E:00.0"", ""pcie"": ""Gen1 x1"", ""util_pct"": 0.0, ""power_w"": 10.3, ""vram_used_mib"": 86.0}]"
2026-08-16T16:47:14.618332+03:00,1786888034.618332,ctx_016384.txt,1,1,prefill,48.5414235705951,"[26.16822429906542, 20.46511627906977, 100.0, 48.13084112149533]",15875.55078125,7409.578125,8465.97265625,46.672888563659576,24575.99609375,421.93359375,1.716852460996701,"[{""index"": 0, ""name"": ""NVIDIA P104-100"", ""pci_bus"": ""00000000:01:00.0"", ""pcie"": ""Gen1 x1"", ""util_pct"": 0.0, ""power_w"": 53.24, ""vram_used_mib"": 7514.0}, {""index"": 1, ""name"": ""NVIDIA P104-100"", ""pci_bus"": ""00000000:02:00.0"", ""pcie"": ""Gen1 x1"", ""util_pct"": 0.0, ""power_w"": 51.1, ""vram_used_mib"": 7122.0}, {""index"": 2, ""name"": ""NVIDIA P104-100"", ""pci_bus"": ""00000000:0A:00.0"", ""pcie"": ""Gen1 x1"", ""util_pct"": 0.0, ""power_w"": 49.71, ""vram_used_mib"": 7862.0}, {""index"": 3, ""name"": ""NVIDIA P104-100"", ""pci_bus"": ""00000000:0C:00.0"", ""pcie"": ""Gen1 x1"", ""util_pct"": 98.0, ""power_w"": 113.1, ""vram_used_mib"": 7492.0}, {""index"": 4, ""name"": ""NVIDIA P104-100"", ""pci_bus"": ""00000000:0D:00.0"", ""pcie"": ""Gen1 x1"", ""util_pct"": 0.0, ""power_w"": 8.95, ""vram_used_mib"": 86.0}, {""index"": 5, ""name"": ""NVIDIA P104-100"", ""pci_bus"": ""00000000:0E:00.0"", ""pcie"": ""Gen1 x1"", ""util_pct"": 0.0, ""power_w"": 10.1, ""vram_used_mib"": 86.0}]"
2026-08-16T16:47:16.794742+03:00,1786888036.794742,ctx_016384.txt,1,1,prefill,39.24050632911393,"[23.502304147465438, 16.203703703703702, 100.0, 16.666666666666668]",15875.55078125,7539.03515625,8336.515625,47.48833763395512,24575.99609375,421.93359375,1.716852460996701,"[{""index"": 0, ""name"": ""NVIDIA P104-100"", ""pci_bus"": ""00000000:01:00.0"", ""pcie"": ""Gen1 x1"", ""util_pct"": 97.0, ""power_w"": 169.07, ""vram_used_mib"": 7514.0}, {""index"": 1, ""name"": ""NVIDIA P104-100"", ""pci_bus"": ""00000000:02:00.0"", ""pcie"": ""Gen1 x1"", ""util_pct"": 93.0, ""power_w"": 185.26, ""vram_used_mib"": 7122.0}, {""index"": 2, ""name"": ""NVIDIA P104-100"", ""pci_bus"": ""00000000:0A:00.0"", ""pcie"": ""Gen1 x1"", ""util_pct"": 99.0, ""power_w"": 189.12, ""vram_used_mib"": 7862.0}, {""index"": 3, ""name"": ""NVIDIA P104-100"", ""pci_bus"": ""00000000:0C:00.0"", ""pcie"": ""Gen1 x1"", ""util_pct"": 46.0, ""power_w"": 182.93, ""vram_used_mib"": 7492.0}, {""index"": 4, ""name"": ""NVIDIA P104-100"", ""pci_bus"": ""00000000:0D:00.0"", ""pcie"": ""Gen1 x1"", ""util_pct"": 0.0, ""power_w"": 8.84, ""vram_used_mib"": 86.0}, {""index"": 5, ""name"": ""NVIDIA P104-100"", ""pci_bus"": ""00000000:0E:00.0"", ""pcie"": ""Gen1 x1"", ""util_pct"": 0.0, ""power_w"": 9.69, ""vram_used_mib"": 86.0}]"
2026-08-16T16:47:18.967714+03:00,1786888038.967714,ctx_016384.txt,1,1,prefill,43.35260115606936,"[21.296296296296298, 20.833333333333332, 100.0, 30.697674418604652]",15875.55078125,7571.890625,8303.66015625,47.695294036304354,24575.99609375,421.93359375,1.716852460996701,"[{""index"": 0, ""name"": ""NVIDIA P104-100"", ""pci_bus"": ""00000000:01:00.0"", ""pcie"": ""Gen1 x1"", ""util_pct"": 99.0, ""power_w"": 156.85, ""vram_used_mib"": 7514.0}, {""index"": 1, ""name"": ""NVIDIA P104-100"", ""pci_bus"": ""00000000:02:00.0"", ""pcie"": ""Gen1 x1"", ""util_pct"": 92.0, ""power_w"": 169.74, ""vram_used_mib"": 7122.0}, {""index"": 2, ""name"": ""NVIDIA P104-100"", ""pci_bus"": ""00000000:0A:00.0"", ""pcie"": ""Gen1 x1"", ""util_pct"": 98.0, ""power_w"": 179.4, ""vram_used_mib"": 7862.0}, {""index"": 3, ""name"": ""NVIDIA P104-100"", ""pci_bus"": ""00000000:0C:00.0"", ""pcie"": ""Gen1 x1"", ""util_pct"": 81.0, ""power_w"": 168.68, ""vram_used_mib"": 7492.0}, {""index"": 4, ""name"": ""NVIDIA P104-100"", ""pci_bus"": ""00000000:0D:00.0"", ""pcie"": ""Gen1 x1"", ""util_pct"": 0.0, ""power_w"": 8.73, ""vram_used_mib"": 86.0}, {""index"": 5, ""name"": ""NVIDIA P104-100"", ""pci_bus"": ""00000000:0E:00.0"", ""pcie"": ""Gen1 x1"", ""util_pct"": 0.0, ""power_w"": 9.88, ""vram_used_mib"": 86.0}]"
2026-08-16T16:47:21.149055+03:00,1786888041.149055,ctx_016384.txt,1,1,decode,43.333333333333336,"[23.963133640552996, 23.394495412844037, 100.0, 26.027397260273972]",15875.55078125,7535.4921875,8340.05859375,47.4660204948598,24575.99609375,421.93359375,1.716852460996701,"[{""index"": 0, ""name"": ""NVIDIA P104-100"", ""pci_bus"": ""00000000:01:00.0"", ""pcie"": ""Gen1 x1"", ""util_pct"": 0.0, ""power_w"": 53.95, ""vram_used_mib"": 7514.0}, {""index"": 1, ""name"": ""NVIDIA P104-100"", ""pci_bus"": ""00000000:02:00.0"", ""pcie"": ""Gen1 x1"", ""util_pct"": 58.0, ""power_w"": 56.0, ""vram_used_mib"": 7122.0}, {""index"": 2, ""name"": ""NVIDIA P104-100"", ""pci_bus"": ""00000000:0A:00.0"", ""pcie"": ""Gen1 x1"", ""util_pct"": 41.0, ""power_w"": 52.77, ""vram_used_mib"": 7862.0}, {""index"": 3, ""name"": ""NVIDIA P104-100"", ""pci_bus"": ""00000000:0C:00.0"", ""pcie"": ""Gen1 x1"", ""util_pct"": 0.0, ""power_w"": 78.51, ""vram_used_mib"": 7492.0}, {""index"": 4, ""name"": ""NVIDIA P104-100"", ""pci_bus"": ""00000000:0D:00.0"", ""pcie"": ""Gen1 x1"", ""util_pct"": 0.0, ""power_w"": 8.85, ""vram_used_mib"": 86.0}, {""index"": 5, ""name"": ""NVIDIA P104-100"", ""pci_bus"": ""00000000:0E:00.0"", ""pcie"": ""Gen1 x1"", ""util_pct"": 0.0, ""power_w"": 9.8, ""vram_used_mib"": 86.0}]"
2026-08-16T16:47:23.345155+03:00,1786888043.345155,ctx_016384.txt,1,1,decode,39.269406392694066,"[11.872146118721462, 32.87671232876713, 100.0, 12.785388127853881]",15875.55078125,7689.66015625,8185.890625,48.437123613575416,24575.99609375,421.93359375,1.716852460996701,"[{""index"": 0, ""name"": ""NVIDIA P104-100"", ""pci_bus"": ""00000000:01:00.0"", ""pcie"": ""Gen1 x1"", ""util_pct"": 46.0, ""power_w"": 175.39, ""vram_used_mib"": 7514.0}, {""index"": 1, ""name"": ""NVIDIA P104-100"", ""pci_bus"": ""00000000:02:00.0"", ""pcie"": ""Gen1 x1"", ""util_pct"": 0.0, ""power_w"": 55.51, ""vram_used_mib"": 7122.0}, {""index"": 2, ""name"": ""NVIDIA P104-100"", ""pci_bus"": ""00000000:0A:00.0"", ""pcie"": ""Gen1 x1"", ""util_pct"": 4.0, ""power_w"": 53.78, ""vram_used_mib"": 7862.0}, {""index"": 3, ""name"": ""NVIDIA P104-100"", ""pci_bus"": ""00000000:0C:00.0"", ""pcie"": ""Gen1 x1"", ""util_pct"": 89.0, ""power_w"": 55.7, ""vram_used_mib"": 7492.0}, {""index"": 4, ""name"": ""NVIDIA P104-100"", ""pci_bus"": ""00000000:0D:00.0"", ""pcie"": ""Gen1 x1"", ""util_pct"": 0.0, ""power_w"": 8.84, ""vram_used_mib"": 86.0}, {""index"": 5, ""name"": ""NVIDIA P104-100"", ""pci_bus"": ""00000000:0E:00.0"", ""pcie"": ""Gen1 x1"", ""util_pct"": 0.0, ""power_w"": 9.79, ""vram_used_mib"": 86.0}]"
2026-08-16T16:47:25.471159+03:00,1786888045.471159,ctx_016384.txt,1,1,decode,52.48815165876777,"[26.760563380281692, 70.75471698113208, 94.33962264150944, 16.990291262135923]",15875.55078125,7773.24609375,8102.3046875,48.96363093701719,24575.99609375,421.92578125,1.716820671847768,"[{""index"": 0, ""name"": ""NVIDIA P104-100"", ""pci_bus"": ""00000000:01:00.0"", ""pcie"": ""Gen1 x1"", ""util_pct"": 0.0, ""power_w"": 51.93, ""vram_used_mib"": 7514.0}, {""index"": 1, ""name"": ""NVIDIA P104-100"", ""pci_bus"": ""00000000:02:00.0"", ""pcie"": ""Gen1 x1"", ""util_pct"": 11.0, ""power_w"": 58.08, ""vram_used_mib"": 7122.0}, {""index"": 2, ""name"": ""NVIDIA P104-100"", ""pci_bus"": ""00000000:0A:00.0"", ""pcie"": ""Gen1 x1"", ""util_pct"": 10.0, ""power_w"": 179.31, ""vram_used_mib"": 7862.0}, {""index"": 3, ""name"": ""NVIDIA P104-100"", ""pci_bus"": ""00000000:0C:00.0"", ""pcie"": ""Gen1 x1"", ""util_pct"": 41.0, ""power_w"": 55.7, ""vram_used_mib"": 7492.0}, {""index"": 4, ""name"": ""NVIDIA P104-100"", ""pci_bus"": ""00000000:0D:00.0"", ""pcie"": ""Gen1 x1"", ""util_pct"": 0.0, ""power_w"": 8.84, ""vram_used_mib"": 86.0}, {""index"": 5, ""name"": ""NVIDIA P104-100"", ""pci_bus"": ""00000000:0E:00.0"", ""pcie"": ""Gen1 x1"", ""util_pct"": 0.0, ""power_w"": 9.89, ""vram_used_mib"": 86.0}]"
2026-08-16T16:47:27.604926+03:00,1786888047.604926,ctx_016384.txt,1,1,decode,41.128084606345475,"[16.037735849056602, 100.0, 20.187793427230048, 27.358490566037737]",15875.55078125,7962.16015625,7913.390625,50.15359949371835,24575.99609375,421.92578125,1.716820671847768,"[{""index"": 0, ""name"": ""NVIDIA P104-100"", ""pci_bus"": ""00000000:01:00.0"", ""pcie"": ""Gen1 x1"", ""util_pct"": 4.0, ""power_w"": 43.97, ""vram_used_mib"": 7514.0}, {""index"": 1, ""name"": ""NVIDIA P104-100"", ""pci_bus"": ""00000000:02:00.0"", ""pcie"": ""Gen1 x1"", ""util_pct"": 0.0, ""power_w"": 61.88, ""vram_used_mib"": 7122.0}, {""index"": 2, ""name"": ""NVIDIA P104-100"", ""pci_bus"": ""00000000:0A:00.0"", ""pcie"": ""Gen1 x1"", ""util_pct"": 0.0, ""power_w"": 172.71, ""vram_used_mib"": 7862.0}, {""index"": 3, ""name"": ""NVIDIA P104-100"", ""pci_bus"": ""00000000:0C:00.0"", ""pcie"": ""Gen1 x1"", ""util_pct"": 56.0, ""power_w"": 55.72, ""vram_used_mib"": 7492.0}, {""index"": 4, ""name"": ""NVIDIA P104-100"", ""pci_bus"": ""00000000:0D:00.0"", ""pcie"": ""Gen1 x1"", ""util_pct"": 0.0, ""power_w"": 8.95, ""vram_used_mib"": 86.0}, {""index"": 5, ""name"": ""NVIDIA P104-100"", ""pci_bus"": ""00000000:0E:00.0"", ""pcie"": ""Gen1 x1"", ""util_pct"": 0.0, ""power_w"": 9.7, ""vram_used_mib"": 86.0}]"
2026-08-16T16:47:29.794976+03:00,1786888049.794976,ctx_016384.txt,1,1,decode,41.87643020594966,"[28.767123287671232, 100.0, 17.35159817351598, 21.461187214611872]",15875.55078125,7960.80078125,7914.75,50.14503679867406,24575.99609375,421.92578125,1.716820671847768,"[{""index"": 0, ""name"": ""NVIDIA P104-100"", ""pci_bus"": ""00000000:01:00.0"", ""pcie"": ""Gen1 x1"", ""util_pct"": 34.0, ""power_w"": 89.58, ""vram_used_mib"": 7514.0}, {""index"": 1, ""name"": ""NVIDIA P104-100"", ""pci_bus"": ""00000000:02:00.0"", ""pcie"": ""Gen1 x1"", ""util_pct"": 28.0, ""power_w"": 52.33, ""vram_used_mib"": 7122.0}, {""index"": 2, ""name"": ""NVIDIA P104-100"", ""pci_bus"": ""00000000:0A:00.0"", ""pcie"": ""Gen1 x1"", ""util_pct"": 30.0, ""power_w"": 50.8, ""vram_used_mib"": 7862.0}, {""index"": 3, ""name"": ""NVIDIA P104-100"", ""pci_bus"": ""00000000:0C:00.0"", ""pcie"": ""Gen1 x1"", ""util_pct"": 56.0, ""power_w"": 82.34, ""vram_used_mib"": 7492.0}, {""index"": 4, ""name"": ""NVIDIA P104-100"", ""pci_bus"": ""00000000:0D:00.0"", ""pcie"": ""Gen1 x1"", ""util_pct"": 0.0, ""power_w"": 8.85, ""vram_used_mib"": 86.0}, {""index"": 5, ""name"": ""NVIDIA P104-100"", ""pci_bus"": ""00000000:0E:00.0"", ""pcie"": ""Gen1 x1"", ""util_pct"": 0.0, ""power_w"": 9.8, ""vram_used_mib"": 86.0}]"
2026-08-16T16:47:31.925480+03:00,1786888051.925480,ctx_016384.txt,1,1,decode,41.36310223266745,"[20.28301886792453, 100.0, 12.264150943396226, 33.0188679245283]",15875.55078125,7949.78515625,7925.765625,50.07564944228067,24575.99609375,421.92578125,1.716820671847768,"[{""index"": 0, ""name"": ""NVIDIA P104-100"", ""pci_bus"": ""00000000:01:00.0"", ""pcie"": ""Gen1 x1"", ""util_pct"": 34.0, ""power_w"": 44.01, ""vram_used_mib"": 7514.0}, {""index"": 1, ""name"": ""NVIDIA P104-100"", ""pci_bus"": ""00000000:02:00.0"", ""pcie"": ""Gen1 x1"", ""util_pct"": 29.0, ""power_w"": 52.35, ""vram_used_mib"": 7122.0}, {""index"": 2, ""name"": ""NVIDIA P104-100"", ""pci_bus"": ""00000000:0A:00.0"", ""pcie"": ""Gen1 x1"", ""util_pct"": 29.0, ""power_w"": 51.56, ""vram_used_mib"": 7862.0}, {""index"": 3, ""name"": ""NVIDIA P104-100"", ""pci_bus"": ""00000000:0C:00.0"", ""pcie"": ""Gen1 x1"", ""util_pct"": 18.0, ""power_w"": 101.5, ""vram_used_mib"": 7492.0}, {""index"": 4, ""name"": ""NVIDIA P104-100"", ""pci_bus"": ""00000000:0D:00.0"", ""pcie"": ""Gen1 x1"", ""util_pct"": 0.0, ""power_w"": 8.75, ""vram_used_mib"": 86.0}, {""index"": 5, ""name"": ""NVIDIA P104-100"", ""pci_bus"": ""00000000:0E:00.0"", ""pcie"": ""Gen1 x1"", ""util_pct"": 0.0, ""power_w"": 9.7, ""vram_used_mib"": 86.0}]"
2026-08-16T16:47:34.128111+03:00,1786888054.128111,ctx_016384.txt,1,1,decode,41.571753986332574,"[19.545454545454547, 100.0, 21.363636363636363, 25.114155251141554]",15875.55078125,7966.6875,7908.86328125,50.182117205087124,24575.99609375,421.92578125,1.716820671847768,"[{""index"": 0, ""name"": ""NVIDIA P104-100"", ""pci_bus"": ""00000000:01:00.0"", ""pcie"": ""Gen1 x1"", ""util_pct"": 0.0, ""power_w"": 57.94, ""vram_used_mib"": 7514.0}, {""index"": 1, ""name"": ""NVIDIA P104-100"", ""pci_bus"": ""00000000:02:00.0"", ""pcie"": ""Gen1 x1"", ""util_pct"": 0.0, ""power_w"": 163.84, ""vram_used_mib"": 7122.0}, {""index"": 2, ""name"": ""NVIDIA P104-100"", ""pci_bus"": ""00000000:0A:00.0"", ""pcie"": ""Gen1 x1"", ""util_pct"": 29.0, ""power_w"": 50.69, ""vram_used_mib"": 7862.0}, {""index"": 3, ""name"": ""NVIDIA P104-100"", ""pci_bus"": ""00000000:0C:00.0"", ""pcie"": ""Gen1 x1"", ""util_pct"": 19.0, ""power_w"": 53.32, ""vram_used_mib"": 7492.0}, {""index"": 4, ""name"": ""NVIDIA P104-100"", ""pci_bus"": ""00000000:0D:00.0"", ""pcie"": ""Gen1 x1"", ""util_pct"": 0.0, ""power_w"": 8.94, ""vram_used_mib"": 86.0}, {""index"": 5, ""name"": ""NVIDIA P104-100"", ""pci_bus"": ""00000000:0E:00.0"", ""pcie"": ""Gen1 x1"", ""util_pct"": 0.0, ""power_w"": 9.79, ""vram_used_mib"": 86.0}]"
