timestamp_iso,epoch_s,file,active_slots,repeat,stage_hint,cpu_total_pct,cpu_per_core_pct_json,ram_total_mib,ram_used_mib,ram_available_mib,ram_used_pct,swap_total_mib,swap_used_mib,swap_used_pct,gpu_samples_json
2026-08-16T18:16:58.835648+03:00,1786893418.835648,ctx_000256.txt,1,1,outside,25.0,"[0.0, 0.0, 0.0, 100.0]",15875.55078125,5987.40234375,9888.1484375,37.71461177158962,24575.99609375,409.12890625,1.6647500458955837,"[{""index"": 0, ""name"": ""NVIDIA P104-100"", ""pci_bus"": ""00000000:01:00.0"", ""pcie"": ""Gen1 x1"", ""util_pct"": 0.0, ""power_w"": 50.86, ""vram_used_mib"": 5638.0}, {""index"": 1, ""name"": ""NVIDIA P104-100"", ""pci_bus"": ""00000000:02:00.0"", ""pcie"": ""Gen1 x1"", ""util_pct"": 0.0, ""power_w"": 52.14, ""vram_used_mib"": 4894.0}, {""index"": 2, ""name"": ""NVIDIA P104-100"", ""pci_bus"": ""00000000:0A:00.0"", ""pcie"": ""Gen1 x1"", ""util_pct"": 0.0, ""power_w"": 49.86, ""vram_used_mib"": 6620.0}, {""index"": 3, ""name"": ""NVIDIA P104-100"", ""pci_bus"": ""00000000:0C:00.0"", ""pcie"": ""Gen1 x1"", ""util_pct"": 0.0, ""power_w"": 52.69, ""vram_used_mib"": 4894.0}, {""index"": 4, ""name"": ""NVIDIA P104-100"", ""pci_bus"": ""00000000:0D:00.0"", ""pcie"": ""Gen1 x1"", ""util_pct"": 0.0, ""power_w"": 51.07, ""vram_used_mib"": 6620.0}, {""index"": 5, ""name"": ""NVIDIA P104-100"", ""pci_bus"": ""00000000:0E:00.0"", ""pcie"": ""Gen1 x1"", ""util_pct"": 0.0, ""power_w"": 42.31, ""vram_used_mib"": 4894.0}, {""index"": 6, ""name"": ""NVIDIA P104-100"", ""pci_bus"": ""00000000:0F:00.0"", ""pcie"": ""Gen1 x1"", ""util_pct"": 0.0, ""power_w"": 52.17, ""vram_used_mib"": 5638.0}, {""index"": 7, ""name"": ""NVIDIA P104-100"", ""pci_bus"": ""00000000:10:00.0"", ""pcie"": ""Gen1 x1"", ""util_pct"": 0.0, ""power_w"": 53.43, ""vram_used_mib"": 5876.0}, {""index"": 8, ""name"": ""NVIDIA P104-100"", ""pci_bus"": ""00000000:11:00.0"", ""pcie"": ""Gen1 x1"", ""util_pct"": 0.0, ""power_w"": 49.28, ""vram_used_mib"": 5638.0}, {""index"": 9, ""name"": ""NVIDIA P104-100"", ""pci_bus"": ""00000000:12:00.0"", ""pcie"": ""Gen1 x1"", ""util_pct"": 0.0, ""power_w"": 51.5, ""vram_used_mib"": 4894.0}, {""index"": 10, ""name"": ""NVIDIA P104-100"", ""pci_bus"": ""00000000:13:00.0"", ""pcie"": ""Gen1 x1"", ""util_pct"": 0.0, ""power_w"": 51.01, ""vram_used_mib"": 6620.0}, {""index"": 11, ""name"": ""NVIDIA P104-100"", ""pci_bus"": ""00000000:14:00.0"", ""pcie"": ""Gen1 x1"", ""util_pct"": 0.0, ""power_w"": 52.88, ""vram_used_mib"": 7750.0}]"
2026-08-16T18:17:00.982327+03:00,1786893420.982327,ctx_000256.txt,1,1,prefill,37.032710280373834,"[14.418604651162791, 19.248826291079812, 98.59813084112149, 15.023474178403756]",15875.55078125,6980.3515625,8895.19921875,43.96919299797916,24575.99609375,409.1015625,1.6646387838743184,"[{""index"": 0, ""name"": ""NVIDIA P104-100"", ""pci_bus"": ""00000000:01:00.0"", ""pcie"": ""Gen1 x1"", ""util_pct"": 40.0, ""power_w"": 51.76, ""vram_used_mib"": 5638.0}, {""index"": 1, ""name"": ""NVIDIA P104-100"", ""pci_bus"": ""00000000:02:00.0"", ""pcie"": ""Gen1 x1"", ""util_pct"": 52.0, ""power_w"": 52.62, ""vram_used_mib"": 4894.0}, {""index"": 2, ""name"": ""NVIDIA P104-100"", ""pci_bus"": ""00000000:0A:00.0"", ""pcie"": ""Gen1 x1"", ""util_pct"": 0.0, ""power_w"": 52.08, ""vram_used_mib"": 6620.0}, {""index"": 3, ""name"": ""NVIDIA P104-100"", ""pci_bus"": ""00000000:0C:00.0"", ""pcie"": ""Gen1 x1"", ""util_pct"": 0.0, ""power_w"": 52.79, ""vram_used_mib"": 4894.0}, {""index"": 4, ""name"": ""NVIDIA P104-100"", ""pci_bus"": ""00000000:0D:00.0"", ""pcie"": ""Gen1 x1"", ""util_pct"": 0.0, ""power_w"": 53.66, ""vram_used_mib"": 6620.0}, {""index"": 5, ""name"": ""NVIDIA P104-100"", ""pci_bus"": ""00000000:0E:00.0"", ""pcie"": ""Gen1 x1"", ""util_pct"": 0.0, ""power_w"": 46.27, ""vram_used_mib"": 4894.0}, {""index"": 6, ""name"": ""NVIDIA P104-100"", ""pci_bus"": ""00000000:0F:00.0"", ""pcie"": ""Gen1 x1"", ""util_pct"": 0.0, ""power_w"": 53.31, ""vram_used_mib"": 5638.0}, {""index"": 7, ""name"": ""NVIDIA P104-100"", ""pci_bus"": ""00000000:10:00.0"", ""pcie"": ""Gen1 x1"", ""util_pct"": 0.0, ""power_w"": 55.26, ""vram_used_mib"": 5876.0}, {""index"": 8, ""name"": ""NVIDIA P104-100"", ""pci_bus"": ""00000000:11:00.0"", ""pcie"": ""Gen1 x1"", ""util_pct"": 0.0, ""power_w"": 50.26, ""vram_used_mib"": 5638.0}, {""index"": 9, ""name"": ""NVIDIA P104-100"", ""pci_bus"": ""00000000:12:00.0"", ""pcie"": ""Gen1 x1"", ""util_pct"": 0.0, ""power_w"": 51.25, ""vram_used_mib"": 4894.0}, {""index"": 10, ""name"": ""NVIDIA P104-100"", ""pci_bus"": ""00000000:13:00.0"", ""pcie"": ""Gen1 x1"", ""util_pct"": 0.0, ""power_w"": 53.38, ""vram_used_mib"": 6620.0}, {""index"": 11, ""name"": ""NVIDIA P104-100"", ""pci_bus"": ""00000000:14:00.0"", ""pcie"": ""Gen1 x1"", ""util_pct"": 0.0, ""power_w"": 52.88, ""vram_used_mib"": 7750.0}]"
2026-08-16T18:17:03.129695+03:00,1786893423.129695,ctx_000256.txt,1,1,prefill,37.52913752913753,"[23.25581395348837, 14.485981308411215, 100.0, 12.616822429906541]",15875.55078125,7086.7421875,8788.80859375,44.639346912422575,24575.99609375,409.0703125,1.6645116272785865,"[{""index"": 0, ""name"": ""NVIDIA P104-100"", ""pci_bus"": ""00000000:01:00.0"", ""pcie"": ""Gen1 x1"", ""util_pct"": 0.0, ""power_w"": 123.83, ""vram_used_mib"": 5638.0}, {""index"": 1, ""name"": ""NVIDIA P104-100"", ""pci_bus"": ""00000000:02:00.0"", ""pcie"": ""Gen1 x1"", ""util_pct"": 0.0, ""power_w"": 53.1, ""vram_used_mib"": 4894.0}, {""index"": 2, ""name"": ""NVIDIA P104-100"", ""pci_bus"": ""00000000:0A:00.0"", ""pcie"": ""Gen1 x1"", ""util_pct"": 0.0, ""power_w"": 52.11, ""vram_used_mib"": 6620.0}, {""index"": 3, ""name"": ""NVIDIA P104-100"", ""pci_bus"": ""00000000:0C:00.0"", ""pcie"": ""Gen1 x1"", ""util_pct"": 0.0, ""power_w"": 55.01, ""vram_used_mib"": 4894.0}, {""index"": 4, ""name"": ""NVIDIA P104-100"", ""pci_bus"": ""00000000:0D:00.0"", ""pcie"": ""Gen1 x1"", ""util_pct"": 0.0, ""power_w"": 53.78, ""vram_used_mib"": 6620.0}, {""index"": 5, ""name"": ""NVIDIA P104-100"", ""pci_bus"": ""00000000:0E:00.0"", ""pcie"": ""Gen1 x1"", ""util_pct"": 0.0, ""power_w"": 46.27, ""vram_used_mib"": 4894.0}, {""index"": 6, ""name"": ""NVIDIA P104-100"", ""pci_bus"": ""00000000:0F:00.0"", ""pcie"": ""Gen1 x1"", ""util_pct"": 0.0, ""power_w"": 53.53, ""vram_used_mib"": 5638.0}, {""index"": 7, ""name"": ""NVIDIA P104-100"", ""pci_bus"": ""00000000:10:00.0"", ""pcie"": ""Gen1 x1"", ""util_pct"": 0.0, ""power_w"": 55.14, ""vram_used_mib"": 5876.0}, {""index"": 8, ""name"": ""NVIDIA P104-100"", ""pci_bus"": ""00000000:11:00.0"", ""pcie"": ""Gen1 x1"", ""util_pct"": 0.0, ""power_w"": 50.41, ""vram_used_mib"": 5638.0}, {""index"": 9, ""name"": ""NVIDIA P104-100"", ""pci_bus"": ""00000000:12:00.0"", ""pcie"": ""Gen1 x1"", ""util_pct"": 0.0, ""power_w"": 52.72, ""vram_used_mib"": 4894.0}, {""index"": 10, ""name"": ""NVIDIA P104-100"", ""pci_bus"": ""00000000:13:00.0"", ""pcie"": ""Gen1 x1"", ""util_pct"": 28.0, ""power_w"": 53.46, ""vram_used_mib"": 6620.0}, {""index"": 11, ""name"": ""NVIDIA P104-100"", ""pci_bus"": ""00000000:14:00.0"", ""pcie"": ""Gen1 x1"", ""util_pct"": 99.0, ""power_w"": 54.49, ""vram_used_mib"": 7750.0}]"
2026-08-16T18:17:05.244625+03:00,1786893425.244625,ctx_000256.txt,1,1,prefill,36.1803084223013,"[32.38095238095238, 6.161137440758294, 100.0, 6.161137440758294]",15875.55078125,6861.05859375,9014.4921875,43.21776729695156,24575.99609375,409.05859375,1.6644639435551871,"[{""index"": 0, ""name"": ""NVIDIA P104-100"", ""pci_bus"": ""00000000:01:00.0"", ""pcie"": ""Gen1 x1"", ""util_pct"": 100.0, ""power_w"": 52.31, ""vram_used_mib"": 5638.0}, {""index"": 1, ""name"": ""NVIDIA P104-100"", ""pci_bus"": ""00000000:02:00.0"", ""pcie"": ""Gen1 x1"", ""util_pct"": 77.0, ""power_w"": 151.08, ""vram_used_mib"": 4894.0}, {""index"": 2, ""name"": ""NVIDIA P104-100"", ""pci_bus"": ""00000000:0A:00.0"", ""pcie"": ""Gen1 x1"", ""util_pct"": 99.0, ""power_w"": 144.26, ""vram_used_mib"": 6620.0}, {""index"": 3, ""name"": ""NVIDIA P104-100"", ""pci_bus"": ""00000000:0C:00.0"", ""pcie"": ""Gen1 x1"", ""util_pct"": 88.0, ""power_w"": 115.42, ""vram_used_mib"": 4894.0}, {""index"": 4, ""name"": ""NVIDIA P104-100"", ""pci_bus"": ""00000000:0D:00.0"", ""pcie"": ""Gen1 x1"", ""util_pct"": 97.0, ""power_w"": 153.62, ""vram_used_mib"": 6620.0}, {""index"": 5, ""name"": ""NVIDIA P104-100"", ""pci_bus"": ""00000000:0E:00.0"", ""pcie"": ""Gen1 x1"", ""util_pct"": 87.0, ""power_w"": 87.69, ""vram_used_mib"": 4894.0}, {""index"": 6, ""name"": ""NVIDIA P104-100"", ""pci_bus"": ""00000000:0F:00.0"", ""pcie"": ""Gen1 x1"", ""util_pct"": 2.0, ""power_w"": 152.37, ""vram_used_mib"": 5638.0}, {""index"": 7, ""name"": ""NVIDIA P104-100"", ""pci_bus"": ""00000000:10:00.0"", ""pcie"": ""Gen1 x1"", ""util_pct"": 0.0, ""power_w"": 55.27, ""vram_used_mib"": 5876.0}, {""index"": 8, ""name"": ""NVIDIA P104-100"", ""pci_bus"": ""00000000:11:00.0"", ""pcie"": ""Gen1 x1"", ""util_pct"": 0.0, ""power_w"": 50.29, ""vram_used_mib"": 5638.0}, {""index"": 9, ""name"": ""NVIDIA P104-100"", ""pci_bus"": ""00000000:12:00.0"", ""pcie"": ""Gen1 x1"", ""util_pct"": 0.0, ""power_w"": 52.75, ""vram_used_mib"": 4894.0}, {""index"": 10, ""name"": ""NVIDIA P104-100"", ""pci_bus"": ""00000000:13:00.0"", ""pcie"": ""Gen1 x1"", ""util_pct"": 0.0, ""power_w"": 53.39, ""vram_used_mib"": 6620.0}, {""index"": 11, ""name"": ""NVIDIA P104-100"", ""pci_bus"": ""00000000:14:00.0"", ""pcie"": ""Gen1 x1"", ""util_pct"": 0.0, ""power_w"": 54.3, ""vram_used_mib"": 7750.0}]"
2026-08-16T18:17:07.363842+03:00,1786893427.363842,ctx_000256.txt,1,1,decode,36.28841607565012,"[18.867924528301888, 11.374407582938389, 100.0, 14.285714285714286]",15875.55078125,6850.6484375,9024.90234375,43.15219378461525,24575.99609375,409.03515625,1.6643685761083882,"[{""index"": 0, ""name"": ""NVIDIA P104-100"", ""pci_bus"": ""00000000:01:00.0"", ""pcie"": ""Gen1 x1"", ""util_pct"": 0.0, ""power_w"": 51.84, ""vram_used_mib"": 5638.0}, {""index"": 1, ""name"": ""NVIDIA P104-100"", ""pci_bus"": ""00000000:02:00.0"", ""pcie"": ""Gen1 x1"", ""util_pct"": 0.0, ""power_w"": 53.12, ""vram_used_mib"": 4894.0}, {""index"": 2, ""name"": ""NVIDIA P104-100"", ""pci_bus"": ""00000000:0A:00.0"", ""pcie"": ""Gen1 x1"", ""util_pct"": 0.0, ""power_w"": 51.93, ""vram_used_mib"": 6620.0}, {""index"": 3, ""name"": ""NVIDIA P104-100"", ""pci_bus"": ""00000000:0C:00.0"", ""pcie"": ""Gen1 x1"", ""util_pct"": 0.0, ""power_w"": 54.91, ""vram_used_mib"": 4894.0}, {""index"": 4, ""name"": ""NVIDIA P104-100"", ""pci_bus"": ""00000000:0D:00.0"", ""pcie"": ""Gen1 x1"", ""util_pct"": 0.0, ""power_w"": 53.81, ""vram_used_mib"": 6620.0}, {""index"": 5, ""name"": ""NVIDIA P104-100"", ""pci_bus"": ""00000000:0E:00.0"", ""pcie"": ""Gen1 x1"", ""util_pct"": 0.0, ""power_w"": 50.98, ""vram_used_mib"": 4894.0}, {""index"": 6, ""name"": ""NVIDIA P104-100"", ""pci_bus"": ""00000000:0F:00.0"", ""pcie"": ""Gen1 x1"", ""util_pct"": 0.0, ""power_w"": 53.65, ""vram_used_mib"": 5638.0}, {""index"": 7, ""name"": ""NVIDIA P104-100"", ""pci_bus"": ""00000000:10:00.0"", ""pcie"": ""Gen1 x1"", ""util_pct"": 0.0, ""power_w"": 55.24, ""vram_used_mib"": 5876.0}, {""index"": 8, ""name"": ""NVIDIA P104-100"", ""pci_bus"": ""00000000:11:00.0"", ""pcie"": ""Gen1 x1"", ""util_pct"": 0.0, ""power_w"": 50.41, ""vram_used_mib"": 5638.0}, {""index"": 9, ""name"": ""NVIDIA P104-100"", ""pci_bus"": ""00000000:12:00.0"", ""pcie"": ""Gen1 x1"", ""util_pct"": 1.0, ""power_w"": 52.83, ""vram_used_mib"": 4894.0}, {""index"": 10, ""name"": ""NVIDIA P104-100"", ""pci_bus"": ""00000000:13:00.0"", ""pcie"": ""Gen1 x1"", ""util_pct"": 18.0, ""power_w"": 53.48, ""vram_used_mib"": 6620.0}, {""index"": 11, ""name"": ""NVIDIA P104-100"", ""pci_bus"": ""00000000:14:00.0"", ""pcie"": ""Gen1 x1"", ""util_pct"": 97.0, ""power_w"": 119.72, ""vram_used_mib"": 7750.0}]"
2026-08-16T18:17:09.494345+03:00,1786893429.494345,ctx_000256.txt,1,1,decode,50.76923076923077,"[68.86792452830188, 22.169811320754718, 98.59154929577464, 12.98076923076923]",15875.55078125,6814.640625,9060.91015625,42.925380787723654,24575.99609375,409.01171875,1.6642732086615895,"[{""index"": 0, ""name"": ""NVIDIA P104-100"", ""pci_bus"": ""00000000:01:00.0"", ""pcie"": ""Gen1 x1"", ""util_pct"": 0.0, ""power_w"": 51.86, ""vram_used_mib"": 5638.0}, {""index"": 1, ""name"": ""NVIDIA P104-100"", ""pci_bus"": ""00000000:02:00.0"", ""pcie"": ""Gen1 x1"", ""util_pct"": 0.0, ""power_w"": 53.18, ""vram_used_mib"": 4894.0}, {""index"": 2, ""name"": ""NVIDIA P104-100"", ""pci_bus"": ""00000000:0A:00.0"", ""pcie"": ""Gen1 x1"", ""util_pct"": 0.0, ""power_w"": 51.93, ""vram_used_mib"": 6620.0}, {""index"": 3, ""name"": ""NVIDIA P104-100"", ""pci_bus"": ""00000000:0C:00.0"", ""pcie"": ""Gen1 x1"", ""util_pct"": 0.0, ""power_w"": 54.91, ""vram_used_mib"": 4894.0}, {""index"": 4, ""name"": ""NVIDIA P104-100"", ""pci_bus"": ""00000000:0D:00.0"", ""pcie"": ""Gen1 x1"", ""util_pct"": 0.0, ""power_w"": 53.88, ""vram_used_mib"": 6620.0}, {""index"": 5, ""name"": ""NVIDIA P104-100"", ""pci_bus"": ""00000000:0E:00.0"", ""pcie"": ""Gen1 x1"", ""util_pct"": 0.0, ""power_w"": 51.08, ""vram_used_mib"": 4894.0}, {""index"": 6, ""name"": ""NVIDIA P104-100"", ""pci_bus"": ""00000000:0F:00.0"", ""pcie"": ""Gen1 x1"", ""util_pct"": 0.0, ""power_w"": 53.53, ""vram_used_mib"": 5638.0}, {""index"": 7, ""name"": ""NVIDIA P104-100"", ""pci_bus"": ""00000000:10:00.0"", ""pcie"": ""Gen1 x1"", ""util_pct"": 0.0, ""power_w"": 55.2, ""vram_used_mib"": 5876.0}, {""index"": 8, ""name"": ""NVIDIA P104-100"", ""pci_bus"": ""00000000:11:00.0"", ""pcie"": ""Gen1 x1"", ""util_pct"": 0.0, ""power_w"": 50.51, ""vram_used_mib"": 5638.0}, {""index"": 9, ""name"": ""NVIDIA P104-100"", ""pci_bus"": ""00000000:12:00.0"", ""pcie"": ""Gen1 x1"", ""util_pct"": 37.0, ""power_w"": 52.75, ""vram_used_mib"": 4894.0}, {""index"": 10, ""name"": ""NVIDIA P104-100"", ""pci_bus"": ""00000000:13:00.0"", ""pcie"": ""Gen1 x1"", ""util_pct"": 71.0, ""power_w"": 54.32, ""vram_used_mib"": 6620.0}, {""index"": 11, ""name"": ""NVIDIA P104-100"", ""pci_bus"": ""00000000:14:00.0"", ""pcie"": ""Gen1 x1"", ""util_pct"": 0.0, ""power_w"": 109.94, ""vram_used_mib"": 7750.0}]"
2026-08-16T18:17:11.639587+03:00,1786893431.639587,ctx_000256.txt,1,1,decode,38.71345029239766,"[100.0, 15.42056074766355, 21.02803738317757, 17.84037558685446]",15875.55078125,6997.35546875,8878.1953125,44.07630050236938,24575.99609375,408.97265625,1.6641142629169245,"[{""index"": 0, ""name"": ""NVIDIA P104-100"", ""pci_bus"": ""00000000:01:00.0"", ""pcie"": ""Gen1 x1"", ""util_pct"": 0.0, ""power_w"": 51.86, ""vram_used_mib"": 5638.0}, {""index"": 1, ""name"": ""NVIDIA P104-100"", ""pci_bus"": ""00000000:02:00.0"", ""pcie"": ""Gen1 x1"", ""util_pct"": 0.0, ""power_w"": 53.31, ""vram_used_mib"": 4894.0}, {""index"": 2, ""name"": ""NVIDIA P104-100"", ""pci_bus"": ""00000000:0A:00.0"", ""pcie"": ""Gen1 x1"", ""util_pct"": 0.0, ""power_w"": 49.85, ""vram_used_mib"": 6620.0}, {""index"": 3, ""name"": ""NVIDIA P104-100"", ""pci_bus"": ""00000000:0C:00.0"", ""pcie"": ""Gen1 x1"", ""util_pct"": 0.0, ""power_w"": 54.88, ""vram_used_mib"": 4894.0}, {""index"": 4, ""name"": ""NVIDIA P104-100"", ""pci_bus"": ""00000000:0D:00.0"", ""pcie"": ""Gen1 x1"", ""util_pct"": 20.0, ""power_w"": 51.04, ""vram_used_mib"": 6620.0}, {""index"": 5, ""name"": ""NVIDIA P104-100"", ""pci_bus"": ""00000000:0E:00.0"", ""pcie"": ""Gen1 x1"", ""util_pct"": 2.0, ""power_w"": 50.98, ""vram_used_mib"": 4894.0}, {""index"": 6, ""name"": ""NVIDIA P104-100"", ""pci_bus"": ""00000000:0F:00.0"", ""pcie"": ""Gen1 x1"", ""util_pct"": 20.0, ""power_w"": 52.06, ""vram_used_mib"": 5638.0}, {""index"": 7, ""name"": ""NVIDIA P104-100"", ""pci_bus"": ""00000000:10:00.0"", ""pcie"": ""Gen1 x1"", ""util_pct"": 17.0, ""power_w"": 53.5, ""vram_used_mib"": 5876.0}, {""index"": 8, ""name"": ""NVIDIA P104-100"", ""pci_bus"": ""00000000:11:00.0"", ""pcie"": ""Gen1 x1"", ""util_pct"": 20.0, ""power_w"": 50.16, ""vram_used_mib"": 5638.0}, {""index"": 9, ""name"": ""NVIDIA P104-100"", ""pci_bus"": ""00000000:12:00.0"", ""pcie"": ""Gen1 x1"", ""util_pct"": 17.0, ""power_w"": 53.1, ""vram_used_mib"": 4894.0}, {""index"": 10, ""name"": ""NVIDIA P104-100"", ""pci_bus"": ""00000000:13:00.0"", ""pcie"": ""Gen1 x1"", ""util_pct"": 0.0, ""power_w"": 52.58, ""vram_used_mib"": 6620.0}, {""index"": 11, ""name"": ""NVIDIA P104-100"", ""pci_bus"": ""00000000:14:00.0"", ""pcie"": ""Gen1 x1"", ""util_pct"": 0.0, ""power_w"": 141.17, ""vram_used_mib"": 7750.0}]"
2026-08-16T18:17:13.762210+03:00,1786893433.762210,ctx_000256.txt,1,1,decode,39.00709219858156,"[100.0, 19.339622641509433, 14.622641509433961, 22.274881516587676]",15875.55078125,6999.44140625,8876.109375,44.08943981028217,24575.99609375,408.93359375,1.6639553171722599,"[{""index"": 0, ""name"": ""NVIDIA P104-100"", ""pci_bus"": ""00000000:01:00.0"", ""pcie"": ""Gen1 x1"", ""util_pct"": 23.0, ""power_w"": 42.71, ""vram_used_mib"": 5638.0}, {""index"": 1, ""name"": ""NVIDIA P104-100"", ""pci_bus"": ""00000000:02:00.0"", ""pcie"": ""Gen1 x1"", ""util_pct"": 17.0, ""power_w"": 52.35, ""vram_used_mib"": 4894.0}, {""index"": 2, ""name"": ""NVIDIA P104-100"", ""pci_bus"": ""00000000:0A:00.0"", ""pcie"": ""Gen1 x1"", ""util_pct"": 13.0, ""power_w"": 49.88, ""vram_used_mib"": 6620.0}, {""index"": 3, ""name"": ""NVIDIA P104-100"", ""pci_bus"": ""00000000:0C:00.0"", ""pcie"": ""Gen1 x1"", ""util_pct"": 17.0, ""power_w"": 53.27, ""vram_used_mib"": 4894.0}, {""index"": 4, ""name"": ""NVIDIA P104-100"", ""pci_bus"": ""00000000:0D:00.0"", ""pcie"": ""Gen1 x1"", ""util_pct"": 23.0, ""power_w"": 43.34, ""vram_used_mib"": 6620.0}, {""index"": 5, ""name"": ""NVIDIA P104-100"", ""pci_bus"": ""00000000:0E:00.0"", ""pcie"": ""Gen1 x1"", ""util_pct"": 17.0, ""power_w"": 51.31, ""vram_used_mib"": 4894.0}, {""index"": 6, ""name"": ""NVIDIA P104-100"", ""pci_bus"": ""00000000:0F:00.0"", ""pcie"": ""Gen1 x1"", ""util_pct"": 0.0, ""power_w"": 45.25, ""vram_used_mib"": 5638.0}, {""index"": 7, ""name"": ""NVIDIA P104-100"", ""pci_bus"": ""00000000:10:00.0"", ""pcie"": ""Gen1 x1"", ""util_pct"": 0.0, ""power_w"": 55.31, ""vram_used_mib"": 5876.0}, {""index"": 8, ""name"": ""NVIDIA P104-100"", ""pci_bus"": ""00000000:11:00.0"", ""pcie"": ""Gen1 x1"", ""util_pct"": 0.0, ""power_w"": 174.63, ""vram_used_mib"": 5638.0}, {""index"": 9, ""name"": ""NVIDIA P104-100"", ""pci_bus"": ""00000000:12:00.0"", ""pcie"": ""Gen1 x1"", ""util_pct"": 0.0, ""power_w"": 43.79, ""vram_used_mib"": 4894.0}, {""index"": 10, ""name"": ""NVIDIA P104-100"", ""pci_bus"": ""00000000:13:00.0"", ""pcie"": ""Gen1 x1"", ""util_pct"": 0.0, ""power_w"": 44.8, ""vram_used_mib"": 6620.0}, {""index"": 11, ""name"": ""NVIDIA P104-100"", ""pci_bus"": ""00000000:14:00.0"", ""pcie"": ""Gen1 x1"", ""util_pct"": 0.0, ""power_w"": 54.84, ""vram_used_mib"": 7750.0}]"
2026-08-16T18:17:15.911282+03:00,1786893435.911282,ctx_000256.txt,1,1,decode,40.070093457943926,"[100.0, 14.084507042253522, 20.754716981132077, 25.11627906976744]",15875.55078125,6998.43359375,8877.1171875,44.08309160533555,24575.99609375,408.9140625,1.6638758442999275,"[{""index"": 0, ""name"": ""NVIDIA P104-100"", ""pci_bus"": ""00000000:01:00.0"", ""pcie"": ""Gen1 x1"", ""util_pct"": 0.0, ""power_w"": 42.62, ""vram_used_mib"": 5638.0}, {""index"": 1, ""name"": ""NVIDIA P104-100"", ""pci_bus"": ""00000000:02:00.0"", ""pcie"": ""Gen1 x1"", ""util_pct"": 0.0, ""power_w"": 42.95, ""vram_used_mib"": 4894.0}, {""index"": 2, ""name"": ""NVIDIA P104-100"", ""pci_bus"": ""00000000:0A:00.0"", ""pcie"": ""Gen1 x1"", ""util_pct"": 0.0, ""power_w"": 41.46, ""vram_used_mib"": 6620.0}, {""index"": 3, ""name"": ""NVIDIA P104-100"", ""pci_bus"": ""00000000:0C:00.0"", ""pcie"": ""Gen1 x1"", ""util_pct"": 0.0, ""power_w"": 44.93, ""vram_used_mib"": 4894.0}, {""index"": 4, ""name"": ""NVIDIA P104-100"", ""pci_bus"": ""00000000:0D:00.0"", ""pcie"": ""Gen1 x1"", ""util_pct"": 0.0, ""power_w"": 43.12, ""vram_used_mib"": 6620.0}, {""index"": 5, ""name"": ""NVIDIA P104-100"", ""pci_bus"": ""00000000:0E:00.0"", ""pcie"": ""Gen1 x1"", ""util_pct"": 0.0, ""power_w"": 51.0, ""vram_used_mib"": 4894.0}, {""index"": 6, ""name"": ""NVIDIA P104-100"", ""pci_bus"": ""00000000:0F:00.0"", ""pcie"": ""Gen1 x1"", ""util_pct"": 0.0, ""power_w"": 44.38, ""vram_used_mib"": 5638.0}, {""index"": 7, ""name"": ""NVIDIA P104-100"", ""pci_bus"": ""00000000:10:00.0"", ""pcie"": ""Gen1 x1"", ""util_pct"": 3.0, ""power_w"": 44.48, ""vram_used_mib"": 5876.0}, {""index"": 8, ""name"": ""NVIDIA P104-100"", ""pci_bus"": ""00000000:11:00.0"", ""pcie"": ""Gen1 x1"", ""util_pct"": 23.0, ""power_w"": 41.84, ""vram_used_mib"": 5638.0}, {""index"": 9, ""name"": ""NVIDIA P104-100"", ""pci_bus"": ""00000000:12:00.0"", ""pcie"": ""Gen1 x1"", ""util_pct"": 19.0, ""power_w"": 43.78, ""vram_used_mib"": 4894.0}, {""index"": 10, ""name"": ""NVIDIA P104-100"", ""pci_bus"": ""00000000:13:00.0"", ""pcie"": ""Gen1 x1"", ""util_pct"": 23.0, ""power_w"": 44.7, ""vram_used_mib"": 6620.0}, {""index"": 11, ""name"": ""NVIDIA P104-100"", ""pci_bus"": ""00000000:14:00.0"", ""pcie"": ""Gen1 x1"", ""util_pct"": 55.0, ""power_w"": 65.38, ""vram_used_mib"": 7750.0}]"
2026-08-16T18:17:18.048487+03:00,1786893438.048487,ctx_000256.txt,1,1,decode,39.83548766157462,"[100.0, 16.037735849056602, 22.535211267605632, 20.28301886792453]",15875.55078125,6977.23828125,8898.3125,43.949582457892085,24575.99609375,408.86328125,1.6636692148318633,"[{""index"": 0, ""name"": ""NVIDIA P104-100"", ""pci_bus"": ""00000000:01:00.0"", ""pcie"": ""Gen1 x1"", ""util_pct"": 23.0, ""power_w"": 42.62, ""vram_used_mib"": 5638.0}, {""index"": 1, ""name"": ""NVIDIA P104-100"", ""pci_bus"": ""00000000:02:00.0"", ""pcie"": ""Gen1 x1"", ""util_pct"": 19.0, ""power_w"": 42.95, ""vram_used_mib"": 4894.0}, {""index"": 2, ""name"": ""NVIDIA P104-100"", ""pci_bus"": ""00000000:0A:00.0"", ""pcie"": ""Gen1 x1"", ""util_pct"": 0.0, ""power_w"": 41.71, ""vram_used_mib"": 6620.0}, {""index"": 3, ""name"": ""NVIDIA P104-100"", ""pci_bus"": ""00000000:0C:00.0"", ""pcie"": ""Gen1 x1"", ""util_pct"": 0.0, ""power_w"": 45.46, ""vram_used_mib"": 4894.0}, {""index"": 4, ""name"": ""NVIDIA P104-100"", ""pci_bus"": ""00000000:0D:00.0"", ""pcie"": ""Gen1 x1"", ""util_pct"": 23.0, ""power_w"": 47.94, ""vram_used_mib"": 6620.0}, {""index"": 5, ""name"": ""NVIDIA P104-100"", ""pci_bus"": ""00000000:0E:00.0"", ""pcie"": ""Gen1 x1"", ""util_pct"": 0.0, ""power_w"": 105.13, ""vram_used_mib"": 4894.0}, {""index"": 6, ""name"": ""NVIDIA P104-100"", ""pci_bus"": ""00000000:0F:00.0"", ""pcie"": ""Gen1 x1"", ""util_pct"": 0.0, ""power_w"": 99.36, ""vram_used_mib"": 5638.0}, {""index"": 7, ""name"": ""NVIDIA P104-100"", ""pci_bus"": ""00000000:10:00.0"", ""pcie"": ""Gen1 x1"", ""util_pct"": 0.0, ""power_w"": 44.48, ""vram_used_mib"": 5876.0}, {""index"": 8, ""name"": ""NVIDIA P104-100"", ""pci_bus"": ""00000000:11:00.0"", ""pcie"": ""Gen1 x1"", ""util_pct"": 0.0, ""power_w"": 41.81, ""vram_used_mib"": 5638.0}, {""index"": 9, ""name"": ""NVIDIA P104-100"", ""pci_bus"": ""00000000:12:00.0"", ""pcie"": ""Gen1 x1"", ""util_pct"": 0.0, ""power_w"": 43.53, ""vram_used_mib"": 4894.0}, {""index"": 10, ""name"": ""NVIDIA P104-100"", ""pci_bus"": ""00000000:13:00.0"", ""pcie"": ""Gen1 x1"", ""util_pct"": 0.0, ""power_w"": 44.71, ""vram_used_mib"": 6620.0}, {""index"": 11, ""name"": ""NVIDIA P104-100"", ""pci_bus"": ""00000000:14:00.0"", ""pcie"": ""Gen1 x1"", ""util_pct"": 0.0, ""power_w"": 54.86, ""vram_used_mib"": 7750.0}]"
2026-08-16T18:17:20.204351+03:00,1786893440.204351,ctx_000256.txt,1,1,decode,40.882694541231125,"[100.0, 21.02803738317757, 17.209302325581394, 25.462962962962962]",15875.55078125,6979.33203125,8896.21875,43.962770976695936,24575.99609375,408.8359375,1.663557952810598,"[{""index"": 0, ""name"": ""NVIDIA P104-100"", ""pci_bus"": ""00000000:01:00.0"", ""pcie"": ""Gen1 x1"", ""util_pct"": 0.0, ""power_w"": 42.69, ""vram_used_mib"": 5638.0}, {""index"": 1, ""name"": ""NVIDIA P104-100"", ""pci_bus"": ""00000000:02:00.0"", ""pcie"": ""Gen1 x1"", ""util_pct"": 13.0, ""power_w"": 43.07, ""vram_used_mib"": 4894.0}, {""index"": 2, ""name"": ""NVIDIA P104-100"", ""pci_bus"": ""00000000:0A:00.0"", ""pcie"": ""Gen1 x1"", ""util_pct"": 0.0, ""power_w"": 41.69, ""vram_used_mib"": 6620.0}, {""index"": 3, ""name"": ""NVIDIA P104-100"", ""pci_bus"": ""00000000:0C:00.0"", ""pcie"": ""Gen1 x1"", ""util_pct"": 5.0, ""power_w"": 44.93, ""vram_used_mib"": 4894.0}, {""index"": 4, ""name"": ""NVIDIA P104-100"", ""pci_bus"": ""00000000:0D:00.0"", ""pcie"": ""Gen1 x1"", ""util_pct"": 23.0, ""power_w"": 43.02, ""vram_used_mib"": 6620.0}, {""index"": 5, ""name"": ""NVIDIA P104-100"", ""pci_bus"": ""00000000:0E:00.0"", ""pcie"": ""Gen1 x1"", ""util_pct"": 17.0, ""power_w"": 50.88, ""vram_used_mib"": 4894.0}, {""index"": 6, ""name"": ""NVIDIA P104-100"", ""pci_bus"": ""00000000:0F:00.0"", ""pcie"": ""Gen1 x1"", ""util_pct"": 23.0, ""power_w"": 44.22, ""vram_used_mib"": 5638.0}, {""index"": 7, ""name"": ""NVIDIA P104-100"", ""pci_bus"": ""00000000:10:00.0"", ""pcie"": ""Gen1 x1"", ""util_pct"": 19.0, ""power_w"": 44.54, ""vram_used_mib"": 5876.0}, {""index"": 8, ""name"": ""NVIDIA P104-100"", ""pci_bus"": ""00000000:11:00.0"", ""pcie"": ""Gen1 x1"", ""util_pct"": 17.0, ""power_w"": 41.81, ""vram_used_mib"": 5638.0}, {""index"": 9, ""name"": ""NVIDIA P104-100"", ""pci_bus"": ""00000000:12:00.0"", ""pcie"": ""Gen1 x1"", ""util_pct"": 19.0, ""power_w"": 44.13, ""vram_used_mib"": 4894.0}, {""index"": 10, ""name"": ""NVIDIA P104-100"", ""pci_bus"": ""00000000:13:00.0"", ""pcie"": ""Gen1 x1"", ""util_pct"": 22.0, ""power_w"": 53.66, ""vram_used_mib"": 6620.0}, {""index"": 11, ""name"": ""NVIDIA P104-100"", ""pci_bus"": ""00000000:14:00.0"", ""pcie"": ""Gen1 x1"", ""util_pct"": 0.0, ""power_w"": 181.35, ""vram_used_mib"": 7750.0}]"
2026-08-16T18:17:22.340797+03:00,1786893442.340797,ctx_000256.txt,1,1,decode,39.906103286384976,"[99.53271028037383, 16.35514018691589, 26.760563380281692, 16.901408450704224]",15875.55078125,6991.02734375,8884.5234375,44.03643968061147,24575.99609375,408.8046875,1.663430796214866,"[{""index"": 0, ""name"": ""NVIDIA P104-100"", ""pci_bus"": ""00000000:01:00.0"", ""pcie"": ""Gen1 x1"", ""util_pct"": 0.0, ""power_w"": 49.3, ""vram_used_mib"": 5638.0}, {""index"": 1, ""name"": ""NVIDIA P104-100"", ""pci_bus"": ""00000000:02:00.0"", ""pcie"": ""Gen1 x1"", ""util_pct"": 0.0, ""power_w"": 97.79, ""vram_used_mib"": 4894.0}, {""index"": 2, ""name"": ""NVIDIA P104-100"", ""pci_bus"": ""00000000:0A:00.0"", ""pcie"": ""Gen1 x1"", ""util_pct"": 0.0, ""power_w"": 93.5, ""vram_used_mib"": 6620.0}, {""index"": 3, ""name"": ""NVIDIA P104-100"", ""pci_bus"": ""00000000:0C:00.0"", ""pcie"": ""Gen1 x1"", ""util_pct"": 0.0, ""power_w"": 45.03, ""vram_used_mib"": 4894.0}, {""index"": 4, ""name"": ""NVIDIA P104-100"", ""pci_bus"": ""00000000:0D:00.0"", ""pcie"": ""Gen1 x1"", ""util_pct"": 0.0, ""power_w"": 43.22, ""vram_used_mib"": 6620.0}, {""index"": 5, ""name"": ""NVIDIA P104-100"", ""pci_bus"": ""00000000:0E:00.0"", ""pcie"": ""Gen1 x1"", ""util_pct"": 0.0, ""power_w"": 50.98, ""vram_used_mib"": 4894.0}, {""index"": 6, ""name"": ""NVIDIA P104-100"", ""pci_bus"": ""00000000:0F:00.0"", ""pcie"": ""Gen1 x1"", ""util_pct"": 0.0, ""power_w"": 44.36, ""vram_used_mib"": 5638.0}, {""index"": 7, ""name"": ""NVIDIA P104-100"", ""pci_bus"": ""00000000:10:00.0"", ""pcie"": ""Gen1 x1"", ""util_pct"": 0.0, ""power_w"": 44.48, ""vram_used_mib"": 5876.0}, {""index"": 8, ""name"": ""NVIDIA P104-100"", ""pci_bus"": ""00000000:11:00.0"", ""pcie"": ""Gen1 x1"", ""util_pct"": 0.0, ""power_w"": 41.73, ""vram_used_mib"": 5638.0}, {""index"": 9, ""name"": ""NVIDIA P104-100"", ""pci_bus"": ""00000000:12:00.0"", ""pcie"": ""Gen1 x1"", ""util_pct"": 0.0, ""power_w"": 43.44, ""vram_used_mib"": 4894.0}, {""index"": 10, ""name"": ""NVIDIA P104-100"", ""pci_bus"": ""00000000:13:00.0"", ""pcie"": ""Gen1 x1"", ""util_pct"": 0.0, ""power_w"": 44.71, ""vram_used_mib"": 6620.0}, {""index"": 11, ""name"": ""NVIDIA P104-100"", ""pci_bus"": ""00000000:14:00.0"", ""pcie"": ""Gen1 x1"", ""util_pct"": 59.0, ""power_w"": 54.99, ""vram_used_mib"": 7750.0}]"
2026-08-16T18:17:24.507562+03:00,1786893444.507562,ctx_000256.txt,1,1,decode,40.55619930475087,"[100.0, 20.37037037037037, 16.74418604651163, 24.186046511627907]",15875.55078125,7038.1484375,8837.40234375,44.333255170034704,24575.99609375,408.76953125,1.6632877450446677,"[{""index"": 0, ""name"": ""NVIDIA P104-100"", ""pci_bus"": ""00000000:01:00.0"", ""pcie"": ""Gen1 x1"", ""util_pct"": 23.0, ""power_w"": 42.72, ""vram_used_mib"": 5638.0}, {""index"": 1, ""name"": ""NVIDIA P104-100"", ""pci_bus"": ""00000000:02:00.0"", ""pcie"": ""Gen1 x1"", ""util_pct"": 19.0, ""power_w"": 43.05, ""vram_used_mib"": 4894.0}, {""index"": 2, ""name"": ""NVIDIA P104-100"", ""pci_bus"": ""00000000:0A:00.0"", ""pcie"": ""Gen1 x1"", ""util_pct"": 23.0, ""power_w"": 41.61, ""vram_used_mib"": 6620.0}, {""index"": 3, ""name"": ""NVIDIA P104-100"", ""pci_bus"": ""00000000:0C:00.0"", ""pcie"": ""Gen1 x1"", ""util_pct"": 19.0, ""power_w"": 45.03, ""vram_used_mib"": 4894.0}, {""index"": 4, ""name"": ""NVIDIA P104-100"", ""pci_bus"": ""00000000:0D:00.0"", ""pcie"": ""Gen1 x1"", ""util_pct"": 23.0, ""power_w"": 43.02, ""vram_used_mib"": 6620.0}, {""index"": 5, ""name"": ""NVIDIA P104-100"", ""pci_bus"": ""00000000:0E:00.0"", ""pcie"": ""Gen1 x1"", ""util_pct"": 17.0, ""power_w"": 51.24, ""vram_used_mib"": 4894.0}, {""index"": 6, ""name"": ""NVIDIA P104-100"", ""pci_bus"": ""00000000:0F:00.0"", ""pcie"": ""Gen1 x1"", ""util_pct"": 23.0, ""power_w"": 44.36, ""vram_used_mib"": 5638.0}, {""index"": 7, ""name"": ""NVIDIA P104-100"", ""pci_bus"": ""00000000:10:00.0"", ""pcie"": ""Gen1 x1"", ""util_pct"": 0.0, ""power_w"": 45.68, ""vram_used_mib"": 5876.0}, {""index"": 8, ""name"": ""NVIDIA P104-100"", ""pci_bus"": ""00000000:11:00.0"", ""pcie"": ""Gen1 x1"", ""util_pct"": 0.0, ""power_w"": 64.73, ""vram_used_mib"": 5638.0}, {""index"": 9, ""name"": ""NVIDIA P104-100"", ""pci_bus"": ""00000000:12:00.0"", ""pcie"": ""Gen1 x1"", ""util_pct"": 1.0, ""power_w"": 110.89, ""vram_used_mib"": 4894.0}, {""index"": 10, ""name"": ""NVIDIA P104-100"", ""pci_bus"": ""00000000:13:00.0"", ""pcie"": ""Gen1 x1"", ""util_pct"": 0.0, ""power_w"": 44.7, ""vram_used_mib"": 6620.0}, {""index"": 11, ""name"": ""NVIDIA P104-100"", ""pci_bus"": ""00000000:14:00.0"", ""pcie"": ""Gen1 x1"", ""util_pct"": 0.0, ""power_w"": 54.88, ""vram_used_mib"": 7750.0}]"
2026-08-16T18:17:26.664992+03:00,1786893446.664992,ctx_000256.txt,1,1,decode,40.78794901506373,"[100.0, 16.35514018691589, 18.433179723502302, 27.699530516431924]",15875.55078125,6993.16796875,8882.3828125,44.04992346476168,24575.99609375,408.73828125,1.663160588448936,"[{""index"": 0, ""name"": ""NVIDIA P104-100"", ""pci_bus"": ""00000000:01:00.0"", ""pcie"": ""Gen1 x1"", ""util_pct"": 0.0, ""power_w"": 42.62, ""vram_used_mib"": 5638.0}, {""index"": 1, ""name"": ""NVIDIA P104-100"", ""pci_bus"": ""00000000:02:00.0"", ""pcie"": ""Gen1 x1"", ""util_pct"": 0.0, ""power_w"": 42.95, ""vram_used_mib"": 4894.0}, {""index"": 2, ""name"": ""NVIDIA P104-100"", ""pci_bus"": ""00000000:0A:00.0"", ""pcie"": ""Gen1 x1"", ""util_pct"": 0.0, ""power_w"": 41.54, ""vram_used_mib"": 6620.0}, {""index"": 3, ""name"": ""NVIDIA P104-100"", ""pci_bus"": ""00000000:0C:00.0"", ""pcie"": ""Gen1 x1"", ""util_pct"": 0.0, ""power_w"": 45.03, ""vram_used_mib"": 4894.0}, {""index"": 4, ""name"": ""NVIDIA P104-100"", ""pci_bus"": ""00000000:0D:00.0"", ""pcie"": ""Gen1 x1"", ""util_pct"": 0.0, ""power_w"": 43.02, ""vram_used_mib"": 6620.0}, {""index"": 5, ""name"": ""NVIDIA P104-100"", ""pci_bus"": ""00000000:0E:00.0"", ""pcie"": ""Gen1 x1"", ""util_pct"": 17.0, ""power_w"": 51.26, ""vram_used_mib"": 4894.0}, {""index"": 6, ""name"": ""NVIDIA P104-100"", ""pci_bus"": ""00000000:0F:00.0"", ""pcie"": ""Gen1 x1"", ""util_pct"": 23.0, ""power_w"": 44.36, ""vram_used_mib"": 5638.0}, {""index"": 7, ""name"": ""NVIDIA P104-100"", ""pci_bus"": ""00000000:10:00.0"", ""pcie"": ""Gen1 x1"", ""util_pct"": 19.0, ""power_w"": 44.58, ""vram_used_mib"": 5876.0}, {""index"": 8, ""name"": ""NVIDIA P104-100"", ""pci_bus"": ""00000000:11:00.0"", ""pcie"": ""Gen1 x1"", ""util_pct"": 0.0, ""power_w"": 41.84, ""vram_used_mib"": 5638.0}, {""index"": 9, ""name"": ""NVIDIA P104-100"", ""pci_bus"": ""00000000:12:00.0"", ""pcie"": ""Gen1 x1"", ""util_pct"": 19.0, ""power_w"": 43.53, ""vram_used_mib"": 4894.0}, {""index"": 10, ""name"": ""NVIDIA P104-100"", ""pci_bus"": ""00000000:13:00.0"", ""pcie"": ""Gen1 x1"", ""util_pct"": 23.0, ""power_w"": 44.8, ""vram_used_mib"": 6620.0}, {""index"": 11, ""name"": ""NVIDIA P104-100"", ""pci_bus"": ""00000000:14:00.0"", ""pcie"": ""Gen1 x1"", ""util_pct"": 32.0, ""power_w"": 64.73, ""vram_used_mib"": 7750.0}]"
2026-08-16T18:17:28.790587+03:00,1786893448.790587,ctx_000256.txt,1,1,decode,39.691943127962084,"[100.0, 15.566037735849056, 22.641509433962263, 20.379146919431278]",15875.55078125,7084.46484375,8791.0859375,44.62500193767884,24575.99609375,408.71484375,1.663065221002137,"[{""index"": 0, ""name"": ""NVIDIA P104-100"", ""pci_bus"": ""00000000:01:00.0"", ""pcie"": ""Gen1 x1"", ""util_pct"": 23.0, ""power_w"": 42.62, ""vram_used_mib"": 5638.0}, {""index"": 1, ""name"": ""NVIDIA P104-100"", ""pci_bus"": ""00000000:02:00.0"", ""pcie"": ""Gen1 x1"", ""util_pct"": 19.0, ""power_w"": 43.2, ""vram_used_mib"": 4894.0}, {""index"": 2, ""name"": ""NVIDIA P104-100"", ""pci_bus"": ""00000000:0A:00.0"", ""pcie"": ""Gen1 x1"", ""util_pct"": 0.0, ""power_w"": 42.3, ""vram_used_mib"": 6620.0}, {""index"": 3, ""name"": ""NVIDIA P104-100"", ""pci_bus"": ""00000000:0C:00.0"", ""pcie"": ""Gen1 x1"", ""util_pct"": 0.0, ""power_w"": 51.82, ""vram_used_mib"": 4894.0}, {""index"": 4, ""name"": ""NVIDIA P104-100"", ""pci_bus"": ""00000000:0D:00.0"", ""pcie"": ""Gen1 x1"", ""util_pct"": 4.0, ""power_w"": 118.49, ""vram_used_mib"": 6620.0}, {""index"": 5, ""name"": ""NVIDIA P104-100"", ""pci_bus"": ""00000000:0E:00.0"", ""pcie"": ""Gen1 x1"", ""util_pct"": 0.0, ""power_w"": 113.27, ""vram_used_mib"": 4894.0}, {""index"": 6, ""name"": ""NVIDIA P104-100"", ""pci_bus"": ""00000000:0F:00.0"", ""pcie"": ""Gen1 x1"", ""util_pct"": 0.0, ""power_w"": 44.35, ""vram_used_mib"": 5638.0}, {""index"": 7, ""name"": ""NVIDIA P104-100"", ""pci_bus"": ""00000000:10:00.0"", ""pcie"": ""Gen1 x1"", ""util_pct"": 0.0, ""power_w"": 44.45, ""vram_used_mib"": 5876.0}, {""index"": 8, ""name"": ""NVIDIA P104-100"", ""pci_bus"": ""00000000:11:00.0"", ""pcie"": ""Gen1 x1"", ""util_pct"": 0.0, ""power_w"": 41.81, ""vram_used_mib"": 5638.0}, {""index"": 9, ""name"": ""NVIDIA P104-100"", ""pci_bus"": ""00000000:12:00.0"", ""pcie"": ""Gen1 x1"", ""util_pct"": 0.0, ""power_w"": 43.53, ""vram_used_mib"": 4894.0}, {""index"": 10, ""name"": ""NVIDIA P104-100"", ""pci_bus"": ""00000000:13:00.0"", ""pcie"": ""Gen1 x1"", ""util_pct"": 0.0, ""power_w"": 44.81, ""vram_used_mib"": 6620.0}, {""index"": 11, ""name"": ""NVIDIA P104-100"", ""pci_bus"": ""00000000:14:00.0"", ""pcie"": ""Gen1 x1"", ""util_pct"": 0.0, ""power_w"": 54.84, ""vram_used_mib"": 7750.0}]"
2026-08-16T18:17:30.576761+03:00,1786893450.576761,ctx_000512.txt,1,1,outside,,"[null, null, null, null]",15875.55078125,7048.51171875,8827.0390625,44.39853341702466,24575.99609375,408.51953125,1.6622704922788132,"[{""index"": 0, ""name"": ""NVIDIA P104-100"", ""pci_bus"": ""00000000:01:00.0"", ""pcie"": ""Gen1 x1"", ""util_pct"": 0.0, ""power_w"": 42.72, ""vram_used_mib"": 5638.0}, {""index"": 1, ""name"": ""NVIDIA P104-100"", ""pci_bus"": ""00000000:02:00.0"", ""pcie"": ""Gen1 x1"", ""util_pct"": 0.0, ""power_w"": 42.97, ""vram_used_mib"": 4894.0}, {""index"": 2, ""name"": ""NVIDIA P104-100"", ""pci_bus"": ""00000000:0A:00.0"", ""pcie"": ""Gen1 x1"", ""util_pct"": 0.0, ""power_w"": 41.47, ""vram_used_mib"": 6620.0}, {""index"": 3, ""name"": ""NVIDIA P104-100"", ""pci_bus"": ""00000000:0C:00.0"", ""pcie"": ""Gen1 x1"", ""util_pct"": 0.0, ""power_w"": 45.03, ""vram_used_mib"": 4894.0}, {""index"": 4, ""name"": ""NVIDIA P104-100"", ""pci_bus"": ""00000000:0D:00.0"", ""pcie"": ""Gen1 x1"", ""util_pct"": 0.0, ""power_w"": 43.12, ""vram_used_mib"": 6620.0}, {""index"": 5, ""name"": ""NVIDIA P104-100"", ""pci_bus"": ""00000000:0E:00.0"", ""pcie"": ""Gen1 x1"", ""util_pct"": 0.0, ""power_w"": 50.9, ""vram_used_mib"": 4894.0}, {""index"": 6, ""name"": ""NVIDIA P104-100"", ""pci_bus"": ""00000000:0F:00.0"", ""pcie"": ""Gen1 x1"", ""util_pct"": 0.0, ""power_w"": 44.13, ""vram_used_mib"": 5638.0}, {""index"": 7, ""name"": ""NVIDIA P104-100"", ""pci_bus"": ""00000000:10:00.0"", ""pcie"": ""Gen1 x1"", ""util_pct"": 15.0, ""power_w"": 44.48, ""vram_used_mib"": 5876.0}, {""index"": 8, ""name"": ""NVIDIA P104-100"", ""pci_bus"": ""00000000:11:00.0"", ""pcie"": ""Gen1 x1"", ""util_pct"": 0.0, ""power_w"": 41.74, ""vram_used_mib"": 5638.0}, {""index"": 9, ""name"": ""NVIDIA P104-100"", ""pci_bus"": ""00000000:12:00.0"", ""pcie"": ""Gen1 x1"", ""util_pct"": 0.0, ""power_w"": 43.53, ""vram_used_mib"": 4894.0}, {""index"": 10, ""name"": ""NVIDIA P104-100"", ""pci_bus"": ""00000000:13:00.0"", ""pcie"": ""Gen1 x1"", ""util_pct"": 0.0, ""power_w"": 44.82, ""vram_used_mib"": 6620.0}, {""index"": 11, ""name"": ""NVIDIA P104-100"", ""pci_bus"": ""00000000:14:00.0"", ""pcie"": ""Gen1 x1"", ""util_pct"": 29.0, ""power_w"": 54.63, ""vram_used_mib"": 7750.0}]"
2026-08-16T18:17:32.721008+03:00,1786893452.721008,ctx_000512.txt,1,1,prefill,45.36928487690504,"[13.145539906103286, 98.6046511627907, 11.682242990654206, 57.075471698113205]",15875.55078125,7365.56640625,8509.984375,46.39565900887789,24575.99609375,408.4921875,1.6621592302575476,"[{""index"": 0, ""name"": ""NVIDIA P104-100"", ""pci_bus"": ""00000000:01:00.0"", ""pcie"": ""Gen1 x1"", ""util_pct"": 0.0, ""power_w"": 51.87, ""vram_used_mib"": 5638.0}, {""index"": 1, ""name"": ""NVIDIA P104-100"", ""pci_bus"": ""00000000:02:00.0"", ""pcie"": ""Gen1 x1"", ""util_pct"": 0.0, ""power_w"": 47.18, ""vram_used_mib"": 4894.0}, {""index"": 2, ""name"": ""NVIDIA P104-100"", ""pci_bus"": ""00000000:0A:00.0"", ""pcie"": ""Gen1 x1"", ""util_pct"": 0.0, ""power_w"": 45.65, ""vram_used_mib"": 6620.0}, {""index"": 3, ""name"": ""NVIDIA P104-100"", ""pci_bus"": ""00000000:0C:00.0"", ""pcie"": ""Gen1 x1"", ""util_pct"": 0.0, ""power_w"": 49.1, ""vram_used_mib"": 4894.0}, {""index"": 4, ""name"": ""NVIDIA P104-100"", ""pci_bus"": ""00000000:0D:00.0"", ""pcie"": ""Gen1 x1"", ""util_pct"": 0.0, ""power_w"": 47.7, ""vram_used_mib"": 6620.0}, {""index"": 5, ""name"": ""NVIDIA P104-100"", ""pci_bus"": ""00000000:0E:00.0"", ""pcie"": ""Gen1 x1"", ""util_pct"": 0.0, ""power_w"": 50.98, ""vram_used_mib"": 4894.0}, {""index"": 6, ""name"": ""NVIDIA P104-100"", ""pci_bus"": ""00000000:0F:00.0"", ""pcie"": ""Gen1 x1"", ""util_pct"": 0.0, ""power_w"": 53.31, ""vram_used_mib"": 5638.0}, {""index"": 7, ""name"": ""NVIDIA P104-100"", ""pci_bus"": ""00000000:10:00.0"", ""pcie"": ""Gen1 x1"", ""util_pct"": 0.0, ""power_w"": 48.95, ""vram_used_mib"": 5876.0}, {""index"": 8, ""name"": ""NVIDIA P104-100"", ""pci_bus"": ""00000000:11:00.0"", ""pcie"": ""Gen1 x1"", ""util_pct"": 0.0, ""power_w"": 50.51, ""vram_used_mib"": 5638.0}, {""index"": 9, ""name"": ""NVIDIA P104-100"", ""pci_bus"": ""00000000:12:00.0"", ""pcie"": ""Gen1 x1"", ""util_pct"": 0.0, ""power_w"": 48.01, ""vram_used_mib"": 4894.0}, {""index"": 10, ""name"": ""NVIDIA P104-100"", ""pci_bus"": ""00000000:13:00.0"", ""pcie"": ""Gen1 x1"", ""util_pct"": 30.0, ""power_w"": 49.03, ""vram_used_mib"": 6620.0}, {""index"": 11, ""name"": ""NVIDIA P104-100"", ""pci_bus"": ""00000000:14:00.0"", ""pcie"": ""Gen1 x1"", ""util_pct"": 2.0, ""power_w"": 54.88, ""vram_used_mib"": 7750.0}]"
2026-08-16T18:17:35.231714+03:00,1786893455.231714,ctx_000512.txt,1,1,prefill,37.46253746253746,"[12.749003984063744, 95.2191235059761, 18.725099601593627, 23.6]",15875.55078125,7404.203125,8471.34765625,46.63903147061089,24575.99609375,408.4765625,1.662095651959682,"[{""index"": 0, ""name"": ""NVIDIA P104-100"", ""pci_bus"": ""00000000:01:00.0"", ""pcie"": ""Gen1 x1"", ""util_pct"": 29.0, ""power_w"": 52.05, ""vram_used_mib"": 5638.0}, {""index"": 1, ""name"": ""NVIDIA P104-100"", ""pci_bus"": ""00000000:02:00.0"", ""pcie"": ""Gen1 x1"", ""util_pct"": 65.0, ""power_w"": 53.92, ""vram_used_mib"": 4894.0}, {""index"": 2, ""name"": ""NVIDIA P104-100"", ""pci_bus"": ""00000000:0A:00.0"", ""pcie"": ""Gen1 x1"", ""util_pct"": 98.0, ""power_w"": 54.39, ""vram_used_mib"": 6620.0}, {""index"": 3, ""name"": ""NVIDIA P104-100"", ""pci_bus"": ""00000000:0C:00.0"", ""pcie"": ""Gen1 x1"", ""util_pct"": 88.0, ""power_w"": 149.82, ""vram_used_mib"": 4894.0}, {""index"": 4, ""name"": ""NVIDIA P104-100"", ""pci_bus"": ""00000000:0D:00.0"", ""pcie"": ""Gen1 x1"", ""util_pct"": 96.0, ""power_w"": 152.48, ""vram_used_mib"": 6620.0}, {""index"": 5, ""name"": ""NVIDIA P104-100"", ""pci_bus"": ""00000000:0E:00.0"", ""pcie"": ""Gen1 x1"", ""util_pct"": 76.0, ""power_w"": 143.62, ""vram_used_mib"": 4894.0}, {""index"": 6, ""name"": ""NVIDIA P104-100"", ""pci_bus"": ""00000000:0F:00.0"", ""pcie"": ""Gen1 x1"", ""util_pct"": 99.0, ""power_w"": 150.92, ""vram_used_mib"": 5638.0}, {""index"": 7, ""name"": ""NVIDIA P104-100"", ""pci_bus"": ""00000000:10:00.0"", ""pcie"": ""Gen1 x1"", ""util_pct"": 87.0, ""power_w"": 152.2, ""vram_used_mib"": 5876.0}, {""index"": 8, ""name"": ""NVIDIA P104-100"", ""pci_bus"": ""00000000:11:00.0"", ""pcie"": ""Gen1 x1"", ""util_pct"": 99.0, ""power_w"": 145.14, ""vram_used_mib"": 5638.0}, {""index"": 9, ""name"": ""NVIDIA P104-100"", ""pci_bus"": ""00000000:12:00.0"", ""pcie"": ""Gen1 x1"", ""util_pct"": 88.0, ""power_w"": 145.39, ""vram_used_mib"": 4894.0}, {""index"": 10, ""name"": ""NVIDIA P104-100"", ""pci_bus"": ""00000000:13:00.0"", ""pcie"": ""Gen1 x1"", ""util_pct"": 98.0, ""power_w"": 150.27, ""vram_used_mib"": 6620.0}, {""index"": 11, ""name"": ""NVIDIA P104-100"", ""pci_bus"": ""00000000:14:00.0"", ""pcie"": ""Gen1 x1"", ""util_pct"": 61.0, ""power_w"": 86.74, ""vram_used_mib"": 7750.0}]"
2026-08-16T18:17:37.367246+03:00,1786893457.367246,ctx_000512.txt,1,1,prefill,36.3849765258216,"[16.9811320754717, 100.0, 21.22641509433962, 6.572769953051643]",15875.55078125,7396.27734375,8479.2734375,46.589107021631385,24575.99609375,408.46875,1.662063862810749,"[{""index"": 0, ""name"": ""NVIDIA P104-100"", ""pci_bus"": ""00000000:01:00.0"", ""pcie"": ""Gen1 x1"", ""util_pct"": 0.0, ""power_w"": 51.84, ""vram_used_mib"": 5638.0}, {""index"": 1, ""name"": ""NVIDIA P104-100"", ""pci_bus"": ""00000000:02:00.0"", ""pcie"": ""Gen1 x1"", ""util_pct"": 0.0, ""power_w"": 53.33, ""vram_used_mib"": 4894.0}, {""index"": 2, ""name"": ""NVIDIA P104-100"", ""pci_bus"": ""00000000:0A:00.0"", ""pcie"": ""Gen1 x1"", ""util_pct"": 0.0, ""power_w"": 51.82, ""vram_used_mib"": 6620.0}, {""index"": 3, ""name"": ""NVIDIA P104-100"", ""pci_bus"": ""00000000:0C:00.0"", ""pcie"": ""Gen1 x1"", ""util_pct"": 0.0, ""power_w"": 54.89, ""vram_used_mib"": 4894.0}, {""index"": 4, ""name"": ""NVIDIA P104-100"", ""pci_bus"": ""00000000:0D:00.0"", ""pcie"": ""Gen1 x1"", ""util_pct"": 0.0, ""power_w"": 53.78, ""vram_used_mib"": 6620.0}, {""index"": 5, ""name"": ""NVIDIA P104-100"", ""pci_bus"": ""00000000:0E:00.0"", ""pcie"": ""Gen1 x1"", ""util_pct"": 0.0, ""power_w"": 51.06, ""vram_used_mib"": 4894.0}, {""index"": 6, ""name"": ""NVIDIA P104-100"", ""pci_bus"": ""00000000:0F:00.0"", ""pcie"": ""Gen1 x1"", ""util_pct"": 0.0, ""power_w"": 53.53, ""vram_used_mib"": 5638.0}, {""index"": 7, ""name"": ""NVIDIA P104-100"", ""pci_bus"": ""00000000:10:00.0"", ""pcie"": ""Gen1 x1"", ""util_pct"": 0.0, ""power_w"": 55.24, ""vram_used_mib"": 5876.0}, {""index"": 8, ""name"": ""NVIDIA P104-100"", ""pci_bus"": ""00000000:11:00.0"", ""pcie"": ""Gen1 x1"", ""util_pct"": 71.0, ""power_w"": 50.51, ""vram_used_mib"": 5638.0}, {""index"": 9, ""name"": ""NVIDIA P104-100"", ""pci_bus"": ""00000000:12:00.0"", ""pcie"": ""Gen1 x1"", ""util_pct"": 30.0, ""power_w"": 53.23, ""vram_used_mib"": 4894.0}, {""index"": 10, ""name"": ""NVIDIA P104-100"", ""pci_bus"": ""00000000:13:00.0"", ""pcie"": ""Gen1 x1"", ""util_pct"": 0.0, ""power_w"": 147.77, ""vram_used_mib"": 6620.0}, {""index"": 11, ""name"": ""NVIDIA P104-100"", ""pci_bus"": ""00000000:14:00.0"", ""pcie"": ""Gen1 x1"", ""util_pct"": 0.0, ""power_w"": 54.84, ""vram_used_mib"": 7750.0}]"
2026-08-16T18:17:39.506436+03:00,1786893459.506436,ctx_000512.txt,1,1,prefill,36.60818713450293,"[16.431924882629108, 100.0, 10.328638497652582, 19.626168224299064]",15875.55078125,7382.16015625,8493.390625,46.50018294148751,24575.99609375,408.45703125,1.6620161790873493,"[{""index"": 0, ""name"": ""NVIDIA P104-100"", ""pci_bus"": ""00000000:01:00.0"", ""pcie"": ""Gen1 x1"", ""util_pct"": 0.0, ""power_w"": 51.84, ""vram_used_mib"": 5638.0}, {""index"": 1, ""name"": ""NVIDIA P104-100"", ""pci_bus"": ""00000000:02:00.0"", ""pcie"": ""Gen1 x1"", ""util_pct"": 0.0, ""power_w"": 53.45, ""vram_used_mib"": 4894.0}, {""index"": 2, ""name"": ""NVIDIA P104-100"", ""pci_bus"": ""00000000:0A:00.0"", ""pcie"": ""Gen1 x1"", ""util_pct"": 0.0, ""power_w"": 51.82, ""vram_used_mib"": 6620.0}, {""index"": 3, ""name"": ""NVIDIA P104-100"", ""pci_bus"": ""00000000:0C:00.0"", ""pcie"": ""Gen1 x1"", ""util_pct"": 0.0, ""power_w"": 54.99, ""vram_used_mib"": 4894.0}, {""index"": 4, ""name"": ""NVIDIA P104-100"", ""pci_bus"": ""00000000:0D:00.0"", ""pcie"": ""Gen1 x1"", ""util_pct"": 0.0, ""power_w"": 54.02, ""vram_used_mib"": 6620.0}, {""index"": 5, ""name"": ""NVIDIA P104-100"", ""pci_bus"": ""00000000:0E:00.0"", ""pcie"": ""Gen1 x1"", ""util_pct"": 58.0, ""power_w"": 51.23, ""vram_used_mib"": 4894.0}, {""index"": 6, ""name"": ""NVIDIA P104-100"", ""pci_bus"": ""00000000:0F:00.0"", ""pcie"": ""Gen1 x1"", ""util_pct"": 23.0, ""power_w"": 117.82, ""vram_used_mib"": 5638.0}, {""index"": 7, ""name"": ""NVIDIA P104-100"", ""pci_bus"": ""00000000:10:00.0"", ""pcie"": ""Gen1 x1"", ""util_pct"": 0.0, ""power_w"": 58.1, ""vram_used_mib"": 5876.0}, {""index"": 8, ""name"": ""NVIDIA P104-100"", ""pci_bus"": ""00000000:11:00.0"", ""pcie"": ""Gen1 x1"", ""util_pct"": 0.0, ""power_w"": 50.49, ""vram_used_mib"": 5638.0}, {""index"": 9, ""name"": ""NVIDIA P104-100"", ""pci_bus"": ""00000000:12:00.0"", ""pcie"": ""Gen1 x1"", ""util_pct"": 0.0, ""power_w"": 52.83, ""vram_used_mib"": 4894.0}, {""index"": 10, ""name"": ""NVIDIA P104-100"", ""pci_bus"": ""00000000:13:00.0"", ""pcie"": ""Gen1 x1"", ""util_pct"": 0.0, ""power_w"": 53.48, ""vram_used_mib"": 6620.0}, {""index"": 11, ""name"": ""NVIDIA P104-100"", ""pci_bus"": ""00000000:14:00.0"", ""pcie"": ""Gen1 x1"", ""util_pct"": 0.0, ""power_w"": 54.84, ""vram_used_mib"": 7750.0}]"
2026-08-16T18:17:41.622152+03:00,1786893461.622152,ctx_000512.txt,1,1,decode,36.96682464454976,"[19.43127962085308, 100.0, 16.587677725118482, 11.904761904761905]",15875.55078125,7415.5390625,8460.01171875,46.710436473537705,24575.99609375,408.43359375,1.6619208116405506,"[{""index"": 0, ""name"": ""NVIDIA P104-100"", ""pci_bus"": ""00000000:01:00.0"", ""pcie"": ""Gen1 x1"", ""util_pct"": 0.0, ""power_w"": 51.82, ""vram_used_mib"": 5638.0}, {""index"": 1, ""name"": ""NVIDIA P104-100"", ""pci_bus"": ""00000000:02:00.0"", ""pcie"": ""Gen1 x1"", ""util_pct"": 0.0, ""power_w"": 53.33, ""vram_used_mib"": 4894.0}, {""index"": 2, ""name"": ""NVIDIA P104-100"", ""pci_bus"": ""00000000:0A:00.0"", ""pcie"": ""Gen1 x1"", ""util_pct"": 20.0, ""power_w"": 49.85, ""vram_used_mib"": 6620.0}, {""index"": 3, ""name"": ""NVIDIA P104-100"", ""pci_bus"": ""00000000:0C:00.0"", ""pcie"": ""Gen1 x1"", ""util_pct"": 17.0, ""power_w"": 54.97, ""vram_used_mib"": 4894.0}, {""index"": 4, ""name"": ""NVIDIA P104-100"", ""pci_bus"": ""00000000:0D:00.0"", ""pcie"": ""Gen1 x1"", ""util_pct"": 0.0, ""power_w"": 52.99, ""vram_used_mib"": 6620.0}, {""index"": 5, ""name"": ""NVIDIA P104-100"", ""pci_bus"": ""00000000:0E:00.0"", ""pcie"": ""Gen1 x1"", ""util_pct"": 17.0, ""power_w"": 51.05, ""vram_used_mib"": 4894.0}, {""index"": 6, ""name"": ""NVIDIA P104-100"", ""pci_bus"": ""00000000:0F:00.0"", ""pcie"": ""Gen1 x1"", ""util_pct"": 20.0, ""power_w"": 52.25, ""vram_used_mib"": 5638.0}, {""index"": 7, ""name"": ""NVIDIA P104-100"", ""pci_bus"": ""00000000:10:00.0"", ""pcie"": ""Gen1 x1"", ""util_pct"": 17.0, ""power_w"": 53.18, ""vram_used_mib"": 5876.0}, {""index"": 8, ""name"": ""NVIDIA P104-100"", ""pci_bus"": ""00000000:11:00.0"", ""pcie"": ""Gen1 x1"", ""util_pct"": 18.0, ""power_w"": 50.71, ""vram_used_mib"": 5638.0}, {""index"": 9, ""name"": ""NVIDIA P104-100"", ""pci_bus"": ""00000000:12:00.0"", ""pcie"": ""Gen1 x1"", ""util_pct"": 17.0, ""power_w"": 52.35, ""vram_used_mib"": 4894.0}, {""index"": 10, ""name"": ""NVIDIA P104-100"", ""pci_bus"": ""00000000:13:00.0"", ""pcie"": ""Gen1 x1"", ""util_pct"": 20.0, ""power_w"": 61.24, ""vram_used_mib"": 6620.0}, {""index"": 11, ""name"": ""NVIDIA P104-100"", ""pci_bus"": ""00000000:14:00.0"", ""pcie"": ""Gen1 x1"", ""util_pct"": 20.0, ""power_w"": 172.76, ""vram_used_mib"": 7750.0}]"
2026-08-16T18:17:43.770570+03:00,1786893463.770570,ctx_000512.txt,1,1,decode,38.78504672897196,"[21.49532710280374, 100.0, 12.149532710280374, 21.02803738317757]",15875.55078125,7444.5703125,8430.98046875,46.89330414471348,24575.99609375,408.3984375,1.6617777604703523,"[{""index"": 0, ""name"": ""NVIDIA P104-100"", ""pci_bus"": ""00000000:01:00.0"", ""pcie"": ""Gen1 x1"", ""util_pct"": 20.0, ""power_w"": 51.11, ""vram_used_mib"": 5638.0}, {""index"": 1, ""name"": ""NVIDIA P104-100"", ""pci_bus"": ""00000000:02:00.0"", ""pcie"": ""Gen1 x1"", ""util_pct"": 17.0, ""power_w"": 52.42, ""vram_used_mib"": 4894.0}, {""index"": 2, ""name"": ""NVIDIA P104-100"", ""pci_bus"": ""00000000:0A:00.0"", ""pcie"": ""Gen1 x1"", ""util_pct"": 20.0, ""power_w"": 50.09, ""vram_used_mib"": 6620.0}, {""index"": 3, ""name"": ""NVIDIA P104-100"", ""pci_bus"": ""00000000:0C:00.0"", ""pcie"": ""Gen1 x1"", ""util_pct"": 17.0, ""power_w"": 53.49, ""vram_used_mib"": 4894.0}, {""index"": 4, ""name"": ""NVIDIA P104-100"", ""pci_bus"": ""00000000:0D:00.0"", ""pcie"": ""Gen1 x1"", ""util_pct"": 0.0, ""power_w"": 52.12, ""vram_used_mib"": 6620.0}, {""index"": 5, ""name"": ""NVIDIA P104-100"", ""pci_bus"": ""00000000:0E:00.0"", ""pcie"": ""Gen1 x1"", ""util_pct"": 19.0, ""power_w"": 43.2, ""vram_used_mib"": 4894.0}, {""index"": 6, ""name"": ""NVIDIA P104-100"", ""pci_bus"": ""00000000:0F:00.0"", ""pcie"": ""Gen1 x1"", ""util_pct"": 20.0, ""power_w"": 65.78, ""vram_used_mib"": 5638.0}, {""index"": 7, ""name"": ""NVIDIA P104-100"", ""pci_bus"": ""00000000:10:00.0"", ""pcie"": ""Gen1 x1"", ""util_pct"": 0.0, ""power_w"": 151.63, ""vram_used_mib"": 5876.0}, {""index"": 8, ""name"": ""NVIDIA P104-100"", ""pci_bus"": ""00000000:11:00.0"", ""pcie"": ""Gen1 x1"", ""util_pct"": 0.0, ""power_w"": 104.03, ""vram_used_mib"": 5638.0}, {""index"": 9, ""name"": ""NVIDIA P104-100"", ""pci_bus"": ""00000000:12:00.0"", ""pcie"": ""Gen1 x1"", ""util_pct"": 0.0, ""power_w"": 51.49, ""vram_used_mib"": 4894.0}, {""index"": 10, ""name"": ""NVIDIA P104-100"", ""pci_bus"": ""00000000:13:00.0"", ""pcie"": ""Gen1 x1"", ""util_pct"": 0.0, ""power_w"": 50.89, ""vram_used_mib"": 6620.0}, {""index"": 11, ""name"": ""NVIDIA P104-100"", ""pci_bus"": ""00000000:14:00.0"", ""pcie"": ""Gen1 x1"", ""util_pct"": 12.0, ""power_w"": 54.9, ""vram_used_mib"": 7750.0}]"
2026-08-16T18:17:45.906192+03:00,1786893465.906192,ctx_000512.txt,1,1,decode,39.36545240893067,"[21.327014218009477, 100.0, 15.492957746478874, 20.754716981132077]",15875.55078125,7368.328125,8507.22265625,46.4130550588673,24575.99609375,408.36328125,1.661634709300154,"[{""index"": 0, ""name"": ""NVIDIA P104-100"", ""pci_bus"": ""00000000:01:00.0"", ""pcie"": ""Gen1 x1"", ""util_pct"": 0.0, ""power_w"": 51.17, ""vram_used_mib"": 5638.0}, {""index"": 1, ""name"": ""NVIDIA P104-100"", ""pci_bus"": ""00000000:02:00.0"", ""pcie"": ""Gen1 x1"", ""util_pct"": 0.0, ""power_w"": 53.76, ""vram_used_mib"": 4894.0}, {""index"": 2, ""name"": ""NVIDIA P104-100"", ""pci_bus"": ""00000000:0A:00.0"", ""pcie"": ""Gen1 x1"", ""util_pct"": 7.0, ""power_w"": 60.95, ""vram_used_mib"": 6620.0}, {""index"": 3, ""name"": ""NVIDIA P104-100"", ""pci_bus"": ""00000000:0C:00.0"", ""pcie"": ""Gen1 x1"", ""util_pct"": 0.0, ""power_w"": 140.47, ""vram_used_mib"": 4894.0}, {""index"": 4, ""name"": ""NVIDIA P104-100"", ""pci_bus"": ""00000000:0D:00.0"", ""pcie"": ""Gen1 x1"", ""util_pct"": 0.0, ""power_w"": 109.22, ""vram_used_mib"": 6620.0}, {""index"": 5, ""name"": ""NVIDIA P104-100"", ""pci_bus"": ""00000000:0E:00.0"", ""pcie"": ""Gen1 x1"", ""util_pct"": 0.0, ""power_w"": 42.58, ""vram_used_mib"": 4894.0}, {""index"": 6, ""name"": ""NVIDIA P104-100"", ""pci_bus"": ""00000000:0F:00.0"", ""pcie"": ""Gen1 x1"", ""util_pct"": 0.0, ""power_w"": 52.29, ""vram_used_mib"": 5638.0}, {""index"": 7, ""name"": ""NVIDIA P104-100"", ""pci_bus"": ""00000000:10:00.0"", ""pcie"": ""Gen1 x1"", ""util_pct"": 0.0, ""power_w"": 53.23, ""vram_used_mib"": 5876.0}, {""index"": 8, ""name"": ""NVIDIA P104-100"", ""pci_bus"": ""00000000:11:00.0"", ""pcie"": ""Gen1 x1"", ""util_pct"": 0.0, ""power_w"": 49.48, ""vram_used_mib"": 5638.0}, {""index"": 9, ""name"": ""NVIDIA P104-100"", ""pci_bus"": ""00000000:12:00.0"", ""pcie"": ""Gen1 x1"", ""util_pct"": 17.0, ""power_w"": 51.5, ""vram_used_mib"": 4894.0}, {""index"": 10, ""name"": ""NVIDIA P104-100"", ""pci_bus"": ""00000000:13:00.0"", ""pcie"": ""Gen1 x1"", ""util_pct"": 15.0, ""power_w"": 50.89, ""vram_used_mib"": 6620.0}, {""index"": 11, ""name"": ""NVIDIA P104-100"", ""pci_bus"": ""00000000:14:00.0"", ""pcie"": ""Gen1 x1"", ""util_pct"": 59.0, ""power_w"": 55.05, ""vram_used_mib"": 7750.0}]"
2026-08-16T18:17:48.034355+03:00,1786893468.034355,ctx_000512.txt,1,1,decode,38.77790834312574,"[20.187793427230048, 100.0, 14.691943127962086, 20.093457943925234]",15875.55078125,7423.984375,8451.56640625,46.76363344677264,24575.99609375,408.33203125,1.661507552704422,"[{""index"": 0, ""name"": ""NVIDIA P104-100"", ""pci_bus"": ""00000000:01:00.0"", ""pcie"": ""Gen1 x1"", ""util_pct"": 0.0, ""power_w"": 51.11, ""vram_used_mib"": 5638.0}, {""index"": 1, ""name"": ""NVIDIA P104-100"", ""pci_bus"": ""00000000:02:00.0"", ""pcie"": ""Gen1 x1"", ""util_pct"": 0.0, ""power_w"": 52.42, ""vram_used_mib"": 4894.0}, {""index"": 2, ""name"": ""NVIDIA P104-100"", ""pci_bus"": ""00000000:0A:00.0"", ""pcie"": ""Gen1 x1"", ""util_pct"": 0.0, ""power_w"": 49.85, ""vram_used_mib"": 6620.0}, {""index"": 3, ""name"": ""NVIDIA P104-100"", ""pci_bus"": ""00000000:0C:00.0"", ""pcie"": ""Gen1 x1"", ""util_pct"": 3.0, ""power_w"": 53.24, ""vram_used_mib"": 4894.0}, {""index"": 4, ""name"": ""NVIDIA P104-100"", ""pci_bus"": ""00000000:0D:00.0"", ""pcie"": ""Gen1 x1"", ""util_pct"": 0.0, ""power_w"": 51.04, ""vram_used_mib"": 6620.0}, {""index"": 5, ""name"": ""NVIDIA P104-100"", ""pci_bus"": ""00000000:0E:00.0"", ""pcie"": ""Gen1 x1"", ""util_pct"": 19.0, ""power_w"": 42.53, ""vram_used_mib"": 4894.0}, {""index"": 6, ""name"": ""NVIDIA P104-100"", ""pci_bus"": ""00000000:0F:00.0"", ""pcie"": ""Gen1 x1"", ""util_pct"": 20.0, ""power_w"": 52.29, ""vram_used_mib"": 5638.0}, {""index"": 7, ""name"": ""NVIDIA P104-100"", ""pci_bus"": ""00000000:10:00.0"", ""pcie"": ""Gen1 x1"", ""util_pct"": 7.0, ""power_w"": 53.25, ""vram_used_mib"": 5876.0}, {""index"": 8, ""name"": ""NVIDIA P104-100"", ""pci_bus"": ""00000000:11:00.0"", ""pcie"": ""Gen1 x1"", ""util_pct"": 20.0, ""power_w"": 49.51, ""vram_used_mib"": 5638.0}, {""index"": 9, ""name"": ""NVIDIA P104-100"", ""pci_bus"": ""00000000:12:00.0"", ""pcie"": ""Gen1 x1"", ""util_pct"": 17.0, ""power_w"": 51.7, ""vram_used_mib"": 4894.0}, {""index"": 10, ""name"": ""NVIDIA P104-100"", ""pci_bus"": ""00000000:13:00.0"", ""pcie"": ""Gen1 x1"", ""util_pct"": 21.0, ""power_w"": 50.96, ""vram_used_mib"": 6620.0}, {""index"": 11, ""name"": ""NVIDIA P104-100"", ""pci_bus"": ""00000000:14:00.0"", ""pcie"": ""Gen1 x1"", ""util_pct"": 44.0, ""power_w"": 66.33, ""vram_used_mib"": 7750.0}]"
2026-08-16T18:17:50.179238+03:00,1786893470.179238,ctx_000512.txt,1,1,decode,39.48598130841121,"[14.084507042253522, 100.0, 23.72093023255814, 19.53488372093023]",15875.55078125,7500.0,8375.55078125,47.24245541677811,24575.99609375,408.30859375,1.6614121852576231,"[{""index"": 0, ""name"": ""NVIDIA P104-100"", ""pci_bus"": ""00000000:01:00.0"", ""pcie"": ""Gen1 x1"", ""util_pct"": 0.0, ""power_w"": 51.08, ""vram_used_mib"": 5638.0}, {""index"": 1, ""name"": ""NVIDIA P104-100"", ""pci_bus"": ""00000000:02:00.0"", ""pcie"": ""Gen1 x1"", ""util_pct"": 0.0, ""power_w"": 52.35, ""vram_used_mib"": 4894.0}, {""index"": 2, ""name"": ""NVIDIA P104-100"", ""pci_bus"": ""00000000:0A:00.0"", ""pcie"": ""Gen1 x1"", ""util_pct"": 20.0, ""power_w"": 49.83, ""vram_used_mib"": 6620.0}, {""index"": 3, ""name"": ""NVIDIA P104-100"", ""pci_bus"": ""00000000:0C:00.0"", ""pcie"": ""Gen1 x1"", ""util_pct"": 17.0, ""power_w"": 53.52, ""vram_used_mib"": 4894.0}, {""index"": 4, ""name"": ""NVIDIA P104-100"", ""pci_bus"": ""00000000:0D:00.0"", ""pcie"": ""Gen1 x1"", ""util_pct"": 9.0, ""power_w"": 51.17, ""vram_used_mib"": 6620.0}, {""index"": 5, ""name"": ""NVIDIA P104-100"", ""pci_bus"": ""00000000:0E:00.0"", ""pcie"": ""Gen1 x1"", ""util_pct"": 19.0, ""power_w"": 42.29, ""vram_used_mib"": 4894.0}, {""index"": 6, ""name"": ""NVIDIA P104-100"", ""pci_bus"": ""00000000:0F:00.0"", ""pcie"": ""Gen1 x1"", ""util_pct"": 20.0, ""power_w"": 52.4, ""vram_used_mib"": 5638.0}, {""index"": 7, ""name"": ""NVIDIA P104-100"", ""pci_bus"": ""00000000:10:00.0"", ""pcie"": ""Gen1 x1"", ""util_pct"": 17.0, ""power_w"": 53.5, ""vram_used_mib"": 5876.0}, {""index"": 8, ""name"": ""NVIDIA P104-100"", ""pci_bus"": ""00000000:11:00.0"", ""pcie"": ""Gen1 x1"", ""util_pct"": 0.0, ""power_w"": 51.3, ""vram_used_mib"": 5638.0}, {""index"": 9, ""name"": ""NVIDIA P104-100"", ""pci_bus"": ""00000000:12:00.0"", ""pcie"": ""Gen1 x1"", ""util_pct"": 0.0, ""power_w"": 63.68, ""vram_used_mib"": 4894.0}, {""index"": 10, ""name"": ""NVIDIA P104-100"", ""pci_bus"": ""00000000:13:00.0"", ""pcie"": ""Gen1 x1"", ""util_pct"": 0.0, ""power_w"": 177.16, ""vram_used_mib"": 6620.0}, {""index"": 11, ""name"": ""NVIDIA P104-100"", ""pci_bus"": ""00000000:14:00.0"", ""pcie"": ""Gen1 x1"", ""util_pct"": 0.0, ""power_w"": 63.65, ""vram_used_mib"": 7750.0}]"
2026-08-16T18:17:52.309866+03:00,1786893472.309866,ctx_000512.txt,1,1,decode,38.370720188902006,"[16.50943396226415, 100.0, 23.004694835680752, 14.285714285714286]",15875.55078125,7452.61328125,8422.9375,46.943966757058874,24575.99609375,408.29296875,1.6613486069597574,"[{""index"": 0, ""name"": ""NVIDIA P104-100"", ""pci_bus"": ""00000000:01:00.0"", ""pcie"": ""Gen1 x1"", ""util_pct"": 14.0, ""power_w"": 50.37, ""vram_used_mib"": 5638.0}, {""index"": 1, ""name"": ""NVIDIA P104-100"", ""pci_bus"": ""00000000:02:00.0"", ""pcie"": ""Gen1 x1"", ""util_pct"": 0.0, ""power_w"": 52.35, ""vram_used_mib"": 4894.0}, {""index"": 2, ""name"": ""NVIDIA P104-100"", ""pci_bus"": ""00000000:0A:00.0"", ""pcie"": ""Gen1 x1"", ""util_pct"": 19.0, ""power_w"": 50.19, ""vram_used_mib"": 6620.0}, {""index"": 3, ""name"": ""NVIDIA P104-100"", ""pci_bus"": ""00000000:0C:00.0"", ""pcie"": ""Gen1 x1"", ""util_pct"": 8.0, ""power_w"": 53.73, ""vram_used_mib"": 4894.0}, {""index"": 4, ""name"": ""NVIDIA P104-100"", ""pci_bus"": ""00000000:0D:00.0"", ""pcie"": ""Gen1 x1"", ""util_pct"": 0.0, ""power_w"": 53.99, ""vram_used_mib"": 6620.0}, {""index"": 5, ""name"": ""NVIDIA P104-100"", ""pci_bus"": ""00000000:0E:00.0"", ""pcie"": ""Gen1 x1"", ""util_pct"": 0.0, ""power_w"": 57.54, ""vram_used_mib"": 4894.0}, {""index"": 6, ""name"": ""NVIDIA P104-100"", ""pci_bus"": ""00000000:0F:00.0"", ""pcie"": ""Gen1 x1"", ""util_pct"": 0.0, ""power_w"": 180.09, ""vram_used_mib"": 5638.0}, {""index"": 7, ""name"": ""NVIDIA P104-100"", ""pci_bus"": ""00000000:10:00.0"", ""pcie"": ""Gen1 x1"", ""util_pct"": 0.0, ""power_w"": 76.15, ""vram_used_mib"": 5876.0}, {""index"": 8, ""name"": ""NVIDIA P104-100"", ""pci_bus"": ""00000000:11:00.0"", ""pcie"": ""Gen1 x1"", ""util_pct"": 0.0, ""power_w"": 49.47, ""vram_used_mib"": 5638.0}, {""index"": 9, ""name"": ""NVIDIA P104-100"", ""pci_bus"": ""00000000:12:00.0"", ""pcie"": ""Gen1 x1"", ""util_pct"": 0.0, ""power_w"": 51.58, ""vram_used_mib"": 4894.0}, {""index"": 10, ""name"": ""NVIDIA P104-100"", ""pci_bus"": ""00000000:13:00.0"", ""pcie"": ""Gen1 x1"", ""util_pct"": 0.0, ""power_w"": 50.89, ""vram_used_mib"": 6620.0}, {""index"": 11, ""name"": ""NVIDIA P104-100"", ""pci_bus"": ""00000000:14:00.0"", ""pcie"": ""Gen1 x1"", ""util_pct"": 46.0, ""power_w"": 55.12, ""vram_used_mib"": 7750.0}]"
2026-08-16T18:17:54.467156+03:00,1786893474.467156,ctx_000512.txt,1,1,decode,39.883720930232556,"[23.474178403755868, 100.0, 14.018691588785046, 20.930232558139537]",15875.55078125,7412.4375,8463.11328125,46.69089974978723,24575.99609375,408.265625,1.661237344938492,"[{""index"": 0, ""name"": ""NVIDIA P104-100"", ""pci_bus"": ""00000000:01:00.0"", ""pcie"": ""Gen1 x1"", ""util_pct"": 0.0, ""power_w"": 54.42, ""vram_used_mib"": 5638.0}, {""index"": 1, ""name"": ""NVIDIA P104-100"", ""pci_bus"": ""00000000:02:00.0"", ""pcie"": ""Gen1 x1"", ""util_pct"": 0.0, ""power_w"": 76.65, ""vram_used_mib"": 4894.0}, {""index"": 2, ""name"": ""NVIDIA P104-100"", ""pci_bus"": ""00000000:0A:00.0"", ""pcie"": ""Gen1 x1"", ""util_pct"": 0.0, ""power_w"": 166.52, ""vram_used_mib"": 6620.0}, {""index"": 3, ""name"": ""NVIDIA P104-100"", ""pci_bus"": ""00000000:0C:00.0"", ""pcie"": ""Gen1 x1"", ""util_pct"": 0.0, ""power_w"": 52.91, ""vram_used_mib"": 4894.0}, {""index"": 4, ""name"": ""NVIDIA P104-100"", ""pci_bus"": ""00000000:0D:00.0"", ""pcie"": ""Gen1 x1"", ""util_pct"": 0.0, ""power_w"": 51.3, ""vram_used_mib"": 6620.0}, {""index"": 5, ""name"": ""NVIDIA P104-100"", ""pci_bus"": ""00000000:0E:00.0"", ""pcie"": ""Gen1 x1"", ""util_pct"": 0.0, ""power_w"": 42.28, ""vram_used_mib"": 4894.0}, {""index"": 6, ""name"": ""NVIDIA P104-100"", ""pci_bus"": ""00000000:0F:00.0"", ""pcie"": ""Gen1 x1"", ""util_pct"": 0.0, ""power_w"": 52.39, ""vram_used_mib"": 5638.0}, {""index"": 7, ""name"": ""NVIDIA P104-100"", ""pci_bus"": ""00000000:10:00.0"", ""pcie"": ""Gen1 x1"", ""util_pct"": 0.0, ""power_w"": 53.15, ""vram_used_mib"": 5876.0}, {""index"": 8, ""name"": ""NVIDIA P104-100"", ""pci_bus"": ""00000000:11:00.0"", ""pcie"": ""Gen1 x1"", ""util_pct"": 0.0, ""power_w"": 48.64, ""vram_used_mib"": 5638.0}, {""index"": 9, ""name"": ""NVIDIA P104-100"", ""pci_bus"": ""00000000:12:00.0"", ""pcie"": ""Gen1 x1"", ""util_pct"": 0.0, ""power_w"": 51.49, ""vram_used_mib"": 4894.0}, {""index"": 10, ""name"": ""NVIDIA P104-100"", ""pci_bus"": ""00000000:13:00.0"", ""pcie"": ""Gen1 x1"", ""util_pct"": 21.0, ""power_w"": 50.89, ""vram_used_mib"": 6620.0}, {""index"": 11, ""name"": ""NVIDIA P104-100"", ""pci_bus"": ""00000000:14:00.0"", ""pcie"": ""Gen1 x1"", ""util_pct"": 60.0, ""power_w"": 55.15, ""vram_used_mib"": 7750.0}]"
2026-08-16T18:17:56.610977+03:00,1786893476.610977,ctx_000512.txt,1,1,decode,50.29377203290247,"[63.25581395348837, 98.6046511627907, 16.35514018691589, 22.115384615384617]",15875.55078125,7389.828125,8485.72265625,46.54848343106206,24575.99609375,408.2265625,1.6610783991938272,"[{""index"": 0, ""name"": ""NVIDIA P104-100"", ""pci_bus"": ""00000000:01:00.0"", ""pcie"": ""Gen1 x1"", ""util_pct"": 0.0, ""power_w"": 140.15, ""vram_used_mib"": 5638.0}, {""index"": 1, ""name"": ""NVIDIA P104-100"", ""pci_bus"": ""00000000:02:00.0"", ""pcie"": ""Gen1 x1"", ""util_pct"": 0.0, ""power_w"": 52.34, ""vram_used_mib"": 4894.0}, {""index"": 2, ""name"": ""NVIDIA P104-100"", ""pci_bus"": ""00000000:0A:00.0"", ""pcie"": ""Gen1 x1"", ""util_pct"": 0.0, ""power_w"": 49.83, ""vram_used_mib"": 6620.0}, {""index"": 3, ""name"": ""NVIDIA P104-100"", ""pci_bus"": ""00000000:0C:00.0"", ""pcie"": ""Gen1 x1"", ""util_pct"": 0.0, ""power_w"": 53.27, ""vram_used_mib"": 4894.0}, {""index"": 4, ""name"": ""NVIDIA P104-100"", ""pci_bus"": ""00000000:0D:00.0"", ""pcie"": ""Gen1 x1"", ""util_pct"": 1.0, ""power_w"": 51.29, ""vram_used_mib"": 6620.0}, {""index"": 5, ""name"": ""NVIDIA P104-100"", ""pci_bus"": ""00000000:0E:00.0"", ""pcie"": ""Gen1 x1"", ""util_pct"": 0.0, ""power_w"": 42.28, ""vram_used_mib"": 4894.0}, {""index"": 6, ""name"": ""NVIDIA P104-100"", ""pci_bus"": ""00000000:0F:00.0"", ""pcie"": ""Gen1 x1"", ""util_pct"": 0.0, ""power_w"": 52.37, ""vram_used_mib"": 5638.0}, {""index"": 7, ""name"": ""NVIDIA P104-100"", ""pci_bus"": ""00000000:10:00.0"", ""pcie"": ""Gen1 x1"", ""util_pct"": 17.0, ""power_w"": 53.38, ""vram_used_mib"": 5876.0}, {""index"": 8, ""name"": ""NVIDIA P104-100"", ""pci_bus"": ""00000000:11:00.0"", ""pcie"": ""Gen1 x1"", ""util_pct"": 21.0, ""power_w"": 48.64, ""vram_used_mib"": 5638.0}, {""index"": 9, ""name"": ""NVIDIA P104-100"", ""pci_bus"": ""00000000:12:00.0"", ""pcie"": ""Gen1 x1"", ""util_pct"": 16.0, ""power_w"": 51.82, ""vram_used_mib"": 4894.0}, {""index"": 10, ""name"": ""NVIDIA P104-100"", ""pci_bus"": ""00000000:13:00.0"", ""pcie"": ""Gen1 x1"", ""util_pct"": 10.0, ""power_w"": 50.87, ""vram_used_mib"": 6620.0}, {""index"": 11, ""name"": ""NVIDIA P104-100"", ""pci_bus"": ""00000000:14:00.0"", ""pcie"": ""Gen1 x1"", ""util_pct"": 11.0, ""power_w"": 53.05, ""vram_used_mib"": 7750.0}]"
2026-08-16T18:17:58.826584+03:00,1786893478.826584,ctx_000512.txt,1,1,decode,40.67796610169491,"[100.0, 25.225225225225227, 17.727272727272727, 19.81981981981982]",15875.55078125,7518.25,8357.30078125,47.35741205829227,24575.99609375,408.203125,1.6609830317470282,"[{""index"": 0, ""name"": ""NVIDIA P104-100"", ""pci_bus"": ""00000000:01:00.0"", ""pcie"": ""Gen1 x1"", ""util_pct"": 11.0, ""power_w"": 50.33, ""vram_used_mib"": 5638.0}, {""index"": 1, ""name"": ""NVIDIA P104-100"", ""pci_bus"": ""00000000:02:00.0"", ""pcie"": ""Gen1 x1"", ""util_pct"": 13.0, ""power_w"": 52.45, ""vram_used_mib"": 4894.0}, {""index"": 2, ""name"": ""NVIDIA P104-100"", ""pci_bus"": ""00000000:0A:00.0"", ""pcie"": ""Gen1 x1"", ""util_pct"": 0.0, ""power_w"": 49.93, ""vram_used_mib"": 6620.0}, {""index"": 3, ""name"": ""NVIDIA P104-100"", ""pci_bus"": ""00000000:0C:00.0"", ""pcie"": ""Gen1 x1"", ""util_pct"": 7.0, ""power_w"": 52.28, ""vram_used_mib"": 4894.0}, {""index"": 4, ""name"": ""NVIDIA P104-100"", ""pci_bus"": ""00000000:0D:00.0"", ""pcie"": ""Gen1 x1"", ""util_pct"": 23.0, ""power_w"": 43.47, ""vram_used_mib"": 6620.0}, {""index"": 5, ""name"": ""NVIDIA P104-100"", ""pci_bus"": ""00000000:0E:00.0"", ""pcie"": ""Gen1 x1"", ""util_pct"": 19.0, ""power_w"": 42.28, ""vram_used_mib"": 4894.0}, {""index"": 6, ""name"": ""NVIDIA P104-100"", ""pci_bus"": ""00000000:0F:00.0"", ""pcie"": ""Gen1 x1"", ""util_pct"": 20.0, ""power_w"": 52.29, ""vram_used_mib"": 5638.0}, {""index"": 7, ""name"": ""NVIDIA P104-100"", ""pci_bus"": ""00000000:10:00.0"", ""pcie"": ""Gen1 x1"", ""util_pct"": 8.0, ""power_w"": 53.46, ""vram_used_mib"": 5876.0}, {""index"": 8, ""name"": ""NVIDIA P104-100"", ""pci_bus"": ""00000000:11:00.0"", ""pcie"": ""Gen1 x1"", ""util_pct"": 21.0, ""power_w"": 48.74, ""vram_used_mib"": 5638.0}, {""index"": 9, ""name"": ""NVIDIA P104-100"", ""pci_bus"": ""00000000:12:00.0"", ""pcie"": ""Gen1 x1"", ""util_pct"": 19.0, ""power_w"": 45.08, ""vram_used_mib"": 4894.0}, {""index"": 10, ""name"": ""NVIDIA P104-100"", ""pci_bus"": ""00000000:13:00.0"", ""pcie"": ""Gen1 x1"", ""util_pct"": 0.0, ""power_w"": 64.57, ""vram_used_mib"": 6620.0}, {""index"": 11, ""name"": ""NVIDIA P104-100"", ""pci_bus"": ""00000000:14:00.0"", ""pcie"": ""Gen1 x1"", ""util_pct"": 0.0, ""power_w"": 176.89, ""vram_used_mib"": 7750.0}]"
2026-08-16T18:18:00.217736+03:00,1786893480.217736,ctx_001024.txt,1,1,outside,,"[null, null, null, null]",15875.55078125,7437.953125,8437.59765625,46.851622519986385,24575.99609375,408.05078125,1.6603631433428356,"[{""index"": 0, ""name"": ""NVIDIA P104-100"", ""pci_bus"": ""00000000:01:00.0"", ""pcie"": ""Gen1 x1"", ""util_pct"": 0.0, ""power_w"": 42.62, ""vram_used_mib"": 5638.0}, {""index"": 1, ""name"": ""NVIDIA P104-100"", ""pci_bus"": ""00000000:02:00.0"", ""pcie"": ""Gen1 x1"", ""util_pct"": 0.0, ""power_w"": 52.47, ""vram_used_mib"": 4894.0}, {""index"": 2, ""name"": ""NVIDIA P104-100"", ""pci_bus"": ""00000000:0A:00.0"", ""pcie"": ""Gen1 x1"", ""util_pct"": 7.0, ""power_w"": 41.71, ""vram_used_mib"": 6620.0}, {""index"": 3, ""name"": ""NVIDIA P104-100"", ""pci_bus"": ""00000000:0C:00.0"", ""pcie"": ""Gen1 x1"", ""util_pct"": 10.0, ""power_w"": 52.3, ""vram_used_mib"": 4894.0}, {""index"": 4, ""name"": ""NVIDIA P104-100"", ""pci_bus"": ""00000000:0D:00.0"", ""pcie"": ""Gen1 x1"", ""util_pct"": 0.0, ""power_w"": 43.27, ""vram_used_mib"": 6620.0}, {""index"": 5, ""name"": ""NVIDIA P104-100"", ""pci_bus"": ""00000000:0E:00.0"", ""pcie"": ""Gen1 x1"", ""util_pct"": 11.0, ""power_w"": 42.31, ""vram_used_mib"": 4894.0}, {""index"": 6, ""name"": ""NVIDIA P104-100"", ""pci_bus"": ""00000000:0F:00.0"", ""pcie"": ""Gen1 x1"", ""util_pct"": 0.0, ""power_w"": 44.46, ""vram_used_mib"": 5638.0}, {""index"": 7, ""name"": ""NVIDIA P104-100"", ""pci_bus"": ""00000000:10:00.0"", ""pcie"": ""Gen1 x1"", ""util_pct"": 0.0, ""power_w"": 44.58, ""vram_used_mib"": 5876.0}, {""index"": 8, ""name"": ""NVIDIA P104-100"", ""pci_bus"": ""00000000:11:00.0"", ""pcie"": ""Gen1 x1"", ""util_pct"": 12.0, ""power_w"": 48.44, ""vram_used_mib"": 5638.0}, {""index"": 9, ""name"": ""NVIDIA P104-100"", ""pci_bus"": ""00000000:12:00.0"", ""pcie"": ""Gen1 x1"", ""util_pct"": 11.0, ""power_w"": 43.53, ""vram_used_mib"": 4894.0}, {""index"": 10, ""name"": ""NVIDIA P104-100"", ""pci_bus"": ""00000000:13:00.0"", ""pcie"": ""Gen1 x1"", ""util_pct"": 12.0, ""power_w"": 50.92, ""vram_used_mib"": 6620.0}, {""index"": 11, ""name"": ""NVIDIA P104-100"", ""pci_bus"": ""00000000:14:00.0"", ""pcie"": ""Gen1 x1"", ""util_pct"": 19.0, ""power_w"": 54.86, ""vram_used_mib"": 7750.0}]"
2026-08-16T18:18:02.357829+03:00,1786893482.357829,ctx_001024.txt,1,1,prefill,37.19298245614035,"[10.328638497652582, 98.6046511627907, 18.48341232227488, 20.560747663551403]",15875.55078125,7870.609375,8004.94140625,49.57692166684178,24575.99609375,408.03125,1.6602836704705033,"[{""index"": 0, ""name"": ""NVIDIA P104-100"", ""pci_bus"": ""00000000:01:00.0"", ""pcie"": ""Gen1 x1"", ""util_pct"": 0.0, ""power_w"": 46.32, ""vram_used_mib"": 5638.0}, {""index"": 1, ""name"": ""NVIDIA P104-100"", ""pci_bus"": ""00000000:02:00.0"", ""pcie"": ""Gen1 x1"", ""util_pct"": 0.0, ""power_w"": 53.45, ""vram_used_mib"": 4894.0}, {""index"": 2, ""name"": ""NVIDIA P104-100"", ""pci_bus"": ""00000000:0A:00.0"", ""pcie"": ""Gen1 x1"", ""util_pct"": 0.0, ""power_w"": 45.9, ""vram_used_mib"": 6620.0}, {""index"": 3, ""name"": ""NVIDIA P104-100"", ""pci_bus"": ""00000000:0C:00.0"", ""pcie"": ""Gen1 x1"", ""util_pct"": 0.0, ""power_w"": 49.32, ""vram_used_mib"": 4894.0}, {""index"": 4, ""name"": ""NVIDIA P104-100"", ""pci_bus"": ""00000000:0D:00.0"", ""pcie"": ""Gen1 x1"", ""util_pct"": 0.0, ""power_w"": 47.92, ""vram_used_mib"": 6620.0}, {""index"": 5, ""name"": ""NVIDIA P104-100"", ""pci_bus"": ""00000000:0E:00.0"", ""pcie"": ""Gen1 x1"", ""util_pct"": 0.0, ""power_w"": 46.35, ""vram_used_mib"": 4894.0}, {""index"": 6, ""name"": ""NVIDIA P104-100"", ""pci_bus"": ""00000000:0F:00.0"", ""pcie"": ""Gen1 x1"", ""util_pct"": 45.0, ""power_w"": 53.61, ""vram_used_mib"": 5638.0}, {""index"": 7, ""name"": ""NVIDIA P104-100"", ""pci_bus"": ""00000000:10:00.0"", ""pcie"": ""Gen1 x1"", ""util_pct"": 0.0, ""power_w"": 48.63, ""vram_used_mib"": 5876.0}, {""index"": 8, ""name"": ""NVIDIA P104-100"", ""pci_bus"": ""00000000:11:00.0"", ""pcie"": ""Gen1 x1"", ""util_pct"": 0.0, ""power_w"": 138.21, ""vram_used_mib"": 5638.0}, {""index"": 9, ""name"": ""NVIDIA P104-100"", ""pci_bus"": ""00000000:12:00.0"", ""pcie"": ""Gen1 x1"", ""util_pct"": 0.0, ""power_w"": 43.79, ""vram_used_mib"": 4894.0}, {""index"": 10, ""name"": ""NVIDIA P104-100"", ""pci_bus"": ""00000000:13:00.0"", ""pcie"": ""Gen1 x1"", ""util_pct"": 0.0, ""power_w"": 44.7, ""vram_used_mib"": 6620.0}, {""index"": 11, ""name"": ""NVIDIA P104-100"", ""pci_bus"": ""00000000:14:00.0"", ""pcie"": ""Gen1 x1"", ""util_pct"": 0.0, ""power_w"": 54.84, ""vram_used_mib"": 7750.0}]"
2026-08-16T18:18:04.520613+03:00,1786893484.520613,ctx_001024.txt,1,1,prefill,37.84722222222222,"[14.285714285714286, 100.0, 14.285714285714286, 22.790697674418606]",15875.55078125,7915.30078125,7960.25,49.858432569145606,24575.99609375,408.02734375,1.6602677758960367,"[{""index"": 0, ""name"": ""NVIDIA P104-100"", ""pci_bus"": ""00000000:01:00.0"", ""pcie"": ""Gen1 x1"", ""util_pct"": 97.0, ""power_w"": 140.81, ""vram_used_mib"": 5638.0}, {""index"": 1, ""name"": ""NVIDIA P104-100"", ""pci_bus"": ""00000000:02:00.0"", ""pcie"": ""Gen1 x1"", ""util_pct"": 86.0, ""power_w"": 155.0, ""vram_used_mib"": 4894.0}, {""index"": 2, ""name"": ""NVIDIA P104-100"", ""pci_bus"": ""00000000:0A:00.0"", ""pcie"": ""Gen1 x1"", ""util_pct"": 93.0, ""power_w"": 153.63, ""vram_used_mib"": 6620.0}, {""index"": 3, ""name"": ""NVIDIA P104-100"", ""pci_bus"": ""00000000:0C:00.0"", ""pcie"": ""Gen1 x1"", ""util_pct"": 72.0, ""power_w"": 146.31, ""vram_used_mib"": 4894.0}, {""index"": 4, ""name"": ""NVIDIA P104-100"", ""pci_bus"": ""00000000:0D:00.0"", ""pcie"": ""Gen1 x1"", ""util_pct"": 97.0, ""power_w"": 150.68, ""vram_used_mib"": 6620.0}, {""index"": 5, ""name"": ""NVIDIA P104-100"", ""pci_bus"": ""00000000:0E:00.0"", ""pcie"": ""Gen1 x1"", ""util_pct"": 86.0, ""power_w"": 104.47, ""vram_used_mib"": 4894.0}, {""index"": 6, ""name"": ""NVIDIA P104-100"", ""pci_bus"": ""00000000:0F:00.0"", ""pcie"": ""Gen1 x1"", ""util_pct"": 98.0, ""power_w"": 148.68, ""vram_used_mib"": 5638.0}, {""index"": 7, ""name"": ""NVIDIA P104-100"", ""pci_bus"": ""00000000:10:00.0"", ""pcie"": ""Gen1 x1"", ""util_pct"": 80.0, ""power_w"": 83.02, ""vram_used_mib"": 5876.0}, {""index"": 8, ""name"": ""NVIDIA P104-100"", ""pci_bus"": ""00000000:11:00.0"", ""pcie"": ""Gen1 x1"", ""util_pct"": 98.0, ""power_w"": 149.05, ""vram_used_mib"": 5638.0}, {""index"": 9, ""name"": ""NVIDIA P104-100"", ""pci_bus"": ""00000000:12:00.0"", ""pcie"": ""Gen1 x1"", ""util_pct"": 86.0, ""power_w"": 73.96, ""vram_used_mib"": 4894.0}, {""index"": 10, ""name"": ""NVIDIA P104-100"", ""pci_bus"": ""00000000:13:00.0"", ""pcie"": ""Gen1 x1"", ""util_pct"": 100.0, ""power_w"": 113.04, ""vram_used_mib"": 6620.0}, {""index"": 11, ""name"": ""NVIDIA P104-100"", ""pci_bus"": ""00000000:14:00.0"", ""pcie"": ""Gen1 x1"", ""util_pct"": 47.0, ""power_w"": 62.52, ""vram_used_mib"": 7750.0}]"
2026-08-16T18:18:06.643502+03:00,1786893486.643502,ctx_001024.txt,1,1,prefill,36.28841607565012,"[17.53554502369668, 100.0, 12.264150943396226, 15.566037735849056]",15875.55078125,7888.6953125,7986.85546875,49.69084487964369,24575.99609375,408.01953125,1.6602359867471037,"[{""index"": 0, ""name"": ""NVIDIA P104-100"", ""pci_bus"": ""00000000:01:00.0"", ""pcie"": ""Gen1 x1"", ""util_pct"": 97.0, ""power_w"": 138.91, ""vram_used_mib"": 5638.0}, {""index"": 1, ""name"": ""NVIDIA P104-100"", ""pci_bus"": ""00000000:02:00.0"", ""pcie"": ""Gen1 x1"", ""util_pct"": 87.0, ""power_w"": 131.55, ""vram_used_mib"": 4894.0}, {""index"": 2, ""name"": ""NVIDIA P104-100"", ""pci_bus"": ""00000000:0A:00.0"", ""pcie"": ""Gen1 x1"", ""util_pct"": 98.0, ""power_w"": 135.1, ""vram_used_mib"": 6620.0}, {""index"": 3, ""name"": ""NVIDIA P104-100"", ""pci_bus"": ""00000000:0C:00.0"", ""pcie"": ""Gen1 x1"", ""util_pct"": 76.0, ""power_w"": 147.46, ""vram_used_mib"": 4894.0}, {""index"": 4, ""name"": ""NVIDIA P104-100"", ""pci_bus"": ""00000000:0D:00.0"", ""pcie"": ""Gen1 x1"", ""util_pct"": 98.0, ""power_w"": 154.15, ""vram_used_mib"": 6620.0}, {""index"": 5, ""name"": ""NVIDIA P104-100"", ""pci_bus"": ""00000000:0E:00.0"", ""pcie"": ""Gen1 x1"", ""util_pct"": 80.0, ""power_w"": 141.43, ""vram_used_mib"": 4894.0}, {""index"": 6, ""name"": ""NVIDIA P104-100"", ""pci_bus"": ""00000000:0F:00.0"", ""pcie"": ""Gen1 x1"", ""util_pct"": 98.0, ""power_w"": 144.34, ""vram_used_mib"": 5638.0}, {""index"": 7, ""name"": ""NVIDIA P104-100"", ""pci_bus"": ""00000000:10:00.0"", ""pcie"": ""Gen1 x1"", ""util_pct"": 87.0, ""power_w"": 149.57, ""vram_used_mib"": 5876.0}, {""index"": 8, ""name"": ""NVIDIA P104-100"", ""pci_bus"": ""00000000:11:00.0"", ""pcie"": ""Gen1 x1"", ""util_pct"": 98.0, ""power_w"": 138.79, ""vram_used_mib"": 5638.0}, {""index"": 9, ""name"": ""NVIDIA P104-100"", ""pci_bus"": ""00000000:12:00.0"", ""pcie"": ""Gen1 x1"", ""util_pct"": 85.0, ""power_w"": 148.63, ""vram_used_mib"": 4894.0}, {""index"": 10, ""name"": ""NVIDIA P104-100"", ""pci_bus"": ""00000000:13:00.0"", ""pcie"": ""Gen1 x1"", ""util_pct"": 99.0, ""power_w"": 155.09, ""vram_used_mib"": 6620.0}, {""index"": 11, ""name"": ""NVIDIA P104-100"", ""pci_bus"": ""00000000:14:00.0"", ""pcie"": ""Gen1 x1"", ""util_pct"": 37.0, ""power_w"": 155.09, ""vram_used_mib"": 7750.0}]"
2026-08-16T18:18:08.764993+03:00,1786893488.764993,ctx_001024.txt,1,1,prefill,36.21301775147929,"[14.150943396226415, 100.0, 14.761904761904763, 15.566037735849056]",15875.55078125,7926.03125,7949.51953125,49.926023728015345,24575.99609375,408.0078125,1.6601883030237043,"[{""index"": 0, ""name"": ""NVIDIA P104-100"", ""pci_bus"": ""00000000:01:00.0"", ""pcie"": ""Gen1 x1"", ""util_pct"": 0.0, ""power_w"": 52.19, ""vram_used_mib"": 5638.0}, {""index"": 1, ""name"": ""NVIDIA P104-100"", ""pci_bus"": ""00000000:02:00.0"", ""pcie"": ""Gen1 x1"", ""util_pct"": 0.0, ""power_w"": 53.71, ""vram_used_mib"": 4894.0}, {""index"": 2, ""name"": ""NVIDIA P104-100"", ""pci_bus"": ""00000000:0A:00.0"", ""pcie"": ""Gen1 x1"", ""util_pct"": 0.0, ""power_w"": 52.81, ""vram_used_mib"": 6620.0}, {""index"": 3, ""name"": ""NVIDIA P104-100"", ""pci_bus"": ""00000000:0C:00.0"", ""pcie"": ""Gen1 x1"", ""util_pct"": 0.0, ""power_w"": 55.36, ""vram_used_mib"": 4894.0}, {""index"": 4, ""name"": ""NVIDIA P104-100"", ""pci_bus"": ""00000000:0D:00.0"", ""pcie"": ""Gen1 x1"", ""util_pct"": 0.0, ""power_w"": 54.41, ""vram_used_mib"": 6620.0}, {""index"": 5, ""name"": ""NVIDIA P104-100"", ""pci_bus"": ""00000000:0E:00.0"", ""pcie"": ""Gen1 x1"", ""util_pct"": 59.0, ""power_w"": 51.34, ""vram_used_mib"": 4894.0}, {""index"": 6, ""name"": ""NVIDIA P104-100"", ""pci_bus"": ""00000000:0F:00.0"", ""pcie"": ""Gen1 x1"", ""util_pct"": 27.0, ""power_w"": 92.6, ""vram_used_mib"": 5638.0}, {""index"": 7, ""name"": ""NVIDIA P104-100"", ""pci_bus"": ""00000000:10:00.0"", ""pcie"": ""Gen1 x1"", ""util_pct"": 0.0, ""power_w"": 98.29, ""vram_used_mib"": 5876.0}, {""index"": 8, ""name"": ""NVIDIA P104-100"", ""pci_bus"": ""00000000:11:00.0"", ""pcie"": ""Gen1 x1"", ""util_pct"": 0.0, ""power_w"": 50.76, ""vram_used_mib"": 5638.0}, {""index"": 9, ""name"": ""NVIDIA P104-100"", ""pci_bus"": ""00000000:12:00.0"", ""pcie"": ""Gen1 x1"", ""util_pct"": 0.0, ""power_w"": 53.31, ""vram_used_mib"": 4894.0}, {""index"": 10, ""name"": ""NVIDIA P104-100"", ""pci_bus"": ""00000000:13:00.0"", ""pcie"": ""Gen1 x1"", ""util_pct"": 0.0, ""power_w"": 53.72, ""vram_used_mib"": 6620.0}, {""index"": 11, ""name"": ""NVIDIA P104-100"", ""pci_bus"": ""00000000:14:00.0"", ""pcie"": ""Gen1 x1"", ""util_pct"": 0.0, ""power_w"": 54.19, ""vram_used_mib"": 7750.0}]"
2026-08-16T18:18:10.889312+03:00,1786893490.889312,ctx_001024.txt,1,1,prefill,36.835891381345924,"[14.218009478672986, 100.0, 18.39622641509434, 14.218009478672986]",15875.55078125,7863.38671875,8012.1640625,49.531426198057595,24575.99609375,407.8984375,1.659743254938643,"[{""index"": 0, ""name"": ""NVIDIA P104-100"", ""pci_bus"": ""00000000:01:00.0"", ""pcie"": ""Gen1 x1"", ""util_pct"": 0.0, ""power_w"": 52.1, ""vram_used_mib"": 5638.0}, {""index"": 1, ""name"": ""NVIDIA P104-100"", ""pci_bus"": ""00000000:02:00.0"", ""pcie"": ""Gen1 x1"", ""util_pct"": 0.0, ""power_w"": 53.56, ""vram_used_mib"": 4894.0}, {""index"": 2, ""name"": ""NVIDIA P104-100"", ""pci_bus"": ""00000000:0A:00.0"", ""pcie"": ""Gen1 x1"", ""util_pct"": 0.0, ""power_w"": 52.68, ""vram_used_mib"": 6620.0}, {""index"": 3, ""name"": ""NVIDIA P104-100"", ""pci_bus"": ""00000000:0C:00.0"", ""pcie"": ""Gen1 x1"", ""util_pct"": 0.0, ""power_w"": 55.38, ""vram_used_mib"": 4894.0}, {""index"": 4, ""name"": ""NVIDIA P104-100"", ""pci_bus"": ""00000000:0D:00.0"", ""pcie"": ""Gen1 x1"", ""util_pct"": 0.0, ""power_w"": 54.16, ""vram_used_mib"": 6620.0}, {""index"": 5, ""name"": ""NVIDIA P104-100"", ""pci_bus"": ""00000000:0E:00.0"", ""pcie"": ""Gen1 x1"", ""util_pct"": 0.0, ""power_w"": 51.34, ""vram_used_mib"": 4894.0}, {""index"": 6, ""name"": ""NVIDIA P104-100"", ""pci_bus"": ""00000000:0F:00.0"", ""pcie"": ""Gen1 x1"", ""util_pct"": 3.0, ""power_w"": 53.67, ""vram_used_mib"": 5638.0}, {""index"": 7, ""name"": ""NVIDIA P104-100"", ""pci_bus"": ""00000000:10:00.0"", ""pcie"": ""Gen1 x1"", ""util_pct"": 27.0, ""power_w"": 55.52, ""vram_used_mib"": 5876.0}, {""index"": 8, ""name"": ""NVIDIA P104-100"", ""pci_bus"": ""00000000:11:00.0"", ""pcie"": ""Gen1 x1"", ""util_pct"": 45.0, ""power_w"": 50.53, ""vram_used_mib"": 5638.0}, {""index"": 9, ""name"": ""NVIDIA P104-100"", ""pci_bus"": ""00000000:12:00.0"", ""pcie"": ""Gen1 x1"", ""util_pct"": 27.0, ""power_w"": 53.08, ""vram_used_mib"": 4894.0}, {""index"": 10, ""name"": ""NVIDIA P104-100"", ""pci_bus"": ""00000000:13:00.0"", ""pcie"": ""Gen1 x1"", ""util_pct"": 18.0, ""power_w"": 53.72, ""vram_used_mib"": 6620.0}, {""index"": 11, ""name"": ""NVIDIA P104-100"", ""pci_bus"": ""00000000:14:00.0"", ""pcie"": ""Gen1 x1"", ""util_pct"": 0.0, ""power_w"": 54.23, ""vram_used_mib"": 7750.0}]"
2026-08-16T18:18:13.034610+03:00,1786893493.034610,ctx_001024.txt,1,1,decode,36.522753792298715,"[18.22429906542056, 100.0, 9.345794392523365, 18.13953488372093]",15875.55078125,7922.56640625,7952.984375,49.90419869783061,24575.99609375,407.8828125,1.659679676640777,"[{""index"": 0, ""name"": ""NVIDIA P104-100"", ""pci_bus"": ""00000000:01:00.0"", ""pcie"": ""Gen1 x1"", ""util_pct"": 0.0, ""power_w"": 52.1, ""vram_used_mib"": 5638.0}, {""index"": 1, ""name"": ""NVIDIA P104-100"", ""pci_bus"": ""00000000:02:00.0"", ""pcie"": ""Gen1 x1"", ""util_pct"": 0.0, ""power_w"": 53.56, ""vram_used_mib"": 4894.0}, {""index"": 2, ""name"": ""NVIDIA P104-100"", ""pci_bus"": ""00000000:0A:00.0"", ""pcie"": ""Gen1 x1"", ""util_pct"": 0.0, ""power_w"": 52.58, ""vram_used_mib"": 6620.0}, {""index"": 3, ""name"": ""NVIDIA P104-100"", ""pci_bus"": ""00000000:0C:00.0"", ""pcie"": ""Gen1 x1"", ""util_pct"": 0.0, ""power_w"": 55.38, ""vram_used_mib"": 4894.0}, {""index"": 4, ""name"": ""NVIDIA P104-100"", ""pci_bus"": ""00000000:0D:00.0"", ""pcie"": ""Gen1 x1"", ""util_pct"": 0.0, ""power_w"": 54.24, ""vram_used_mib"": 6620.0}, {""index"": 5, ""name"": ""NVIDIA P104-100"", ""pci_bus"": ""00000000:0E:00.0"", ""pcie"": ""Gen1 x1"", ""util_pct"": 0.0, ""power_w"": 50.98, ""vram_used_mib"": 4894.0}, {""index"": 6, ""name"": ""NVIDIA P104-100"", ""pci_bus"": ""00000000:0F:00.0"", ""pcie"": ""Gen1 x1"", ""util_pct"": 0.0, ""power_w"": 53.76, ""vram_used_mib"": 5638.0}, {""index"": 7, ""name"": ""NVIDIA P104-100"", ""pci_bus"": ""00000000:10:00.0"", ""pcie"": ""Gen1 x1"", ""util_pct"": 27.0, ""power_w"": 55.27, ""vram_used_mib"": 5876.0}, {""index"": 8, ""name"": ""NVIDIA P104-100"", ""pci_bus"": ""00000000:11:00.0"", ""pcie"": ""Gen1 x1"", ""util_pct"": 45.0, ""power_w"": 50.61, ""vram_used_mib"": 5638.0}, {""index"": 9, ""name"": ""NVIDIA P104-100"", ""pci_bus"": ""00000000:12:00.0"", ""pcie"": ""Gen1 x1"", ""util_pct"": 36.0, ""power_w"": 53.08, ""vram_used_mib"": 4894.0}, {""index"": 10, ""name"": ""NVIDIA P104-100"", ""pci_bus"": ""00000000:13:00.0"", ""pcie"": ""Gen1 x1"", ""util_pct"": 0.0, ""power_w"": 53.62, ""vram_used_mib"": 6620.0}, {""index"": 11, ""name"": ""NVIDIA P104-100"", ""pci_bus"": ""00000000:14:00.0"", ""pcie"": ""Gen1 x1"", ""util_pct"": 0.0, ""power_w"": 54.23, ""vram_used_mib"": 7750.0}]"
2026-08-16T18:18:15.179417+03:00,1786893495.179417,ctx_001024.txt,1,1,decode,39.41520467836257,"[27.570093457943926, 100.0, 13.08411214953271, 17.452830188679247]",15875.55078125,7903.6875,7971.86328125,49.78528057958619,24575.99609375,407.84765625,1.6595366254705788,"[{""index"": 0, ""name"": ""NVIDIA P104-100"", ""pci_bus"": ""00000000:01:00.0"", ""pcie"": ""Gen1 x1"", ""util_pct"": 20.0, ""power_w"": 51.21, ""vram_used_mib"": 5638.0}, {""index"": 1, ""name"": ""NVIDIA P104-100"", ""pci_bus"": ""00000000:02:00.0"", ""pcie"": ""Gen1 x1"", ""util_pct"": 17.0, ""power_w"": 52.8, ""vram_used_mib"": 4894.0}, {""index"": 2, ""name"": ""NVIDIA P104-100"", ""pci_bus"": ""00000000:0A:00.0"", ""pcie"": ""Gen1 x1"", ""util_pct"": 20.0, ""power_w"": 51.19, ""vram_used_mib"": 6620.0}, {""index"": 3, ""name"": ""NVIDIA P104-100"", ""pci_bus"": ""00000000:0C:00.0"", ""pcie"": ""Gen1 x1"", ""util_pct"": 17.0, ""power_w"": 54.37, ""vram_used_mib"": 4894.0}, {""index"": 4, ""name"": ""NVIDIA P104-100"", ""pci_bus"": ""00000000:0D:00.0"", ""pcie"": ""Gen1 x1"", ""util_pct"": 20.0, ""power_w"": 52.13, ""vram_used_mib"": 6620.0}, {""index"": 5, ""name"": ""NVIDIA P104-100"", ""pci_bus"": ""00000000:0E:00.0"", ""pcie"": ""Gen1 x1"", ""util_pct"": 17.0, ""power_w"": 51.91, ""vram_used_mib"": 4894.0}, {""index"": 6, ""name"": ""NVIDIA P104-100"", ""pci_bus"": ""00000000:0F:00.0"", ""pcie"": ""Gen1 x1"", ""util_pct"": 0.0, ""power_w"": 57.87, ""vram_used_mib"": 5638.0}, {""index"": 7, ""name"": ""NVIDIA P104-100"", ""pci_bus"": ""00000000:10:00.0"", ""pcie"": ""Gen1 x1"", ""util_pct"": 0.0, ""power_w"": 95.19, ""vram_used_mib"": 5876.0}, {""index"": 8, ""name"": ""NVIDIA P104-100"", ""pci_bus"": ""00000000:11:00.0"", ""pcie"": ""Gen1 x1"", ""util_pct"": 8.0, ""power_w"": 145.8, ""vram_used_mib"": 5638.0}, {""index"": 9, ""name"": ""NVIDIA P104-100"", ""pci_bus"": ""00000000:12:00.0"", ""pcie"": ""Gen1 x1"", ""util_pct"": 0.0, ""power_w"": 52.83, ""vram_used_mib"": 4894.0}, {""index"": 10, ""name"": ""NVIDIA P104-100"", ""pci_bus"": ""00000000:13:00.0"", ""pcie"": ""Gen1 x1"", ""util_pct"": 0.0, ""power_w"": 51.88, ""vram_used_mib"": 6620.0}, {""index"": 11, ""name"": ""NVIDIA P104-100"", ""pci_bus"": ""00000000:14:00.0"", ""pcie"": ""Gen1 x1"", ""util_pct"": 0.0, ""power_w"": 54.44, ""vram_used_mib"": 7750.0}]"
2026-08-16T18:18:17.299990+03:00,1786893497.299990,ctx_001024.txt,1,1,decode,38.60684769775679,"[20.754716981132077, 100.0, 14.691943127962086, 18.867924528301888]",15875.55078125,7993.09375,7882.45703125,50.348450016867034,24575.99609375,407.82421875,1.6594412580237798,"[{""index"": 0, ""name"": ""NVIDIA P104-100"", ""pci_bus"": ""00000000:01:00.0"", ""pcie"": ""Gen1 x1"", ""util_pct"": 20.0, ""power_w"": 51.44, ""vram_used_mib"": 5638.0}, {""index"": 1, ""name"": ""NVIDIA P104-100"", ""pci_bus"": ""00000000:02:00.0"", ""pcie"": ""Gen1 x1"", ""util_pct"": 19.0, ""power_w"": 43.73, ""vram_used_mib"": 4894.0}, {""index"": 2, ""name"": ""NVIDIA P104-100"", ""pci_bus"": ""00000000:0A:00.0"", ""pcie"": ""Gen1 x1"", ""util_pct"": 20.0, ""power_w"": 52.92, ""vram_used_mib"": 6620.0}, {""index"": 3, ""name"": ""NVIDIA P104-100"", ""pci_bus"": ""00000000:0C:00.0"", ""pcie"": ""Gen1 x1"", ""util_pct"": 17.0, ""power_w"": 73.74, ""vram_used_mib"": 4894.0}, {""index"": 4, ""name"": ""NVIDIA P104-100"", ""pci_bus"": ""00000000:0D:00.0"", ""pcie"": ""Gen1 x1"", ""util_pct"": 0.0, ""power_w"": 177.99, ""vram_used_mib"": 6620.0}, {""index"": 5, ""name"": ""NVIDIA P104-100"", ""pci_bus"": ""00000000:0E:00.0"", ""pcie"": ""Gen1 x1"", ""util_pct"": 0.0, ""power_w"": 51.51, ""vram_used_mib"": 4894.0}, {""index"": 6, ""name"": ""NVIDIA P104-100"", ""pci_bus"": ""00000000:0F:00.0"", ""pcie"": ""Gen1 x1"", ""util_pct"": 0.0, ""power_w"": 52.73, ""vram_used_mib"": 5638.0}, {""index"": 7, ""name"": ""NVIDIA P104-100"", ""pci_bus"": ""00000000:10:00.0"", ""pcie"": ""Gen1 x1"", ""util_pct"": 0.0, ""power_w"": 53.6, ""vram_used_mib"": 5876.0}, {""index"": 8, ""name"": ""NVIDIA P104-100"", ""pci_bus"": ""00000000:11:00.0"", ""pcie"": ""Gen1 x1"", ""util_pct"": 0.0, ""power_w"": 48.77, ""vram_used_mib"": 5638.0}, {""index"": 9, ""name"": ""NVIDIA P104-100"", ""pci_bus"": ""00000000:12:00.0"", ""pcie"": ""Gen1 x1"", ""util_pct"": 0.0, ""power_w"": 52.75, ""vram_used_mib"": 4894.0}, {""index"": 10, ""name"": ""NVIDIA P104-100"", ""pci_bus"": ""00000000:13:00.0"", ""pcie"": ""Gen1 x1"", ""util_pct"": 0.0, ""power_w"": 51.15, ""vram_used_mib"": 6620.0}, {""index"": 11, ""name"": ""NVIDIA P104-100"", ""pci_bus"": ""00000000:14:00.0"", ""pcie"": ""Gen1 x1"", ""util_pct"": 17.0, ""power_w"": 54.44, ""vram_used_mib"": 7750.0}]"
2026-08-16T18:18:19.450178+03:00,1786893499.450178,ctx_001024.txt,1,1,decode,43.559718969555036,"[10.328638497652582, 99.06976744186046, 46.478873239436616, 17.452830188679247]",15875.55078125,7931.8046875,7943.74609375,49.96239057650805,24575.99609375,407.79296875,1.6593141014280481,"[{""index"": 0, ""name"": ""NVIDIA P104-100"", ""pci_bus"": ""00000000:01:00.0"", ""pcie"": ""Gen1 x1"", ""util_pct"": 3.0, ""power_w"": 51.57, ""vram_used_mib"": 5638.0}, {""index"": 1, ""name"": ""NVIDIA P104-100"", ""pci_bus"": ""00000000:02:00.0"", ""pcie"": ""Gen1 x1"", ""util_pct"": 0.0, ""power_w"": 44.81, ""vram_used_mib"": 4894.0}, {""index"": 2, ""name"": ""NVIDIA P104-100"", ""pci_bus"": ""00000000:0A:00.0"", ""pcie"": ""Gen1 x1"", ""util_pct"": 9.0, ""power_w"": 61.4, ""vram_used_mib"": 6620.0}, {""index"": 3, ""name"": ""NVIDIA P104-100"", ""pci_bus"": ""00000000:0C:00.0"", ""pcie"": ""Gen1 x1"", ""util_pct"": 0.0, ""power_w"": 104.96, ""vram_used_mib"": 4894.0}, {""index"": 4, ""name"": ""NVIDIA P104-100"", ""pci_bus"": ""00000000:0D:00.0"", ""pcie"": ""Gen1 x1"", ""util_pct"": 0.0, ""power_w"": 168.04, ""vram_used_mib"": 6620.0}, {""index"": 5, ""name"": ""NVIDIA P104-100"", ""pci_bus"": ""00000000:0E:00.0"", ""pcie"": ""Gen1 x1"", ""util_pct"": 0.0, ""power_w"": 51.26, ""vram_used_mib"": 4894.0}, {""index"": 6, ""name"": ""NVIDIA P104-100"", ""pci_bus"": ""00000000:0F:00.0"", ""pcie"": ""Gen1 x1"", ""util_pct"": 0.0, ""power_w"": 52.4, ""vram_used_mib"": 5638.0}, {""index"": 7, ""name"": ""NVIDIA P104-100"", ""pci_bus"": ""00000000:10:00.0"", ""pcie"": ""Gen1 x1"", ""util_pct"": 0.0, ""power_w"": 52.1, ""vram_used_mib"": 5876.0}, {""index"": 8, ""name"": ""NVIDIA P104-100"", ""pci_bus"": ""00000000:11:00.0"", ""pcie"": ""Gen1 x1"", ""util_pct"": 0.0, ""power_w"": 48.77, ""vram_used_mib"": 5638.0}, {""index"": 9, ""name"": ""NVIDIA P104-100"", ""pci_bus"": ""00000000:12:00.0"", ""pcie"": ""Gen1 x1"", ""util_pct"": 0.0, ""power_w"": 52.85, ""vram_used_mib"": 4894.0}, {""index"": 10, ""name"": ""NVIDIA P104-100"", ""pci_bus"": ""00000000:13:00.0"", ""pcie"": ""Gen1 x1"", ""util_pct"": 7.0, ""power_w"": 51.14, ""vram_used_mib"": 6620.0}, {""index"": 11, ""name"": ""NVIDIA P104-100"", ""pci_bus"": ""00000000:14:00.0"", ""pcie"": ""Gen1 x1"", ""util_pct"": 40.0, ""power_w"": 54.54, ""vram_used_mib"": 7750.0}]"
2026-08-16T18:18:22.213865+03:00,1786893502.213865,ctx_001024.txt,1,1,decode,45.009074410163336,"[23.826714801444044, 36.0, 100.0, 20.0]",15875.55078125,8021.99609375,7853.5546875,50.530505708340336,24575.99609375,407.75,1.6591392611089169,"[{""index"": 0, ""name"": ""NVIDIA P104-100"", ""pci_bus"": ""00000000:01:00.0"", ""pcie"": ""Gen1 x1"", ""util_pct"": 0.0, ""power_w"": 141.03, ""vram_used_mib"": 5638.0}, {""index"": 1, ""name"": ""NVIDIA P104-100"", ""pci_bus"": ""00000000:02:00.0"", ""pcie"": ""Gen1 x1"", ""util_pct"": 0.0, ""power_w"": 79.21, ""vram_used_mib"": 4894.0}, {""index"": 2, ""name"": ""NVIDIA P104-100"", ""pci_bus"": ""00000000:0A:00.0"", ""pcie"": ""Gen1 x1"", ""util_pct"": 0.0, ""power_w"": 49.7, ""vram_used_mib"": 6620.0}, {""index"": 3, ""name"": ""NVIDIA P104-100"", ""pci_bus"": ""00000000:0C:00.0"", ""pcie"": ""Gen1 x1"", ""util_pct"": 0.0, ""power_w"": 53.62, ""vram_used_mib"": 4894.0}, {""index"": 4, ""name"": ""NVIDIA P104-100"", ""pci_bus"": ""00000000:0D:00.0"", ""pcie"": ""Gen1 x1"", ""util_pct"": 0.0, ""power_w"": 52.15, ""vram_used_mib"": 6620.0}, {""index"": 5, ""name"": ""NVIDIA P104-100"", ""pci_bus"": ""00000000:0E:00.0"", ""pcie"": ""Gen1 x1"", ""util_pct"": 0.0, ""power_w"": 51.43, ""vram_used_mib"": 4894.0}, {""index"": 6, ""name"": ""NVIDIA P104-100"", ""pci_bus"": ""00000000:0F:00.0"", ""pcie"": ""Gen1 x1"", ""util_pct"": 18.0, ""power_w"": 52.75, ""vram_used_mib"": 5638.0}, {""index"": 7, ""name"": ""NVIDIA P104-100"", ""pci_bus"": ""00000000:10:00.0"", ""pcie"": ""Gen1 x1"", ""util_pct"": 3.0, ""power_w"": 52.38, ""vram_used_mib"": 5876.0}, {""index"": 8, ""name"": ""NVIDIA P104-100"", ""pci_bus"": ""00000000:11:00.0"", ""pcie"": ""Gen1 x1"", ""util_pct"": 0.0, ""power_w"": 48.87, ""vram_used_mib"": 5638.0}, {""index"": 9, ""name"": ""NVIDIA P104-100"", ""pci_bus"": ""00000000:12:00.0"", ""pcie"": ""Gen1 x1"", ""util_pct"": 17.0, ""power_w"": 52.83, ""vram_used_mib"": 4894.0}, {""index"": 10, ""name"": ""NVIDIA P104-100"", ""pci_bus"": ""00000000:13:00.0"", ""pcie"": ""Gen1 x1"", ""util_pct"": 21.0, ""power_w"": 51.24, ""vram_used_mib"": 6620.0}, {""index"": 11, ""name"": ""NVIDIA P104-100"", ""pci_bus"": ""00000000:14:00.0"", ""pcie"": ""Gen1 x1"", ""util_pct"": 60.0, ""power_w"": 55.29, ""vram_used_mib"": 7750.0}]"
2026-08-16T18:18:24.336956+03:00,1786893504.336956,ctx_001024.txt,1,1,decode,38.56132075471698,"[22.38095238095238, 14.150943396226415, 100.0, 17.452830188679247]",15875.55078125,7924.78515625,7950.765625,49.91817459089141,24575.99609375,407.734375,1.659075682811051,"[{""index"": 0, ""name"": ""NVIDIA P104-100"", ""pci_bus"": ""00000000:01:00.0"", ""pcie"": ""Gen1 x1"", ""util_pct"": 0.0, ""power_w"": 51.11, ""vram_used_mib"": 5638.0}, {""index"": 1, ""name"": ""NVIDIA P104-100"", ""pci_bus"": ""00000000:02:00.0"", ""pcie"": ""Gen1 x1"", ""util_pct"": 0.0, ""power_w"": 43.39, ""vram_used_mib"": 4894.0}, {""index"": 2, ""name"": ""NVIDIA P104-100"", ""pci_bus"": ""00000000:0A:00.0"", ""pcie"": ""Gen1 x1"", ""util_pct"": 0.0, ""power_w"": 49.45, ""vram_used_mib"": 6620.0}, {""index"": 3, ""name"": ""NVIDIA P104-100"", ""pci_bus"": ""00000000:0C:00.0"", ""pcie"": ""Gen1 x1"", ""util_pct"": 0.0, ""power_w"": 53.45, ""vram_used_mib"": 4894.0}, {""index"": 4, ""name"": ""NVIDIA P104-100"", ""pci_bus"": ""00000000:0D:00.0"", ""pcie"": ""Gen1 x1"", ""util_pct"": 18.0, ""power_w"": 52.13, ""vram_used_mib"": 6620.0}, {""index"": 5, ""name"": ""NVIDIA P104-100"", ""pci_bus"": ""00000000:0E:00.0"", ""pcie"": ""Gen1 x1"", ""util_pct"": 17.0, ""power_w"": 51.33, ""vram_used_mib"": 4894.0}, {""index"": 6, ""name"": ""NVIDIA P104-100"", ""pci_bus"": ""00000000:0F:00.0"", ""pcie"": ""Gen1 x1"", ""util_pct"": 20.0, ""power_w"": 52.39, ""vram_used_mib"": 5638.0}, {""index"": 7, ""name"": ""NVIDIA P104-100"", ""pci_bus"": ""00000000:10:00.0"", ""pcie"": ""Gen1 x1"", ""util_pct"": 17.0, ""power_w"": 52.05, ""vram_used_mib"": 5876.0}, {""index"": 8, ""name"": ""NVIDIA P104-100"", ""pci_bus"": ""00000000:11:00.0"", ""pcie"": ""Gen1 x1"", ""util_pct"": 0.0, ""power_w"": 48.77, ""vram_used_mib"": 5638.0}, {""index"": 9, ""name"": ""NVIDIA P104-100"", ""pci_bus"": ""00000000:12:00.0"", ""pcie"": ""Gen1 x1"", ""util_pct"": 0.0, ""power_w"": 53.35, ""vram_used_mib"": 4894.0}, {""index"": 10, ""name"": ""NVIDIA P104-100"", ""pci_bus"": ""00000000:13:00.0"", ""pcie"": ""Gen1 x1"", ""util_pct"": 0.0, ""power_w"": 55.31, ""vram_used_mib"": 6620.0}, {""index"": 11, ""name"": ""NVIDIA P104-100"", ""pci_bus"": ""00000000:14:00.0"", ""pcie"": ""Gen1 x1"", ""util_pct"": 5.0, ""power_w"": 117.69, ""vram_used_mib"": 7750.0}]"
2026-08-16T18:18:26.483300+03:00,1786893506.483300,ctx_001024.txt,1,1,decode,39.439906651108515,"[13.615023474178404, 22.790697674418606, 100.0, 21.02803738317757]",15875.55078125,8055.00390625,7820.546875,50.738421723065215,24575.99609375,407.69921875,1.6589326316408526,"[{""index"": 0, ""name"": ""NVIDIA P104-100"", ""pci_bus"": ""00000000:01:00.0"", ""pcie"": ""Gen1 x1"", ""util_pct"": 19.0, ""power_w"": 51.21, ""vram_used_mib"": 5638.0}, {""index"": 1, ""name"": ""NVIDIA P104-100"", ""pci_bus"": ""00000000:02:00.0"", ""pcie"": ""Gen1 x1"", ""util_pct"": 19.0, ""power_w"": 43.39, ""vram_used_mib"": 4894.0}, {""index"": 2, ""name"": ""NVIDIA P104-100"", ""pci_bus"": ""00000000:0A:00.0"", ""pcie"": ""Gen1 x1"", ""util_pct"": 7.0, ""power_w"": 49.71, ""vram_used_mib"": 6620.0}, {""index"": 3, ""name"": ""NVIDIA P104-100"", ""pci_bus"": ""00000000:0C:00.0"", ""pcie"": ""Gen1 x1"", ""util_pct"": 0.0, ""power_w"": 53.47, ""vram_used_mib"": 4894.0}, {""index"": 4, ""name"": ""NVIDIA P104-100"", ""pci_bus"": ""00000000:0D:00.0"", ""pcie"": ""Gen1 x1"", ""util_pct"": 20.0, ""power_w"": 52.48, ""vram_used_mib"": 6620.0}, {""index"": 5, ""name"": ""NVIDIA P104-100"", ""pci_bus"": ""00000000:0E:00.0"", ""pcie"": ""Gen1 x1"", ""util_pct"": 0.0, ""power_w"": 57.9, ""vram_used_mib"": 4894.0}, {""index"": 6, ""name"": ""NVIDIA P104-100"", ""pci_bus"": ""00000000:0F:00.0"", ""pcie"": ""Gen1 x1"", ""util_pct"": 0.0, ""power_w"": 123.77, ""vram_used_mib"": 5638.0}, {""index"": 7, ""name"": ""NVIDIA P104-100"", ""pci_bus"": ""00000000:10:00.0"", ""pcie"": ""Gen1 x1"", ""util_pct"": 0.0, ""power_w"": 125.56, ""vram_used_mib"": 5876.0}, {""index"": 8, ""name"": ""NVIDIA P104-100"", ""pci_bus"": ""00000000:11:00.0"", ""pcie"": ""Gen1 x1"", ""util_pct"": 0.0, ""power_w"": 48.85, ""vram_used_mib"": 5638.0}, {""index"": 9, ""name"": ""NVIDIA P104-100"", ""pci_bus"": ""00000000:12:00.0"", ""pcie"": ""Gen1 x1"", ""util_pct"": 0.0, ""power_w"": 52.83, ""vram_used_mib"": 4894.0}, {""index"": 10, ""name"": ""NVIDIA P104-100"", ""pci_bus"": ""00000000:13:00.0"", ""pcie"": ""Gen1 x1"", ""util_pct"": 0.0, ""power_w"": 51.24, ""vram_used_mib"": 6620.0}, {""index"": 11, ""name"": ""NVIDIA P104-100"", ""pci_bus"": ""00000000:14:00.0"", ""pcie"": ""Gen1 x1"", ""util_pct"": 40.0, ""power_w"": 54.51, ""vram_used_mib"": 7750.0}]"
2026-08-16T18:18:28.602945+03:00,1786893508.602945,ctx_001024.txt,1,1,decode,38.74407582938389,"[17.061611374407583, 21.22641509433962, 45.070422535211264, 72.03791469194313]",15875.55078125,7970.5703125,7904.98046875,50.20657501794352,24575.99609375,407.6796875,1.6588531587685202,"[{""index"": 0, ""name"": ""NVIDIA P104-100"", ""pci_bus"": ""00000000:01:00.0"", ""pcie"": ""Gen1 x1"", ""util_pct"": 20.0, ""power_w"": 52.62, ""vram_used_mib"": 5638.0}, {""index"": 1, ""name"": ""NVIDIA P104-100"", ""pci_bus"": ""00000000:02:00.0"", ""pcie"": ""Gen1 x1"", ""util_pct"": 19.0, ""power_w"": 53.51, ""vram_used_mib"": 4894.0}, {""index"": 2, ""name"": ""NVIDIA P104-100"", ""pci_bus"": ""00000000:0A:00.0"", ""pcie"": ""Gen1 x1"", ""util_pct"": 0.0, ""power_w"": 171.47, ""vram_used_mib"": 6620.0}, {""index"": 3, ""name"": ""NVIDIA P104-100"", ""pci_bus"": ""00000000:0C:00.0"", ""pcie"": ""Gen1 x1"", ""util_pct"": 0.0, ""power_w"": 53.39, ""vram_used_mib"": 4894.0}, {""index"": 4, ""name"": ""NVIDIA P104-100"", ""pci_bus"": ""00000000:0D:00.0"", ""pcie"": ""Gen1 x1"", ""util_pct"": 0.0, ""power_w"": 51.42, ""vram_used_mib"": 6620.0}, {""index"": 5, ""name"": ""NVIDIA P104-100"", ""pci_bus"": ""00000000:0E:00.0"", ""pcie"": ""Gen1 x1"", ""util_pct"": 0.0, ""power_w"": 51.33, ""vram_used_mib"": 4894.0}, {""index"": 6, ""name"": ""NVIDIA P104-100"", ""pci_bus"": ""00000000:0F:00.0"", ""pcie"": ""Gen1 x1"", ""util_pct"": 0.0, ""power_w"": 52.65, ""vram_used_mib"": 5638.0}, {""index"": 7, ""name"": ""NVIDIA P104-100"", ""pci_bus"": ""00000000:10:00.0"", ""pcie"": ""Gen1 x1"", ""util_pct"": 7.0, ""power_w"": 52.26, ""vram_used_mib"": 5876.0}, {""index"": 8, ""name"": ""NVIDIA P104-100"", ""pci_bus"": ""00000000:11:00.0"", ""pcie"": ""Gen1 x1"", ""util_pct"": 0.0, ""power_w"": 48.77, ""vram_used_mib"": 5638.0}, {""index"": 9, ""name"": ""NVIDIA P104-100"", ""pci_bus"": ""00000000:12:00.0"", ""pcie"": ""Gen1 x1"", ""util_pct"": 0.0, ""power_w"": 52.81, ""vram_used_mib"": 4894.0}, {""index"": 10, ""name"": ""NVIDIA P104-100"", ""pci_bus"": ""00000000:13:00.0"", ""pcie"": ""Gen1 x1"", ""util_pct"": 21.0, ""power_w"": 51.14, ""vram_used_mib"": 6620.0}, {""index"": 11, ""name"": ""NVIDIA P104-100"", ""pci_bus"": ""00000000:14:00.0"", ""pcie"": ""Gen1 x1"", ""util_pct"": 60.0, ""power_w"": 54.69, ""vram_used_mib"": 7750.0}]"
2026-08-16T18:18:30.745995+03:00,1786893510.745995,ctx_001024.txt,1,1,decode,39.11007025761124,"[21.962616822429908, 14.553990610328638, 19.718309859154928, 100.0]",15875.55078125,7987.32421875,7888.2265625,50.312107773819854,24575.99609375,407.6484375,1.6587260021727883,"[{""index"": 0, ""name"": ""NVIDIA P104-100"", ""pci_bus"": ""00000000:01:00.0"", ""pcie"": ""Gen1 x1"", ""util_pct"": 0.0, ""power_w"": 51.21, ""vram_used_mib"": 5638.0}, {""index"": 1, ""name"": ""NVIDIA P104-100"", ""pci_bus"": ""00000000:02:00.0"", ""pcie"": ""Gen1 x1"", ""util_pct"": 0.0, ""power_w"": 43.37, ""vram_used_mib"": 4894.0}, {""index"": 2, ""name"": ""NVIDIA P104-100"", ""pci_bus"": ""00000000:0A:00.0"", ""pcie"": ""Gen1 x1"", ""util_pct"": 0.0, ""power_w"": 49.47, ""vram_used_mib"": 6620.0}, {""index"": 3, ""name"": ""NVIDIA P104-100"", ""pci_bus"": ""00000000:0C:00.0"", ""pcie"": ""Gen1 x1"", ""util_pct"": 0.0, ""power_w"": 53.36, ""vram_used_mib"": 4894.0}, {""index"": 4, ""name"": ""NVIDIA P104-100"", ""pci_bus"": ""00000000:0D:00.0"", ""pcie"": ""Gen1 x1"", ""util_pct"": 20.0, ""power_w"": 51.42, ""vram_used_mib"": 6620.0}, {""index"": 5, ""name"": ""NVIDIA P104-100"", ""pci_bus"": ""00000000:0E:00.0"", ""pcie"": ""Gen1 x1"", ""util_pct"": 0.0, ""power_w"": 42.66, ""vram_used_mib"": 4894.0}, {""index"": 6, ""name"": ""NVIDIA P104-100"", ""pci_bus"": ""00000000:0F:00.0"", ""pcie"": ""Gen1 x1"", ""util_pct"": 20.0, ""power_w"": 52.52, ""vram_used_mib"": 5638.0}, {""index"": 7, ""name"": ""NVIDIA P104-100"", ""pci_bus"": ""00000000:10:00.0"", ""pcie"": ""Gen1 x1"", ""util_pct"": 17.0, ""power_w"": 52.04, ""vram_used_mib"": 5876.0}, {""index"": 8, ""name"": ""NVIDIA P104-100"", ""pci_bus"": ""00000000:11:00.0"", ""pcie"": ""Gen1 x1"", ""util_pct"": 21.0, ""power_w"": 48.87, ""vram_used_mib"": 5638.0}, {""index"": 9, ""name"": ""NVIDIA P104-100"", ""pci_bus"": ""00000000:12:00.0"", ""pcie"": ""Gen1 x1"", ""util_pct"": 0.0, ""power_w"": 51.85, ""vram_used_mib"": 4894.0}, {""index"": 10, ""name"": ""NVIDIA P104-100"", ""pci_bus"": ""00000000:13:00.0"", ""pcie"": ""Gen1 x1"", ""util_pct"": 0.0, ""power_w"": 51.58, ""vram_used_mib"": 6620.0}, {""index"": 11, ""name"": ""NVIDIA P104-100"", ""pci_bus"": ""00000000:14:00.0"", ""pcie"": ""Gen1 x1"", ""util_pct"": 0.0, ""power_w"": 152.02, ""vram_used_mib"": 7750.0}]"
2026-08-16T18:18:32.892815+03:00,1786893512.892815,ctx_001024.txt,1,1,decode,39.7196261682243,"[14.553990610328638, 25.233644859813083, 18.39622641509434, 100.0]",15875.55078125,7922.00390625,7953.546875,49.90065551367435,24575.99609375,407.609375,1.6585670564281236,"[{""index"": 0, ""name"": ""NVIDIA P104-100"", ""pci_bus"": ""00000000:01:00.0"", ""pcie"": ""Gen1 x1"", ""util_pct"": 20.0, ""power_w"": 51.21, ""vram_used_mib"": 5638.0}, {""index"": 1, ""name"": ""NVIDIA P104-100"", ""pci_bus"": ""00000000:02:00.0"", ""pcie"": ""Gen1 x1"", ""util_pct"": 19.0, ""power_w"": 43.29, ""vram_used_mib"": 4894.0}, {""index"": 2, ""name"": ""NVIDIA P104-100"", ""pci_bus"": ""00000000:0A:00.0"", ""pcie"": ""Gen1 x1"", ""util_pct"": 20.0, ""power_w"": 49.47, ""vram_used_mib"": 6620.0}, {""index"": 3, ""name"": ""NVIDIA P104-100"", ""pci_bus"": ""00000000:0C:00.0"", ""pcie"": ""Gen1 x1"", ""util_pct"": 17.0, ""power_w"": 53.36, ""vram_used_mib"": 4894.0}, {""index"": 4, ""name"": ""NVIDIA P104-100"", ""pci_bus"": ""00000000:0D:00.0"", ""pcie"": ""Gen1 x1"", ""util_pct"": 20.0, ""power_w"": 51.63, ""vram_used_mib"": 6620.0}, {""index"": 5, ""name"": ""NVIDIA P104-100"", ""pci_bus"": ""00000000:0E:00.0"", ""pcie"": ""Gen1 x1"", ""util_pct"": 19.0, ""power_w"": 43.57, ""vram_used_mib"": 4894.0}, {""index"": 6, ""name"": ""NVIDIA P104-100"", ""pci_bus"": ""00000000:0F:00.0"", ""pcie"": ""Gen1 x1"", ""util_pct"": 0.0, ""power_w"": 69.75, ""vram_used_mib"": 5638.0}, {""index"": 7, ""name"": ""NVIDIA P104-100"", ""pci_bus"": ""00000000:10:00.0"", ""pcie"": ""Gen1 x1"", ""util_pct"": 0.0, ""power_w"": 175.15, ""vram_used_mib"": 5876.0}, {""index"": 8, ""name"": ""NVIDIA P104-100"", ""pci_bus"": ""00000000:11:00.0"", ""pcie"": ""Gen1 x1"", ""util_pct"": 0.0, ""power_w"": 70.71, ""vram_used_mib"": 5638.0}, {""index"": 9, ""name"": ""NVIDIA P104-100"", ""pci_bus"": ""00000000:12:00.0"", ""pcie"": ""Gen1 x1"", ""util_pct"": 0.0, ""power_w"": 51.73, ""vram_used_mib"": 4894.0}, {""index"": 10, ""name"": ""NVIDIA P104-100"", ""pci_bus"": ""00000000:13:00.0"", ""pcie"": ""Gen1 x1"", ""util_pct"": 0.0, ""power_w"": 51.24, ""vram_used_mib"": 6620.0}, {""index"": 11, ""name"": ""NVIDIA P104-100"", ""pci_bus"": ""00000000:14:00.0"", ""pcie"": ""Gen1 x1"", ""util_pct"": 0.0, ""power_w"": 54.43, ""vram_used_mib"": 7750.0}]"
2026-08-16T18:18:35.018572+03:00,1786893515.018572,ctx_001024.txt,1,1,decode,38.96103896103896,"[19.339622641509433, 13.270142180094787, 23.11320754716981, 100.0]",15875.55078125,7881.59765625,7993.953125,49.64613678511646,24575.99609375,407.5859375,1.6584716889813247,"[{""index"": 0, ""name"": ""NVIDIA P104-100"", ""pci_bus"": ""00000000:01:00.0"", ""pcie"": ""Gen1 x1"", ""util_pct"": 13.0, ""power_w"": 67.68, ""vram_used_mib"": 5638.0}, {""index"": 1, ""name"": ""NVIDIA P104-100"", ""pci_bus"": ""00000000:02:00.0"", ""pcie"": ""Gen1 x1"", ""util_pct"": 0.0, ""power_w"": 121.75, ""vram_used_mib"": 4894.0}, {""index"": 2, ""name"": ""NVIDIA P104-100"", ""pci_bus"": ""00000000:0A:00.0"", ""pcie"": ""Gen1 x1"", ""util_pct"": 0.0, ""power_w"": 96.28, ""vram_used_mib"": 6620.0}, {""index"": 3, ""name"": ""NVIDIA P104-100"", ""pci_bus"": ""00000000:0C:00.0"", ""pcie"": ""Gen1 x1"", ""util_pct"": 0.0, ""power_w"": 53.39, ""vram_used_mib"": 4894.0}, {""index"": 4, ""name"": ""NVIDIA P104-100"", ""pci_bus"": ""00000000:0D:00.0"", ""pcie"": ""Gen1 x1"", ""util_pct"": 0.0, ""power_w"": 51.67, ""vram_used_mib"": 6620.0}, {""index"": 5, ""name"": ""NVIDIA P104-100"", ""pci_bus"": ""00000000:0E:00.0"", ""pcie"": ""Gen1 x1"", ""util_pct"": 0.0, ""power_w"": 42.66, ""vram_used_mib"": 4894.0}, {""index"": 6, ""name"": ""NVIDIA P104-100"", ""pci_bus"": ""00000000:0F:00.0"", ""pcie"": ""Gen1 x1"", ""util_pct"": 0.0, ""power_w"": 52.42, ""vram_used_mib"": 5638.0}, {""index"": 7, ""name"": ""NVIDIA P104-100"", ""pci_bus"": ""00000000:10:00.0"", ""pcie"": ""Gen1 x1"", ""util_pct"": 0.0, ""power_w"": 52.38, ""vram_used_mib"": 5876.0}, {""index"": 8, ""name"": ""NVIDIA P104-100"", ""pci_bus"": ""00000000:11:00.0"", ""pcie"": ""Gen1 x1"", ""util_pct"": 11.0, ""power_w"": 48.88, ""vram_used_mib"": 5638.0}, {""index"": 9, ""name"": ""NVIDIA P104-100"", ""pci_bus"": ""00000000:12:00.0"", ""pcie"": ""Gen1 x1"", ""util_pct"": 7.0, ""power_w"": 51.82, ""vram_used_mib"": 4894.0}, {""index"": 10, ""name"": ""NVIDIA P104-100"", ""pci_bus"": ""00000000:13:00.0"", ""pcie"": ""Gen1 x1"", ""util_pct"": 2.0, ""power_w"": 51.14, ""vram_used_mib"": 6620.0}, {""index"": 11, ""name"": ""NVIDIA P104-100"", ""pci_bus"": ""00000000:14:00.0"", ""pcie"": ""Gen1 x1"", ""util_pct"": 31.0, ""power_w"": 53.3, ""vram_used_mib"": 7750.0}]"
2026-08-16T18:18:36.176914+03:00,1786893516.176914,ctx_002048.txt,1,1,outside,,"[null, null, null, null]",15875.55078125,7839.421875,8036.12890625,49.380471789733676,24575.99609375,407.5,1.6581220083430621,"[{""index"": 0, ""name"": ""NVIDIA P104-100"", ""pci_bus"": ""00000000:01:00.0"", ""pcie"": ""Gen1 x1"", ""util_pct"": 0.0, ""power_w"": 51.21, ""vram_used_mib"": 5638.0}, {""index"": 1, ""name"": ""NVIDIA P104-100"", ""pci_bus"": ""00000000:02:00.0"", ""pcie"": ""Gen1 x1"", ""util_pct"": 0.0, ""power_w"": 43.32, ""vram_used_mib"": 4894.0}, {""index"": 2, ""name"": ""NVIDIA P104-100"", ""pci_bus"": ""00000000:0A:00.0"", ""pcie"": ""Gen1 x1"", ""util_pct"": 6.0, ""power_w"": 49.47, ""vram_used_mib"": 6620.0}, {""index"": 3, ""name"": ""NVIDIA P104-100"", ""pci_bus"": ""00000000:0C:00.0"", ""pcie"": ""Gen1 x1"", ""util_pct"": 10.0, ""power_w"": 52.66, ""vram_used_mib"": 4894.0}, {""index"": 4, ""name"": ""NVIDIA P104-100"", ""pci_bus"": ""00000000:0D:00.0"", ""pcie"": ""Gen1 x1"", ""util_pct"": 0.0, ""power_w"": 51.42, ""vram_used_mib"": 6620.0}, {""index"": 5, ""name"": ""NVIDIA P104-100"", ""pci_bus"": ""00000000:0E:00.0"", ""pcie"": ""Gen1 x1"", ""util_pct"": 11.0, ""power_w"": 42.76, ""vram_used_mib"": 4894.0}, {""index"": 6, ""name"": ""NVIDIA P104-100"", ""pci_bus"": ""00000000:0F:00.0"", ""pcie"": ""Gen1 x1"", ""util_pct"": 0.0, ""power_w"": 52.53, ""vram_used_mib"": 5638.0}, {""index"": 7, ""name"": ""NVIDIA P104-100"", ""pci_bus"": ""00000000:10:00.0"", ""pcie"": ""Gen1 x1"", ""util_pct"": 0.0, ""power_w"": 52.04, ""vram_used_mib"": 5876.0}, {""index"": 8, ""name"": ""NVIDIA P104-100"", ""pci_bus"": ""00000000:11:00.0"", ""pcie"": ""Gen1 x1"", ""util_pct"": 12.0, ""power_w"": 48.88, ""vram_used_mib"": 5638.0}, {""index"": 9, ""name"": ""NVIDIA P104-100"", ""pci_bus"": ""00000000:12:00.0"", ""pcie"": ""Gen1 x1"", ""util_pct"": 10.0, ""power_w"": 51.6, ""vram_used_mib"": 4894.0}, {""index"": 10, ""name"": ""NVIDIA P104-100"", ""pci_bus"": ""00000000:13:00.0"", ""pcie"": ""Gen1 x1"", ""util_pct"": 11.0, ""power_w"": 50.92, ""vram_used_mib"": 6620.0}, {""index"": 11, ""name"": ""NVIDIA P104-100"", ""pci_bus"": ""00000000:14:00.0"", ""pcie"": ""Gen1 x1"", ""util_pct"": 12.0, ""power_w"": 54.23, ""vram_used_mib"": 7750.0}]"
2026-08-16T18:18:38.308542+03:00,1786893518.308542,ctx_002048.txt,1,1,prefill,36.94117647058823,"[27.570093457943926, 13.679245283018869, 98.11320754716981, 8.49056603773585]",15875.55078125,8434.81640625,7440.734375,53.130858402796555,24575.99609375,407.4765625,1.6580266408962632,"[{""index"": 0, ""name"": ""NVIDIA P104-100"", ""pci_bus"": ""00000000:01:00.0"", ""pcie"": ""Gen1 x1"", ""util_pct"": 0.0, ""power_w"": 52.2, ""vram_used_mib"": 5638.0}, {""index"": 1, ""name"": ""NVIDIA P104-100"", ""pci_bus"": ""00000000:02:00.0"", ""pcie"": ""Gen1 x1"", ""util_pct"": 0.0, ""power_w"": 47.61, ""vram_used_mib"": 4894.0}, {""index"": 2, ""name"": ""NVIDIA P104-100"", ""pci_bus"": ""00000000:0A:00.0"", ""pcie"": ""Gen1 x1"", ""util_pct"": 0.0, ""power_w"": 49.45, ""vram_used_mib"": 6620.0}, {""index"": 3, ""name"": ""NVIDIA P104-100"", ""pci_bus"": ""00000000:0C:00.0"", ""pcie"": ""Gen1 x1"", ""util_pct"": 0.0, ""power_w"": 55.46, ""vram_used_mib"": 4894.0}, {""index"": 4, ""name"": ""NVIDIA P104-100"", ""pci_bus"": ""00000000:0D:00.0"", ""pcie"": ""Gen1 x1"", ""util_pct"": 70.0, ""power_w"": 54.49, ""vram_used_mib"": 6620.0}, {""index"": 5, ""name"": ""NVIDIA P104-100"", ""pci_bus"": ""00000000:0E:00.0"", ""pcie"": ""Gen1 x1"", ""util_pct"": 52.0, ""power_w"": 50.44, ""vram_used_mib"": 4894.0}, {""index"": 6, ""name"": ""NVIDIA P104-100"", ""pci_bus"": ""00000000:0F:00.0"", ""pcie"": ""Gen1 x1"", ""util_pct"": 0.0, ""power_w"": 142.49, ""vram_used_mib"": 5638.0}, {""index"": 7, ""name"": ""NVIDIA P104-100"", ""pci_bus"": ""00000000:10:00.0"", ""pcie"": ""Gen1 x1"", ""util_pct"": 0.0, ""power_w"": 52.27, ""vram_used_mib"": 5876.0}, {""index"": 8, ""name"": ""NVIDIA P104-100"", ""pci_bus"": ""00000000:11:00.0"", ""pcie"": ""Gen1 x1"", ""util_pct"": 0.0, ""power_w"": 50.84, ""vram_used_mib"": 5638.0}, {""index"": 9, ""name"": ""NVIDIA P104-100"", ""pci_bus"": ""00000000:12:00.0"", ""pcie"": ""Gen1 x1"", ""util_pct"": 0.0, ""power_w"": 51.83, ""vram_used_mib"": 4894.0}, {""index"": 10, ""name"": ""NVIDIA P104-100"", ""pci_bus"": ""00000000:13:00.0"", ""pcie"": ""Gen1 x1"", ""util_pct"": 0.0, ""power_w"": 50.89, ""vram_used_mib"": 6620.0}, {""index"": 11, ""name"": ""NVIDIA P104-100"", ""pci_bus"": ""00000000:14:00.0"", ""pcie"": ""Gen1 x1"", ""util_pct"": 0.0, ""power_w"": 54.21, ""vram_used_mib"": 7750.0}]"
2026-08-16T18:18:40.426595+03:00,1786893520.426595,ctx_002048.txt,1,1,prefill,24.407582938388625,"[14.691943127962086, 14.150943396226415, 51.65876777251185, 16.666666666666668]",15875.55078125,8330.296875,7545.25390625,52.4724904967618,24575.99609375,407.4765625,1.6580266408962632,"[{""index"": 0, ""name"": ""NVIDIA P104-100"", ""pci_bus"": ""00000000:01:00.0"", ""pcie"": ""Gen1 x1"", ""util_pct"": 0.0, ""power_w"": 51.86, ""vram_used_mib"": 5638.0}, {""index"": 1, ""name"": ""NVIDIA P104-100"", ""pci_bus"": ""00000000:02:00.0"", ""pcie"": ""Gen1 x1"", ""util_pct"": 0.0, ""power_w"": 47.51, ""vram_used_mib"": 4894.0}, {""index"": 2, ""name"": ""NVIDIA P104-100"", ""pci_bus"": ""00000000:0A:00.0"", ""pcie"": ""Gen1 x1"", ""util_pct"": 0.0, ""power_w"": 49.37, ""vram_used_mib"": 6620.0}, {""index"": 3, ""name"": ""NVIDIA P104-100"", ""pci_bus"": ""00000000:0C:00.0"", ""pcie"": ""Gen1 x1"", ""util_pct"": 0.0, ""power_w"": 55.38, ""vram_used_mib"": 4894.0}, {""index"": 4, ""name"": ""NVIDIA P104-100"", ""pci_bus"": ""00000000:0D:00.0"", ""pcie"": ""Gen1 x1"", ""util_pct"": 0.0, ""power_w"": 54.16, ""vram_used_mib"": 6620.0}, {""index"": 5, ""name"": ""NVIDIA P104-100"", ""pci_bus"": ""00000000:0E:00.0"", ""pcie"": ""Gen1 x1"", ""util_pct"": 0.0, ""power_w"": 46.61, ""vram_used_mib"": 4894.0}, {""index"": 6, ""name"": ""NVIDIA P104-100"", ""pci_bus"": ""00000000:0F:00.0"", ""pcie"": ""Gen1 x1"", ""util_pct"": 0.0, ""power_w"": 53.67, ""vram_used_mib"": 5638.0}, {""index"": 7, ""name"": ""NVIDIA P104-100"", ""pci_bus"": ""00000000:10:00.0"", ""pcie"": ""Gen1 x1"", ""util_pct"": 0.0, ""power_w"": 55.62, ""vram_used_mib"": 5876.0}, {""index"": 8, ""name"": ""NVIDIA P104-100"", ""pci_bus"": ""00000000:11:00.0"", ""pcie"": ""Gen1 x1"", ""util_pct"": 0.0, ""power_w"": 50.51, ""vram_used_mib"": 5638.0}, {""index"": 9, ""name"": ""NVIDIA P104-100"", ""pci_bus"": ""00000000:12:00.0"", ""pcie"": ""Gen1 x1"", ""util_pct"": 0.0, ""power_w"": 52.98, ""vram_used_mib"": 4894.0}, {""index"": 10, ""name"": ""NVIDIA P104-100"", ""pci_bus"": ""00000000:13:00.0"", ""pcie"": ""Gen1 x1"", ""util_pct"": 0.0, ""power_w"": 53.38, ""vram_used_mib"": 6620.0}, {""index"": 11, ""name"": ""NVIDIA P104-100"", ""pci_bus"": ""00000000:14:00.0"", ""pcie"": ""Gen1 x1"", ""util_pct"": 9.0, ""power_w"": 54.23, ""vram_used_mib"": 7750.0}]"
2026-08-16T18:18:42.597194+03:00,1786893522.597194,ctx_002048.txt,1,1,prefill,49.7116493656286,"[8.333333333333334, 58.333333333333336, 96.31336405529954, 36.111111111111114]",15875.55078125,8349.40625,7526.14453125,52.59286033629247,24575.99609375,407.4609375,1.6579630625983974,"[{""index"": 0, ""name"": ""NVIDIA P104-100"", ""pci_bus"": ""00000000:01:00.0"", ""pcie"": ""Gen1 x1"", ""util_pct"": 97.0, ""power_w"": 141.89, ""vram_used_mib"": 5638.0}, {""index"": 1, ""name"": ""NVIDIA P104-100"", ""pci_bus"": ""00000000:02:00.0"", ""pcie"": ""Gen1 x1"", ""util_pct"": 74.0, ""power_w"": 149.24, ""vram_used_mib"": 4894.0}, {""index"": 2, ""name"": ""NVIDIA P104-100"", ""pci_bus"": ""00000000:0A:00.0"", ""pcie"": ""Gen1 x1"", ""util_pct"": 97.0, ""power_w"": 151.69, ""vram_used_mib"": 6620.0}, {""index"": 3, ""name"": ""NVIDIA P104-100"", ""pci_bus"": ""00000000:0C:00.0"", ""pcie"": ""Gen1 x1"", ""util_pct"": 87.0, ""power_w"": 157.37, ""vram_used_mib"": 4894.0}, {""index"": 4, ""name"": ""NVIDIA P104-100"", ""pci_bus"": ""00000000:0D:00.0"", ""pcie"": ""Gen1 x1"", ""util_pct"": 96.0, ""power_w"": 156.27, ""vram_used_mib"": 6620.0}, {""index"": 5, ""name"": ""NVIDIA P104-100"", ""pci_bus"": ""00000000:0E:00.0"", ""pcie"": ""Gen1 x1"", ""util_pct"": 87.0, ""power_w"": 117.98, ""vram_used_mib"": 4894.0}, {""index"": 6, ""name"": ""NVIDIA P104-100"", ""pci_bus"": ""00000000:0F:00.0"", ""pcie"": ""Gen1 x1"", ""util_pct"": 98.0, ""power_w"": 145.21, ""vram_used_mib"": 5638.0}, {""index"": 7, ""name"": ""NVIDIA P104-100"", ""pci_bus"": ""00000000:10:00.0"", ""pcie"": ""Gen1 x1"", ""util_pct"": 86.0, ""power_w"": 99.14, ""vram_used_mib"": 5876.0}, {""index"": 8, ""name"": ""NVIDIA P104-100"", ""pci_bus"": ""00000000:11:00.0"", ""pcie"": ""Gen1 x1"", ""util_pct"": 99.0, ""power_w"": 146.34, ""vram_used_mib"": 5638.0}, {""index"": 9, ""name"": ""NVIDIA P104-100"", ""pci_bus"": ""00000000:12:00.0"", ""pcie"": ""Gen1 x1"", ""util_pct"": 76.0, ""power_w"": 81.61, ""vram_used_mib"": 4894.0}, {""index"": 10, ""name"": ""NVIDIA P104-100"", ""pci_bus"": ""00000000:13:00.0"", ""pcie"": ""Gen1 x1"", ""util_pct"": 99.0, ""power_w"": 147.23, ""vram_used_mib"": 6620.0}, {""index"": 11, ""name"": ""NVIDIA P104-100"", ""pci_bus"": ""00000000:14:00.0"", ""pcie"": ""Gen1 x1"", ""util_pct"": 42.0, ""power_w"": 55.36, ""vram_used_mib"": 7750.0}]"
2026-08-16T18:18:44.876127+03:00,1786893524.876127,ctx_002048.txt,1,1,prefill,37.22466960352423,"[11.894273127753303, 23.788546255506606, 100.0, 13.215859030837004]",15875.55078125,8348.828125,7526.72265625,52.58921873035409,24575.99609375,407.45703125,1.6579471680239308,"[{""index"": 0, ""name"": ""NVIDIA P104-100"", ""pci_bus"": ""00000000:01:00.0"", ""pcie"": ""Gen1 x1"", ""util_pct"": 98.0, ""power_w"": 145.04, ""vram_used_mib"": 5638.0}, {""index"": 1, ""name"": ""NVIDIA P104-100"", ""pci_bus"": ""00000000:02:00.0"", ""pcie"": ""Gen1 x1"", ""util_pct"": 79.0, ""power_w"": 148.21, ""vram_used_mib"": 4894.0}, {""index"": 2, ""name"": ""NVIDIA P104-100"", ""pci_bus"": ""00000000:0A:00.0"", ""pcie"": ""Gen1 x1"", ""util_pct"": 96.0, ""power_w"": 150.33, ""vram_used_mib"": 6620.0}, {""index"": 3, ""name"": ""NVIDIA P104-100"", ""pci_bus"": ""00000000:0C:00.0"", ""pcie"": ""Gen1 x1"", ""util_pct"": 76.0, ""power_w"": 144.99, ""vram_used_mib"": 4894.0}, {""index"": 4, ""name"": ""NVIDIA P104-100"", ""pci_bus"": ""00000000:0D:00.0"", ""pcie"": ""Gen1 x1"", ""util_pct"": 97.0, ""power_w"": 150.37, ""vram_used_mib"": 6620.0}, {""index"": 5, ""name"": ""NVIDIA P104-100"", ""pci_bus"": ""00000000:0E:00.0"", ""pcie"": ""Gen1 x1"", ""util_pct"": 87.0, ""power_w"": 144.82, ""vram_used_mib"": 4894.0}, {""index"": 6, ""name"": ""NVIDIA P104-100"", ""pci_bus"": ""00000000:0F:00.0"", ""pcie"": ""Gen1 x1"", ""util_pct"": 99.0, ""power_w"": 151.81, ""vram_used_mib"": 5638.0}, {""index"": 7, ""name"": ""NVIDIA P104-100"", ""pci_bus"": ""00000000:10:00.0"", ""pcie"": ""Gen1 x1"", ""util_pct"": 77.0, ""power_w"": 153.04, ""vram_used_mib"": 5876.0}, {""index"": 8, ""name"": ""NVIDIA P104-100"", ""pci_bus"": ""00000000:11:00.0"", ""pcie"": ""Gen1 x1"", ""util_pct"": 99.0, ""power_w"": 144.48, ""vram_used_mib"": 5638.0}, {""index"": 9, ""name"": ""NVIDIA P104-100"", ""pci_bus"": ""00000000:12:00.0"", ""pcie"": ""Gen1 x1"", ""util_pct"": 85.0, ""power_w"": 144.83, ""vram_used_mib"": 4894.0}, {""index"": 10, ""name"": ""NVIDIA P104-100"", ""pci_bus"": ""00000000:13:00.0"", ""pcie"": ""Gen1 x1"", ""util_pct"": 98.0, ""power_w"": 152.22, ""vram_used_mib"": 6620.0}, {""index"": 11, ""name"": ""NVIDIA P104-100"", ""pci_bus"": ""00000000:14:00.0"", ""pcie"": ""Gen1 x1"", ""util_pct"": 61.0, ""power_w"": 79.96, ""vram_used_mib"": 7750.0}]"
2026-08-16T18:18:47.018418+03:00,1786893527.018418,ctx_002048.txt,1,1,prefill,36.639439906651106,"[7.94392523364486, 28.97196261682243, 100.0, 9.813084112149532]",15875.55078125,8297.9375,7577.61328125,52.268658985994826,24575.99609375,407.44921875,1.6579153788749978,"[{""index"": 0, ""name"": ""NVIDIA P104-100"", ""pci_bus"": ""00000000:01:00.0"", ""pcie"": ""Gen1 x1"", ""util_pct"": 99.0, ""power_w"": 145.11, ""vram_used_mib"": 5638.0}, {""index"": 1, ""name"": ""NVIDIA P104-100"", ""pci_bus"": ""00000000:02:00.0"", ""pcie"": ""Gen1 x1"", ""util_pct"": 87.0, ""power_w"": 109.54, ""vram_used_mib"": 4894.0}, {""index"": 2, ""name"": ""NVIDIA P104-100"", ""pci_bus"": ""00000000:0A:00.0"", ""pcie"": ""Gen1 x1"", ""util_pct"": 97.0, ""power_w"": 157.07, ""vram_used_mib"": 6620.0}, {""index"": 3, ""name"": ""NVIDIA P104-100"", ""pci_bus"": ""00000000:0C:00.0"", ""pcie"": ""Gen1 x1"", ""util_pct"": 76.0, ""power_w"": 81.21, ""vram_used_mib"": 4894.0}, {""index"": 4, ""name"": ""NVIDIA P104-100"", ""pci_bus"": ""00000000:0D:00.0"", ""pcie"": ""Gen1 x1"", ""util_pct"": 99.0, ""power_w"": 125.71, ""vram_used_mib"": 6620.0}, {""index"": 5, ""name"": ""NVIDIA P104-100"", ""pci_bus"": ""00000000:0E:00.0"", ""pcie"": ""Gen1 x1"", ""util_pct"": 88.0, ""power_w"": 67.79, ""vram_used_mib"": 4894.0}, {""index"": 6, ""name"": ""NVIDIA P104-100"", ""pci_bus"": ""00000000:0F:00.0"", ""pcie"": ""Gen1 x1"", ""util_pct"": 99.0, ""power_w"": 115.03, ""vram_used_mib"": 5638.0}, {""index"": 7, ""name"": ""NVIDIA P104-100"", ""pci_bus"": ""00000000:10:00.0"", ""pcie"": ""Gen1 x1"", ""util_pct"": 74.0, ""power_w"": 116.37, ""vram_used_mib"": 5876.0}, {""index"": 8, ""name"": ""NVIDIA P104-100"", ""pci_bus"": ""00000000:11:00.0"", ""pcie"": ""Gen1 x1"", ""util_pct"": 99.0, ""power_w"": 134.0, ""vram_used_mib"": 5638.0}, {""index"": 9, ""name"": ""NVIDIA P104-100"", ""pci_bus"": ""00000000:12:00.0"", ""pcie"": ""Gen1 x1"", ""util_pct"": 88.0, ""power_w"": 133.74, ""vram_used_mib"": 4894.0}, {""index"": 10, ""name"": ""NVIDIA P104-100"", ""pci_bus"": ""00000000:13:00.0"", ""pcie"": ""Gen1 x1"", ""util_pct"": 98.0, ""power_w"": 139.78, ""vram_used_mib"": 6620.0}, {""index"": 11, ""name"": ""NVIDIA P104-100"", ""pci_bus"": ""00000000:14:00.0"", ""pcie"": ""Gen1 x1"", ""util_pct"": 48.0, ""power_w"": 133.19, ""vram_used_mib"": 7750.0}]"
2026-08-16T18:18:49.167053+03:00,1786893529.167053,ctx_002048.txt,1,1,prefill,36.87281213535589,"[10.280373831775702, 19.718309859154928, 100.0, 16.74418604651163]",15875.55078125,8240.421875,7635.12890625,51.90636840601741,24575.99609375,407.4375,1.6578676951515985,"[{""index"": 0, ""name"": ""NVIDIA P104-100"", ""pci_bus"": ""00000000:01:00.0"", ""pcie"": ""Gen1 x1"", ""util_pct"": 81.0, ""power_w"": 52.23, ""vram_used_mib"": 5638.0}, {""index"": 1, ""name"": ""NVIDIA P104-100"", ""pci_bus"": ""00000000:02:00.0"", ""pcie"": ""Gen1 x1"", ""util_pct"": 74.0, ""power_w"": 55.93, ""vram_used_mib"": 4894.0}, {""index"": 2, ""name"": ""NVIDIA P104-100"", ""pci_bus"": ""00000000:0A:00.0"", ""pcie"": ""Gen1 x1"", ""util_pct"": 98.0, ""power_w"": 153.74, ""vram_used_mib"": 6620.0}, {""index"": 3, ""name"": ""NVIDIA P104-100"", ""pci_bus"": ""00000000:0C:00.0"", ""pcie"": ""Gen1 x1"", ""util_pct"": 88.0, ""power_w"": 148.51, ""vram_used_mib"": 4894.0}, {""index"": 4, ""name"": ""NVIDIA P104-100"", ""pci_bus"": ""00000000:0D:00.0"", ""pcie"": ""Gen1 x1"", ""util_pct"": 97.0, ""power_w"": 149.94, ""vram_used_mib"": 6620.0}, {""index"": 5, ""name"": ""NVIDIA P104-100"", ""pci_bus"": ""00000000:0E:00.0"", ""pcie"": ""Gen1 x1"", ""util_pct"": 82.0, ""power_w"": 137.72, ""vram_used_mib"": 4894.0}, {""index"": 6, ""name"": ""NVIDIA P104-100"", ""pci_bus"": ""00000000:0F:00.0"", ""pcie"": ""Gen1 x1"", ""util_pct"": 98.0, ""power_w"": 146.76, ""vram_used_mib"": 5638.0}, {""index"": 7, ""name"": ""NVIDIA P104-100"", ""pci_bus"": ""00000000:10:00.0"", ""pcie"": ""Gen1 x1"", ""util_pct"": 87.0, ""power_w"": 157.57, ""vram_used_mib"": 5876.0}, {""index"": 8, ""name"": ""NVIDIA P104-100"", ""pci_bus"": ""00000000:11:00.0"", ""pcie"": ""Gen1 x1"", ""util_pct"": 99.0, ""power_w"": 149.23, ""vram_used_mib"": 5638.0}, {""index"": 9, ""name"": ""NVIDIA P104-100"", ""pci_bus"": ""00000000:12:00.0"", ""pcie"": ""Gen1 x1"", ""util_pct"": 89.0, ""power_w"": 147.37, ""vram_used_mib"": 4894.0}, {""index"": 10, ""name"": ""NVIDIA P104-100"", ""pci_bus"": ""00000000:13:00.0"", ""pcie"": ""Gen1 x1"", ""util_pct"": 99.0, ""power_w"": 150.95, ""vram_used_mib"": 6620.0}, {""index"": 11, ""name"": ""NVIDIA P104-100"", ""pci_bus"": ""00000000:14:00.0"", ""pcie"": ""Gen1 x1"", ""util_pct"": 38.0, ""power_w"": 110.85, ""vram_used_mib"": 7750.0}]"
2026-08-16T18:18:51.282286+03:00,1786893531.282286,ctx_002048.txt,1,1,prefill,36.1803084223013,"[15.789473684210526, 14.218009478672986, 100.0, 13.80952380952381]",15875.55078125,8208.78515625,7666.765625,51.707088902673405,24575.99609375,407.42578125,1.6578200114281991,"[{""index"": 0, ""name"": ""NVIDIA P104-100"", ""pci_bus"": ""00000000:01:00.0"", ""pcie"": ""Gen1 x1"", ""util_pct"": 0.0, ""power_w"": 51.8, ""vram_used_mib"": 5638.0}, {""index"": 1, ""name"": ""NVIDIA P104-100"", ""pci_bus"": ""00000000:02:00.0"", ""pcie"": ""Gen1 x1"", ""util_pct"": 0.0, ""power_w"": 53.93, ""vram_used_mib"": 4894.0}, {""index"": 2, ""name"": ""NVIDIA P104-100"", ""pci_bus"": ""00000000:0A:00.0"", ""pcie"": ""Gen1 x1"", ""util_pct"": 0.0, ""power_w"": 53.35, ""vram_used_mib"": 6620.0}, {""index"": 3, ""name"": ""NVIDIA P104-100"", ""pci_bus"": ""00000000:0C:00.0"", ""pcie"": ""Gen1 x1"", ""util_pct"": 0.0, ""power_w"": 55.0, ""vram_used_mib"": 4894.0}, {""index"": 4, ""name"": ""NVIDIA P104-100"", ""pci_bus"": ""00000000:0D:00.0"", ""pcie"": ""Gen1 x1"", ""util_pct"": 0.0, ""power_w"": 54.61, ""vram_used_mib"": 6620.0}, {""index"": 5, ""name"": ""NVIDIA P104-100"", ""pci_bus"": ""00000000:0E:00.0"", ""pcie"": ""Gen1 x1"", ""util_pct"": 0.0, ""power_w"": 51.46, ""vram_used_mib"": 4894.0}, {""index"": 6, ""name"": ""NVIDIA P104-100"", ""pci_bus"": ""00000000:0F:00.0"", ""pcie"": ""Gen1 x1"", ""util_pct"": 16.0, ""power_w"": 54.26, ""vram_used_mib"": 5638.0}, {""index"": 7, ""name"": ""NVIDIA P104-100"", ""pci_bus"": ""00000000:10:00.0"", ""pcie"": ""Gen1 x1"", ""util_pct"": 53.0, ""power_w"": 56.22, ""vram_used_mib"": 5876.0}, {""index"": 8, ""name"": ""NVIDIA P104-100"", ""pci_bus"": ""00000000:11:00.0"", ""pcie"": ""Gen1 x1"", ""util_pct"": 6.0, ""power_w"": 65.93, ""vram_used_mib"": 5638.0}, {""index"": 9, ""name"": ""NVIDIA P104-100"", ""pci_bus"": ""00000000:12:00.0"", ""pcie"": ""Gen1 x1"", ""util_pct"": 0.0, ""power_w"": 126.39, ""vram_used_mib"": 4894.0}, {""index"": 10, ""name"": ""NVIDIA P104-100"", ""pci_bus"": ""00000000:13:00.0"", ""pcie"": ""Gen1 x1"", ""util_pct"": 0.0, ""power_w"": 54.07, ""vram_used_mib"": 6620.0}, {""index"": 11, ""name"": ""NVIDIA P104-100"", ""pci_bus"": ""00000000:14:00.0"", ""pcie"": ""Gen1 x1"", ""util_pct"": 0.0, ""power_w"": 54.58, ""vram_used_mib"": 7750.0}]"
2026-08-16T18:18:53.397019+03:00,1786893533.397019,ctx_002048.txt,1,1,prefill,36.13744075829384,"[21.22641509433962, 11.320754716981131, 100.0, 12.735849056603774]",15875.55078125,8267.09765625,7608.453125,52.07439899353886,24575.99609375,407.42578125,1.6578200114281991,"[{""index"": 0, ""name"": ""NVIDIA P104-100"", ""pci_bus"": ""00000000:01:00.0"", ""pcie"": ""Gen1 x1"", ""util_pct"": 0.0, ""power_w"": 43.17, ""vram_used_mib"": 5638.0}, {""index"": 1, ""name"": ""NVIDIA P104-100"", ""pci_bus"": ""00000000:02:00.0"", ""pcie"": ""Gen1 x1"", ""util_pct"": 0.0, ""power_w"": 53.93, ""vram_used_mib"": 4894.0}, {""index"": 2, ""name"": ""NVIDIA P104-100"", ""pci_bus"": ""00000000:0A:00.0"", ""pcie"": ""Gen1 x1"", ""util_pct"": 0.0, ""power_w"": 42.25, ""vram_used_mib"": 6620.0}, {""index"": 3, ""name"": ""NVIDIA P104-100"", ""pci_bus"": ""00000000:0C:00.0"", ""pcie"": ""Gen1 x1"", ""util_pct"": 0.0, ""power_w"": 54.98, ""vram_used_mib"": 4894.0}, {""index"": 4, ""name"": ""NVIDIA P104-100"", ""pci_bus"": ""00000000:0D:00.0"", ""pcie"": ""Gen1 x1"", ""util_pct"": 0.0, ""power_w"": 54.71, ""vram_used_mib"": 6620.0}, {""index"": 5, ""name"": ""NVIDIA P104-100"", ""pci_bus"": ""00000000:0E:00.0"", ""pcie"": ""Gen1 x1"", ""util_pct"": 0.0, ""power_w"": 51.54, ""vram_used_mib"": 4894.0}, {""index"": 6, ""name"": ""NVIDIA P104-100"", ""pci_bus"": ""00000000:0F:00.0"", ""pcie"": ""Gen1 x1"", ""util_pct"": 0.0, ""power_w"": 54.11, ""vram_used_mib"": 5638.0}, {""index"": 7, ""name"": ""NVIDIA P104-100"", ""pci_bus"": ""00000000:10:00.0"", ""pcie"": ""Gen1 x1"", ""util_pct"": 0.0, ""power_w"": 55.97, ""vram_used_mib"": 5876.0}, {""index"": 8, ""name"": ""NVIDIA P104-100"", ""pci_bus"": ""00000000:11:00.0"", ""pcie"": ""Gen1 x1"", ""util_pct"": 0.0, ""power_w"": 50.99, ""vram_used_mib"": 5638.0}, {""index"": 9, ""name"": ""NVIDIA P104-100"", ""pci_bus"": ""00000000:12:00.0"", ""pcie"": ""Gen1 x1"", ""util_pct"": 0.0, ""power_w"": 53.45, ""vram_used_mib"": 4894.0}, {""index"": 10, ""name"": ""NVIDIA P104-100"", ""pci_bus"": ""00000000:13:00.0"", ""pcie"": ""Gen1 x1"", ""util_pct"": 0.0, ""power_w"": 53.72, ""vram_used_mib"": 6620.0}, {""index"": 11, ""name"": ""NVIDIA P104-100"", ""pci_bus"": ""00000000:14:00.0"", ""pcie"": ""Gen1 x1"", ""util_pct"": 99.0, ""power_w"": 120.63, ""vram_used_mib"": 7750.0}]"
2026-08-16T18:18:55.520062+03:00,1786893535.520062,ctx_002048.txt,1,1,prefill,36.7612293144208,"[20.379146919431278, 10.952380952380953, 100.0, 15.566037735849056]",15875.55078125,8319.53515625,7556.015625,52.40470249432783,24575.99609375,407.421875,1.6578041168537325,"[{""index"": 0, ""name"": ""NVIDIA P104-100"", ""pci_bus"": ""00000000:01:00.0"", ""pcie"": ""Gen1 x1"", ""util_pct"": 0.0, ""power_w"": 46.87, ""vram_used_mib"": 5638.0}, {""index"": 1, ""name"": ""NVIDIA P104-100"", ""pci_bus"": ""00000000:02:00.0"", ""pcie"": ""Gen1 x1"", ""util_pct"": 0.0, ""power_w"": 53.93, ""vram_used_mib"": 4894.0}, {""index"": 2, ""name"": ""NVIDIA P104-100"", ""pci_bus"": ""00000000:0A:00.0"", ""pcie"": ""Gen1 x1"", ""util_pct"": 0.0, ""power_w"": 46.45, ""vram_used_mib"": 6620.0}, {""index"": 3, ""name"": ""NVIDIA P104-100"", ""pci_bus"": ""00000000:0C:00.0"", ""pcie"": ""Gen1 x1"", ""util_pct"": 0.0, ""power_w"": 50.29, ""vram_used_mib"": 4894.0}, {""index"": 4, ""name"": ""NVIDIA P104-100"", ""pci_bus"": ""00000000:0D:00.0"", ""pcie"": ""Gen1 x1"", ""util_pct"": 0.0, ""power_w"": 48.32, ""vram_used_mib"": 6620.0}, {""index"": 5, ""name"": ""NVIDIA P104-100"", ""pci_bus"": ""00000000:0E:00.0"", ""pcie"": ""Gen1 x1"", ""util_pct"": 0.0, ""power_w"": 51.46, ""vram_used_mib"": 4894.0}, {""index"": 6, ""name"": ""NVIDIA P104-100"", ""pci_bus"": ""00000000:0F:00.0"", ""pcie"": ""Gen1 x1"", ""util_pct"": 0.0, ""power_w"": 54.13, ""vram_used_mib"": 5638.0}, {""index"": 7, ""name"": ""NVIDIA P104-100"", ""pci_bus"": ""00000000:10:00.0"", ""pcie"": ""Gen1 x1"", ""util_pct"": 67.0, ""power_w"": 49.53, ""vram_used_mib"": 5876.0}, {""index"": 8, ""name"": ""NVIDIA P104-100"", ""pci_bus"": ""00000000:11:00.0"", ""pcie"": ""Gen1 x1"", ""util_pct"": 69.0, ""power_w"": 50.39, ""vram_used_mib"": 5638.0}, {""index"": 9, ""name"": ""NVIDIA P104-100"", ""pci_bus"": ""00000000:12:00.0"", ""pcie"": ""Gen1 x1"", ""util_pct"": 2.0, ""power_w"": 98.2, ""vram_used_mib"": 4894.0}, {""index"": 10, ""name"": ""NVIDIA P104-100"", ""pci_bus"": ""00000000:13:00.0"", ""pcie"": ""Gen1 x1"", ""util_pct"": 0.0, ""power_w"": 45.14, ""vram_used_mib"": 6620.0}, {""index"": 11, ""name"": ""NVIDIA P104-100"", ""pci_bus"": ""00000000:14:00.0"", ""pcie"": ""Gen1 x1"", ""util_pct"": 0.0, ""power_w"": 54.58, ""vram_used_mib"": 7750.0}]"
2026-08-16T18:18:57.668025+03:00,1786893537.668025,ctx_002048.txt,1,1,decode,38.38973162193699,"[17.674418604651162, 19.069767441860463, 100.0, 16.431924882629108]",15875.55078125,8395.1875,7480.36328125,52.881236157899046,24575.99609375,407.390625,1.6576769602580008,"[{""index"": 0, ""name"": ""NVIDIA P104-100"", ""pci_bus"": ""00000000:01:00.0"", ""pcie"": ""Gen1 x1"", ""util_pct"": 0.0, ""power_w"": 151.65, ""vram_used_mib"": 5638.0}, {""index"": 1, ""name"": ""NVIDIA P104-100"", ""pci_bus"": ""00000000:02:00.0"", ""pcie"": ""Gen1 x1"", ""util_pct"": 0.0, ""power_w"": 124.07, ""vram_used_mib"": 4894.0}, {""index"": 2, ""name"": ""NVIDIA P104-100"", ""pci_bus"": ""00000000:0A:00.0"", ""pcie"": ""Gen1 x1"", ""util_pct"": 0.0, ""power_w"": 46.58, ""vram_used_mib"": 6620.0}, {""index"": 3, ""name"": ""NVIDIA P104-100"", ""pci_bus"": ""00000000:0C:00.0"", ""pcie"": ""Gen1 x1"", ""util_pct"": 0.0, ""power_w"": 50.36, ""vram_used_mib"": 4894.0}, {""index"": 4, ""name"": ""NVIDIA P104-100"", ""pci_bus"": ""00000000:0D:00.0"", ""pcie"": ""Gen1 x1"", ""util_pct"": 0.0, ""power_w"": 48.62, ""vram_used_mib"": 6620.0}, {""index"": 5, ""name"": ""NVIDIA P104-100"", ""pci_bus"": ""00000000:0E:00.0"", ""pcie"": ""Gen1 x1"", ""util_pct"": 6.0, ""power_w"": 51.53, ""vram_used_mib"": 4894.0}, {""index"": 6, ""name"": ""NVIDIA P104-100"", ""pci_bus"": ""00000000:0F:00.0"", ""pcie"": ""Gen1 x1"", ""util_pct"": 8.0, ""power_w"": 54.33, ""vram_used_mib"": 5638.0}, {""index"": 7, ""name"": ""NVIDIA P104-100"", ""pci_bus"": ""00000000:10:00.0"", ""pcie"": ""Gen1 x1"", ""util_pct"": 4.0, ""power_w"": 49.73, ""vram_used_mib"": 5876.0}, {""index"": 8, ""name"": ""NVIDIA P104-100"", ""pci_bus"": ""00000000:11:00.0"", ""pcie"": ""Gen1 x1"", ""util_pct"": 0.0, ""power_w"": 46.63, ""vram_used_mib"": 5638.0}, {""index"": 9, ""name"": ""NVIDIA P104-100"", ""pci_bus"": ""00000000:12:00.0"", ""pcie"": ""Gen1 x1"", ""util_pct"": 18.0, ""power_w"": 48.69, ""vram_used_mib"": 4894.0}, {""index"": 10, ""name"": ""NVIDIA P104-100"", ""pci_bus"": ""00000000:13:00.0"", ""pcie"": ""Gen1 x1"", ""util_pct"": 21.0, ""power_w"": 49.49, ""vram_used_mib"": 6620.0}, {""index"": 11, ""name"": ""NVIDIA P104-100"", ""pci_bus"": ""00000000:14:00.0"", ""pcie"": ""Gen1 x1"", ""util_pct"": 60.0, ""power_w"": 55.4, ""vram_used_mib"": 7750.0}]"
2026-08-16T18:18:59.796492+03:00,1786893539.796492,ctx_002048.txt,1,1,decode,38.4160756501182,"[19.523809523809526, 10.42654028436019, 100.0, 23.474178403755868]",15875.55078125,8444.53515625,7431.015625,53.19207675127413,24575.99609375,407.359375,1.657549803662269,"[{""index"": 0, ""name"": ""NVIDIA P104-100"", ""pci_bus"": ""00000000:01:00.0"", ""pcie"": ""Gen1 x1"", ""util_pct"": 0.0, ""power_w"": 51.69, ""vram_used_mib"": 5638.0}, {""index"": 1, ""name"": ""NVIDIA P104-100"", ""pci_bus"": ""00000000:02:00.0"", ""pcie"": ""Gen1 x1"", ""util_pct"": 0.0, ""power_w"": 53.03, ""vram_used_mib"": 4894.0}, {""index"": 2, ""name"": ""NVIDIA P104-100"", ""pci_bus"": ""00000000:0A:00.0"", ""pcie"": ""Gen1 x1"", ""util_pct"": 0.0, ""power_w"": 46.32, ""vram_used_mib"": 6620.0}, {""index"": 3, ""name"": ""NVIDIA P104-100"", ""pci_bus"": ""00000000:0C:00.0"", ""pcie"": ""Gen1 x1"", ""util_pct"": 18.0, ""power_w"": 50.29, ""vram_used_mib"": 4894.0}, {""index"": 4, ""name"": ""NVIDIA P104-100"", ""pci_bus"": ""00000000:0D:00.0"", ""pcie"": ""Gen1 x1"", ""util_pct"": 21.0, ""power_w"": 48.3, ""vram_used_mib"": 6620.0}, {""index"": 5, ""name"": ""NVIDIA P104-100"", ""pci_bus"": ""00000000:0E:00.0"", ""pcie"": ""Gen1 x1"", ""util_pct"": 17.0, ""power_w"": 51.56, ""vram_used_mib"": 4894.0}, {""index"": 6, ""name"": ""NVIDIA P104-100"", ""pci_bus"": ""00000000:0F:00.0"", ""pcie"": ""Gen1 x1"", ""util_pct"": 20.0, ""power_w"": 54.19, ""vram_used_mib"": 5638.0}, {""index"": 7, ""name"": ""NVIDIA P104-100"", ""pci_bus"": ""00000000:10:00.0"", ""pcie"": ""Gen1 x1"", ""util_pct"": 18.0, ""power_w"": 49.71, ""vram_used_mib"": 5876.0}, {""index"": 8, ""name"": ""NVIDIA P104-100"", ""pci_bus"": ""00000000:11:00.0"", ""pcie"": ""Gen1 x1"", ""util_pct"": 0.0, ""power_w"": 46.72, ""vram_used_mib"": 5638.0}, {""index"": 9, ""name"": ""NVIDIA P104-100"", ""pci_bus"": ""00000000:12:00.0"", ""pcie"": ""Gen1 x1"", ""util_pct"": 0.0, ""power_w"": 51.33, ""vram_used_mib"": 4894.0}, {""index"": 10, ""name"": ""NVIDIA P104-100"", ""pci_bus"": ""00000000:13:00.0"", ""pcie"": ""Gen1 x1"", ""util_pct"": 0.0, ""power_w"": 82.88, ""vram_used_mib"": 6620.0}, {""index"": 11, ""name"": ""NVIDIA P104-100"", ""pci_bus"": ""00000000:14:00.0"", ""pcie"": ""Gen1 x1"", ""util_pct"": 0.0, ""power_w"": 166.51, ""vram_used_mib"": 7750.0}]"
2026-08-16T18:19:01.939281+03:00,1786893541.939281,ctx_002048.txt,1,1,decode,39.06432748538012,"[25.700934579439252, 13.615023474178404, 100.0, 16.50943396226415]",15875.55078125,8438.78125,7436.76953125,53.15583293000907,24575.99609375,407.33203125,1.6574385416410036,"[{""index"": 0, ""name"": ""NVIDIA P104-100"", ""pci_bus"": ""00000000:01:00.0"", ""pcie"": ""Gen1 x1"", ""util_pct"": 20.0, ""power_w"": 51.8, ""vram_used_mib"": 5638.0}, {""index"": 1, ""name"": ""NVIDIA P104-100"", ""pci_bus"": ""00000000:02:00.0"", ""pcie"": ""Gen1 x1"", ""util_pct"": 17.0, ""power_w"": 53.15, ""vram_used_mib"": 4894.0}, {""index"": 2, ""name"": ""NVIDIA P104-100"", ""pci_bus"": ""00000000:0A:00.0"", ""pcie"": ""Gen1 x1"", ""util_pct"": 0.0, ""power_w"": 46.69, ""vram_used_mib"": 6620.0}, {""index"": 3, ""name"": ""NVIDIA P104-100"", ""pci_bus"": ""00000000:0C:00.0"", ""pcie"": ""Gen1 x1"", ""util_pct"": 0.0, ""power_w"": 53.1, ""vram_used_mib"": 4894.0}, {""index"": 4, ""name"": ""NVIDIA P104-100"", ""pci_bus"": ""00000000:0D:00.0"", ""pcie"": ""Gen1 x1"", ""util_pct"": 10.0, ""power_w"": 77.23, ""vram_used_mib"": 6620.0}, {""index"": 5, ""name"": ""NVIDIA P104-100"", ""pci_bus"": ""00000000:0E:00.0"", ""pcie"": ""Gen1 x1"", ""util_pct"": 0.0, ""power_w"": 162.29, ""vram_used_mib"": 4894.0}, {""index"": 6, ""name"": ""NVIDIA P104-100"", ""pci_bus"": ""00000000:0F:00.0"", ""pcie"": ""Gen1 x1"", ""util_pct"": 0.0, ""power_w"": 52.83, ""vram_used_mib"": 5638.0}, {""index"": 7, ""name"": ""NVIDIA P104-100"", ""pci_bus"": ""00000000:10:00.0"", ""pcie"": ""Gen1 x1"", ""util_pct"": 0.0, ""power_w"": 49.48, ""vram_used_mib"": 5876.0}, {""index"": 8, ""name"": ""NVIDIA P104-100"", ""pci_bus"": ""00000000:11:00.0"", ""pcie"": ""Gen1 x1"", ""util_pct"": 0.0, ""power_w"": 46.48, ""vram_used_mib"": 5638.0}, {""index"": 9, ""name"": ""NVIDIA P104-100"", ""pci_bus"": ""00000000:12:00.0"", ""pcie"": ""Gen1 x1"", ""util_pct"": 0.0, ""power_w"": 48.79, ""vram_used_mib"": 4894.0}, {""index"": 10, ""name"": ""NVIDIA P104-100"", ""pci_bus"": ""00000000:13:00.0"", ""pcie"": ""Gen1 x1"", ""util_pct"": 0.0, ""power_w"": 49.25, ""vram_used_mib"": 6620.0}, {""index"": 11, ""name"": ""NVIDIA P104-100"", ""pci_bus"": ""00000000:14:00.0"", ""pcie"": ""Gen1 x1"", ""util_pct"": 60.0, ""power_w"": 54.54, ""vram_used_mib"": 7750.0}]"
2026-08-16T18:19:04.083852+03:00,1786893544.083852,ctx_002048.txt,1,1,decode,39.36915887850467,"[19.53488372093023, 20.093457943925234, 100.0, 17.84037558685446]",15875.55078125,8446.5078125,7429.04296875,53.20450250126657,24575.99609375,407.328125,1.657422647066537,"[{""index"": 0, ""name"": ""NVIDIA P104-100"", ""pci_bus"": ""00000000:01:00.0"", ""pcie"": ""Gen1 x1"", ""util_pct"": 0.0, ""power_w"": 113.58, ""vram_used_mib"": 5638.0}, {""index"": 1, ""name"": ""NVIDIA P104-100"", ""pci_bus"": ""00000000:02:00.0"", ""pcie"": ""Gen1 x1"", ""util_pct"": 0.0, ""power_w"": 43.5, ""vram_used_mib"": 4894.0}, {""index"": 2, ""name"": ""NVIDIA P104-100"", ""pci_bus"": ""00000000:0A:00.0"", ""pcie"": ""Gen1 x1"", ""util_pct"": 0.0, ""power_w"": 46.35, ""vram_used_mib"": 6620.0}, {""index"": 3, ""name"": ""NVIDIA P104-100"", ""pci_bus"": ""00000000:0C:00.0"", ""pcie"": ""Gen1 x1"", ""util_pct"": 0.0, ""power_w"": 50.29, ""vram_used_mib"": 4894.0}, {""index"": 4, ""name"": ""NVIDIA P104-100"", ""pci_bus"": ""00000000:0D:00.0"", ""pcie"": ""Gen1 x1"", ""util_pct"": 0.0, ""power_w"": 48.4, ""vram_used_mib"": 6620.0}, {""index"": 5, ""name"": ""NVIDIA P104-100"", ""pci_bus"": ""00000000:0E:00.0"", ""pcie"": ""Gen1 x1"", ""util_pct"": 0.0, ""power_w"": 51.54, ""vram_used_mib"": 4894.0}, {""index"": 6, ""name"": ""NVIDIA P104-100"", ""pci_bus"": ""00000000:0F:00.0"", ""pcie"": ""Gen1 x1"", ""util_pct"": 0.0, ""power_w"": 52.87, ""vram_used_mib"": 5638.0}, {""index"": 7, ""name"": ""NVIDIA P104-100"", ""pci_bus"": ""00000000:10:00.0"", ""pcie"": ""Gen1 x1"", ""util_pct"": 0.0, ""power_w"": 49.76, ""vram_used_mib"": 5876.0}, {""index"": 8, ""name"": ""NVIDIA P104-100"", ""pci_bus"": ""00000000:11:00.0"", ""pcie"": ""Gen1 x1"", ""util_pct"": 21.0, ""power_w"": 46.66, ""vram_used_mib"": 5638.0}, {""index"": 9, ""name"": ""NVIDIA P104-100"", ""pci_bus"": ""00000000:12:00.0"", ""pcie"": ""Gen1 x1"", ""util_pct"": 18.0, ""power_w"": 48.91, ""vram_used_mib"": 4894.0}, {""index"": 10, ""name"": ""NVIDIA P104-100"", ""pci_bus"": ""00000000:13:00.0"", ""pcie"": ""Gen1 x1"", ""util_pct"": 5.0, ""power_w"": 49.59, ""vram_used_mib"": 6620.0}, {""index"": 11, ""name"": ""NVIDIA P104-100"", ""pci_bus"": ""00000000:14:00.0"", ""pcie"": ""Gen1 x1"", ""util_pct"": 11.0, ""power_w"": 59.41, ""vram_used_mib"": 7750.0}]"
2026-08-16T18:19:06.220144+03:00,1786893546.220144,ctx_002048.txt,1,1,decode,51.41843971631206,"[63.84976525821596, 22.169811320754718, 98.12206572769954, 20.574162679425836]",15875.55078125,8534.453125,7341.09765625,53.75846950191935,24575.99609375,403.4296875,1.6415598617489913,"[{""index"": 0, ""name"": ""NVIDIA P104-100"", ""pci_bus"": ""00000000:01:00.0"", ""pcie"": ""Gen1 x1"", ""util_pct"": 0.0, ""power_w"": 51.8, ""vram_used_mib"": 5638.0}, {""index"": 1, ""name"": ""NVIDIA P104-100"", ""pci_bus"": ""00000000:02:00.0"", ""pcie"": ""Gen1 x1"", ""util_pct"": 0.0, ""power_w"": 43.5, ""vram_used_mib"": 4894.0}, {""index"": 2, ""name"": ""NVIDIA P104-100"", ""pci_bus"": ""00000000:0A:00.0"", ""pcie"": ""Gen1 x1"", ""util_pct"": 21.0, ""power_w"": 46.34, ""vram_used_mib"": 6620.0}, {""index"": 3, ""name"": ""NVIDIA P104-100"", ""pci_bus"": ""00000000:0C:00.0"", ""pcie"": ""Gen1 x1"", ""util_pct"": 18.0, ""power_w"": 50.36, ""vram_used_mib"": 4894.0}, {""index"": 4, ""name"": ""NVIDIA P104-100"", ""pci_bus"": ""00000000:0D:00.0"", ""pcie"": ""Gen1 x1"", ""util_pct"": 9.0, ""power_w"": 48.47, ""vram_used_mib"": 6620.0}, {""index"": 5, ""name"": ""NVIDIA P104-100"", ""pci_bus"": ""00000000:0E:00.0"", ""pcie"": ""Gen1 x1"", ""util_pct"": 17.0, ""power_w"": 51.51, ""vram_used_mib"": 4894.0}, {""index"": 6, ""name"": ""NVIDIA P104-100"", ""pci_bus"": ""00000000:0F:00.0"", ""pcie"": ""Gen1 x1"", ""util_pct"": 21.0, ""power_w"": 52.83, ""vram_used_mib"": 5638.0}, {""index"": 7, ""name"": ""NVIDIA P104-100"", ""pci_bus"": ""00000000:10:00.0"", ""pcie"": ""Gen1 x1"", ""util_pct"": 18.0, ""power_w"": 49.53, ""vram_used_mib"": 5876.0}, {""index"": 8, ""name"": ""NVIDIA P104-100"", ""pci_bus"": ""00000000:11:00.0"", ""pcie"": ""Gen1 x1"", ""util_pct"": 7.0, ""power_w"": 46.72, ""vram_used_mib"": 5638.0}, {""index"": 9, ""name"": ""NVIDIA P104-100"", ""pci_bus"": ""00000000:12:00.0"", ""pcie"": ""Gen1 x1"", ""util_pct"": 0.0, ""power_w"": 49.31, ""vram_used_mib"": 4894.0}, {""index"": 10, ""name"": ""NVIDIA P104-100"", ""pci_bus"": ""00000000:13:00.0"", ""pcie"": ""Gen1 x1"", ""util_pct"": 16.0, ""power_w"": 53.67, ""vram_used_mib"": 6620.0}, {""index"": 11, ""name"": ""NVIDIA P104-100"", ""pci_bus"": ""00000000:14:00.0"", ""pcie"": ""Gen1 x1"", ""util_pct"": 22.0, ""power_w"": 118.98, ""vram_used_mib"": 7750.0}]"
2026-08-16T18:19:08.446874+03:00,1786893548.446874,ctx_002048.txt,1,1,decode,40.337078651685395,"[19.36936936936937, 100.0, 17.48878923766816, 24.324324324324323]",15875.55078125,8400.64453125,7474.90625,52.91560996530386,24575.99609375,403.4140625,1.6414962834511253,"[{""index"": 0, ""name"": ""NVIDIA P104-100"", ""pci_bus"": ""00000000:01:00.0"", ""pcie"": ""Gen1 x1"", ""util_pct"": 20.0, ""power_w"": 51.8, ""vram_used_mib"": 5638.0}, {""index"": 1, ""name"": ""NVIDIA P104-100"", ""pci_bus"": ""00000000:02:00.0"", ""pcie"": ""Gen1 x1"", ""util_pct"": 19.0, ""power_w"": 43.4, ""vram_used_mib"": 4894.0}, {""index"": 2, ""name"": ""NVIDIA P104-100"", ""pci_bus"": ""00000000:0A:00.0"", ""pcie"": ""Gen1 x1"", ""util_pct"": 4.0, ""power_w"": 46.6, ""vram_used_mib"": 6620.0}, {""index"": 3, ""name"": ""NVIDIA P104-100"", ""pci_bus"": ""00000000:0C:00.0"", ""pcie"": ""Gen1 x1"", ""util_pct"": 0.0, ""power_w"": 52.04, ""vram_used_mib"": 4894.0}, {""index"": 4, ""name"": ""NVIDIA P104-100"", ""pci_bus"": ""00000000:0D:00.0"", ""pcie"": ""Gen1 x1"", ""util_pct"": 21.0, ""power_w"": 63.44, ""vram_used_mib"": 6620.0}, {""index"": 5, ""name"": ""NVIDIA P104-100"", ""pci_bus"": ""00000000:0E:00.0"", ""pcie"": ""Gen1 x1"", ""util_pct"": 0.0, ""power_w"": 169.96, ""vram_used_mib"": 4894.0}, {""index"": 6, ""name"": ""NVIDIA P104-100"", ""pci_bus"": ""00000000:0F:00.0"", ""pcie"": ""Gen1 x1"", ""util_pct"": 0.0, ""power_w"": 102.49, ""vram_used_mib"": 5638.0}, {""index"": 7, ""name"": ""NVIDIA P104-100"", ""pci_bus"": ""00000000:10:00.0"", ""pcie"": ""Gen1 x1"", ""util_pct"": 0.0, ""power_w"": 49.48, ""vram_used_mib"": 5876.0}, {""index"": 8, ""name"": ""NVIDIA P104-100"", ""pci_bus"": ""00000000:11:00.0"", ""pcie"": ""Gen1 x1"", ""util_pct"": 0.0, ""power_w"": 46.71, ""vram_used_mib"": 5638.0}, {""index"": 9, ""name"": ""NVIDIA P104-100"", ""pci_bus"": ""00000000:12:00.0"", ""pcie"": ""Gen1 x1"", ""util_pct"": 0.0, ""power_w"": 48.79, ""vram_used_mib"": 4894.0}, {""index"": 10, ""name"": ""NVIDIA P104-100"", ""pci_bus"": ""00000000:13:00.0"", ""pcie"": ""Gen1 x1"", ""util_pct"": 0.0, ""power_w"": 49.36, ""vram_used_mib"": 6620.0}, {""index"": 11, ""name"": ""NVIDIA P104-100"", ""pci_bus"": ""00000000:14:00.0"", ""pcie"": ""Gen1 x1"", ""util_pct"": 45.0, ""power_w"": 54.79, ""vram_used_mib"": 7750.0}]"
2026-08-16T18:19:10.575607+03:00,1786893550.575607,ctx_002048.txt,1,1,decode,39.10482921083628,"[25.821596244131456, 100.0, 17.142857142857142, 12.796208530805687]",15875.55078125,8459.1875,7416.36328125,53.284371777455554,24575.99609375,403.3984375,1.6414327051532596,"[{""index"": 0, ""name"": ""NVIDIA P104-100"", ""pci_bus"": ""00000000:01:00.0"", ""pcie"": ""Gen1 x1"", ""util_pct"": 0.0, ""power_w"": 139.58, ""vram_used_mib"": 5638.0}, {""index"": 1, ""name"": ""NVIDIA P104-100"", ""pci_bus"": ""00000000:02:00.0"", ""pcie"": ""Gen1 x1"", ""util_pct"": 0.0, ""power_w"": 43.5, ""vram_used_mib"": 4894.0}, {""index"": 2, ""name"": ""NVIDIA P104-100"", ""pci_bus"": ""00000000:0A:00.0"", ""pcie"": ""Gen1 x1"", ""util_pct"": 0.0, ""power_w"": 46.31, ""vram_used_mib"": 6620.0}, {""index"": 3, ""name"": ""NVIDIA P104-100"", ""pci_bus"": ""00000000:0C:00.0"", ""pcie"": ""Gen1 x1"", ""util_pct"": 0.0, ""power_w"": 50.29, ""vram_used_mib"": 4894.0}, {""index"": 4, ""name"": ""NVIDIA P104-100"", ""pci_bus"": ""00000000:0D:00.0"", ""pcie"": ""Gen1 x1"", ""util_pct"": 9.0, ""power_w"": 48.4, ""vram_used_mib"": 6620.0}, {""index"": 5, ""name"": ""NVIDIA P104-100"", ""pci_bus"": ""00000000:0E:00.0"", ""pcie"": ""Gen1 x1"", ""util_pct"": 0.0, ""power_w"": 51.44, ""vram_used_mib"": 4894.0}, {""index"": 6, ""name"": ""NVIDIA P104-100"", ""pci_bus"": ""00000000:0F:00.0"", ""pcie"": ""Gen1 x1"", ""util_pct"": 0.0, ""power_w"": 52.87, ""vram_used_mib"": 5638.0}, {""index"": 7, ""name"": ""NVIDIA P104-100"", ""pci_bus"": ""00000000:10:00.0"", ""pcie"": ""Gen1 x1"", ""util_pct"": 18.0, ""power_w"": 49.51, ""vram_used_mib"": 5876.0}, {""index"": 8, ""name"": ""NVIDIA P104-100"", ""pci_bus"": ""00000000:11:00.0"", ""pcie"": ""Gen1 x1"", ""util_pct"": 15.0, ""power_w"": 46.41, ""vram_used_mib"": 5638.0}, {""index"": 9, ""name"": ""NVIDIA P104-100"", ""pci_bus"": ""00000000:12:00.0"", ""pcie"": ""Gen1 x1"", ""util_pct"": 18.0, ""power_w"": 48.66, ""vram_used_mib"": 4894.0}, {""index"": 10, ""name"": ""NVIDIA P104-100"", ""pci_bus"": ""00000000:13:00.0"", ""pcie"": ""Gen1 x1"", ""util_pct"": 16.0, ""power_w"": 49.25, ""vram_used_mib"": 6620.0}, {""index"": 11, ""name"": ""NVIDIA P104-100"", ""pci_bus"": ""00000000:14:00.0"", ""pcie"": ""Gen1 x1"", ""util_pct"": 28.0, ""power_w"": 57.49, ""vram_used_mib"": 7750.0}]"
2026-08-16T18:19:12.720957+03:00,1786893552.720957,ctx_002048.txt,1,1,decode,39.1812865497076,"[23.004694835680752, 100.0, 18.22429906542056, 15.813953488372093]",15875.55078125,8496.4609375,7379.08984375,53.51915693869873,24575.99609375,403.3828125,1.6413691268553936,"[{""index"": 0, ""name"": ""NVIDIA P104-100"", ""pci_bus"": ""00000000:01:00.0"", ""pcie"": ""Gen1 x1"", ""util_pct"": 20.0, ""power_w"": 51.8, ""vram_used_mib"": 5638.0}, {""index"": 1, ""name"": ""NVIDIA P104-100"", ""pci_bus"": ""00000000:02:00.0"", ""pcie"": ""Gen1 x1"", ""util_pct"": 19.0, ""power_w"": 43.5, ""vram_used_mib"": 4894.0}, {""index"": 2, ""name"": ""NVIDIA P104-100"", ""pci_bus"": ""00000000:0A:00.0"", ""pcie"": ""Gen1 x1"", ""util_pct"": 18.0, ""power_w"": 46.35, ""vram_used_mib"": 6620.0}, {""index"": 3, ""name"": ""NVIDIA P104-100"", ""pci_bus"": ""00000000:0C:00.0"", ""pcie"": ""Gen1 x1"", ""util_pct"": 18.0, ""power_w"": 50.26, ""vram_used_mib"": 4894.0}, {""index"": 4, ""name"": ""NVIDIA P104-100"", ""pci_bus"": ""00000000:0D:00.0"", ""pcie"": ""Gen1 x1"", ""util_pct"": 21.0, ""power_w"": 48.37, ""vram_used_mib"": 6620.0}, {""index"": 5, ""name"": ""NVIDIA P104-100"", ""pci_bus"": ""00000000:0E:00.0"", ""pcie"": ""Gen1 x1"", ""util_pct"": 0.0, ""power_w"": 51.78, ""vram_used_mib"": 4894.0}, {""index"": 6, ""name"": ""NVIDIA P104-100"", ""pci_bus"": ""00000000:0F:00.0"", ""pcie"": ""Gen1 x1"", ""util_pct"": 0.0, ""power_w"": 53.91, ""vram_used_mib"": 5638.0}, {""index"": 7, ""name"": ""NVIDIA P104-100"", ""pci_bus"": ""00000000:10:00.0"", ""pcie"": ""Gen1 x1"", ""util_pct"": 0.0, ""power_w"": 56.28, ""vram_used_mib"": 5876.0}, {""index"": 8, ""name"": ""NVIDIA P104-100"", ""pci_bus"": ""00000000:11:00.0"", ""pcie"": ""Gen1 x1"", ""util_pct"": 18.0, ""power_w"": 146.58, ""vram_used_mib"": 5638.0}, {""index"": 9, ""name"": ""NVIDIA P104-100"", ""pci_bus"": ""00000000:12:00.0"", ""pcie"": ""Gen1 x1"", ""util_pct"": 0.0, ""power_w"": 75.94, ""vram_used_mib"": 4894.0}, {""index"": 10, ""name"": ""NVIDIA P104-100"", ""pci_bus"": ""00000000:13:00.0"", ""pcie"": ""Gen1 x1"", ""util_pct"": 0.0, ""power_w"": 49.35, ""vram_used_mib"": 6620.0}, {""index"": 11, ""name"": ""NVIDIA P104-100"", ""pci_bus"": ""00000000:14:00.0"", ""pcie"": ""Gen1 x1"", ""util_pct"": 0.0, ""power_w"": 54.58, ""vram_used_mib"": 7750.0}]"
2026-08-16T18:19:14.844725+03:00,1786893554.844725,ctx_002048.txt,1,1,decode,38.96103896103896,"[10.476190476190476, 100.0, 18.867924528301888, 25.943396226415093]",15875.55078125,8527.20703125,7348.34375,53.71282640046199,24575.99609375,403.37109375,1.641321443131994,"[{""index"": 0, ""name"": ""NVIDIA P104-100"", ""pci_bus"": ""00000000:01:00.0"", ""pcie"": ""Gen1 x1"", ""util_pct"": 9.0, ""power_w"": 53.38, ""vram_used_mib"": 5638.0}, {""index"": 1, ""name"": ""NVIDIA P104-100"", ""pci_bus"": ""00000000:02:00.0"", ""pcie"": ""Gen1 x1"", ""util_pct"": 0.0, ""power_w"": 51.36, ""vram_used_mib"": 4894.0}, {""index"": 2, ""name"": ""NVIDIA P104-100"", ""pci_bus"": ""00000000:0A:00.0"", ""pcie"": ""Gen1 x1"", ""util_pct"": 15.0, ""power_w"": 151.39, ""vram_used_mib"": 6620.0}, {""index"": 3, ""name"": ""NVIDIA P104-100"", ""pci_bus"": ""00000000:0C:00.0"", ""pcie"": ""Gen1 x1"", ""util_pct"": 0.0, ""power_w"": 50.28, ""vram_used_mib"": 4894.0}, {""index"": 4, ""name"": ""NVIDIA P104-100"", ""pci_bus"": ""00000000:0D:00.0"", ""pcie"": ""Gen1 x1"", ""util_pct"": 0.0, ""power_w"": 48.3, ""vram_used_mib"": 6620.0}, {""index"": 5, ""name"": ""NVIDIA P104-100"", ""pci_bus"": ""00000000:0E:00.0"", ""pcie"": ""Gen1 x1"", ""util_pct"": 0.0, ""power_w"": 51.43, ""vram_used_mib"": 4894.0}, {""index"": 6, ""name"": ""NVIDIA P104-100"", ""pci_bus"": ""00000000:0F:00.0"", ""pcie"": ""Gen1 x1"", ""util_pct"": 0.0, ""power_w"": 52.75, ""vram_used_mib"": 5638.0}, {""index"": 7, ""name"": ""NVIDIA P104-100"", ""pci_bus"": ""00000000:10:00.0"", ""pcie"": ""Gen1 x1"", ""util_pct"": 0.0, ""power_w"": 49.75, ""vram_used_mib"": 5876.0}, {""index"": 8, ""name"": ""NVIDIA P104-100"", ""pci_bus"": ""00000000:11:00.0"", ""pcie"": ""Gen1 x1"", ""util_pct"": 15.0, ""power_w"": 46.38, ""vram_used_mib"": 5638.0}, {""index"": 9, ""name"": ""NVIDIA P104-100"", ""pci_bus"": ""00000000:12:00.0"", ""pcie"": ""Gen1 x1"", ""util_pct"": 18.0, ""power_w"": 48.71, ""vram_used_mib"": 4894.0}, {""index"": 10, ""name"": ""NVIDIA P104-100"", ""pci_bus"": ""00000000:13:00.0"", ""pcie"": ""Gen1 x1"", ""util_pct"": 5.0, ""power_w"": 49.36, ""vram_used_mib"": 6620.0}, {""index"": 11, ""name"": ""NVIDIA P104-100"", ""pci_bus"": ""00000000:14:00.0"", ""pcie"": ""Gen1 x1"", ""util_pct"": 32.0, ""power_w"": 54.79, ""vram_used_mib"": 7750.0}]"
2026-08-16T18:19:16.985747+03:00,1786893556.985747,ctx_002048.txt,1,1,decode,39.273153575615474,"[23.25581395348837, 100.0, 18.867924528301888, 14.761904761904763]",15875.55078125,8471.3125,7404.23828125,53.36074708037935,24575.99609375,403.35546875,1.6412578648341283,"[{""index"": 0, ""name"": ""NVIDIA P104-100"", ""pci_bus"": ""00000000:01:00.0"", ""pcie"": ""Gen1 x1"", ""util_pct"": 0.0, ""power_w"": 51.79, ""vram_used_mib"": 5638.0}, {""index"": 1, ""name"": ""NVIDIA P104-100"", ""pci_bus"": ""00000000:02:00.0"", ""pcie"": ""Gen1 x1"", ""util_pct"": 0.0, ""power_w"": 43.5, ""vram_used_mib"": 4894.0}, {""index"": 2, ""name"": ""NVIDIA P104-100"", ""pci_bus"": ""00000000:0A:00.0"", ""pcie"": ""Gen1 x1"", ""util_pct"": 21.0, ""power_w"": 46.32, ""vram_used_mib"": 6620.0}, {""index"": 3, ""name"": ""NVIDIA P104-100"", ""pci_bus"": ""00000000:0C:00.0"", ""pcie"": ""Gen1 x1"", ""util_pct"": 18.0, ""power_w"": 50.29, ""vram_used_mib"": 4894.0}, {""index"": 4, ""name"": ""NVIDIA P104-100"", ""pci_bus"": ""00000000:0D:00.0"", ""pcie"": ""Gen1 x1"", ""util_pct"": 5.0, ""power_w"": 48.4, ""vram_used_mib"": 6620.0}, {""index"": 5, ""name"": ""NVIDIA P104-100"", ""pci_bus"": ""00000000:0E:00.0"", ""pcie"": ""Gen1 x1"", ""util_pct"": 19.0, ""power_w"": 42.84, ""vram_used_mib"": 4894.0}, {""index"": 6, ""name"": ""NVIDIA P104-100"", ""pci_bus"": ""00000000:0F:00.0"", ""pcie"": ""Gen1 x1"", ""util_pct"": 21.0, ""power_w"": 52.83, ""vram_used_mib"": 5638.0}, {""index"": 7, ""name"": ""NVIDIA P104-100"", ""pci_bus"": ""00000000:10:00.0"", ""pcie"": ""Gen1 x1"", ""util_pct"": 18.0, ""power_w"": 49.47, ""vram_used_mib"": 5876.0}, {""index"": 8, ""name"": ""NVIDIA P104-100"", ""pci_bus"": ""00000000:11:00.0"", ""pcie"": ""Gen1 x1"", ""util_pct"": 9.0, ""power_w"": 46.72, ""vram_used_mib"": 5638.0}, {""index"": 9, ""name"": ""NVIDIA P104-100"", ""pci_bus"": ""00000000:12:00.0"", ""pcie"": ""Gen1 x1"", ""util_pct"": 2.0, ""power_w"": 50.49, ""vram_used_mib"": 4894.0}, {""index"": 10, ""name"": ""NVIDIA P104-100"", ""pci_bus"": ""00000000:13:00.0"", ""pcie"": ""Gen1 x1"", ""util_pct"": 19.0, ""power_w"": 66.75, ""vram_used_mib"": 6620.0}, {""index"": 11, ""name"": ""NVIDIA P104-100"", ""pci_bus"": ""00000000:14:00.0"", ""pcie"": ""Gen1 x1"", ""util_pct"": 0.0, ""power_w"": 189.58, ""vram_used_mib"": 7750.0}]"
2026-08-16T18:19:18.971874+03:00,1786893558.971874,ctx_004096.txt,1,1,outside,0.0,"[null, null, null, null]",15875.55078125,8510.76953125,7364.78125,53.60928668567355,24575.99609375,403.3046875,1.641051235366064,"[{""index"": 0, ""name"": ""NVIDIA P104-100"", ""pci_bus"": ""00000000:01:00.0"", ""pcie"": ""Gen1 x1"", ""util_pct"": 0.0, ""power_w"": 51.32, ""vram_used_mib"": 5638.0}, {""index"": 1, ""name"": ""NVIDIA P104-100"", ""pci_bus"": ""00000000:02:00.0"", ""pcie"": ""Gen1 x1"", ""util_pct"": 0.0, ""power_w"": 43.42, ""vram_used_mib"": 4894.0}, {""index"": 2, ""name"": ""NVIDIA P104-100"", ""pci_bus"": ""00000000:0A:00.0"", ""pcie"": ""Gen1 x1"", ""util_pct"": 0.0, ""power_w"": 46.0, ""vram_used_mib"": 6620.0}, {""index"": 3, ""name"": ""NVIDIA P104-100"", ""pci_bus"": ""00000000:0C:00.0"", ""pcie"": ""Gen1 x1"", ""util_pct"": 0.0, ""power_w"": 50.29, ""vram_used_mib"": 4894.0}, {""index"": 4, ""name"": ""NVIDIA P104-100"", ""pci_bus"": ""00000000:0D:00.0"", ""pcie"": ""Gen1 x1"", ""util_pct"": 0.0, ""power_w"": 48.4, ""vram_used_mib"": 6620.0}, {""index"": 5, ""name"": ""NVIDIA P104-100"", ""pci_bus"": ""00000000:0E:00.0"", ""pcie"": ""Gen1 x1"", ""util_pct"": 0.0, ""power_w"": 42.76, ""vram_used_mib"": 4894.0}, {""index"": 6, ""name"": ""NVIDIA P104-100"", ""pci_bus"": ""00000000:0F:00.0"", ""pcie"": ""Gen1 x1"", ""util_pct"": 0.0, ""power_w"": 52.87, ""vram_used_mib"": 5638.0}, {""index"": 7, ""name"": ""NVIDIA P104-100"", ""pci_bus"": ""00000000:10:00.0"", ""pcie"": ""Gen1 x1"", ""util_pct"": 14.0, ""power_w"": 49.51, ""vram_used_mib"": 5876.0}, {""index"": 8, ""name"": ""NVIDIA P104-100"", ""pci_bus"": ""00000000:11:00.0"", ""pcie"": ""Gen1 x1"", ""util_pct"": 0.0, ""power_w"": 46.41, ""vram_used_mib"": 5638.0}, {""index"": 9, ""name"": ""NVIDIA P104-100"", ""pci_bus"": ""00000000:12:00.0"", ""pcie"": ""Gen1 x1"", ""util_pct"": 0.0, ""power_w"": 48.71, ""vram_used_mib"": 4894.0}, {""index"": 10, ""name"": ""NVIDIA P104-100"", ""pci_bus"": ""00000000:13:00.0"", ""pcie"": ""Gen1 x1"", ""util_pct"": 17.0, ""power_w"": 49.38, ""vram_used_mib"": 6620.0}, {""index"": 11, ""name"": ""NVIDIA P104-100"", ""pci_bus"": ""00000000:14:00.0"", ""pcie"": ""Gen1 x1"", ""util_pct"": 29.0, ""power_w"": 54.68, ""vram_used_mib"": 7750.0}]"
2026-08-16T18:19:21.088480+03:00,1786893561.088480,ctx_004096.txt,1,1,prefill,36.52482269503546,"[99.52380952380952, 14.218009478672986, 11.320754716981131, 20.85308056872038]",15875.55078125,8640.59765625,7234.953125,54.427073273294404,24575.99609375,403.26953125,1.6409081841958657,"[{""index"": 0, ""name"": ""NVIDIA P104-100"", ""pci_bus"": ""00000000:01:00.0"", ""pcie"": ""Gen1 x1"", ""util_pct"": 71.0, ""power_w"": 51.67, ""vram_used_mib"": 5638.0}, {""index"": 1, ""name"": ""NVIDIA P104-100"", ""pci_bus"": ""00000000:02:00.0"", ""pcie"": ""Gen1 x1"", ""util_pct"": 10.0, ""power_w"": 44.44, ""vram_used_mib"": 4894.0}, {""index"": 2, ""name"": ""NVIDIA P104-100"", ""pci_bus"": ""00000000:0A:00.0"", ""pcie"": ""Gen1 x1"", ""util_pct"": 0.0, ""power_w"": 117.18, ""vram_used_mib"": 6620.0}, {""index"": 3, ""name"": ""NVIDIA P104-100"", ""pci_bus"": ""00000000:0C:00.0"", ""pcie"": ""Gen1 x1"", ""util_pct"": 0.0, ""power_w"": 50.29, ""vram_used_mib"": 4894.0}, {""index"": 4, ""name"": ""NVIDIA P104-100"", ""pci_bus"": ""00000000:0D:00.0"", ""pcie"": ""Gen1 x1"", ""util_pct"": 0.0, ""power_w"": 48.3, ""vram_used_mib"": 6620.0}, {""index"": 5, ""name"": ""NVIDIA P104-100"", ""pci_bus"": ""00000000:0E:00.0"", ""pcie"": ""Gen1 x1"", ""util_pct"": 0.0, ""power_w"": 42.76, ""vram_used_mib"": 4894.0}, {""index"": 6, ""name"": ""NVIDIA P104-100"", ""pci_bus"": ""00000000:0F:00.0"", ""pcie"": ""Gen1 x1"", ""util_pct"": 0.0, ""power_w"": 54.11, ""vram_used_mib"": 5638.0}, {""index"": 7, ""name"": ""NVIDIA P104-100"", ""pci_bus"": ""00000000:10:00.0"", ""pcie"": ""Gen1 x1"", ""util_pct"": 0.0, ""power_w"": 49.51, ""vram_used_mib"": 5876.0}, {""index"": 8, ""name"": ""NVIDIA P104-100"", ""pci_bus"": ""00000000:11:00.0"", ""pcie"": ""Gen1 x1"", ""util_pct"": 0.0, ""power_w"": 50.97, ""vram_used_mib"": 5638.0}, {""index"": 9, ""name"": ""NVIDIA P104-100"", ""pci_bus"": ""00000000:12:00.0"", ""pcie"": ""Gen1 x1"", ""util_pct"": 0.0, ""power_w"": 48.69, ""vram_used_mib"": 4894.0}, {""index"": 10, ""name"": ""NVIDIA P104-100"", ""pci_bus"": ""00000000:13:00.0"", ""pcie"": ""Gen1 x1"", ""util_pct"": 0.0, ""power_w"": 49.25, ""vram_used_mib"": 6620.0}, {""index"": 11, ""name"": ""NVIDIA P104-100"", ""pci_bus"": ""00000000:14:00.0"", ""pcie"": ""Gen1 x1"", ""util_pct"": 0.0, ""power_w"": 54.58, ""vram_used_mib"": 7750.0}]"
2026-08-16T18:19:23.241007+03:00,1786893563.241007,ctx_004096.txt,1,1,prefill,35.1981351981352,"[92.12962962962963, 11.627906976744185, 17.289719626168225, 20.0]",15875.55078125,8775.67578125,7099.875,55.277929579707006,24575.99609375,403.26953125,1.6409081841958657,"[{""index"": 0, ""name"": ""NVIDIA P104-100"", ""pci_bus"": ""00000000:01:00.0"", ""pcie"": ""Gen1 x1"", ""util_pct"": 100.0, ""power_w"": 128.53, ""vram_used_mib"": 5638.0}, {""index"": 1, ""name"": ""NVIDIA P104-100"", ""pci_bus"": ""00000000:02:00.0"", ""pcie"": ""Gen1 x1"", ""util_pct"": 27.0, ""power_w"": 108.96, ""vram_used_mib"": 4894.0}, {""index"": 2, ""name"": ""NVIDIA P104-100"", ""pci_bus"": ""00000000:0A:00.0"", ""pcie"": ""Gen1 x1"", ""util_pct"": 7.0, ""power_w"": 145.56, ""vram_used_mib"": 6620.0}, {""index"": 3, ""name"": ""NVIDIA P104-100"", ""pci_bus"": ""00000000:0C:00.0"", ""pcie"": ""Gen1 x1"", ""util_pct"": 0.0, ""power_w"": 50.26, ""vram_used_mib"": 4894.0}, {""index"": 4, ""name"": ""NVIDIA P104-100"", ""pci_bus"": ""00000000:0D:00.0"", ""pcie"": ""Gen1 x1"", ""util_pct"": 0.0, ""power_w"": 54.32, ""vram_used_mib"": 6620.0}, {""index"": 5, ""name"": ""NVIDIA P104-100"", ""pci_bus"": ""00000000:0E:00.0"", ""pcie"": ""Gen1 x1"", ""util_pct"": 0.0, ""power_w"": 46.71, ""vram_used_mib"": 4894.0}, {""index"": 6, ""name"": ""NVIDIA P104-100"", ""pci_bus"": ""00000000:0F:00.0"", ""pcie"": ""Gen1 x1"", ""util_pct"": 0.0, ""power_w"": 53.83, ""vram_used_mib"": 5638.0}, {""index"": 7, ""name"": ""NVIDIA P104-100"", ""pci_bus"": ""00000000:10:00.0"", ""pcie"": ""Gen1 x1"", ""util_pct"": 0.0, ""power_w"": 55.69, ""vram_used_mib"": 5876.0}, {""index"": 8, ""name"": ""NVIDIA P104-100"", ""pci_bus"": ""00000000:11:00.0"", ""pcie"": ""Gen1 x1"", ""util_pct"": 0.0, ""power_w"": 50.61, ""vram_used_mib"": 5638.0}, {""index"": 9, ""name"": ""NVIDIA P104-100"", ""pci_bus"": ""00000000:12:00.0"", ""pcie"": ""Gen1 x1"", ""util_pct"": 0.0, ""power_w"": 53.15, ""vram_used_mib"": 4894.0}, {""index"": 10, ""name"": ""NVIDIA P104-100"", ""pci_bus"": ""00000000:13:00.0"", ""pcie"": ""Gen1 x1"", ""util_pct"": 0.0, ""power_w"": 53.54, ""vram_used_mib"": 6620.0}, {""index"": 11, ""name"": ""NVIDIA P104-100"", ""pci_bus"": ""00000000:14:00.0"", ""pcie"": ""Gen1 x1"", ""util_pct"": 0.0, ""power_w"": 54.29, ""vram_used_mib"": 7750.0}]"
2026-08-16T18:19:25.378692+03:00,1786893565.378692,ctx_004096.txt,1,1,prefill,36.72514619883041,"[100.0, 7.547169811320755, 23.004694835680752, 15.492957746478874]",15875.55078125,8751.55859375,7123.9921875,55.12601555900743,24575.99609375,403.26953125,1.6409081841958657,"[{""index"": 0, ""name"": ""NVIDIA P104-100"", ""pci_bus"": ""00000000:01:00.0"", ""pcie"": ""Gen1 x1"", ""util_pct"": 97.0, ""power_w"": 145.85, ""vram_used_mib"": 5638.0}, {""index"": 1, ""name"": ""NVIDIA P104-100"", ""pci_bus"": ""00000000:02:00.0"", ""pcie"": ""Gen1 x1"", ""util_pct"": 81.0, ""power_w"": 157.81, ""vram_used_mib"": 4894.0}, {""index"": 2, ""name"": ""NVIDIA P104-100"", ""pci_bus"": ""00000000:0A:00.0"", ""pcie"": ""Gen1 x1"", ""util_pct"": 97.0, ""power_w"": 150.16, ""vram_used_mib"": 6620.0}, {""index"": 3, ""name"": ""NVIDIA P104-100"", ""pci_bus"": ""00000000:0C:00.0"", ""pcie"": ""Gen1 x1"", ""util_pct"": 87.0, ""power_w"": 125.16, ""vram_used_mib"": 4894.0}, {""index"": 4, ""name"": ""NVIDIA P104-100"", ""pci_bus"": ""00000000:0D:00.0"", ""pcie"": ""Gen1 x1"", ""util_pct"": 98.0, ""power_w"": 152.88, ""vram_used_mib"": 6620.0}, {""index"": 5, ""name"": ""NVIDIA P104-100"", ""pci_bus"": ""00000000:0E:00.0"", ""pcie"": ""Gen1 x1"", ""util_pct"": 74.0, ""power_w"": 92.29, ""vram_used_mib"": 4894.0}, {""index"": 6, ""name"": ""NVIDIA P104-100"", ""pci_bus"": ""00000000:0F:00.0"", ""pcie"": ""Gen1 x1"", ""util_pct"": 99.0, ""power_w"": 151.46, ""vram_used_mib"": 5638.0}, {""index"": 7, ""name"": ""NVIDIA P104-100"", ""pci_bus"": ""00000000:10:00.0"", ""pcie"": ""Gen1 x1"", ""util_pct"": 86.0, ""power_w"": 81.79, ""vram_used_mib"": 5876.0}, {""index"": 8, ""name"": ""NVIDIA P104-100"", ""pci_bus"": ""00000000:11:00.0"", ""pcie"": ""Gen1 x1"", ""util_pct"": 97.0, ""power_w"": 132.18, ""vram_used_mib"": 5638.0}, {""index"": 9, ""name"": ""NVIDIA P104-100"", ""pci_bus"": ""00000000:12:00.0"", ""pcie"": ""Gen1 x1"", ""util_pct"": 77.0, ""power_w"": 68.3, ""vram_used_mib"": 4894.0}, {""index"": 10, ""name"": ""NVIDIA P104-100"", ""pci_bus"": ""00000000:13:00.0"", ""pcie"": ""Gen1 x1"", ""util_pct"": 98.0, ""power_w"": 111.66, ""vram_used_mib"": 6620.0}, {""index"": 11, ""name"": ""NVIDIA P104-100"", ""pci_bus"": ""00000000:14:00.0"", ""pcie"": ""Gen1 x1"", ""util_pct"": 41.0, ""power_w"": 94.0, ""vram_used_mib"": 7750.0}]"
2026-08-16T18:19:27.500227+03:00,1786893567.500227,ctx_004096.txt,1,1,prefill,36.56804733727811,"[100.0, 7.5829383886255926, 17.92452830188679, 21.22641509433962]",15875.55078125,8778.5,7097.05078125,55.295719316824886,24575.99609375,403.25,1.6408287113235334,"[{""index"": 0, ""name"": ""NVIDIA P104-100"", ""pci_bus"": ""00000000:01:00.0"", ""pcie"": ""Gen1 x1"", ""util_pct"": 98.0, ""power_w"": 118.21, ""vram_used_mib"": 5638.0}, {""index"": 1, ""name"": ""NVIDIA P104-100"", ""pci_bus"": ""00000000:02:00.0"", ""pcie"": ""Gen1 x1"", ""util_pct"": 74.0, ""power_w"": 114.98, ""vram_used_mib"": 4894.0}, {""index"": 2, ""name"": ""NVIDIA P104-100"", ""pci_bus"": ""00000000:0A:00.0"", ""pcie"": ""Gen1 x1"", ""util_pct"": 96.0, ""power_w"": 137.87, ""vram_used_mib"": 6620.0}, {""index"": 3, ""name"": ""NVIDIA P104-100"", ""pci_bus"": ""00000000:0C:00.0"", ""pcie"": ""Gen1 x1"", ""util_pct"": 88.0, ""power_w"": 132.87, ""vram_used_mib"": 4894.0}, {""index"": 4, ""name"": ""NVIDIA P104-100"", ""pci_bus"": ""00000000:0D:00.0"", ""pcie"": ""Gen1 x1"", ""util_pct"": 96.0, ""power_w"": 144.52, ""vram_used_mib"": 6620.0}, {""index"": 5, ""name"": ""NVIDIA P104-100"", ""pci_bus"": ""00000000:0E:00.0"", ""pcie"": ""Gen1 x1"", ""util_pct"": 88.0, ""power_w"": 128.56, ""vram_used_mib"": 4894.0}, {""index"": 6, ""name"": ""NVIDIA P104-100"", ""pci_bus"": ""00000000:0F:00.0"", ""pcie"": ""Gen1 x1"", ""util_pct"": 98.0, ""power_w"": 141.8, ""vram_used_mib"": 5638.0}, {""index"": 7, ""name"": ""NVIDIA P104-100"", ""pci_bus"": ""00000000:10:00.0"", ""pcie"": ""Gen1 x1"", ""util_pct"": 74.0, ""power_w"": 152.87, ""vram_used_mib"": 5876.0}, {""index"": 8, ""name"": ""NVIDIA P104-100"", ""pci_bus"": ""00000000:11:00.0"", ""pcie"": ""Gen1 x1"", ""util_pct"": 99.0, ""power_w"": 144.04, ""vram_used_mib"": 5638.0}, {""index"": 9, ""name"": ""NVIDIA P104-100"", ""pci_bus"": ""00000000:12:00.0"", ""pcie"": ""Gen1 x1"", ""util_pct"": 76.0, ""power_w"": 145.43, ""vram_used_mib"": 4894.0}, {""index"": 10, ""name"": ""NVIDIA P104-100"", ""pci_bus"": ""00000000:13:00.0"", ""pcie"": ""Gen1 x1"", ""util_pct"": 97.0, ""power_w"": 148.07, ""vram_used_mib"": 6620.0}, {""index"": 11, ""name"": ""NVIDIA P104-100"", ""pci_bus"": ""00000000:14:00.0"", ""pcie"": ""Gen1 x1"", ""util_pct"": 59.0, ""power_w"": 141.04, ""vram_used_mib"": 7750.0}]"
2026-08-16T18:19:29.618998+03:00,1786893569.618998,ctx_004096.txt,1,1,prefill,49.052132701421804,"[98.58490566037736, 12.796208530805687, 53.08056872037915, 30.62200956937799]",15875.55078125,8806.94921875,7068.6015625,55.474920776616756,24575.99609375,403.2421875,1.6407969221746004,"[{""index"": 0, ""name"": ""NVIDIA P104-100"", ""pci_bus"": ""00000000:01:00.0"", ""pcie"": ""Gen1 x1"", ""util_pct"": 99.0, ""power_w"": 132.0, ""vram_used_mib"": 5638.0}, {""index"": 1, ""name"": ""NVIDIA P104-100"", ""pci_bus"": ""00000000:02:00.0"", ""pcie"": ""Gen1 x1"", ""util_pct"": 87.0, ""power_w"": 145.87, ""vram_used_mib"": 4894.0}, {""index"": 2, ""name"": ""NVIDIA P104-100"", ""pci_bus"": ""00000000:0A:00.0"", ""pcie"": ""Gen1 x1"", ""util_pct"": 95.0, ""power_w"": 152.06, ""vram_used_mib"": 6620.0}, {""index"": 3, ""name"": ""NVIDIA P104-100"", ""pci_bus"": ""00000000:0C:00.0"", ""pcie"": ""Gen1 x1"", ""util_pct"": 77.0, ""power_w"": 149.83, ""vram_used_mib"": 4894.0}, {""index"": 4, ""name"": ""NVIDIA P104-100"", ""pci_bus"": ""00000000:0D:00.0"", ""pcie"": ""Gen1 x1"", ""util_pct"": 98.0, ""power_w"": 155.74, ""vram_used_mib"": 6620.0}, {""index"": 5, ""name"": ""NVIDIA P104-100"", ""pci_bus"": ""00000000:0E:00.0"", ""pcie"": ""Gen1 x1"", ""util_pct"": 87.0, ""power_w"": 146.18, ""vram_used_mib"": 4894.0}, {""index"": 6, ""name"": ""NVIDIA P104-100"", ""pci_bus"": ""00000000:0F:00.0"", ""pcie"": ""Gen1 x1"", ""util_pct"": 99.0, ""power_w"": 144.24, ""vram_used_mib"": 5638.0}, {""index"": 7, ""name"": ""NVIDIA P104-100"", ""pci_bus"": ""00000000:10:00.0"", ""pcie"": ""Gen1 x1"", ""util_pct"": 73.0, ""power_w"": 152.96, ""vram_used_mib"": 5876.0}, {""index"": 8, ""name"": ""NVIDIA P104-100"", ""pci_bus"": ""00000000:11:00.0"", ""pcie"": ""Gen1 x1"", ""util_pct"": 98.0, ""power_w"": 146.42, ""vram_used_mib"": 5638.0}, {""index"": 9, ""name"": ""NVIDIA P104-100"", ""pci_bus"": ""00000000:12:00.0"", ""pcie"": ""Gen1 x1"", ""util_pct"": 88.0, ""power_w"": 155.95, ""vram_used_mib"": 4894.0}, {""index"": 10, ""name"": ""NVIDIA P104-100"", ""pci_bus"": ""00000000:13:00.0"", ""pcie"": ""Gen1 x1"", ""util_pct"": 97.0, ""power_w"": 150.91, ""vram_used_mib"": 6620.0}, {""index"": 11, ""name"": ""NVIDIA P104-100"", ""pci_bus"": ""00000000:14:00.0"", ""pcie"": ""Gen1 x1"", ""util_pct"": 54.0, ""power_w"": 57.8, ""vram_used_mib"": 7750.0}]"
2026-08-16T18:19:31.886982+03:00,1786893571.886982,ctx_004096.txt,1,1,prefill,39.005524861878456,"[28.19383259911894, 16.8141592920354, 100.0, 11.842105263157896]",15875.55078125,8811.00390625,7064.546875,55.50046122907645,24575.99609375,403.23046875,1.6407492384512008,"[{""index"": 0, ""name"": ""NVIDIA P104-100"", ""pci_bus"": ""00000000:01:00.0"", ""pcie"": ""Gen1 x1"", ""util_pct"": 99.0, ""power_w"": 137.28, ""vram_used_mib"": 5638.0}, {""index"": 1, ""name"": ""NVIDIA P104-100"", ""pci_bus"": ""00000000:02:00.0"", ""pcie"": ""Gen1 x1"", ""util_pct"": 87.0, ""power_w"": 105.32, ""vram_used_mib"": 4894.0}, {""index"": 2, ""name"": ""NVIDIA P104-100"", ""pci_bus"": ""00000000:0A:00.0"", ""pcie"": ""Gen1 x1"", ""util_pct"": 98.0, ""power_w"": 153.97, ""vram_used_mib"": 6620.0}, {""index"": 3, ""name"": ""NVIDIA P104-100"", ""pci_bus"": ""00000000:0C:00.0"", ""pcie"": ""Gen1 x1"", ""util_pct"": 79.0, ""power_w"": 90.41, ""vram_used_mib"": 4894.0}, {""index"": 4, ""name"": ""NVIDIA P104-100"", ""pci_bus"": ""00000000:0D:00.0"", ""pcie"": ""Gen1 x1"", ""util_pct"": 99.0, ""power_w"": 160.64, ""vram_used_mib"": 6620.0}, {""index"": 5, ""name"": ""NVIDIA P104-100"", ""pci_bus"": ""00000000:0E:00.0"", ""pcie"": ""Gen1 x1"", ""util_pct"": 78.0, ""power_w"": 72.44, ""vram_used_mib"": 4894.0}, {""index"": 6, ""name"": ""NVIDIA P104-100"", ""pci_bus"": ""00000000:0F:00.0"", ""pcie"": ""Gen1 x1"", ""util_pct"": 99.0, ""power_w"": 116.68, ""vram_used_mib"": 5638.0}, {""index"": 7, ""name"": ""NVIDIA P104-100"", ""pci_bus"": ""00000000:10:00.0"", ""pcie"": ""Gen1 x1"", ""util_pct"": 87.0, ""power_w"": 73.51, ""vram_used_mib"": 5876.0}, {""index"": 8, ""name"": ""NVIDIA P104-100"", ""pci_bus"": ""00000000:11:00.0"", ""pcie"": ""Gen1 x1"", ""util_pct"": 98.0, ""power_w"": 115.15, ""vram_used_mib"": 5638.0}, {""index"": 9, ""name"": ""NVIDIA P104-100"", ""pci_bus"": ""00000000:12:00.0"", ""pcie"": ""Gen1 x1"", ""util_pct"": 88.0, ""power_w"": 107.92, ""vram_used_mib"": 4894.0}, {""index"": 10, ""name"": ""NVIDIA P104-100"", ""pci_bus"": ""00000000:13:00.0"", ""pcie"": ""Gen1 x1"", ""util_pct"": 99.0, ""power_w"": 134.49, ""vram_used_mib"": 6620.0}, {""index"": 11, ""name"": ""NVIDIA P104-100"", ""pci_bus"": ""00000000:14:00.0"", ""pcie"": ""Gen1 x1"", ""util_pct"": 40.0, ""power_w"": 120.91, ""vram_used_mib"": 7750.0}]"
2026-08-16T18:19:34.006328+03:00,1786893574.006328,ctx_004096.txt,1,1,prefill,36.33136094674556,"[12.322274881516588, 11.374407582938389, 100.0, 20.574162679425836]",15875.55078125,8791.625,7083.92578125,55.37839361380424,24575.99609375,403.23046875,1.6407492384512008,"[{""index"": 0, ""name"": ""NVIDIA P104-100"", ""pci_bus"": ""00000000:01:00.0"", ""pcie"": ""Gen1 x1"", ""util_pct"": 99.0, ""power_w"": 135.48, ""vram_used_mib"": 5638.0}, {""index"": 1, ""name"": ""NVIDIA P104-100"", ""pci_bus"": ""00000000:02:00.0"", ""pcie"": ""Gen1 x1"", ""util_pct"": 75.0, ""power_w"": 128.76, ""vram_used_mib"": 4894.0}, {""index"": 2, ""name"": ""NVIDIA P104-100"", ""pci_bus"": ""00000000:0A:00.0"", ""pcie"": ""Gen1 x1"", ""util_pct"": 98.0, ""power_w"": 141.73, ""vram_used_mib"": 6620.0}, {""index"": 3, ""name"": ""NVIDIA P104-100"", ""pci_bus"": ""00000000:0C:00.0"", ""pcie"": ""Gen1 x1"", ""util_pct"": 88.0, ""power_w"": 140.56, ""vram_used_mib"": 4894.0}, {""index"": 4, ""name"": ""NVIDIA P104-100"", ""pci_bus"": ""00000000:0D:00.0"", ""pcie"": ""Gen1 x1"", ""util_pct"": 99.0, ""power_w"": 149.78, ""vram_used_mib"": 6620.0}, {""index"": 5, ""name"": ""NVIDIA P104-100"", ""pci_bus"": ""00000000:0E:00.0"", ""pcie"": ""Gen1 x1"", ""util_pct"": 83.0, ""power_w"": 136.59, ""vram_used_mib"": 4894.0}, {""index"": 6, ""name"": ""NVIDIA P104-100"", ""pci_bus"": ""00000000:0F:00.0"", ""pcie"": ""Gen1 x1"", ""util_pct"": 99.0, ""power_w"": 147.97, ""vram_used_mib"": 5638.0}, {""index"": 7, ""name"": ""NVIDIA P104-100"", ""pci_bus"": ""00000000:10:00.0"", ""pcie"": ""Gen1 x1"", ""util_pct"": 74.0, ""power_w"": 156.04, ""vram_used_mib"": 5876.0}, {""index"": 8, ""name"": ""NVIDIA P104-100"", ""pci_bus"": ""00000000:11:00.0"", ""pcie"": ""Gen1 x1"", ""util_pct"": 99.0, ""power_w"": 142.6, ""vram_used_mib"": 5638.0}, {""index"": 9, ""name"": ""NVIDIA P104-100"", ""pci_bus"": ""00000000:12:00.0"", ""pcie"": ""Gen1 x1"", ""util_pct"": 76.0, ""power_w"": 141.72, ""vram_used_mib"": 4894.0}, {""index"": 10, ""name"": ""NVIDIA P104-100"", ""pci_bus"": ""00000000:13:00.0"", ""pcie"": ""Gen1 x1"", ""util_pct"": 99.0, ""power_w"": 143.52, ""vram_used_mib"": 6620.0}, {""index"": 11, ""name"": ""NVIDIA P104-100"", ""pci_bus"": ""00000000:14:00.0"", ""pcie"": ""Gen1 x1"", ""util_pct"": 52.0, ""power_w"": 145.23, ""vram_used_mib"": 7750.0}]"
2026-08-16T18:19:36.130760+03:00,1786893576.130760,ctx_004096.txt,1,1,prefill,36.12750885478158,"[9.004739336492891, 18.39622641509434, 100.0, 16.50943396226415]",15875.55078125,8799.59375,7075.95703125,55.42858872268457,24575.99609375,403.22265625,1.6407174493022678,"[{""index"": 0, ""name"": ""NVIDIA P104-100"", ""pci_bus"": ""00000000:01:00.0"", ""pcie"": ""Gen1 x1"", ""util_pct"": 99.0, ""power_w"": 142.05, ""vram_used_mib"": 5638.0}, {""index"": 1, ""name"": ""NVIDIA P104-100"", ""pci_bus"": ""00000000:02:00.0"", ""pcie"": ""Gen1 x1"", ""util_pct"": 88.0, ""power_w"": 146.33, ""vram_used_mib"": 4894.0}, {""index"": 2, ""name"": ""NVIDIA P104-100"", ""pci_bus"": ""00000000:0A:00.0"", ""pcie"": ""Gen1 x1"", ""util_pct"": 96.0, ""power_w"": 155.21, ""vram_used_mib"": 6620.0}, {""index"": 3, ""name"": ""NVIDIA P104-100"", ""pci_bus"": ""00000000:0C:00.0"", ""pcie"": ""Gen1 x1"", ""util_pct"": 79.0, ""power_w"": 155.35, ""vram_used_mib"": 4894.0}, {""index"": 4, ""name"": ""NVIDIA P104-100"", ""pci_bus"": ""00000000:0D:00.0"", ""pcie"": ""Gen1 x1"", ""util_pct"": 99.0, ""power_w"": 164.18, ""vram_used_mib"": 6620.0}, {""index"": 5, ""name"": ""NVIDIA P104-100"", ""pci_bus"": ""00000000:0E:00.0"", ""pcie"": ""Gen1 x1"", ""util_pct"": 87.0, ""power_w"": 143.84, ""vram_used_mib"": 4894.0}, {""index"": 6, ""name"": ""NVIDIA P104-100"", ""pci_bus"": ""00000000:0F:00.0"", ""pcie"": ""Gen1 x1"", ""util_pct"": 99.0, ""power_w"": 142.15, ""vram_used_mib"": 5638.0}, {""index"": 7, ""name"": ""NVIDIA P104-100"", ""pci_bus"": ""00000000:10:00.0"", ""pcie"": ""Gen1 x1"", ""util_pct"": 87.0, ""power_w"": 158.62, ""vram_used_mib"": 5876.0}, {""index"": 8, ""name"": ""NVIDIA P104-100"", ""pci_bus"": ""00000000:11:00.0"", ""pcie"": ""Gen1 x1"", ""util_pct"": 99.0, ""power_w"": 153.07, ""vram_used_mib"": 5638.0}, {""index"": 9, ""name"": ""NVIDIA P104-100"", ""pci_bus"": ""00000000:12:00.0"", ""pcie"": ""Gen1 x1"", ""util_pct"": 88.0, ""power_w"": 154.68, ""vram_used_mib"": 4894.0}, {""index"": 10, ""name"": ""NVIDIA P104-100"", ""pci_bus"": ""00000000:13:00.0"", ""pcie"": ""Gen1 x1"", ""util_pct"": 99.0, ""power_w"": 144.11, ""vram_used_mib"": 6620.0}, {""index"": 11, ""name"": ""NVIDIA P104-100"", ""pci_bus"": ""00000000:14:00.0"", ""pcie"": ""Gen1 x1"", ""util_pct"": 63.0, ""power_w"": 57.8, ""vram_used_mib"": 7750.0}]"
2026-08-16T18:19:38.285015+03:00,1786893578.285015,ctx_004096.txt,1,1,prefill,36.97674418604651,"[21.3953488372093, 14.418604651162791, 100.0, 12.093023255813954]",15875.55078125,8765.37109375,7110.1796875,55.21302041439999,24575.99609375,403.22265625,1.6407174493022678,"[{""index"": 0, ""name"": ""NVIDIA P104-100"", ""pci_bus"": ""00000000:01:00.0"", ""pcie"": ""Gen1 x1"", ""util_pct"": 98.0, ""power_w"": 138.66, ""vram_used_mib"": 5638.0}, {""index"": 1, ""name"": ""NVIDIA P104-100"", ""pci_bus"": ""00000000:02:00.0"", ""pcie"": ""Gen1 x1"", ""util_pct"": 76.0, ""power_w"": 147.84, ""vram_used_mib"": 4894.0}, {""index"": 2, ""name"": ""NVIDIA P104-100"", ""pci_bus"": ""00000000:0A:00.0"", ""pcie"": ""Gen1 x1"", ""util_pct"": 98.0, ""power_w"": 155.82, ""vram_used_mib"": 6620.0}, {""index"": 3, ""name"": ""NVIDIA P104-100"", ""pci_bus"": ""00000000:0C:00.0"", ""pcie"": ""Gen1 x1"", ""util_pct"": 88.0, ""power_w"": 157.69, ""vram_used_mib"": 4894.0}, {""index"": 4, ""name"": ""NVIDIA P104-100"", ""pci_bus"": ""00000000:0D:00.0"", ""pcie"": ""Gen1 x1"", ""util_pct"": 98.0, ""power_w"": 158.04, ""vram_used_mib"": 6620.0}, {""index"": 5, ""name"": ""NVIDIA P104-100"", ""pci_bus"": ""00000000:0E:00.0"", ""pcie"": ""Gen1 x1"", ""util_pct"": 88.0, ""power_w"": 128.71, ""vram_used_mib"": 4894.0}, {""index"": 6, ""name"": ""NVIDIA P104-100"", ""pci_bus"": ""00000000:0F:00.0"", ""pcie"": ""Gen1 x1"", ""util_pct"": 98.0, ""power_w"": 144.85, ""vram_used_mib"": 5638.0}, {""index"": 7, ""name"": ""NVIDIA P104-100"", ""pci_bus"": ""00000000:10:00.0"", ""pcie"": ""Gen1 x1"", ""util_pct"": 83.0, ""power_w"": 106.3, ""vram_used_mib"": 5876.0}, {""index"": 8, ""name"": ""NVIDIA P104-100"", ""pci_bus"": ""00000000:11:00.0"", ""pcie"": ""Gen1 x1"", ""util_pct"": 99.0, ""power_w"": 152.58, ""vram_used_mib"": 5638.0}, {""index"": 9, ""name"": ""NVIDIA P104-100"", ""pci_bus"": ""00000000:12:00.0"", ""pcie"": ""Gen1 x1"", ""util_pct"": 76.0, ""power_w"": 84.17, ""vram_used_mib"": 4894.0}, {""index"": 10, ""name"": ""NVIDIA P104-100"", ""pci_bus"": ""00000000:13:00.0"", ""pcie"": ""Gen1 x1"", ""util_pct"": 100.0, ""power_w"": 151.71, ""vram_used_mib"": 6620.0}, {""index"": 11, ""name"": ""NVIDIA P104-100"", ""pci_bus"": ""00000000:14:00.0"", ""pcie"": ""Gen1 x1"", ""util_pct"": 39.0, ""power_w"": 56.12, ""vram_used_mib"": 7750.0}]"
2026-08-16T18:19:40.403317+03:00,1786893580.403317,ctx_004096.txt,1,1,prefill,36.84834123222749,"[15.714285714285714, 14.761904761904763, 100.0, 16.587677725118482]",15875.55078125,8766.93359375,7108.6171875,55.22286259261182,24575.99609375,403.21484375,1.640685660153335,"[{""index"": 0, ""name"": ""NVIDIA P104-100"", ""pci_bus"": ""00000000:01:00.0"", ""pcie"": ""Gen1 x1"", ""util_pct"": 0.0, ""power_w"": 51.01, ""vram_used_mib"": 5638.0}, {""index"": 1, ""name"": ""NVIDIA P104-100"", ""pci_bus"": ""00000000:02:00.0"", ""pcie"": ""Gen1 x1"", ""util_pct"": 0.0, ""power_w"": 53.78, ""vram_used_mib"": 4894.0}, {""index"": 2, ""name"": ""NVIDIA P104-100"", ""pci_bus"": ""00000000:0A:00.0"", ""pcie"": ""Gen1 x1"", ""util_pct"": 0.0, ""power_w"": 52.97, ""vram_used_mib"": 6620.0}, {""index"": 3, ""name"": ""NVIDIA P104-100"", ""pci_bus"": ""00000000:0C:00.0"", ""pcie"": ""Gen1 x1"", ""util_pct"": 56.0, ""power_w"": 55.67, ""vram_used_mib"": 4894.0}, {""index"": 4, ""name"": ""NVIDIA P104-100"", ""pci_bus"": ""00000000:0D:00.0"", ""pcie"": ""Gen1 x1"", ""util_pct"": 68.0, ""power_w"": 55.61, ""vram_used_mib"": 6620.0}, {""index"": 5, ""name"": ""NVIDIA P104-100"", ""pci_bus"": ""00000000:0E:00.0"", ""pcie"": ""Gen1 x1"", ""util_pct"": 9.0, ""power_w"": 136.86, ""vram_used_mib"": 4894.0}, {""index"": 6, ""name"": ""NVIDIA P104-100"", ""pci_bus"": ""00000000:0F:00.0"", ""pcie"": ""Gen1 x1"", ""util_pct"": 0.0, ""power_w"": 56.3, ""vram_used_mib"": 5638.0}, {""index"": 7, ""name"": ""NVIDIA P104-100"", ""pci_bus"": ""00000000:10:00.0"", ""pcie"": ""Gen1 x1"", ""util_pct"": 0.0, ""power_w"": 56.32, ""vram_used_mib"": 5876.0}, {""index"": 8, ""name"": ""NVIDIA P104-100"", ""pci_bus"": ""00000000:11:00.0"", ""pcie"": ""Gen1 x1"", ""util_pct"": 0.0, ""power_w"": 52.15, ""vram_used_mib"": 5638.0}, {""index"": 9, ""name"": ""NVIDIA P104-100"", ""pci_bus"": ""00000000:12:00.0"", ""pcie"": ""Gen1 x1"", ""util_pct"": 0.0, ""power_w"": 54.85, ""vram_used_mib"": 4894.0}, {""index"": 10, ""name"": ""NVIDIA P104-100"", ""pci_bus"": ""00000000:13:00.0"", ""pcie"": ""Gen1 x1"", ""util_pct"": 0.0, ""power_w"": 53.67, ""vram_used_mib"": 6620.0}, {""index"": 11, ""name"": ""NVIDIA P104-100"", ""pci_bus"": ""00000000:14:00.0"", ""pcie"": ""Gen1 x1"", ""util_pct"": 0.0, ""power_w"": 54.79, ""vram_used_mib"": 7750.0}]"
2026-08-16T18:19:42.529771+03:00,1786893582.529771,ctx_004096.txt,1,1,prefill,36.674528301886795,"[14.622641509433961, 22.065727699530516, 100.0, 9.47867298578199]",15875.55078125,8771.07421875,7104.4765625,55.24894436487317,24575.99609375,403.21484375,1.640685660153335,"[{""index"": 0, ""name"": ""NVIDIA P104-100"", ""pci_bus"": ""00000000:01:00.0"", ""pcie"": ""Gen1 x1"", ""util_pct"": 0.0, ""power_w"": 50.66, ""vram_used_mib"": 5638.0}, {""index"": 1, ""name"": ""NVIDIA P104-100"", ""pci_bus"": ""00000000:02:00.0"", ""pcie"": ""Gen1 x1"", ""util_pct"": 0.0, ""power_w"": 53.53, ""vram_used_mib"": 4894.0}, {""index"": 2, ""name"": ""NVIDIA P104-100"", ""pci_bus"": ""00000000:0A:00.0"", ""pcie"": ""Gen1 x1"", ""util_pct"": 0.0, ""power_w"": 52.72, ""vram_used_mib"": 6620.0}, {""index"": 3, ""name"": ""NVIDIA P104-100"", ""pci_bus"": ""00000000:0C:00.0"", ""pcie"": ""Gen1 x1"", ""util_pct"": 0.0, ""power_w"": 55.33, ""vram_used_mib"": 4894.0}, {""index"": 4, ""name"": ""NVIDIA P104-100"", ""pci_bus"": ""00000000:0D:00.0"", ""pcie"": ""Gen1 x1"", ""util_pct"": 0.0, ""power_w"": 55.2, ""vram_used_mib"": 6620.0}, {""index"": 5, ""name"": ""NVIDIA P104-100"", ""pci_bus"": ""00000000:0E:00.0"", ""pcie"": ""Gen1 x1"", ""util_pct"": 0.0, ""power_w"": 51.81, ""vram_used_mib"": 4894.0}, {""index"": 6, ""name"": ""NVIDIA P104-100"", ""pci_bus"": ""00000000:0F:00.0"", ""pcie"": ""Gen1 x1"", ""util_pct"": 0.0, ""power_w"": 53.96, ""vram_used_mib"": 5638.0}, {""index"": 7, ""name"": ""NVIDIA P104-100"", ""pci_bus"": ""00000000:10:00.0"", ""pcie"": ""Gen1 x1"", ""util_pct"": 0.0, ""power_w"": 56.38, ""vram_used_mib"": 5876.0}, {""index"": 8, ""name"": ""NVIDIA P104-100"", ""pci_bus"": ""00000000:11:00.0"", ""pcie"": ""Gen1 x1"", ""util_pct"": 0.0, ""power_w"": 51.82, ""vram_used_mib"": 5638.0}, {""index"": 9, ""name"": ""NVIDIA P104-100"", ""pci_bus"": ""00000000:12:00.0"", ""pcie"": ""Gen1 x1"", ""util_pct"": 0.0, ""power_w"": 53.63, ""vram_used_mib"": 4894.0}, {""index"": 10, ""name"": ""NVIDIA P104-100"", ""pci_bus"": ""00000000:13:00.0"", ""pcie"": ""Gen1 x1"", ""util_pct"": 0.0, ""power_w"": 53.43, ""vram_used_mib"": 6620.0}, {""index"": 11, ""name"": ""NVIDIA P104-100"", ""pci_bus"": ""00000000:14:00.0"", ""pcie"": ""Gen1 x1"", ""util_pct"": 99.0, ""power_w"": 109.4, ""vram_used_mib"": 7750.0}]"
2026-08-16T18:19:44.666384+03:00,1786893584.666384,ctx_004096.txt,1,1,prefill,36.66274970622797,"[21.12676056338028, 18.309859154929576, 100.0, 7.511737089201878]",15875.55078125,8725.44921875,7150.1015625,54.961552761087766,24575.99609375,403.21484375,1.640685660153335,"[{""index"": 0, ""name"": ""NVIDIA P104-100"", ""pci_bus"": ""00000000:01:00.0"", ""pcie"": ""Gen1 x1"", ""util_pct"": 0.0, ""power_w"": 43.27, ""vram_used_mib"": 5638.0}, {""index"": 1, ""name"": ""NVIDIA P104-100"", ""pci_bus"": ""00000000:02:00.0"", ""pcie"": ""Gen1 x1"", ""util_pct"": 0.0, ""power_w"": 53.53, ""vram_used_mib"": 4894.0}, {""index"": 2, ""name"": ""NVIDIA P104-100"", ""pci_bus"": ""00000000:0A:00.0"", ""pcie"": ""Gen1 x1"", ""util_pct"": 0.0, ""power_w"": 42.25, ""vram_used_mib"": 6620.0}, {""index"": 3, ""name"": ""NVIDIA P104-100"", ""pci_bus"": ""00000000:0C:00.0"", ""pcie"": ""Gen1 x1"", ""util_pct"": 0.0, ""power_w"": 45.93, ""vram_used_mib"": 4894.0}, {""index"": 4, ""name"": ""NVIDIA P104-100"", ""pci_bus"": ""00000000:0D:00.0"", ""pcie"": ""Gen1 x1"", ""util_pct"": 0.0, ""power_w"": 44.29, ""vram_used_mib"": 6620.0}, {""index"": 5, ""name"": ""NVIDIA P104-100"", ""pci_bus"": ""00000000:0E:00.0"", ""pcie"": ""Gen1 x1"", ""util_pct"": 0.0, ""power_w"": 51.81, ""vram_used_mib"": 4894.0}, {""index"": 6, ""name"": ""NVIDIA P104-100"", ""pci_bus"": ""00000000:0F:00.0"", ""pcie"": ""Gen1 x1"", ""util_pct"": 0.0, ""power_w"": 45.63, ""vram_used_mib"": 5638.0}, {""index"": 7, ""name"": ""NVIDIA P104-100"", ""pci_bus"": ""00000000:10:00.0"", ""pcie"": ""Gen1 x1"", ""util_pct"": 0.0, ""power_w"": 45.39, ""vram_used_mib"": 5876.0}, {""index"": 8, ""name"": ""NVIDIA P104-100"", ""pci_bus"": ""00000000:11:00.0"", ""pcie"": ""Gen1 x1"", ""util_pct"": 0.0, ""power_w"": 42.41, ""vram_used_mib"": 5638.0}, {""index"": 9, ""name"": ""NVIDIA P104-100"", ""pci_bus"": ""00000000:12:00.0"", ""pcie"": ""Gen1 x1"", ""util_pct"": 0.0, ""power_w"": 44.53, ""vram_used_mib"": 4894.0}, {""index"": 10, ""name"": ""NVIDIA P104-100"", ""pci_bus"": ""00000000:13:00.0"", ""pcie"": ""Gen1 x1"", ""util_pct"": 0.0, ""power_w"": 45.01, ""vram_used_mib"": 6620.0}, {""index"": 11, ""name"": ""NVIDIA P104-100"", ""pci_bus"": ""00000000:14:00.0"", ""pcie"": ""Gen1 x1"", ""util_pct"": 99.0, ""power_w"": 136.67, ""vram_used_mib"": 7750.0}]"
2026-08-16T18:19:46.800179+03:00,1786893586.800179,ctx_004096.txt,1,1,prefill,38.6150234741784,"[21.12676056338028, 18.48341232227488, 100.0, 14.553990610328638]",15875.55078125,8773.07421875,7102.4765625,55.26154235298431,24575.99609375,403.2109375,1.6406697655788685,"[{""index"": 0, ""name"": ""NVIDIA P104-100"", ""pci_bus"": ""00000000:01:00.0"", ""pcie"": ""Gen1 x1"", ""util_pct"": 35.0, ""power_w"": 139.57, ""vram_used_mib"": 5638.0}, {""index"": 1, ""name"": ""NVIDIA P104-100"", ""pci_bus"": ""00000000:02:00.0"", ""pcie"": ""Gen1 x1"", ""util_pct"": 1.0, ""power_w"": 53.74, ""vram_used_mib"": 4894.0}, {""index"": 2, ""name"": ""NVIDIA P104-100"", ""pci_bus"": ""00000000:0A:00.0"", ""pcie"": ""Gen1 x1"", ""util_pct"": 0.0, ""power_w"": 53.4, ""vram_used_mib"": 6620.0}, {""index"": 3, ""name"": ""NVIDIA P104-100"", ""pci_bus"": ""00000000:0C:00.0"", ""pcie"": ""Gen1 x1"", ""util_pct"": 0.0, ""power_w"": 55.42, ""vram_used_mib"": 4894.0}, {""index"": 4, ""name"": ""NVIDIA P104-100"", ""pci_bus"": ""00000000:0D:00.0"", ""pcie"": ""Gen1 x1"", ""util_pct"": 1.0, ""power_w"": 55.3, ""vram_used_mib"": 6620.0}, {""index"": 5, ""name"": ""NVIDIA P104-100"", ""pci_bus"": ""00000000:0E:00.0"", ""pcie"": ""Gen1 x1"", ""util_pct"": 0.0, ""power_w"": 51.87, ""vram_used_mib"": 4894.0}, {""index"": 6, ""name"": ""NVIDIA P104-100"", ""pci_bus"": ""00000000:0F:00.0"", ""pcie"": ""Gen1 x1"", ""util_pct"": 1.0, ""power_w"": 54.31, ""vram_used_mib"": 5638.0}, {""index"": 7, ""name"": ""NVIDIA P104-100"", ""pci_bus"": ""00000000:10:00.0"", ""pcie"": ""Gen1 x1"", ""util_pct"": 1.0, ""power_w"": 56.32, ""vram_used_mib"": 5876.0}, {""index"": 8, ""name"": ""NVIDIA P104-100"", ""pci_bus"": ""00000000:11:00.0"", ""pcie"": ""Gen1 x1"", ""util_pct"": 0.0, ""power_w"": 52.05, ""vram_used_mib"": 5638.0}, {""index"": 9, ""name"": ""NVIDIA P104-100"", ""pci_bus"": ""00000000:12:00.0"", ""pcie"": ""Gen1 x1"", ""util_pct"": 0.0, ""power_w"": 54.62, ""vram_used_mib"": 4894.0}, {""index"": 10, ""name"": ""NVIDIA P104-100"", ""pci_bus"": ""00000000:13:00.0"", ""pcie"": ""Gen1 x1"", ""util_pct"": 15.0, ""power_w"": 53.67, ""vram_used_mib"": 6620.0}, {""index"": 11, ""name"": ""NVIDIA P104-100"", ""pci_bus"": ""00000000:14:00.0"", ""pcie"": ""Gen1 x1"", ""util_pct"": 65.0, ""power_w"": 55.24, ""vram_used_mib"": 7750.0}]"
2026-08-16T18:19:48.916174+03:00,1786893588.916174,ctx_004096.txt,1,1,prefill,36.094674556213015,"[14.691943127962086, 11.374407582938389, 100.0, 17.61904761904762]",15875.55078125,8911.16796875,6964.3828125,56.13139406334574,24575.99609375,403.20703125,1.640653871004402,"[{""index"": 0, ""name"": ""NVIDIA P104-100"", ""pci_bus"": ""00000000:01:00.0"", ""pcie"": ""Gen1 x1"", ""util_pct"": 0.0, ""power_w"": 51.8, ""vram_used_mib"": 5638.0}, {""index"": 1, ""name"": ""NVIDIA P104-100"", ""pci_bus"": ""00000000:02:00.0"", ""pcie"": ""Gen1 x1"", ""util_pct"": 0.0, ""power_w"": 53.51, ""vram_used_mib"": 4894.0}, {""index"": 2, ""name"": ""NVIDIA P104-100"", ""pci_bus"": ""00000000:0A:00.0"", ""pcie"": ""Gen1 x1"", ""util_pct"": 0.0, ""power_w"": 53.37, ""vram_used_mib"": 6620.0}, {""index"": 3, ""name"": ""NVIDIA P104-100"", ""pci_bus"": ""00000000:0C:00.0"", ""pcie"": ""Gen1 x1"", ""util_pct"": 0.0, ""power_w"": 55.42, ""vram_used_mib"": 4894.0}, {""index"": 4, ""name"": ""NVIDIA P104-100"", ""pci_bus"": ""00000000:0D:00.0"", ""pcie"": ""Gen1 x1"", ""util_pct"": 0.0, ""power_w"": 54.95, ""vram_used_mib"": 6620.0}, {""index"": 5, ""name"": ""NVIDIA P104-100"", ""pci_bus"": ""00000000:0E:00.0"", ""pcie"": ""Gen1 x1"", ""util_pct"": 0.0, ""power_w"": 51.89, ""vram_used_mib"": 4894.0}, {""index"": 6, ""name"": ""NVIDIA P104-100"", ""pci_bus"": ""00000000:0F:00.0"", ""pcie"": ""Gen1 x1"", ""util_pct"": 0.0, ""power_w"": 54.06, ""vram_used_mib"": 5638.0}, {""index"": 7, ""name"": ""NVIDIA P104-100"", ""pci_bus"": ""00000000:10:00.0"", ""pcie"": ""Gen1 x1"", ""util_pct"": 0.0, ""power_w"": 56.32, ""vram_used_mib"": 5876.0}, {""index"": 8, ""name"": ""NVIDIA P104-100"", ""pci_bus"": ""00000000:11:00.0"", ""pcie"": ""Gen1 x1"", ""util_pct"": 44.0, ""power_w"": 51.8, ""vram_used_mib"": 5638.0}, {""index"": 9, ""name"": ""NVIDIA P104-100"", ""pci_bus"": ""00000000:12:00.0"", ""pcie"": ""Gen1 x1"", ""util_pct"": 36.0, ""power_w"": 54.36, ""vram_used_mib"": 4894.0}, {""index"": 10, ""name"": ""NVIDIA P104-100"", ""pci_bus"": ""00000000:13:00.0"", ""pcie"": ""Gen1 x1"", ""util_pct"": 36.0, ""power_w"": 53.08, ""vram_used_mib"": 6620.0}, {""index"": 11, ""name"": ""NVIDIA P104-100"", ""pci_bus"": ""00000000:14:00.0"", ""pcie"": ""Gen1 x1"", ""util_pct"": 0.0, ""power_w"": 55.03, ""vram_used_mib"": 7750.0}]"
2026-08-16T18:19:51.056138+03:00,1786893591.056138,ctx_004096.txt,1,1,decode,36.34232121922626,"[14.953271028037383, 16.35514018691589, 100.0, 14.084507042253522]",15875.55078125,8942.25390625,6933.296875,56.32720419887007,24575.99609375,403.19140625,1.6405902927065361,"[{""index"": 0, ""name"": ""NVIDIA P104-100"", ""pci_bus"": ""00000000:01:00.0"", ""pcie"": ""Gen1 x1"", ""util_pct"": 0.0, ""power_w"": 51.9, ""vram_used_mib"": 5638.0}, {""index"": 1, ""name"": ""NVIDIA P104-100"", ""pci_bus"": ""00000000:02:00.0"", ""pcie"": ""Gen1 x1"", ""util_pct"": 0.0, ""power_w"": 53.5, ""vram_used_mib"": 4894.0}, {""index"": 2, ""name"": ""NVIDIA P104-100"", ""pci_bus"": ""00000000:0A:00.0"", ""pcie"": ""Gen1 x1"", ""util_pct"": 0.0, ""power_w"": 53.45, ""vram_used_mib"": 6620.0}, {""index"": 3, ""name"": ""NVIDIA P104-100"", ""pci_bus"": ""00000000:0C:00.0"", ""pcie"": ""Gen1 x1"", ""util_pct"": 0.0, ""power_w"": 55.33, ""vram_used_mib"": 4894.0}, {""index"": 4, ""name"": ""NVIDIA P104-100"", ""pci_bus"": ""00000000:0D:00.0"", ""pcie"": ""Gen1 x1"", ""util_pct"": 0.0, ""power_w"": 54.95, ""vram_used_mib"": 6620.0}, {""index"": 5, ""name"": ""NVIDIA P104-100"", ""pci_bus"": ""00000000:0E:00.0"", ""pcie"": ""Gen1 x1"", ""util_pct"": 0.0, ""power_w"": 51.54, ""vram_used_mib"": 4894.0}, {""index"": 6, ""name"": ""NVIDIA P104-100"", ""pci_bus"": ""00000000:0F:00.0"", ""pcie"": ""Gen1 x1"", ""util_pct"": 45.0, ""power_w"": 54.06, ""vram_used_mib"": 5638.0}, {""index"": 7, ""name"": ""NVIDIA P104-100"", ""pci_bus"": ""00000000:10:00.0"", ""pcie"": ""Gen1 x1"", ""util_pct"": 27.0, ""power_w"": 56.07, ""vram_used_mib"": 5876.0}, {""index"": 8, ""name"": ""NVIDIA P104-100"", ""pci_bus"": ""00000000:11:00.0"", ""pcie"": ""Gen1 x1"", ""util_pct"": 45.0, ""power_w"": 51.7, ""vram_used_mib"": 5638.0}, {""index"": 9, ""name"": ""NVIDIA P104-100"", ""pci_bus"": ""00000000:12:00.0"", ""pcie"": ""Gen1 x1"", ""util_pct"": 36.0, ""power_w"": 54.36, ""vram_used_mib"": 4894.0}, {""index"": 10, ""name"": ""NVIDIA P104-100"", ""pci_bus"": ""00000000:13:00.0"", ""pcie"": ""Gen1 x1"", ""util_pct"": 0.0, ""power_w"": 53.33, ""vram_used_mib"": 6620.0}, {""index"": 11, ""name"": ""NVIDIA P104-100"", ""pci_bus"": ""00000000:14:00.0"", ""pcie"": ""Gen1 x1"", ""util_pct"": 0.0, ""power_w"": 54.78, ""vram_used_mib"": 7750.0}]"
2026-08-16T18:19:53.207280+03:00,1786893593.207280,ctx_004096.txt,1,1,decode,52.33100233100233,"[18.779342723004696, 19.1588785046729, 88.88888888888889, 81.86046511627907]",15875.55078125,9000.63671875,6874.9140625,56.69495718775505,24575.99609375,403.16796875,1.6404949252597372,"[{""index"": 0, ""name"": ""NVIDIA P104-100"", ""pci_bus"": ""00000000:01:00.0"", ""pcie"": ""Gen1 x1"", ""util_pct"": 20.0, ""power_w"": 52.13, ""vram_used_mib"": 5638.0}, {""index"": 1, ""name"": ""NVIDIA P104-100"", ""pci_bus"": ""00000000:02:00.0"", ""pcie"": ""Gen1 x1"", ""util_pct"": 10.0, ""power_w"": 53.35, ""vram_used_mib"": 4894.0}, {""index"": 2, ""name"": ""NVIDIA P104-100"", ""pci_bus"": ""00000000:0A:00.0"", ""pcie"": ""Gen1 x1"", ""util_pct"": 21.0, ""power_w"": 52.33, ""vram_used_mib"": 6620.0}, {""index"": 3, ""name"": ""NVIDIA P104-100"", ""pci_bus"": ""00000000:0C:00.0"", ""pcie"": ""Gen1 x1"", ""util_pct"": 18.0, ""power_w"": 56.03, ""vram_used_mib"": 4894.0}, {""index"": 4, ""name"": ""NVIDIA P104-100"", ""pci_bus"": ""00000000:0D:00.0"", ""pcie"": ""Gen1 x1"", ""util_pct"": 0.0, ""power_w"": 85.55, ""vram_used_mib"": 6620.0}, {""index"": 5, ""name"": ""NVIDIA P104-100"", ""pci_bus"": ""00000000:0E:00.0"", ""pcie"": ""Gen1 x1"", ""util_pct"": 4.0, ""power_w"": 162.1, ""vram_used_mib"": 4894.0}, {""index"": 6, ""name"": ""NVIDIA P104-100"", ""pci_bus"": ""00000000:0F:00.0"", ""pcie"": ""Gen1 x1"", ""util_pct"": 0.0, ""power_w"": 53.18, ""vram_used_mib"": 5638.0}, {""index"": 7, ""name"": ""NVIDIA P104-100"", ""pci_bus"": ""00000000:10:00.0"", ""pcie"": ""Gen1 x1"", ""util_pct"": 0.0, ""power_w"": 54.54, ""vram_used_mib"": 5876.0}, {""index"": 8, ""name"": ""NVIDIA P104-100"", ""pci_bus"": ""00000000:11:00.0"", ""pcie"": ""Gen1 x1"", ""util_pct"": 0.0, ""power_w"": 51.39, ""vram_used_mib"": 5638.0}, {""index"": 9, ""name"": ""NVIDIA P104-100"", ""pci_bus"": ""00000000:12:00.0"", ""pcie"": ""Gen1 x1"", ""util_pct"": 0.0, ""power_w"": 54.51, ""vram_used_mib"": 4894.0}, {""index"": 10, ""name"": ""NVIDIA P104-100"", ""pci_bus"": ""00000000:13:00.0"", ""pcie"": ""Gen1 x1"", ""util_pct"": 0.0, ""power_w"": 51.44, ""vram_used_mib"": 6620.0}, {""index"": 11, ""name"": ""NVIDIA P104-100"", ""pci_bus"": ""00000000:14:00.0"", ""pcie"": ""Gen1 x1"", ""util_pct"": 0.0, ""power_w"": 54.89, ""vram_used_mib"": 7750.0}]"
2026-08-16T18:19:55.333036+03:00,1786893595.333036,ctx_004096.txt,1,1,decode,39.15094339622642,"[17.92452830188679, 21.327014218009477, 17.452830188679247, 100.0]",15875.55078125,9031.49609375,6844.0546875,56.88934020743867,24575.99609375,403.16796875,1.6404949252597372,"[{""index"": 0, ""name"": ""NVIDIA P104-100"", ""pci_bus"": ""00000000:01:00.0"", ""pcie"": ""Gen1 x1"", ""util_pct"": 0.0, ""power_w"": 89.98, ""vram_used_mib"": 5638.0}, {""index"": 1, ""name"": ""NVIDIA P104-100"", ""pci_bus"": ""00000000:02:00.0"", ""pcie"": ""Gen1 x1"", ""util_pct"": 0.0, ""power_w"": 43.85, ""vram_used_mib"": 4894.0}, {""index"": 2, ""name"": ""NVIDIA P104-100"", ""pci_bus"": ""00000000:0A:00.0"", ""pcie"": ""Gen1 x1"", ""util_pct"": 0.0, ""power_w"": 51.51, ""vram_used_mib"": 6620.0}, {""index"": 3, ""name"": ""NVIDIA P104-100"", ""pci_bus"": ""00000000:0C:00.0"", ""pcie"": ""Gen1 x1"", ""util_pct"": 0.0, ""power_w"": 53.34, ""vram_used_mib"": 4894.0}, {""index"": 4, ""name"": ""NVIDIA P104-100"", ""pci_bus"": ""00000000:0D:00.0"", ""pcie"": ""Gen1 x1"", ""util_pct"": 0.0, ""power_w"": 51.47, ""vram_used_mib"": 6620.0}, {""index"": 5, ""name"": ""NVIDIA P104-100"", ""pci_bus"": ""00000000:0E:00.0"", ""pcie"": ""Gen1 x1"", ""util_pct"": 11.0, ""power_w"": 51.89, ""vram_used_mib"": 4894.0}, {""index"": 6, ""name"": ""NVIDIA P104-100"", ""pci_bus"": ""00000000:0F:00.0"", ""pcie"": ""Gen1 x1"", ""util_pct"": 0.0, ""power_w"": 53.31, ""vram_used_mib"": 5638.0}, {""index"": 7, ""name"": ""NVIDIA P104-100"", ""pci_bus"": ""00000000:10:00.0"", ""pcie"": ""Gen1 x1"", ""util_pct"": 8.0, ""power_w"": 54.33, ""vram_used_mib"": 5876.0}, {""index"": 8, ""name"": ""NVIDIA P104-100"", ""pci_bus"": ""00000000:11:00.0"", ""pcie"": ""Gen1 x1"", ""util_pct"": 21.0, ""power_w"": 50.33, ""vram_used_mib"": 5638.0}, {""index"": 9, ""name"": ""NVIDIA P104-100"", ""pci_bus"": ""00000000:12:00.0"", ""pcie"": ""Gen1 x1"", ""util_pct"": 17.0, ""power_w"": 54.6, ""vram_used_mib"": 4894.0}, {""index"": 10, ""name"": ""NVIDIA P104-100"", ""pci_bus"": ""00000000:13:00.0"", ""pcie"": ""Gen1 x1"", ""util_pct"": 21.0, ""power_w"": 51.34, ""vram_used_mib"": 6620.0}, {""index"": 11, ""name"": ""NVIDIA P104-100"", ""pci_bus"": ""00000000:14:00.0"", ""pcie"": ""Gen1 x1"", ""util_pct"": 60.0, ""power_w"": 53.74, ""vram_used_mib"": 7750.0}]"
2026-08-16T18:19:57.488252+03:00,1786893597.488252,ctx_004096.txt,1,1,decode,39.883720930232556,"[21.02803738317757, 19.069767441860463, 19.069767441860463, 100.0]",15875.55078125,9062.328125,6813.22265625,57.083550989003584,24575.99609375,403.1484375,1.6404154523874048,"[{""index"": 0, ""name"": ""NVIDIA P104-100"", ""pci_bus"": ""00000000:01:00.0"", ""pcie"": ""Gen1 x1"", ""util_pct"": 0.0, ""power_w"": 51.62, ""vram_used_mib"": 5638.0}, {""index"": 1, ""name"": ""NVIDIA P104-100"", ""pci_bus"": ""00000000:02:00.0"", ""pcie"": ""Gen1 x1"", ""util_pct"": 0.0, ""power_w"": 43.75, ""vram_used_mib"": 4894.0}, {""index"": 2, ""name"": ""NVIDIA P104-100"", ""pci_bus"": ""00000000:0A:00.0"", ""pcie"": ""Gen1 x1"", ""util_pct"": 20.0, ""power_w"": 50.21, ""vram_used_mib"": 6620.0}, {""index"": 3, ""name"": ""NVIDIA P104-100"", ""pci_bus"": ""00000000:0C:00.0"", ""pcie"": ""Gen1 x1"", ""util_pct"": 17.0, ""power_w"": 53.19, ""vram_used_mib"": 4894.0}, {""index"": 4, ""name"": ""NVIDIA P104-100"", ""pci_bus"": ""00000000:0D:00.0"", ""pcie"": ""Gen1 x1"", ""util_pct"": 21.0, ""power_w"": 51.57, ""vram_used_mib"": 6620.0}, {""index"": 5, ""name"": ""NVIDIA P104-100"", ""pci_bus"": ""00000000:0E:00.0"", ""pcie"": ""Gen1 x1"", ""util_pct"": 17.0, ""power_w"": 51.79, ""vram_used_mib"": 4894.0}, {""index"": 6, ""name"": ""NVIDIA P104-100"", ""pci_bus"": ""00000000:0F:00.0"", ""pcie"": ""Gen1 x1"", ""util_pct"": 21.0, ""power_w"": 53.31, ""vram_used_mib"": 5638.0}, {""index"": 7, ""name"": ""NVIDIA P104-100"", ""pci_bus"": ""00000000:10:00.0"", ""pcie"": ""Gen1 x1"", ""util_pct"": 17.0, ""power_w"": 54.29, ""vram_used_mib"": 5876.0}, {""index"": 8, ""name"": ""NVIDIA P104-100"", ""pci_bus"": ""00000000:11:00.0"", ""pcie"": ""Gen1 x1"", ""util_pct"": 0.0, ""power_w"": 50.91, ""vram_used_mib"": 5638.0}, {""index"": 9, ""name"": ""NVIDIA P104-100"", ""pci_bus"": ""00000000:12:00.0"", ""pcie"": ""Gen1 x1"", ""util_pct"": 0.0, ""power_w"": 57.34, ""vram_used_mib"": 4894.0}, {""index"": 10, ""name"": ""NVIDIA P104-100"", ""pci_bus"": ""00000000:13:00.0"", ""pcie"": ""Gen1 x1"", ""util_pct"": 0.0, ""power_w"": 95.78, ""vram_used_mib"": 6620.0}, {""index"": 11, ""name"": ""NVIDIA P104-100"", ""pci_bus"": ""00000000:14:00.0"", ""pcie"": ""Gen1 x1"", ""util_pct"": 0.0, ""power_w"": 159.21, ""vram_used_mib"": 7750.0}]"
2026-08-16T18:19:59.636165+03:00,1786893599.636165,ctx_004096.txt,1,1,decode,39.277389277389275,"[19.718309859154928, 20.37037037037037, 16.822429906542055, 100.0]",15875.55078125,8987.28125,6888.26953125,56.610831169489444,24575.99609375,403.140625,1.6403836632384718,"[{""index"": 0, ""name"": ""NVIDIA P104-100"", ""pci_bus"": ""00000000:01:00.0"", ""pcie"": ""Gen1 x1"", ""util_pct"": 21.0, ""power_w"": 51.65, ""vram_used_mib"": 5638.0}, {""index"": 1, ""name"": ""NVIDIA P104-100"", ""pci_bus"": ""00000000:02:00.0"", ""pcie"": ""Gen1 x1"", ""util_pct"": 20.0, ""power_w"": 43.83, ""vram_used_mib"": 4894.0}, {""index"": 2, ""name"": ""NVIDIA P104-100"", ""pci_bus"": ""00000000:0A:00.0"", ""pcie"": ""Gen1 x1"", ""util_pct"": 3.0, ""power_w"": 51.08, ""vram_used_mib"": 6620.0}, {""index"": 3, ""name"": ""NVIDIA P104-100"", ""pci_bus"": ""00000000:0C:00.0"", ""pcie"": ""Gen1 x1"", ""util_pct"": 0.0, ""power_w"": 57.35, ""vram_used_mib"": 4894.0}, {""index"": 4, ""name"": ""NVIDIA P104-100"", ""pci_bus"": ""00000000:0D:00.0"", ""pcie"": ""Gen1 x1"", ""util_pct"": 20.0, ""power_w"": 98.82, ""vram_used_mib"": 6620.0}, {""index"": 5, ""name"": ""NVIDIA P104-100"", ""pci_bus"": ""00000000:0E:00.0"", ""pcie"": ""Gen1 x1"", ""util_pct"": 0.0, ""power_w"": 153.51, ""vram_used_mib"": 4894.0}, {""index"": 6, ""name"": ""NVIDIA P104-100"", ""pci_bus"": ""00000000:0F:00.0"", ""pcie"": ""Gen1 x1"", ""util_pct"": 0.0, ""power_w"": 53.28, ""vram_used_mib"": 5638.0}, {""index"": 7, ""name"": ""NVIDIA P104-100"", ""pci_bus"": ""00000000:10:00.0"", ""pcie"": ""Gen1 x1"", ""util_pct"": 0.0, ""power_w"": 54.29, ""vram_used_mib"": 5876.0}, {""index"": 8, ""name"": ""NVIDIA P104-100"", ""pci_bus"": ""00000000:11:00.0"", ""pcie"": ""Gen1 x1"", ""util_pct"": 0.0, ""power_w"": 50.29, ""vram_used_mib"": 5638.0}, {""index"": 9, ""name"": ""NVIDIA P104-100"", ""pci_bus"": ""00000000:12:00.0"", ""pcie"": ""Gen1 x1"", ""util_pct"": 0.0, ""power_w"": 52.88, ""vram_used_mib"": 4894.0}, {""index"": 10, ""name"": ""NVIDIA P104-100"", ""pci_bus"": ""00000000:13:00.0"", ""pcie"": ""Gen1 x1"", ""util_pct"": 0.0, ""power_w"": 51.44, ""vram_used_mib"": 6620.0}, {""index"": 11, ""name"": ""NVIDIA P104-100"", ""pci_bus"": ""00000000:14:00.0"", ""pcie"": ""Gen1 x1"", ""util_pct"": 39.0, ""power_w"": 54.89, ""vram_used_mib"": 7750.0}]"
2026-08-16T18:20:01.779844+03:00,1786893601.779844,ctx_004096.txt,1,1,decode,39.34426229508197,"[18.309859154929576, 15.42056074766355, 23.364485981308412, 100.0]",15875.55078125,8991.80078125,6883.75,56.63929966996716,24575.99609375,403.125,1.6403200849406059,"[{""index"": 0, ""name"": ""NVIDIA P104-100"", ""pci_bus"": ""00000000:01:00.0"", ""pcie"": ""Gen1 x1"", ""util_pct"": 0.0, ""power_w"": 127.69, ""vram_used_mib"": 5638.0}, {""index"": 1, ""name"": ""NVIDIA P104-100"", ""pci_bus"": ""00000000:02:00.0"", ""pcie"": ""Gen1 x1"", ""util_pct"": 0.0, ""power_w"": 43.85, ""vram_used_mib"": 4894.0}, {""index"": 2, ""name"": ""NVIDIA P104-100"", ""pci_bus"": ""00000000:0A:00.0"", ""pcie"": ""Gen1 x1"", ""util_pct"": 0.0, ""power_w"": 50.13, ""vram_used_mib"": 6620.0}, {""index"": 3, ""name"": ""NVIDIA P104-100"", ""pci_bus"": ""00000000:0C:00.0"", ""pcie"": ""Gen1 x1"", ""util_pct"": 0.0, ""power_w"": 53.09, ""vram_used_mib"": 4894.0}, {""index"": 4, ""name"": ""NVIDIA P104-100"", ""pci_bus"": ""00000000:0D:00.0"", ""pcie"": ""Gen1 x1"", ""util_pct"": 2.0, ""power_w"": 51.49, ""vram_used_mib"": 6620.0}, {""index"": 5, ""name"": ""NVIDIA P104-100"", ""pci_bus"": ""00000000:0E:00.0"", ""pcie"": ""Gen1 x1"", ""util_pct"": 0.0, ""power_w"": 43.1, ""vram_used_mib"": 4894.0}, {""index"": 6, ""name"": ""NVIDIA P104-100"", ""pci_bus"": ""00000000:0F:00.0"", ""pcie"": ""Gen1 x1"", ""util_pct"": 21.0, ""power_w"": 53.22, ""vram_used_mib"": 5638.0}, {""index"": 7, ""name"": ""NVIDIA P104-100"", ""pci_bus"": ""00000000:10:00.0"", ""pcie"": ""Gen1 x1"", ""util_pct"": 17.0, ""power_w"": 54.08, ""vram_used_mib"": 5876.0}, {""index"": 8, ""name"": ""NVIDIA P104-100"", ""pci_bus"": ""00000000:11:00.0"", ""pcie"": ""Gen1 x1"", ""util_pct"": 21.0, ""power_w"": 50.33, ""vram_used_mib"": 5638.0}, {""index"": 9, ""name"": ""NVIDIA P104-100"", ""pci_bus"": ""00000000:12:00.0"", ""pcie"": ""Gen1 x1"", ""util_pct"": 17.0, ""power_w"": 52.84, ""vram_used_mib"": 4894.0}, {""index"": 10, ""name"": ""NVIDIA P104-100"", ""pci_bus"": ""00000000:13:00.0"", ""pcie"": ""Gen1 x1"", ""util_pct"": 12.0, ""power_w"": 51.32, ""vram_used_mib"": 6620.0}, {""index"": 11, ""name"": ""NVIDIA P104-100"", ""pci_bus"": ""00000000:14:00.0"", ""pcie"": ""Gen1 x1"", ""util_pct"": 44.0, ""power_w"": 58.92, ""vram_used_mib"": 7750.0}]"
2026-08-16T18:20:03.910377+03:00,1786893603.910377,ctx_004096.txt,1,1,decode,38.679245283018865,"[13.744075829383887, 18.095238095238095, 22.535211267605632, 100.0]",15875.55078125,9003.1171875,6872.43359375,56.71058164566633,24575.99609375,403.11328125,1.6402724012172065,"[{""index"": 0, ""name"": ""NVIDIA P104-100"", ""pci_bus"": ""00000000:01:00.0"", ""pcie"": ""Gen1 x1"", ""util_pct"": 15.0, ""power_w"": 51.75, ""vram_used_mib"": 5638.0}, {""index"": 1, ""name"": ""NVIDIA P104-100"", ""pci_bus"": ""00000000:02:00.0"", ""pcie"": ""Gen1 x1"", ""util_pct"": 19.0, ""power_w"": 43.83, ""vram_used_mib"": 4894.0}, {""index"": 2, ""name"": ""NVIDIA P104-100"", ""pci_bus"": ""00000000:0A:00.0"", ""pcie"": ""Gen1 x1"", ""util_pct"": 6.0, ""power_w"": 49.99, ""vram_used_mib"": 6620.0}, {""index"": 3, ""name"": ""NVIDIA P104-100"", ""pci_bus"": ""00000000:0C:00.0"", ""pcie"": ""Gen1 x1"", ""util_pct"": 17.0, ""power_w"": 53.15, ""vram_used_mib"": 4894.0}, {""index"": 4, ""name"": ""NVIDIA P104-100"", ""pci_bus"": ""00000000:0D:00.0"", ""pcie"": ""Gen1 x1"", ""util_pct"": 21.0, ""power_w"": 51.45, ""vram_used_mib"": 6620.0}, {""index"": 5, ""name"": ""NVIDIA P104-100"", ""pci_bus"": ""00000000:0E:00.0"", ""pcie"": ""Gen1 x1"", ""util_pct"": 19.0, ""power_w"": 43.09, ""vram_used_mib"": 4894.0}, {""index"": 6, ""name"": ""NVIDIA P104-100"", ""pci_bus"": ""00000000:0F:00.0"", ""pcie"": ""Gen1 x1"", ""util_pct"": 0.0, ""power_w"": 53.54, ""vram_used_mib"": 5638.0}, {""index"": 7, ""name"": ""NVIDIA P104-100"", ""pci_bus"": ""00000000:10:00.0"", ""pcie"": ""Gen1 x1"", ""util_pct"": 0.0, ""power_w"": 57.21, ""vram_used_mib"": 5876.0}, {""index"": 8, ""name"": ""NVIDIA P104-100"", ""pci_bus"": ""00000000:11:00.0"", ""pcie"": ""Gen1 x1"", ""util_pct"": 9.0, ""power_w"": 87.15, ""vram_used_mib"": 5638.0}, {""index"": 9, ""name"": ""NVIDIA P104-100"", ""pci_bus"": ""00000000:12:00.0"", ""pcie"": ""Gen1 x1"", ""util_pct"": 6.0, ""power_w"": 164.52, ""vram_used_mib"": 4894.0}, {""index"": 10, ""name"": ""NVIDIA P104-100"", ""pci_bus"": ""00000000:13:00.0"", ""pcie"": ""Gen1 x1"", ""util_pct"": 0.0, ""power_w"": 51.3, ""vram_used_mib"": 6620.0}, {""index"": 11, ""name"": ""NVIDIA P104-100"", ""pci_bus"": ""00000000:14:00.0"", ""pcie"": ""Gen1 x1"", ""util_pct"": 0.0, ""power_w"": 53.43, ""vram_used_mib"": 7750.0}]"
2026-08-16T18:20:06.059055+03:00,1786893606.059055,ctx_004096.txt,1,1,decode,39.953271028037385,"[14.553990610328638, 21.86046511627907, 22.897196261682243, 100.0]",15875.55078125,9039.16015625,6836.390625,56.93761609156769,24575.99609375,403.0859375,1.6401611391959412,"[{""index"": 0, ""name"": ""NVIDIA P104-100"", ""pci_bus"": ""00000000:01:00.0"", ""pcie"": ""Gen1 x1"", ""util_pct"": 15.0, ""power_w"": 51.81, ""vram_used_mib"": 5638.0}, {""index"": 1, ""name"": ""NVIDIA P104-100"", ""pci_bus"": ""00000000:02:00.0"", ""pcie"": ""Gen1 x1"", ""util_pct"": 0.0, ""power_w"": 45.46, ""vram_used_mib"": 4894.0}, {""index"": 2, ""name"": ""NVIDIA P104-100"", ""pci_bus"": ""00000000:0A:00.0"", ""pcie"": ""Gen1 x1"", ""util_pct"": 21.0, ""power_w"": 83.0, ""vram_used_mib"": 6620.0}, {""index"": 3, ""name"": ""NVIDIA P104-100"", ""pci_bus"": ""00000000:0C:00.0"", ""pcie"": ""Gen1 x1"", ""util_pct"": 0.0, ""power_w"": 161.81, ""vram_used_mib"": 4894.0}, {""index"": 4, ""name"": ""NVIDIA P104-100"", ""pci_bus"": ""00000000:0D:00.0"", ""pcie"": ""Gen1 x1"", ""util_pct"": 0.0, ""power_w"": 51.53, ""vram_used_mib"": 6620.0}, {""index"": 5, ""name"": ""NVIDIA P104-100"", ""pci_bus"": ""00000000:0E:00.0"", ""pcie"": ""Gen1 x1"", ""util_pct"": 0.0, ""power_w"": 43.08, ""vram_used_mib"": 4894.0}, {""index"": 6, ""name"": ""NVIDIA P104-100"", ""pci_bus"": ""00000000:0F:00.0"", ""pcie"": ""Gen1 x1"", ""util_pct"": 0.0, ""power_w"": 53.18, ""vram_used_mib"": 5638.0}, {""index"": 7, ""name"": ""NVIDIA P104-100"", ""pci_bus"": ""00000000:10:00.0"", ""pcie"": ""Gen1 x1"", ""util_pct"": 0.0, ""power_w"": 54.14, ""vram_used_mib"": 5876.0}, {""index"": 8, ""name"": ""NVIDIA P104-100"", ""pci_bus"": ""00000000:11:00.0"", ""pcie"": ""Gen1 x1"", ""util_pct"": 0.0, ""power_w"": 49.8, ""vram_used_mib"": 5638.0}, {""index"": 9, ""name"": ""NVIDIA P104-100"", ""pci_bus"": ""00000000:12:00.0"", ""pcie"": ""Gen1 x1"", ""util_pct"": 17.0, ""power_w"": 52.78, ""vram_used_mib"": 4894.0}, {""index"": 10, ""name"": ""NVIDIA P104-100"", ""pci_bus"": ""00000000:13:00.0"", ""pcie"": ""Gen1 x1"", ""util_pct"": 10.0, ""power_w"": 51.34, ""vram_used_mib"": 6620.0}, {""index"": 11, ""name"": ""NVIDIA P104-100"", ""pci_bus"": ""00000000:14:00.0"", ""pcie"": ""Gen1 x1"", ""util_pct"": 18.0, ""power_w"": 55.09, ""vram_used_mib"": 7750.0}]"
2026-08-16T18:20:08.189478+03:00,1786893608.189478,ctx_004096.txt,1,1,decode,39.50471698113208,"[18.48341232227488, 10.90047393364929, 27.96208530805687, 100.0]",15875.55078125,8971.74609375,6903.8046875,56.51297531261834,24575.99609375,403.078125,1.6401293500470082,"[{""index"": 0, ""name"": ""NVIDIA P104-100"", ""pci_bus"": ""00000000:01:00.0"", ""pcie"": ""Gen1 x1"", ""util_pct"": 0.0, ""power_w"": 51.75, ""vram_used_mib"": 5638.0}, {""index"": 1, ""name"": ""NVIDIA P104-100"", ""pci_bus"": ""00000000:02:00.0"", ""pcie"": ""Gen1 x1"", ""util_pct"": 0.0, ""power_w"": 43.49, ""vram_used_mib"": 4894.0}, {""index"": 2, ""name"": ""NVIDIA P104-100"", ""pci_bus"": ""00000000:0A:00.0"", ""pcie"": ""Gen1 x1"", ""util_pct"": 7.0, ""power_w"": 49.99, ""vram_used_mib"": 6620.0}, {""index"": 3, ""name"": ""NVIDIA P104-100"", ""pci_bus"": ""00000000:0C:00.0"", ""pcie"": ""Gen1 x1"", ""util_pct"": 17.0, ""power_w"": 53.05, ""vram_used_mib"": 4894.0}, {""index"": 4, ""name"": ""NVIDIA P104-100"", ""pci_bus"": ""00000000:0D:00.0"", ""pcie"": ""Gen1 x1"", ""util_pct"": 0.0, ""power_w"": 51.45, ""vram_used_mib"": 6620.0}, {""index"": 5, ""name"": ""NVIDIA P104-100"", ""pci_bus"": ""00000000:0E:00.0"", ""pcie"": ""Gen1 x1"", ""util_pct"": 19.0, ""power_w"": 42.93, ""vram_used_mib"": 4894.0}, {""index"": 6, ""name"": ""NVIDIA P104-100"", ""pci_bus"": ""00000000:0F:00.0"", ""pcie"": ""Gen1 x1"", ""util_pct"": 21.0, ""power_w"": 53.01, ""vram_used_mib"": 5638.0}, {""index"": 7, ""name"": ""NVIDIA P104-100"", ""pci_bus"": ""00000000:10:00.0"", ""pcie"": ""Gen1 x1"", ""util_pct"": 17.0, ""power_w"": 54.01, ""vram_used_mib"": 5876.0}, {""index"": 8, ""name"": ""NVIDIA P104-100"", ""pci_bus"": ""00000000:11:00.0"", ""pcie"": ""Gen1 x1"", ""util_pct"": 8.0, ""power_w"": 50.05, ""vram_used_mib"": 5638.0}, {""index"": 9, ""name"": ""NVIDIA P104-100"", ""pci_bus"": ""00000000:12:00.0"", ""pcie"": ""Gen1 x1"", ""util_pct"": 4.0, ""power_w"": 53.13, ""vram_used_mib"": 4894.0}, {""index"": 10, ""name"": ""NVIDIA P104-100"", ""pci_bus"": ""00000000:13:00.0"", ""pcie"": ""Gen1 x1"", ""util_pct"": 21.0, ""power_w"": 55.76, ""vram_used_mib"": 6620.0}, {""index"": 11, ""name"": ""NVIDIA P104-100"", ""pci_bus"": ""00000000:14:00.0"", ""pcie"": ""Gen1 x1"", ""util_pct"": 0.0, ""power_w"": 120.83, ""vram_used_mib"": 7750.0}]"
2026-08-16T18:20:10.317092+03:00,1786893610.317092,ctx_004096.txt,1,1,decode,39.197166469893745,"[18.309859154929576, 25.35211267605634, 13.20754716981132, 99.53051643192488]",15875.55078125,8941.09375,6934.45703125,56.319896381547785,24575.99609375,403.06640625,1.6400816663236089,"[{""index"": 0, ""name"": ""NVIDIA P104-100"", ""pci_bus"": ""00000000:01:00.0"", ""pcie"": ""Gen1 x1"", ""util_pct"": 5.0, ""power_w"": 51.56, ""vram_used_mib"": 5638.0}, {""index"": 1, ""name"": ""NVIDIA P104-100"", ""pci_bus"": ""00000000:02:00.0"", ""pcie"": ""Gen1 x1"", ""util_pct"": 6.0, ""power_w"": 43.85, ""vram_used_mib"": 4894.0}, {""index"": 2, ""name"": ""NVIDIA P104-100"", ""pci_bus"": ""00000000:0A:00.0"", ""pcie"": ""Gen1 x1"", ""util_pct"": 21.0, ""power_w"": 50.24, ""vram_used_mib"": 6620.0}, {""index"": 3, ""name"": ""NVIDIA P104-100"", ""pci_bus"": ""00000000:0C:00.0"", ""pcie"": ""Gen1 x1"", ""util_pct"": 0.0, ""power_w"": 53.4, ""vram_used_mib"": 4894.0}, {""index"": 4, ""name"": ""NVIDIA P104-100"", ""pci_bus"": ""00000000:0D:00.0"", ""pcie"": ""Gen1 x1"", ""util_pct"": 21.0, ""power_w"": 54.57, ""vram_used_mib"": 6620.0}, {""index"": 5, ""name"": ""NVIDIA P104-100"", ""pci_bus"": ""00000000:0E:00.0"", ""pcie"": ""Gen1 x1"", ""util_pct"": 0.0, ""power_w"": 64.09, ""vram_used_mib"": 4894.0}, {""index"": 6, ""name"": ""NVIDIA P104-100"", ""pci_bus"": ""00000000:0F:00.0"", ""pcie"": ""Gen1 x1"", ""util_pct"": 2.0, ""power_w"": 159.05, ""vram_used_mib"": 5638.0}, {""index"": 7, ""name"": ""NVIDIA P104-100"", ""pci_bus"": ""00000000:10:00.0"", ""pcie"": ""Gen1 x1"", ""util_pct"": 0.0, ""power_w"": 54.04, ""vram_used_mib"": 5876.0}, {""index"": 8, ""name"": ""NVIDIA P104-100"", ""pci_bus"": ""00000000:11:00.0"", ""pcie"": ""Gen1 x1"", ""util_pct"": 0.0, ""power_w"": 49.78, ""vram_used_mib"": 5638.0}, {""index"": 9, ""name"": ""NVIDIA P104-100"", ""pci_bus"": ""00000000:12:00.0"", ""pcie"": ""Gen1 x1"", ""util_pct"": 0.0, ""power_w"": 52.88, ""vram_used_mib"": 4894.0}, {""index"": 10, ""name"": ""NVIDIA P104-100"", ""pci_bus"": ""00000000:13:00.0"", ""pcie"": ""Gen1 x1"", ""util_pct"": 0.0, ""power_w"": 51.44, ""vram_used_mib"": 6620.0}, {""index"": 11, ""name"": ""NVIDIA P104-100"", ""pci_bus"": ""00000000:14:00.0"", ""pcie"": ""Gen1 x1"", ""util_pct"": 17.0, ""power_w"": 54.89, ""vram_used_mib"": 7750.0}]"
2026-08-16T18:20:12.447295+03:00,1786893612.447295,ctx_008192.txt,1,1,outside,,"[null, null, null, null]",15875.55078125,8988.73828125,6886.8125,56.62000900067198,24575.99609375,402.98828125,1.6397637748342793,"[{""index"": 0, ""name"": ""NVIDIA P104-100"", ""pci_bus"": ""00000000:01:00.0"", ""pcie"": ""Gen1 x1"", ""util_pct"": 0.0, ""power_w"": 51.65, ""vram_used_mib"": 5638.0}, {""index"": 1, ""name"": ""NVIDIA P104-100"", ""pci_bus"": ""00000000:02:00.0"", ""pcie"": ""Gen1 x1"", ""util_pct"": 0.0, ""power_w"": 43.61, ""vram_used_mib"": 4894.0}, {""index"": 2, ""name"": ""NVIDIA P104-100"", ""pci_bus"": ""00000000:0A:00.0"", ""pcie"": ""Gen1 x1"", ""util_pct"": 0.0, ""power_w"": 49.91, ""vram_used_mib"": 6620.0}, {""index"": 3, ""name"": ""NVIDIA P104-100"", ""pci_bus"": ""00000000:0C:00.0"", ""pcie"": ""Gen1 x1"", ""util_pct"": 0.0, ""power_w"": 53.09, ""vram_used_mib"": 4894.0}, {""index"": 4, ""name"": ""NVIDIA P104-100"", ""pci_bus"": ""00000000:0D:00.0"", ""pcie"": ""Gen1 x1"", ""util_pct"": 0.0, ""power_w"": 51.22, ""vram_used_mib"": 6620.0}, {""index"": 5, ""name"": ""NVIDIA P104-100"", ""pci_bus"": ""00000000:0E:00.0"", ""pcie"": ""Gen1 x1"", ""util_pct"": 0.0, ""power_w"": 42.86, ""vram_used_mib"": 4894.0}, {""index"": 6, ""name"": ""NVIDIA P104-100"", ""pci_bus"": ""00000000:0F:00.0"", ""pcie"": ""Gen1 x1"", ""util_pct"": 5.0, ""power_w"": 53.07, ""vram_used_mib"": 5638.0}, {""index"": 7, ""name"": ""NVIDIA P104-100"", ""pci_bus"": ""00000000:10:00.0"", ""pcie"": ""Gen1 x1"", ""util_pct"": 14.0, ""power_w"": 54.08, ""vram_used_mib"": 5876.0}, {""index"": 8, ""name"": ""NVIDIA P104-100"", ""pci_bus"": ""00000000:11:00.0"", ""pcie"": ""Gen1 x1"", ""util_pct"": 0.0, ""power_w"": 49.83, ""vram_used_mib"": 5638.0}, {""index"": 9, ""name"": ""NVIDIA P104-100"", ""pci_bus"": ""00000000:12:00.0"", ""pcie"": ""Gen1 x1"", ""util_pct"": 0.0, ""power_w"": 52.63, ""vram_used_mib"": 4894.0}, {""index"": 10, ""name"": ""NVIDIA P104-100"", ""pci_bus"": ""00000000:13:00.0"", ""pcie"": ""Gen1 x1"", ""util_pct"": 17.0, ""power_w"": 51.09, ""vram_used_mib"": 6620.0}, {""index"": 11, ""name"": ""NVIDIA P104-100"", ""pci_bus"": ""00000000:14:00.0"", ""pcie"": ""Gen1 x1"", ""util_pct"": 29.0, ""power_w"": 52.69, ""vram_used_mib"": 7750.0}]"
2026-08-16T18:20:14.567525+03:00,1786893614.567525,ctx_008192.txt,1,1,prefill,36.12750885478158,"[18.95734597156398, 10.952380952380953, 14.691943127962086, 99.05660377358491]",15875.55078125,9655.00390625,6220.546875,60.81681221197788,24575.99609375,402.96484375,1.6396684073874803,"[{""index"": 0, ""name"": ""NVIDIA P104-100"", ""pci_bus"": ""00000000:01:00.0"", ""pcie"": ""Gen1 x1"", ""util_pct"": 0.0, ""power_w"": 51.56, ""vram_used_mib"": 5638.0}, {""index"": 1, ""name"": ""NVIDIA P104-100"", ""pci_bus"": ""00000000:02:00.0"", ""pcie"": ""Gen1 x1"", ""util_pct"": 0.0, ""power_w"": 43.51, ""vram_used_mib"": 4894.0}, {""index"": 2, ""name"": ""NVIDIA P104-100"", ""pci_bus"": ""00000000:0A:00.0"", ""pcie"": ""Gen1 x1"", ""util_pct"": 36.0, ""power_w"": 53.12, ""vram_used_mib"": 6620.0}, {""index"": 3, ""name"": ""NVIDIA P104-100"", ""pci_bus"": ""00000000:0C:00.0"", ""pcie"": ""Gen1 x1"", ""util_pct"": 36.0, ""power_w"": 53.09, ""vram_used_mib"": 4894.0}, {""index"": 4, ""name"": ""NVIDIA P104-100"", ""pci_bus"": ""00000000:0D:00.0"", ""pcie"": ""Gen1 x1"", ""util_pct"": 36.0, ""power_w"": 51.22, ""vram_used_mib"": 6620.0}, {""index"": 5, ""name"": ""NVIDIA P104-100"", ""pci_bus"": ""00000000:0E:00.0"", ""pcie"": ""Gen1 x1"", ""util_pct"": 0.0, ""power_w"": 42.96, ""vram_used_mib"": 4894.0}, {""index"": 6, ""name"": ""NVIDIA P104-100"", ""pci_bus"": ""00000000:0F:00.0"", ""pcie"": ""Gen1 x1"", ""util_pct"": 0.0, ""power_w"": 52.97, ""vram_used_mib"": 5638.0}, {""index"": 7, ""name"": ""NVIDIA P104-100"", ""pci_bus"": ""00000000:10:00.0"", ""pcie"": ""Gen1 x1"", ""util_pct"": 0.0, ""power_w"": 54.08, ""vram_used_mib"": 5876.0}, {""index"": 8, ""name"": ""NVIDIA P104-100"", ""pci_bus"": ""00000000:11:00.0"", ""pcie"": ""Gen1 x1"", ""util_pct"": 0.0, ""power_w"": 49.84, ""vram_used_mib"": 5638.0}, {""index"": 9, ""name"": ""NVIDIA P104-100"", ""pci_bus"": ""00000000:12:00.0"", ""pcie"": ""Gen1 x1"", ""util_pct"": 0.0, ""power_w"": 52.63, ""vram_used_mib"": 4894.0}, {""index"": 10, ""name"": ""NVIDIA P104-100"", ""pci_bus"": ""00000000:13:00.0"", ""pcie"": ""Gen1 x1"", ""util_pct"": 0.0, ""power_w"": 51.09, ""vram_used_mib"": 6620.0}, {""index"": 11, ""name"": ""NVIDIA P104-100"", ""pci_bus"": ""00000000:14:00.0"", ""pcie"": ""Gen1 x1"", ""util_pct"": 0.0, ""power_w"": 52.69, ""vram_used_mib"": 7750.0}]"
2026-08-16T18:20:16.710818+03:00,1786893616.710818,ctx_008192.txt,1,1,prefill,52.39206534422404,"[19.248826291079812, 66.35514018691589, 23.83177570093458, 100.0]",15875.55078125,9627.0,6248.55078125,60.64041577297638,24575.99609375,402.95703125,1.6396366182385473,"[{""index"": 0, ""name"": ""NVIDIA P104-100"", ""pci_bus"": ""00000000:01:00.0"", ""pcie"": ""Gen1 x1"", ""util_pct"": 44.0, ""power_w"": 51.9, ""vram_used_mib"": 5638.0}, {""index"": 1, ""name"": ""NVIDIA P104-100"", ""pci_bus"": ""00000000:02:00.0"", ""pcie"": ""Gen1 x1"", ""util_pct"": 0.0, ""power_w"": 48.06, ""vram_used_mib"": 4894.0}, {""index"": 2, ""name"": ""NVIDIA P104-100"", ""pci_bus"": ""00000000:0A:00.0"", ""pcie"": ""Gen1 x1"", ""util_pct"": 0.0, ""power_w"": 53.35, ""vram_used_mib"": 6620.0}, {""index"": 3, ""name"": ""NVIDIA P104-100"", ""pci_bus"": ""00000000:0C:00.0"", ""pcie"": ""Gen1 x1"", ""util_pct"": 0.0, ""power_w"": 55.16, ""vram_used_mib"": 4894.0}, {""index"": 4, ""name"": ""NVIDIA P104-100"", ""pci_bus"": ""00000000:0D:00.0"", ""pcie"": ""Gen1 x1"", ""util_pct"": 0.0, ""power_w"": 54.69, ""vram_used_mib"": 6620.0}, {""index"": 5, ""name"": ""NVIDIA P104-100"", ""pci_bus"": ""00000000:0E:00.0"", ""pcie"": ""Gen1 x1"", ""util_pct"": 0.0, ""power_w"": 46.81, ""vram_used_mib"": 4894.0}, {""index"": 6, ""name"": ""NVIDIA P104-100"", ""pci_bus"": ""00000000:0F:00.0"", ""pcie"": ""Gen1 x1"", ""util_pct"": 0.0, ""power_w"": 53.94, ""vram_used_mib"": 5638.0}, {""index"": 7, ""name"": ""NVIDIA P104-100"", ""pci_bus"": ""00000000:10:00.0"", ""pcie"": ""Gen1 x1"", ""util_pct"": 0.0, ""power_w"": 56.03, ""vram_used_mib"": 5876.0}, {""index"": 8, ""name"": ""NVIDIA P104-100"", ""pci_bus"": ""00000000:11:00.0"", ""pcie"": ""Gen1 x1"", ""util_pct"": 0.0, ""power_w"": 51.55, ""vram_used_mib"": 5638.0}, {""index"": 9, ""name"": ""NVIDIA P104-100"", ""pci_bus"": ""00000000:12:00.0"", ""pcie"": ""Gen1 x1"", ""util_pct"": 0.0, ""power_w"": 52.53, ""vram_used_mib"": 4894.0}, {""index"": 10, ""name"": ""NVIDIA P104-100"", ""pci_bus"": ""00000000:13:00.0"", ""pcie"": ""Gen1 x1"", ""util_pct"": 0.0, ""power_w"": 53.67, ""vram_used_mib"": 6620.0}, {""index"": 11, ""name"": ""NVIDIA P104-100"", ""pci_bus"": ""00000000:14:00.0"", ""pcie"": ""Gen1 x1"", ""util_pct"": 0.0, ""power_w"": 54.41, ""vram_used_mib"": 7750.0}]"
2026-08-16T18:20:18.839885+03:00,1786893618.839885,ctx_008192.txt,1,1,prefill,36.556603773584904,"[14.622641509433961, 15.566037735849056, 15.566037735849056, 100.0]",15875.55078125,9688.27734375,6187.2734375,61.02640139699878,24575.99609375,402.9375,1.639557145366215,"[{""index"": 0, ""name"": ""NVIDIA P104-100"", ""pci_bus"": ""00000000:01:00.0"", ""pcie"": ""Gen1 x1"", ""util_pct"": 0.0, ""power_w"": 51.8, ""vram_used_mib"": 5638.0}, {""index"": 1, ""name"": ""NVIDIA P104-100"", ""pci_bus"": ""00000000:02:00.0"", ""pcie"": ""Gen1 x1"", ""util_pct"": 0.0, ""power_w"": 53.99, ""vram_used_mib"": 4894.0}, {""index"": 2, ""name"": ""NVIDIA P104-100"", ""pci_bus"": ""00000000:0A:00.0"", ""pcie"": ""Gen1 x1"", ""util_pct"": 0.0, ""power_w"": 53.11, ""vram_used_mib"": 6620.0}, {""index"": 3, ""name"": ""NVIDIA P104-100"", ""pci_bus"": ""00000000:0C:00.0"", ""pcie"": ""Gen1 x1"", ""util_pct"": 0.0, ""power_w"": 55.06, ""vram_used_mib"": 4894.0}, {""index"": 4, ""name"": ""NVIDIA P104-100"", ""pci_bus"": ""00000000:0D:00.0"", ""pcie"": ""Gen1 x1"", ""util_pct"": 0.0, ""power_w"": 54.59, ""vram_used_mib"": 6620.0}, {""index"": 5, ""name"": ""NVIDIA P104-100"", ""pci_bus"": ""00000000:0E:00.0"", ""pcie"": ""Gen1 x1"", ""util_pct"": 0.0, ""power_w"": 51.53, ""vram_used_mib"": 4894.0}, {""index"": 6, ""name"": ""NVIDIA P104-100"", ""pci_bus"": ""00000000:0F:00.0"", ""pcie"": ""Gen1 x1"", ""util_pct"": 0.0, ""power_w"": 53.96, ""vram_used_mib"": 5638.0}, {""index"": 7, ""name"": ""NVIDIA P104-100"", ""pci_bus"": ""00000000:10:00.0"", ""pcie"": ""Gen1 x1"", ""util_pct"": 0.0, ""power_w"": 56.03, ""vram_used_mib"": 5876.0}, {""index"": 8, ""name"": ""NVIDIA P104-100"", ""pci_bus"": ""00000000:11:00.0"", ""pcie"": ""Gen1 x1"", ""util_pct"": 0.0, ""power_w"": 51.55, ""vram_used_mib"": 5638.0}, {""index"": 9, ""name"": ""NVIDIA P104-100"", ""pci_bus"": ""00000000:12:00.0"", ""pcie"": ""Gen1 x1"", ""util_pct"": 0.0, ""power_w"": 54.36, ""vram_used_mib"": 4894.0}, {""index"": 10, ""name"": ""NVIDIA P104-100"", ""pci_bus"": ""00000000:13:00.0"", ""pcie"": ""Gen1 x1"", ""util_pct"": 38.0, ""power_w"": 53.58, ""vram_used_mib"": 6620.0}, {""index"": 11, ""name"": ""NVIDIA P104-100"", ""pci_bus"": ""00000000:14:00.0"", ""pcie"": ""Gen1 x1"", ""util_pct"": 34.0, ""power_w"": 54.64, ""vram_used_mib"": 7750.0}]"
2026-08-16T18:20:20.964617+03:00,1786893620.964617,ctx_008192.txt,1,1,prefill,35.966981132075475,"[14.084507042253522, 13.615023474178404, 16.113744075829384, 100.0]",15875.55078125,8380.24609375,7495.3046875,52.787120328748436,24575.99609375,402.9296875,1.639525356217282,"[{""index"": 0, ""name"": ""NVIDIA P104-100"", ""pci_bus"": ""00000000:01:00.0"", ""pcie"": ""Gen1 x1"", ""util_pct"": 0.0, ""power_w"": 134.38, ""vram_used_mib"": 5638.0}, {""index"": 1, ""name"": ""NVIDIA P104-100"", ""pci_bus"": ""00000000:02:00.0"", ""pcie"": ""Gen1 x1"", ""util_pct"": 0.0, ""power_w"": 53.99, ""vram_used_mib"": 4894.0}, {""index"": 2, ""name"": ""NVIDIA P104-100"", ""pci_bus"": ""00000000:0A:00.0"", ""pcie"": ""Gen1 x1"", ""util_pct"": 0.0, ""power_w"": 53.28, ""vram_used_mib"": 6620.0}, {""index"": 3, ""name"": ""NVIDIA P104-100"", ""pci_bus"": ""00000000:0C:00.0"", ""pcie"": ""Gen1 x1"", ""util_pct"": 0.0, ""power_w"": 55.04, ""vram_used_mib"": 4894.0}, {""index"": 4, ""name"": ""NVIDIA P104-100"", ""pci_bus"": ""00000000:0D:00.0"", ""pcie"": ""Gen1 x1"", ""util_pct"": 0.0, ""power_w"": 54.76, ""vram_used_mib"": 6620.0}, {""index"": 5, ""name"": ""NVIDIA P104-100"", ""pci_bus"": ""00000000:0E:00.0"", ""pcie"": ""Gen1 x1"", ""util_pct"": 0.0, ""power_w"": 51.63, ""vram_used_mib"": 4894.0}, {""index"": 6, ""name"": ""NVIDIA P104-100"", ""pci_bus"": ""00000000:0F:00.0"", ""pcie"": ""Gen1 x1"", ""util_pct"": 0.0, ""power_w"": 53.92, ""vram_used_mib"": 5638.0}, {""index"": 7, ""name"": ""NVIDIA P104-100"", ""pci_bus"": ""00000000:10:00.0"", ""pcie"": ""Gen1 x1"", ""util_pct"": 0.0, ""power_w"": 56.13, ""vram_used_mib"": 5876.0}, {""index"": 8, ""name"": ""NVIDIA P104-100"", ""pci_bus"": ""00000000:11:00.0"", ""pcie"": ""Gen1 x1"", ""util_pct"": 0.0, ""power_w"": 51.55, ""vram_used_mib"": 5638.0}, {""index"": 9, ""name"": ""NVIDIA P104-100"", ""pci_bus"": ""00000000:12:00.0"", ""pcie"": ""Gen1 x1"", ""util_pct"": 0.0, ""power_w"": 54.36, ""vram_used_mib"": 4894.0}, {""index"": 10, ""name"": ""NVIDIA P104-100"", ""pci_bus"": ""00000000:13:00.0"", ""pcie"": ""Gen1 x1"", ""util_pct"": 0.0, ""power_w"": 53.54, ""vram_used_mib"": 6620.0}, {""index"": 11, ""name"": ""NVIDIA P104-100"", ""pci_bus"": ""00000000:14:00.0"", ""pcie"": ""Gen1 x1"", ""util_pct"": 30.0, ""power_w"": 54.39, ""vram_used_mib"": 7750.0}]"
2026-08-16T18:20:23.102372+03:00,1786893623.102372,ctx_008192.txt,1,1,prefill,36.267605633802816,"[21.12676056338028, 4.225352112676056, 19.718309859154928, 100.0]",15875.55078125,8358.52734375,7517.0234375,52.65031405160401,24575.99609375,402.9296875,1.639525356217282,"[{""index"": 0, ""name"": ""NVIDIA P104-100"", ""pci_bus"": ""00000000:01:00.0"", ""pcie"": ""Gen1 x1"", ""util_pct"": 98.0, ""power_w"": 145.69, ""vram_used_mib"": 5638.0}, {""index"": 1, ""name"": ""NVIDIA P104-100"", ""pci_bus"": ""00000000:02:00.0"", ""pcie"": ""Gen1 x1"", ""util_pct"": 87.0, ""power_w"": 75.79, ""vram_used_mib"": 4894.0}, {""index"": 2, ""name"": ""NVIDIA P104-100"", ""pci_bus"": ""00000000:0A:00.0"", ""pcie"": ""Gen1 x1"", ""util_pct"": 97.0, ""power_w"": 98.65, ""vram_used_mib"": 6620.0}, {""index"": 3, ""name"": ""NVIDIA P104-100"", ""pci_bus"": ""00000000:0C:00.0"", ""pcie"": ""Gen1 x1"", ""util_pct"": 87.0, ""power_w"": 92.13, ""vram_used_mib"": 4894.0}, {""index"": 4, ""name"": ""NVIDIA P104-100"", ""pci_bus"": ""00000000:0D:00.0"", ""pcie"": ""Gen1 x1"", ""util_pct"": 98.0, ""power_w"": 131.98, ""vram_used_mib"": 6620.0}, {""index"": 5, ""name"": ""NVIDIA P104-100"", ""pci_bus"": ""00000000:0E:00.0"", ""pcie"": ""Gen1 x1"", ""util_pct"": 85.0, ""power_w"": 118.62, ""vram_used_mib"": 4894.0}, {""index"": 6, ""name"": ""NVIDIA P104-100"", ""pci_bus"": ""00000000:0F:00.0"", ""pcie"": ""Gen1 x1"", ""util_pct"": 99.0, ""power_w"": 137.74, ""vram_used_mib"": 5638.0}, {""index"": 7, ""name"": ""NVIDIA P104-100"", ""pci_bus"": ""00000000:10:00.0"", ""pcie"": ""Gen1 x1"", ""util_pct"": 86.0, ""power_w"": 138.35, ""vram_used_mib"": 5876.0}, {""index"": 8, ""name"": ""NVIDIA P104-100"", ""pci_bus"": ""00000000:11:00.0"", ""pcie"": ""Gen1 x1"", ""util_pct"": 97.0, ""power_w"": 142.71, ""vram_used_mib"": 5638.0}, {""index"": 9, ""name"": ""NVIDIA P104-100"", ""pci_bus"": ""00000000:12:00.0"", ""pcie"": ""Gen1 x1"", ""util_pct"": 75.0, ""power_w"": 148.09, ""vram_used_mib"": 4894.0}, {""index"": 10, ""name"": ""NVIDIA P104-100"", ""pci_bus"": ""00000000:13:00.0"", ""pcie"": ""Gen1 x1"", ""util_pct"": 98.0, ""power_w"": 147.28, ""vram_used_mib"": 6620.0}, {""index"": 11, ""name"": ""NVIDIA P104-100"", ""pci_bus"": ""00000000:14:00.0"", ""pcie"": ""Gen1 x1"", ""util_pct"": 43.0, ""power_w"": 145.5, ""vram_used_mib"": 7750.0}]"
2026-08-16T18:20:25.254809+03:00,1786893625.254809,ctx_008192.txt,1,1,prefill,36.86046511627907,"[17.209302325581394, 14.485981308411215, 15.42056074766355, 100.0]",15875.55078125,8387.86328125,7487.6875,52.8351009475311,24575.99609375,402.9296875,1.639525356217282,"[{""index"": 0, ""name"": ""NVIDIA P104-100"", ""pci_bus"": ""00000000:01:00.0"", ""pcie"": ""Gen1 x1"", ""util_pct"": 97.0, ""power_w"": 137.5, ""vram_used_mib"": 5638.0}, {""index"": 1, ""name"": ""NVIDIA P104-100"", ""pci_bus"": ""00000000:02:00.0"", ""pcie"": ""Gen1 x1"", ""util_pct"": 86.0, ""power_w"": 148.24, ""vram_used_mib"": 4894.0}, {""index"": 2, ""name"": ""NVIDIA P104-100"", ""pci_bus"": ""00000000:0A:00.0"", ""pcie"": ""Gen1 x1"", ""util_pct"": 98.0, ""power_w"": 154.67, ""vram_used_mib"": 6620.0}, {""index"": 3, ""name"": ""NVIDIA P104-100"", ""pci_bus"": ""00000000:0C:00.0"", ""pcie"": ""Gen1 x1"", ""util_pct"": 87.0, ""power_w"": 154.25, ""vram_used_mib"": 4894.0}, {""index"": 4, ""name"": ""NVIDIA P104-100"", ""pci_bus"": ""00000000:0D:00.0"", ""pcie"": ""Gen1 x1"", ""util_pct"": 96.0, ""power_w"": 154.63, ""vram_used_mib"": 6620.0}, {""index"": 5, ""name"": ""NVIDIA P104-100"", ""pci_bus"": ""00000000:0E:00.0"", ""pcie"": ""Gen1 x1"", ""util_pct"": 87.0, ""power_w"": 143.11, ""vram_used_mib"": 4894.0}, {""index"": 6, ""name"": ""NVIDIA P104-100"", ""pci_bus"": ""00000000:0F:00.0"", ""pcie"": ""Gen1 x1"", ""util_pct"": 99.0, ""power_w"": 141.2, ""vram_used_mib"": 5638.0}, {""index"": 7, ""name"": ""NVIDIA P104-100"", ""pci_bus"": ""00000000:10:00.0"", ""pcie"": ""Gen1 x1"", ""util_pct"": 75.0, ""power_w"": 152.55, ""vram_used_mib"": 5876.0}, {""index"": 8, ""name"": ""NVIDIA P104-100"", ""pci_bus"": ""00000000:11:00.0"", ""pcie"": ""Gen1 x1"", ""util_pct"": 98.0, ""power_w"": 151.83, ""vram_used_mib"": 5638.0}, {""index"": 9, ""name"": ""NVIDIA P104-100"", ""pci_bus"": ""00000000:12:00.0"", ""pcie"": ""Gen1 x1"", ""util_pct"": 87.0, ""power_w"": 160.47, ""vram_used_mib"": 4894.0}, {""index"": 10, ""name"": ""NVIDIA P104-100"", ""pci_bus"": ""00000000:13:00.0"", ""pcie"": ""Gen1 x1"", ""util_pct"": 98.0, ""power_w"": 150.49, ""vram_used_mib"": 6620.0}, {""index"": 11, ""name"": ""NVIDIA P104-100"", ""pci_bus"": ""00000000:14:00.0"", ""pcie"": ""Gen1 x1"", ""util_pct"": 42.0, ""power_w"": 69.9, ""vram_used_mib"": 7750.0}]"
2026-08-16T18:20:27.378872+03:00,1786893627.378872,ctx_008192.txt,1,1,prefill,36.835891381345924,"[19.90521327014218, 15.09433962264151, 12.264150943396226, 100.0]",15875.55078125,8334.93359375,7540.6171875,52.5016971606054,24575.99609375,402.92578125,1.6395094616428156,"[{""index"": 0, ""name"": ""NVIDIA P104-100"", ""pci_bus"": ""00000000:01:00.0"", ""pcie"": ""Gen1 x1"", ""util_pct"": 99.0, ""power_w"": 140.48, ""vram_used_mib"": 5638.0}, {""index"": 1, ""name"": ""NVIDIA P104-100"", ""pci_bus"": ""00000000:02:00.0"", ""pcie"": ""Gen1 x1"", ""util_pct"": 87.0, ""power_w"": 147.7, ""vram_used_mib"": 4894.0}, {""index"": 2, ""name"": ""NVIDIA P104-100"", ""pci_bus"": ""00000000:0A:00.0"", ""pcie"": ""Gen1 x1"", ""util_pct"": 96.0, ""power_w"": 153.74, ""vram_used_mib"": 6620.0}, {""index"": 3, ""name"": ""NVIDIA P104-100"", ""pci_bus"": ""00000000:0C:00.0"", ""pcie"": ""Gen1 x1"", ""util_pct"": 76.0, ""power_w"": 155.74, ""vram_used_mib"": 4894.0}, {""index"": 4, ""name"": ""NVIDIA P104-100"", ""pci_bus"": ""00000000:0D:00.0"", ""pcie"": ""Gen1 x1"", ""util_pct"": 98.0, ""power_w"": 162.9, ""vram_used_mib"": 6620.0}, {""index"": 5, ""name"": ""NVIDIA P104-100"", ""pci_bus"": ""00000000:0E:00.0"", ""pcie"": ""Gen1 x1"", ""util_pct"": 86.0, ""power_w"": 142.38, ""vram_used_mib"": 4894.0}, {""index"": 6, ""name"": ""NVIDIA P104-100"", ""pci_bus"": ""00000000:0F:00.0"", ""pcie"": ""Gen1 x1"", ""util_pct"": 100.0, ""power_w"": 143.29, ""vram_used_mib"": 5638.0}, {""index"": 7, ""name"": ""NVIDIA P104-100"", ""pci_bus"": ""00000000:10:00.0"", ""pcie"": ""Gen1 x1"", ""util_pct"": 87.0, ""power_w"": 110.69, ""vram_used_mib"": 5876.0}, {""index"": 8, ""name"": ""NVIDIA P104-100"", ""pci_bus"": ""00000000:11:00.0"", ""pcie"": ""Gen1 x1"", ""util_pct"": 99.0, ""power_w"": 148.18, ""vram_used_mib"": 5638.0}, {""index"": 9, ""name"": ""NVIDIA P104-100"", ""pci_bus"": ""00000000:12:00.0"", ""pcie"": ""Gen1 x1"", ""util_pct"": 88.0, ""power_w"": 96.17, ""vram_used_mib"": 4894.0}, {""index"": 10, ""name"": ""NVIDIA P104-100"", ""pci_bus"": ""00000000:13:00.0"", ""pcie"": ""Gen1 x1"", ""util_pct"": 99.0, ""power_w"": 156.22, ""vram_used_mib"": 6620.0}, {""index"": 11, ""name"": ""NVIDIA P104-100"", ""pci_bus"": ""00000000:14:00.0"", ""pcie"": ""Gen1 x1"", ""util_pct"": 59.0, ""power_w"": 56.33, ""vram_used_mib"": 7750.0}]"
2026-08-16T18:20:29.493256+03:00,1786893629.493256,ctx_008192.txt,1,1,prefill,35.857988165680474,"[14.622641509433961, 20.0, 8.530805687203792, 100.0]",15875.55078125,8367.8125,7507.73828125,52.70880119562781,24575.99609375,402.921875,1.639493567068349,"[{""index"": 0, ""name"": ""NVIDIA P104-100"", ""pci_bus"": ""00000000:01:00.0"", ""pcie"": ""Gen1 x1"", ""util_pct"": 99.0, ""power_w"": 102.82, ""vram_used_mib"": 5638.0}, {""index"": 1, ""name"": ""NVIDIA P104-100"", ""pci_bus"": ""00000000:02:00.0"", ""pcie"": ""Gen1 x1"", ""util_pct"": 87.0, ""power_w"": 96.8, ""vram_used_mib"": 4894.0}, {""index"": 2, ""name"": ""NVIDIA P104-100"", ""pci_bus"": ""00000000:0A:00.0"", ""pcie"": ""Gen1 x1"", ""util_pct"": 97.0, ""power_w"": 125.57, ""vram_used_mib"": 6620.0}, {""index"": 3, ""name"": ""NVIDIA P104-100"", ""pci_bus"": ""00000000:0C:00.0"", ""pcie"": ""Gen1 x1"", ""util_pct"": 83.0, ""power_w"": 120.46, ""vram_used_mib"": 4894.0}, {""index"": 4, ""name"": ""NVIDIA P104-100"", ""pci_bus"": ""00000000:0D:00.0"", ""pcie"": ""Gen1 x1"", ""util_pct"": 97.0, ""power_w"": 143.73, ""vram_used_mib"": 6620.0}, {""index"": 5, ""name"": ""NVIDIA P104-100"", ""pci_bus"": ""00000000:0E:00.0"", ""pcie"": ""Gen1 x1"", ""util_pct"": 75.0, ""power_w"": 127.06, ""vram_used_mib"": 4894.0}, {""index"": 6, ""name"": ""NVIDIA P104-100"", ""pci_bus"": ""00000000:0F:00.0"", ""pcie"": ""Gen1 x1"", ""util_pct"": 99.0, ""power_w"": 135.62, ""vram_used_mib"": 5638.0}, {""index"": 7, ""name"": ""NVIDIA P104-100"", ""pci_bus"": ""00000000:10:00.0"", ""pcie"": ""Gen1 x1"", ""util_pct"": 82.0, ""power_w"": 143.5, ""vram_used_mib"": 5876.0}, {""index"": 8, ""name"": ""NVIDIA P104-100"", ""pci_bus"": ""00000000:11:00.0"", ""pcie"": ""Gen1 x1"", ""util_pct"": 99.0, ""power_w"": 143.42, ""vram_used_mib"": 5638.0}, {""index"": 9, ""name"": ""NVIDIA P104-100"", ""pci_bus"": ""00000000:12:00.0"", ""pcie"": ""Gen1 x1"", ""util_pct"": 81.0, ""power_w"": 151.21, ""vram_used_mib"": 4894.0}, {""index"": 10, ""name"": ""NVIDIA P104-100"", ""pci_bus"": ""00000000:13:00.0"", ""pcie"": ""Gen1 x1"", ""util_pct"": 99.0, ""power_w"": 153.53, ""vram_used_mib"": 6620.0}, {""index"": 11, ""name"": ""NVIDIA P104-100"", ""pci_bus"": ""00000000:14:00.0"", ""pcie"": ""Gen1 x1"", ""util_pct"": 61.0, ""power_w"": 142.87, ""vram_used_mib"": 7750.0}]"
2026-08-16T18:20:31.629378+03:00,1786893631.629378,ctx_008192.txt,1,1,prefill,36.3849765258216,"[14.553990610328638, 15.023474178403756, 15.96244131455399, 100.0]",15875.55078125,8394.53515625,7481.015625,52.87712704849561,24575.99609375,402.921875,1.639493567068349,"[{""index"": 0, ""name"": ""NVIDIA P104-100"", ""pci_bus"": ""00000000:01:00.0"", ""pcie"": ""Gen1 x1"", ""util_pct"": 97.0, ""power_w"": 137.18, ""vram_used_mib"": 5638.0}, {""index"": 1, ""name"": ""NVIDIA P104-100"", ""pci_bus"": ""00000000:02:00.0"", ""pcie"": ""Gen1 x1"", ""util_pct"": 75.0, ""power_w"": 149.73, ""vram_used_mib"": 4894.0}, {""index"": 2, ""name"": ""NVIDIA P104-100"", ""pci_bus"": ""00000000:0A:00.0"", ""pcie"": ""Gen1 x1"", ""util_pct"": 97.0, ""power_w"": 155.52, ""vram_used_mib"": 6620.0}, {""index"": 3, ""name"": ""NVIDIA P104-100"", ""pci_bus"": ""00000000:0C:00.0"", ""pcie"": ""Gen1 x1"", ""util_pct"": 77.0, ""power_w"": 154.82, ""vram_used_mib"": 4894.0}, {""index"": 4, ""name"": ""NVIDIA P104-100"", ""pci_bus"": ""00000000:0D:00.0"", ""pcie"": ""Gen1 x1"", ""util_pct"": 99.0, ""power_w"": 155.13, ""vram_used_mib"": 6620.0}, {""index"": 5, ""name"": ""NVIDIA P104-100"", ""pci_bus"": ""00000000:0E:00.0"", ""pcie"": ""Gen1 x1"", ""util_pct"": 87.0, ""power_w"": 144.08, ""vram_used_mib"": 4894.0}, {""index"": 6, ""name"": ""NVIDIA P104-100"", ""pci_bus"": ""00000000:0F:00.0"", ""pcie"": ""Gen1 x1"", ""util_pct"": 99.0, ""power_w"": 149.06, ""vram_used_mib"": 5638.0}, {""index"": 7, ""name"": ""NVIDIA P104-100"", ""pci_bus"": ""00000000:10:00.0"", ""pcie"": ""Gen1 x1"", ""util_pct"": 77.0, ""power_w"": 147.29, ""vram_used_mib"": 5876.0}, {""index"": 8, ""name"": ""NVIDIA P104-100"", ""pci_bus"": ""00000000:11:00.0"", ""pcie"": ""Gen1 x1"", ""util_pct"": 99.0, ""power_w"": 149.3, ""vram_used_mib"": 5638.0}, {""index"": 9, ""name"": ""NVIDIA P104-100"", ""pci_bus"": ""00000000:12:00.0"", ""pcie"": ""Gen1 x1"", ""util_pct"": 88.0, ""power_w"": 156.05, ""vram_used_mib"": 4894.0}, {""index"": 10, ""name"": ""NVIDIA P104-100"", ""pci_bus"": ""00000000:13:00.0"", ""pcie"": ""Gen1 x1"", ""util_pct"": 99.0, ""power_w"": 152.06, ""vram_used_mib"": 6620.0}, {""index"": 11, ""name"": ""NVIDIA P104-100"", ""pci_bus"": ""00000000:14:00.0"", ""pcie"": ""Gen1 x1"", ""util_pct"": 55.0, ""power_w"": 59.61, ""vram_used_mib"": 7750.0}]"
2026-08-16T18:20:33.777322+03:00,1786893633.777322,ctx_008192.txt,1,1,prefill,36.989498249708284,"[19.718309859154928, 10.74766355140187, 16.35514018691589, 100.0]",15875.55078125,8451.6015625,7423.94921875,53.23658800223713,24575.99609375,402.921875,1.639493567068349,"[{""index"": 0, ""name"": ""NVIDIA P104-100"", ""pci_bus"": ""00000000:01:00.0"", ""pcie"": ""Gen1 x1"", ""util_pct"": 99.0, ""power_w"": 140.82, ""vram_used_mib"": 5638.0}, {""index"": 1, ""name"": ""NVIDIA P104-100"", ""pci_bus"": ""00000000:02:00.0"", ""pcie"": ""Gen1 x1"", ""util_pct"": 87.0, ""power_w"": 145.58, ""vram_used_mib"": 4894.0}, {""index"": 2, ""name"": ""NVIDIA P104-100"", ""pci_bus"": ""00000000:0A:00.0"", ""pcie"": ""Gen1 x1"", ""util_pct"": 97.0, ""power_w"": 153.29, ""vram_used_mib"": 6620.0}, {""index"": 3, ""name"": ""NVIDIA P104-100"", ""pci_bus"": ""00000000:0C:00.0"", ""pcie"": ""Gen1 x1"", ""util_pct"": 88.0, ""power_w"": 157.46, ""vram_used_mib"": 4894.0}, {""index"": 4, ""name"": ""NVIDIA P104-100"", ""pci_bus"": ""00000000:0D:00.0"", ""pcie"": ""Gen1 x1"", ""util_pct"": 98.0, ""power_w"": 162.85, ""vram_used_mib"": 6620.0}, {""index"": 5, ""name"": ""NVIDIA P104-100"", ""pci_bus"": ""00000000:0E:00.0"", ""pcie"": ""Gen1 x1"", ""util_pct"": 76.0, ""power_w"": 146.66, ""vram_used_mib"": 4894.0}, {""index"": 6, ""name"": ""NVIDIA P104-100"", ""pci_bus"": ""00000000:0F:00.0"", ""pcie"": ""Gen1 x1"", ""util_pct"": 99.0, ""power_w"": 147.73, ""vram_used_mib"": 5638.0}, {""index"": 7, ""name"": ""NVIDIA P104-100"", ""pci_bus"": ""00000000:10:00.0"", ""pcie"": ""Gen1 x1"", ""util_pct"": 88.0, ""power_w"": 118.34, ""vram_used_mib"": 5876.0}, {""index"": 8, ""name"": ""NVIDIA P104-100"", ""pci_bus"": ""00000000:11:00.0"", ""pcie"": ""Gen1 x1"", ""util_pct"": 98.0, ""power_w"": 146.51, ""vram_used_mib"": 5638.0}, {""index"": 9, ""name"": ""NVIDIA P104-100"", ""pci_bus"": ""00000000:12:00.0"", ""pcie"": ""Gen1 x1"", ""util_pct"": 76.0, ""power_w"": 97.82, ""vram_used_mib"": 4894.0}, {""index"": 10, ""name"": ""NVIDIA P104-100"", ""pci_bus"": ""00000000:13:00.0"", ""pcie"": ""Gen1 x1"", ""util_pct"": 100.0, ""power_w"": 153.29, ""vram_used_mib"": 6620.0}, {""index"": 11, ""name"": ""NVIDIA P104-100"", ""pci_bus"": ""00000000:14:00.0"", ""pcie"": ""Gen1 x1"", ""util_pct"": 65.0, ""power_w"": 56.45, ""vram_used_mib"": 7750.0}]"
2026-08-16T18:20:35.894466+03:00,1786893635.894466,ctx_008192.txt,1,1,prefill,36.492890995260666,"[9.004739336492891, 16.19047619047619, 20.28301886792453, 100.0]",15875.55078125,8421.18359375,7454.3671875,53.04498539789835,24575.99609375,402.921875,1.639493567068349,"[{""index"": 0, ""name"": ""NVIDIA P104-100"", ""pci_bus"": ""00000000:01:00.0"", ""pcie"": ""Gen1 x1"", ""util_pct"": 97.0, ""power_w"": 143.47, ""vram_used_mib"": 5638.0}, {""index"": 1, ""name"": ""NVIDIA P104-100"", ""pci_bus"": ""00000000:02:00.0"", ""pcie"": ""Gen1 x1"", ""util_pct"": 75.0, ""power_w"": 124.3, ""vram_used_mib"": 4894.0}, {""index"": 2, ""name"": ""NVIDIA P104-100"", ""pci_bus"": ""00000000:0A:00.0"", ""pcie"": ""Gen1 x1"", ""util_pct"": 98.0, ""power_w"": 150.92, ""vram_used_mib"": 6620.0}, {""index"": 3, ""name"": ""NVIDIA P104-100"", ""pci_bus"": ""00000000:0C:00.0"", ""pcie"": ""Gen1 x1"", ""util_pct"": 88.0, ""power_w"": 104.02, ""vram_used_mib"": 4894.0}, {""index"": 4, ""name"": ""NVIDIA P104-100"", ""pci_bus"": ""00000000:0D:00.0"", ""pcie"": ""Gen1 x1"", ""util_pct"": 99.0, ""power_w"": 160.12, ""vram_used_mib"": 6620.0}, {""index"": 5, ""name"": ""NVIDIA P104-100"", ""pci_bus"": ""00000000:0E:00.0"", ""pcie"": ""Gen1 x1"", ""util_pct"": 87.0, ""power_w"": 80.6, ""vram_used_mib"": 4894.0}, {""index"": 6, ""name"": ""NVIDIA P104-100"", ""pci_bus"": ""00000000:0F:00.0"", ""pcie"": ""Gen1 x1"", ""util_pct"": 99.0, ""power_w"": 152.12, ""vram_used_mib"": 5638.0}, {""index"": 7, ""name"": ""NVIDIA P104-100"", ""pci_bus"": ""00000000:10:00.0"", ""pcie"": ""Gen1 x1"", ""util_pct"": 88.0, ""power_w"": 72.09, ""vram_used_mib"": 5876.0}, {""index"": 8, ""name"": ""NVIDIA P104-100"", ""pci_bus"": ""00000000:11:00.0"", ""pcie"": ""Gen1 x1"", ""util_pct"": 99.0, ""power_w"": 103.94, ""vram_used_mib"": 5638.0}, {""index"": 9, ""name"": ""NVIDIA P104-100"", ""pci_bus"": ""00000000:12:00.0"", ""pcie"": ""Gen1 x1"", ""util_pct"": 87.0, ""power_w"": 92.47, ""vram_used_mib"": 4894.0}, {""index"": 10, ""name"": ""NVIDIA P104-100"", ""pci_bus"": ""00000000:13:00.0"", ""pcie"": ""Gen1 x1"", ""util_pct"": 100.0, ""power_w"": 121.5, ""vram_used_mib"": 6620.0}, {""index"": 11, ""name"": ""NVIDIA P104-100"", ""pci_bus"": ""00000000:14:00.0"", ""pcie"": ""Gen1 x1"", ""util_pct"": 43.0, ""power_w"": 110.5, ""vram_used_mib"": 7750.0}]"
2026-08-16T18:20:38.014719+03:00,1786893638.014719,ctx_008192.txt,1,1,prefill,36.00944510035419,"[19.90521327014218, 15.492957746478874, 9.004739336492891, 100.0]",15875.55078125,8334.2734375,7541.27734375,52.4975388403109,24575.99609375,402.921875,1.639493567068349,"[{""index"": 0, ""name"": ""NVIDIA P104-100"", ""pci_bus"": ""00000000:01:00.0"", ""pcie"": ""Gen1 x1"", ""util_pct"": 36.0, ""power_w"": 50.91, ""vram_used_mib"": 5638.0}, {""index"": 1, ""name"": ""NVIDIA P104-100"", ""pci_bus"": ""00000000:02:00.0"", ""pcie"": ""Gen1 x1"", ""util_pct"": 73.0, ""power_w"": 55.23, ""vram_used_mib"": 4894.0}, {""index"": 2, ""name"": ""NVIDIA P104-100"", ""pci_bus"": ""00000000:0A:00.0"", ""pcie"": ""Gen1 x1"", ""util_pct"": 1.0, ""power_w"": 153.72, ""vram_used_mib"": 6620.0}, {""index"": 3, ""name"": ""NVIDIA P104-100"", ""pci_bus"": ""00000000:0C:00.0"", ""pcie"": ""Gen1 x1"", ""util_pct"": 0.0, ""power_w"": 56.02, ""vram_used_mib"": 4894.0}, {""index"": 4, ""name"": ""NVIDIA P104-100"", ""pci_bus"": ""00000000:0D:00.0"", ""pcie"": ""Gen1 x1"", ""util_pct"": 0.0, ""power_w"": 55.9, ""vram_used_mib"": 6620.0}, {""index"": 5, ""name"": ""NVIDIA P104-100"", ""pci_bus"": ""00000000:0E:00.0"", ""pcie"": ""Gen1 x1"", ""util_pct"": 0.0, ""power_w"": 52.14, ""vram_used_mib"": 4894.0}, {""index"": 6, ""name"": ""NVIDIA P104-100"", ""pci_bus"": ""00000000:0F:00.0"", ""pcie"": ""Gen1 x1"", ""util_pct"": 0.0, ""power_w"": 54.56, ""vram_used_mib"": 5638.0}, {""index"": 7, ""name"": ""NVIDIA P104-100"", ""pci_bus"": ""00000000:10:00.0"", ""pcie"": ""Gen1 x1"", ""util_pct"": 0.0, ""power_w"": 55.67, ""vram_used_mib"": 5876.0}, {""index"": 8, ""name"": ""NVIDIA P104-100"", ""pci_bus"": ""00000000:11:00.0"", ""pcie"": ""Gen1 x1"", ""util_pct"": 1.0, ""power_w"": 52.51, ""vram_used_mib"": 5638.0}, {""index"": 9, ""name"": ""NVIDIA P104-100"", ""pci_bus"": ""00000000:12:00.0"", ""pcie"": ""Gen1 x1"", ""util_pct"": 1.0, ""power_w"": 55.21, ""vram_used_mib"": 4894.0}, {""index"": 10, ""name"": ""NVIDIA P104-100"", ""pci_bus"": ""00000000:13:00.0"", ""pcie"": ""Gen1 x1"", ""util_pct"": 0.0, ""power_w"": 53.66, ""vram_used_mib"": 6620.0}, {""index"": 11, ""name"": ""NVIDIA P104-100"", ""pci_bus"": ""00000000:14:00.0"", ""pcie"": ""Gen1 x1"", ""util_pct"": 0.0, ""power_w"": 54.93, ""vram_used_mib"": 7750.0}]"
2026-08-16T18:20:40.146900+03:00,1786893640.146900,ctx_008192.txt,1,1,prefill,48.817966903073284,"[24.528301886792452, 73.70892018779342, 7.511737089201878, 90.9090909090909]",15875.55078125,8351.59375,7523.95703125,52.60663938578902,24575.99609375,402.921875,1.639493567068349,"[{""index"": 0, ""name"": ""NVIDIA P104-100"", ""pci_bus"": ""00000000:01:00.0"", ""pcie"": ""Gen1 x1"", ""util_pct"": 0.0, ""power_w"": 51.01, ""vram_used_mib"": 5638.0}, {""index"": 1, ""name"": ""NVIDIA P104-100"", ""pci_bus"": ""00000000:02:00.0"", ""pcie"": ""Gen1 x1"", ""util_pct"": 0.0, ""power_w"": 52.38, ""vram_used_mib"": 4894.0}, {""index"": 2, ""name"": ""NVIDIA P104-100"", ""pci_bus"": ""00000000:0A:00.0"", ""pcie"": ""Gen1 x1"", ""util_pct"": 0.0, ""power_w"": 50.34, ""vram_used_mib"": 6620.0}, {""index"": 3, ""name"": ""NVIDIA P104-100"", ""pci_bus"": ""00000000:0C:00.0"", ""pcie"": ""Gen1 x1"", ""util_pct"": 0.0, ""power_w"": 53.06, ""vram_used_mib"": 4894.0}, {""index"": 4, ""name"": ""NVIDIA P104-100"", ""pci_bus"": ""00000000:0D:00.0"", ""pcie"": ""Gen1 x1"", ""util_pct"": 0.0, ""power_w"": 51.73, ""vram_used_mib"": 6620.0}, {""index"": 5, ""name"": ""NVIDIA P104-100"", ""pci_bus"": ""00000000:0E:00.0"", ""pcie"": ""Gen1 x1"", ""util_pct"": 0.0, ""power_w"": 51.91, ""vram_used_mib"": 4894.0}, {""index"": 6, ""name"": ""NVIDIA P104-100"", ""pci_bus"": ""00000000:0F:00.0"", ""pcie"": ""Gen1 x1"", ""util_pct"": 0.0, ""power_w"": 52.19, ""vram_used_mib"": 5638.0}, {""index"": 7, ""name"": ""NVIDIA P104-100"", ""pci_bus"": ""00000000:10:00.0"", ""pcie"": ""Gen1 x1"", ""util_pct"": 0.0, ""power_w"": 54.39, ""vram_used_mib"": 5876.0}, {""index"": 8, ""name"": ""NVIDIA P104-100"", ""pci_bus"": ""00000000:11:00.0"", ""pcie"": ""Gen1 x1"", ""util_pct"": 0.0, ""power_w"": 49.44, ""vram_used_mib"": 5638.0}, {""index"": 9, ""name"": ""NVIDIA P104-100"", ""pci_bus"": ""00000000:12:00.0"", ""pcie"": ""Gen1 x1"", ""util_pct"": 0.0, ""power_w"": 54.96, ""vram_used_mib"": 4894.0}, {""index"": 10, ""name"": ""NVIDIA P104-100"", ""pci_bus"": ""00000000:13:00.0"", ""pcie"": ""Gen1 x1"", ""util_pct"": 0.0, ""power_w"": 53.43, ""vram_used_mib"": 6620.0}, {""index"": 11, ""name"": ""NVIDIA P104-100"", ""pci_bus"": ""00000000:14:00.0"", ""pcie"": ""Gen1 x1"", ""util_pct"": 99.0, ""power_w"": 121.96, ""vram_used_mib"": 7750.0}]"
2026-08-16T18:20:42.295810+03:00,1786893642.295810,ctx_008192.txt,1,1,prefill,37.06293706293706,"[20.833333333333332, 100.0, 13.551401869158878, 13.615023474178404]",15875.55078125,8395.98828125,7479.5625,52.88628027423261,24575.99609375,402.921875,1.639493567068349,"[{""index"": 0, ""name"": ""NVIDIA P104-100"", ""pci_bus"": ""00000000:01:00.0"", ""pcie"": ""Gen1 x1"", ""util_pct"": 0.0, ""power_w"": 43.27, ""vram_used_mib"": 5638.0}, {""index"": 1, ""name"": ""NVIDIA P104-100"", ""pci_bus"": ""00000000:02:00.0"", ""pcie"": ""Gen1 x1"", ""util_pct"": 0.0, ""power_w"": 43.99, ""vram_used_mib"": 4894.0}, {""index"": 2, ""name"": ""NVIDIA P104-100"", ""pci_bus"": ""00000000:0A:00.0"", ""pcie"": ""Gen1 x1"", ""util_pct"": 0.0, ""power_w"": 43.34, ""vram_used_mib"": 6620.0}, {""index"": 3, ""name"": ""NVIDIA P104-100"", ""pci_bus"": ""00000000:0C:00.0"", ""pcie"": ""Gen1 x1"", ""util_pct"": 0.0, ""power_w"": 46.29, ""vram_used_mib"": 4894.0}, {""index"": 4, ""name"": ""NVIDIA P104-100"", ""pci_bus"": ""00000000:0D:00.0"", ""pcie"": ""Gen1 x1"", ""util_pct"": 0.0, ""power_w"": 44.39, ""vram_used_mib"": 6620.0}, {""index"": 5, ""name"": ""NVIDIA P104-100"", ""pci_bus"": ""00000000:0E:00.0"", ""pcie"": ""Gen1 x1"", ""util_pct"": 0.0, ""power_w"": 51.91, ""vram_used_mib"": 4894.0}, {""index"": 6, ""name"": ""NVIDIA P104-100"", ""pci_bus"": ""00000000:0F:00.0"", ""pcie"": ""Gen1 x1"", ""util_pct"": 0.0, ""power_w"": 45.62, ""vram_used_mib"": 5638.0}, {""index"": 7, ""name"": ""NVIDIA P104-100"", ""pci_bus"": ""00000000:10:00.0"", ""pcie"": ""Gen1 x1"", ""util_pct"": 0.0, ""power_w"": 45.62, ""vram_used_mib"": 5876.0}, {""index"": 8, ""name"": ""NVIDIA P104-100"", ""pci_bus"": ""00000000:11:00.0"", ""pcie"": ""Gen1 x1"", ""util_pct"": 0.0, ""power_w"": 42.73, ""vram_used_mib"": 5638.0}, {""index"": 9, ""name"": ""NVIDIA P104-100"", ""pci_bus"": ""00000000:12:00.0"", ""pcie"": ""Gen1 x1"", ""util_pct"": 0.0, ""power_w"": 44.78, ""vram_used_mib"": 4894.0}, {""index"": 10, ""name"": ""NVIDIA P104-100"", ""pci_bus"": ""00000000:13:00.0"", ""pcie"": ""Gen1 x1"", ""util_pct"": 0.0, ""power_w"": 45.26, ""vram_used_mib"": 6620.0}, {""index"": 11, ""name"": ""NVIDIA P104-100"", ""pci_bus"": ""00000000:14:00.0"", ""pcie"": ""Gen1 x1"", ""util_pct"": 99.0, ""power_w"": 101.14, ""vram_used_mib"": 7750.0}]"
2026-08-16T18:20:44.423851+03:00,1786893644.423851,ctx_008192.txt,1,1,prefill,37.66233766233766,"[12.735849056603774, 100.0, 19.43127962085308, 18.39622641509434]",15875.55078125,8674.59375,7200.95703125,54.64121446573827,24575.99609375,402.921875,1.639493567068349,"[{""index"": 0, ""name"": ""NVIDIA P104-100"", ""pci_bus"": ""00000000:01:00.0"", ""pcie"": ""Gen1 x1"", ""util_pct"": 92.0, ""power_w"": 141.26, ""vram_used_mib"": 5638.0}, {""index"": 1, ""name"": ""NVIDIA P104-100"", ""pci_bus"": ""00000000:02:00.0"", ""pcie"": ""Gen1 x1"", ""util_pct"": 81.0, ""power_w"": 145.06, ""vram_used_mib"": 4894.0}, {""index"": 2, ""name"": ""NVIDIA P104-100"", ""pci_bus"": ""00000000:0A:00.0"", ""pcie"": ""Gen1 x1"", ""util_pct"": 91.0, ""power_w"": 151.4, ""vram_used_mib"": 6620.0}, {""index"": 3, ""name"": ""NVIDIA P104-100"", ""pci_bus"": ""00000000:0C:00.0"", ""pcie"": ""Gen1 x1"", ""util_pct"": 66.0, ""power_w"": 151.15, ""vram_used_mib"": 4894.0}, {""index"": 4, ""name"": ""NVIDIA P104-100"", ""pci_bus"": ""00000000:0D:00.0"", ""pcie"": ""Gen1 x1"", ""util_pct"": 100.0, ""power_w"": 125.04, ""vram_used_mib"": 6620.0}, {""index"": 5, ""name"": ""NVIDIA P104-100"", ""pci_bus"": ""00000000:0E:00.0"", ""pcie"": ""Gen1 x1"", ""util_pct"": 77.0, ""power_w"": 147.18, ""vram_used_mib"": 4894.0}, {""index"": 6, ""name"": ""NVIDIA P104-100"", ""pci_bus"": ""00000000:0F:00.0"", ""pcie"": ""Gen1 x1"", ""util_pct"": 1.0, ""power_w"": 106.83, ""vram_used_mib"": 5638.0}, {""index"": 7, ""name"": ""NVIDIA P104-100"", ""pci_bus"": ""00000000:10:00.0"", ""pcie"": ""Gen1 x1"", ""util_pct"": 0.0, ""power_w"": 45.42, ""vram_used_mib"": 5876.0}, {""index"": 8, ""name"": ""NVIDIA P104-100"", ""pci_bus"": ""00000000:11:00.0"", ""pcie"": ""Gen1 x1"", ""util_pct"": 0.0, ""power_w"": 42.68, ""vram_used_mib"": 5638.0}, {""index"": 9, ""name"": ""NVIDIA P104-100"", ""pci_bus"": ""00000000:12:00.0"", ""pcie"": ""Gen1 x1"", ""util_pct"": 0.0, ""power_w"": 44.4, ""vram_used_mib"": 4894.0}, {""index"": 10, ""name"": ""NVIDIA P104-100"", ""pci_bus"": ""00000000:13:00.0"", ""pcie"": ""Gen1 x1"", ""util_pct"": 0.0, ""power_w"": 44.95, ""vram_used_mib"": 6620.0}, {""index"": 11, ""name"": ""NVIDIA P104-100"", ""pci_bus"": ""00000000:14:00.0"", ""pcie"": ""Gen1 x1"", ""util_pct"": 0.0, ""power_w"": 54.85, ""vram_used_mib"": 7750.0}]"
2026-08-16T18:20:46.545634+03:00,1786893646.545634,ctx_008192.txt,1,1,prefill,36.87943262411348,"[20.0, 100.0, 11.848341232227488, 15.09433962264151]",15875.55078125,8601.71875,7273.83203125,54.182175273938576,24575.99609375,402.921875,1.639493567068349,"[{""index"": 0, ""name"": ""NVIDIA P104-100"", ""pci_bus"": ""00000000:01:00.0"", ""pcie"": ""Gen1 x1"", ""util_pct"": 99.0, ""power_w"": 135.43, ""vram_used_mib"": 5638.0}, {""index"": 1, ""name"": ""NVIDIA P104-100"", ""pci_bus"": ""00000000:02:00.0"", ""pcie"": ""Gen1 x1"", ""util_pct"": 85.0, ""power_w"": 143.54, ""vram_used_mib"": 4894.0}, {""index"": 2, ""name"": ""NVIDIA P104-100"", ""pci_bus"": ""00000000:0A:00.0"", ""pcie"": ""Gen1 x1"", ""util_pct"": 97.0, ""power_w"": 154.93, ""vram_used_mib"": 6620.0}, {""index"": 3, ""name"": ""NVIDIA P104-100"", ""pci_bus"": ""00000000:0C:00.0"", ""pcie"": ""Gen1 x1"", ""util_pct"": 82.0, ""power_w"": 151.17, ""vram_used_mib"": 4894.0}, {""index"": 4, ""name"": ""NVIDIA P104-100"", ""pci_bus"": ""00000000:0D:00.0"", ""pcie"": ""Gen1 x1"", ""util_pct"": 99.0, ""power_w"": 149.58, ""vram_used_mib"": 6620.0}, {""index"": 5, ""name"": ""NVIDIA P104-100"", ""pci_bus"": ""00000000:0E:00.0"", ""pcie"": ""Gen1 x1"", ""util_pct"": 87.0, ""power_w"": 142.88, ""vram_used_mib"": 4894.0}, {""index"": 6, ""name"": ""NVIDIA P104-100"", ""pci_bus"": ""00000000:0F:00.0"", ""pcie"": ""Gen1 x1"", ""util_pct"": 99.0, ""power_w"": 150.31, ""vram_used_mib"": 5638.0}, {""index"": 7, ""name"": ""NVIDIA P104-100"", ""pci_bus"": ""00000000:10:00.0"", ""pcie"": ""Gen1 x1"", ""util_pct"": 88.0, ""power_w"": 147.41, ""vram_used_mib"": 5876.0}, {""index"": 8, ""name"": ""NVIDIA P104-100"", ""pci_bus"": ""00000000:11:00.0"", ""pcie"": ""Gen1 x1"", ""util_pct"": 98.0, ""power_w"": 146.05, ""vram_used_mib"": 5638.0}, {""index"": 9, ""name"": ""NVIDIA P104-100"", ""pci_bus"": ""00000000:12:00.0"", ""pcie"": ""Gen1 x1"", ""util_pct"": 87.0, ""power_w"": 153.63, ""vram_used_mib"": 4894.0}, {""index"": 10, ""name"": ""NVIDIA P104-100"", ""pci_bus"": ""00000000:13:00.0"", ""pcie"": ""Gen1 x1"", ""util_pct"": 99.0, ""power_w"": 151.55, ""vram_used_mib"": 6620.0}, {""index"": 11, ""name"": ""NVIDIA P104-100"", ""pci_bus"": ""00000000:14:00.0"", ""pcie"": ""Gen1 x1"", ""util_pct"": 64.0, ""power_w"": 74.56, ""vram_used_mib"": 7750.0}]"
2026-08-16T18:20:48.689022+03:00,1786893648.689022,ctx_008192.txt,1,1,prefill,36.799065420560744,"[21.49532710280374, 100.0, 13.08411214953271, 12.149532710280374]",15875.55078125,8686.17578125,7189.375,54.71416961173345,24575.99609375,402.921875,1.639493567068349,"[{""index"": 0, ""name"": ""NVIDIA P104-100"", ""pci_bus"": ""00000000:01:00.0"", ""pcie"": ""Gen1 x1"", ""util_pct"": 97.0, ""power_w"": 141.34, ""vram_used_mib"": 5638.0}, {""index"": 1, ""name"": ""NVIDIA P104-100"", ""pci_bus"": ""00000000:02:00.0"", ""pcie"": ""Gen1 x1"", ""util_pct"": 81.0, ""power_w"": 140.76, ""vram_used_mib"": 4894.0}, {""index"": 2, ""name"": ""NVIDIA P104-100"", ""pci_bus"": ""00000000:0A:00.0"", ""pcie"": ""Gen1 x1"", ""util_pct"": 98.0, ""power_w"": 145.98, ""vram_used_mib"": 6620.0}, {""index"": 3, ""name"": ""NVIDIA P104-100"", ""pci_bus"": ""00000000:0C:00.0"", ""pcie"": ""Gen1 x1"", ""util_pct"": 86.0, ""power_w"": 153.19, ""vram_used_mib"": 4894.0}, {""index"": 4, ""name"": ""NVIDIA P104-100"", ""pci_bus"": ""00000000:0D:00.0"", ""pcie"": ""Gen1 x1"", ""util_pct"": 97.0, ""power_w"": 158.7, ""vram_used_mib"": 6620.0}, {""index"": 5, ""name"": ""NVIDIA P104-100"", ""pci_bus"": ""00000000:0E:00.0"", ""pcie"": ""Gen1 x1"", ""util_pct"": 87.0, ""power_w"": 147.24, ""vram_used_mib"": 4894.0}, {""index"": 6, ""name"": ""NVIDIA P104-100"", ""pci_bus"": ""00000000:0F:00.0"", ""pcie"": ""Gen1 x1"", ""util_pct"": 99.0, ""power_w"": 151.59, ""vram_used_mib"": 5638.0}, {""index"": 7, ""name"": ""NVIDIA P104-100"", ""pci_bus"": ""00000000:10:00.0"", ""pcie"": ""Gen1 x1"", ""util_pct"": 75.0, ""power_w"": 150.62, ""vram_used_mib"": 5876.0}, {""index"": 8, ""name"": ""NVIDIA P104-100"", ""pci_bus"": ""00000000:11:00.0"", ""pcie"": ""Gen1 x1"", ""util_pct"": 99.0, ""power_w"": 146.48, ""vram_used_mib"": 5638.0}, {""index"": 9, ""name"": ""NVIDIA P104-100"", ""pci_bus"": ""00000000:12:00.0"", ""pcie"": ""Gen1 x1"", ""util_pct"": 87.0, ""power_w"": 153.76, ""vram_used_mib"": 4894.0}, {""index"": 10, ""name"": ""NVIDIA P104-100"", ""pci_bus"": ""00000000:13:00.0"", ""pcie"": ""Gen1 x1"", ""util_pct"": 99.0, ""power_w"": 150.37, ""vram_used_mib"": 6620.0}, {""index"": 11, ""name"": ""NVIDIA P104-100"", ""pci_bus"": ""00000000:14:00.0"", ""pcie"": ""Gen1 x1"", ""util_pct"": 39.0, ""power_w"": 85.92, ""vram_used_mib"": 7750.0}]"
2026-08-16T18:20:50.804734+03:00,1786893650.804734,ctx_008192.txt,1,1,prefill,36.492890995260666,"[12.322274881516588, 100.0, 15.165876777251185, 18.095238095238095]",15875.55078125,8693.20703125,7182.34375,54.75845941368668,24575.99609375,402.921875,1.639493567068349,"[{""index"": 0, ""name"": ""NVIDIA P104-100"", ""pci_bus"": ""00000000:01:00.0"", ""pcie"": ""Gen1 x1"", ""util_pct"": 99.0, ""power_w"": 127.86, ""vram_used_mib"": 5638.0}, {""index"": 1, ""name"": ""NVIDIA P104-100"", ""pci_bus"": ""00000000:02:00.0"", ""pcie"": ""Gen1 x1"", ""util_pct"": 83.0, ""power_w"": 134.91, ""vram_used_mib"": 4894.0}, {""index"": 2, ""name"": ""NVIDIA P104-100"", ""pci_bus"": ""00000000:0A:00.0"", ""pcie"": ""Gen1 x1"", ""util_pct"": 98.0, ""power_w"": 145.55, ""vram_used_mib"": 6620.0}, {""index"": 3, ""name"": ""NVIDIA P104-100"", ""pci_bus"": ""00000000:0C:00.0"", ""pcie"": ""Gen1 x1"", ""util_pct"": 87.0, ""power_w"": 149.0, ""vram_used_mib"": 4894.0}, {""index"": 4, ""name"": ""NVIDIA P104-100"", ""pci_bus"": ""00000000:0D:00.0"", ""pcie"": ""Gen1 x1"", ""util_pct"": 97.0, ""power_w"": 159.43, ""vram_used_mib"": 6620.0}, {""index"": 5, ""name"": ""NVIDIA P104-100"", ""pci_bus"": ""00000000:0E:00.0"", ""pcie"": ""Gen1 x1"", ""util_pct"": 87.0, ""power_w"": 137.4, ""vram_used_mib"": 4894.0}, {""index"": 6, ""name"": ""NVIDIA P104-100"", ""pci_bus"": ""00000000:0F:00.0"", ""pcie"": ""Gen1 x1"", ""util_pct"": 99.0, ""power_w"": 146.92, ""vram_used_mib"": 5638.0}, {""index"": 7, ""name"": ""NVIDIA P104-100"", ""pci_bus"": ""00000000:10:00.0"", ""pcie"": ""Gen1 x1"", ""util_pct"": 76.0, ""power_w"": 143.9, ""vram_used_mib"": 5876.0}, {""index"": 8, ""name"": ""NVIDIA P104-100"", ""pci_bus"": ""00000000:11:00.0"", ""pcie"": ""Gen1 x1"", ""util_pct"": 97.0, ""power_w"": 147.7, ""vram_used_mib"": 5638.0}, {""index"": 9, ""name"": ""NVIDIA P104-100"", ""pci_bus"": ""00000000:12:00.0"", ""pcie"": ""Gen1 x1"", ""util_pct"": 77.0, ""power_w"": 152.71, ""vram_used_mib"": 4894.0}, {""index"": 10, ""name"": ""NVIDIA P104-100"", ""pci_bus"": ""00000000:13:00.0"", ""pcie"": ""Gen1 x1"", ""util_pct"": 99.0, ""power_w"": 151.77, ""vram_used_mib"": 6620.0}, {""index"": 11, ""name"": ""NVIDIA P104-100"", ""pci_bus"": ""00000000:14:00.0"", ""pcie"": ""Gen1 x1"", ""util_pct"": 58.0, ""power_w"": 154.18, ""vram_used_mib"": 7750.0}]"
2026-08-16T18:20:52.920394+03:00,1786893652.920394,ctx_008192.txt,1,1,prefill,35.78199052132702,"[11.848341232227488, 100.0, 15.165876777251185, 16.587677725118482]",15875.55078125,8669.41796875,7206.1328125,54.60861225041159,24575.99609375,402.921875,1.639493567068349,"[{""index"": 0, ""name"": ""NVIDIA P104-100"", ""pci_bus"": ""00000000:01:00.0"", ""pcie"": ""Gen1 x1"", ""util_pct"": 98.0, ""power_w"": 132.07, ""vram_used_mib"": 5638.0}, {""index"": 1, ""name"": ""NVIDIA P104-100"", ""pci_bus"": ""00000000:02:00.0"", ""pcie"": ""Gen1 x1"", ""util_pct"": 87.0, ""power_w"": 133.92, ""vram_used_mib"": 4894.0}, {""index"": 2, ""name"": ""NVIDIA P104-100"", ""pci_bus"": ""00000000:0A:00.0"", ""pcie"": ""Gen1 x1"", ""util_pct"": 96.0, ""power_w"": 142.68, ""vram_used_mib"": 6620.0}, {""index"": 3, ""name"": ""NVIDIA P104-100"", ""pci_bus"": ""00000000:0C:00.0"", ""pcie"": ""Gen1 x1"", ""util_pct"": 76.0, ""power_w"": 142.17, ""vram_used_mib"": 4894.0}, {""index"": 4, ""name"": ""NVIDIA P104-100"", ""pci_bus"": ""00000000:0D:00.0"", ""pcie"": ""Gen1 x1"", ""util_pct"": 99.0, ""power_w"": 152.48, ""vram_used_mib"": 6620.0}, {""index"": 5, ""name"": ""NVIDIA P104-100"", ""pci_bus"": ""00000000:0E:00.0"", ""pcie"": ""Gen1 x1"", ""util_pct"": 74.0, ""power_w"": 141.4, ""vram_used_mib"": 4894.0}, {""index"": 6, ""name"": ""NVIDIA P104-100"", ""pci_bus"": ""00000000:0F:00.0"", ""pcie"": ""Gen1 x1"", ""util_pct"": 99.0, ""power_w"": 147.98, ""vram_used_mib"": 5638.0}, {""index"": 7, ""name"": ""NVIDIA P104-100"", ""pci_bus"": ""00000000:10:00.0"", ""pcie"": ""Gen1 x1"", ""util_pct"": 88.0, ""power_w"": 153.05, ""vram_used_mib"": 5876.0}, {""index"": 8, ""name"": ""NVIDIA P104-100"", ""pci_bus"": ""00000000:11:00.0"", ""pcie"": ""Gen1 x1"", ""util_pct"": 97.0, ""power_w"": 142.31, ""vram_used_mib"": 5638.0}, {""index"": 9, ""name"": ""NVIDIA P104-100"", ""pci_bus"": ""00000000:12:00.0"", ""pcie"": ""Gen1 x1"", ""util_pct"": 82.0, ""power_w"": 147.05, ""vram_used_mib"": 4894.0}, {""index"": 10, ""name"": ""NVIDIA P104-100"", ""pci_bus"": ""00000000:13:00.0"", ""pcie"": ""Gen1 x1"", ""util_pct"": 100.0, ""power_w"": 143.71, ""vram_used_mib"": 6620.0}, {""index"": 11, ""name"": ""NVIDIA P104-100"", ""pci_bus"": ""00000000:14:00.0"", ""pcie"": ""Gen1 x1"", ""util_pct"": 55.0, ""power_w"": 149.69, ""vram_used_mib"": 7750.0}]"
2026-08-16T18:20:55.052677+03:00,1786893655.052677,ctx_008192.txt,1,1,prefill,36.23529411764706,"[13.679245283018869, 100.0, 16.9811320754717, 13.615023474178404]",15875.55078125,8678.27734375,7197.2734375,54.66441740087266,24575.99609375,402.921875,1.639493567068349,"[{""index"": 0, ""name"": ""NVIDIA P104-100"", ""pci_bus"": ""00000000:01:00.0"", ""pcie"": ""Gen1 x1"", ""util_pct"": 98.0, ""power_w"": 90.25, ""vram_used_mib"": 5638.0}, {""index"": 1, ""name"": ""NVIDIA P104-100"", ""pci_bus"": ""00000000:02:00.0"", ""pcie"": ""Gen1 x1"", ""util_pct"": 87.0, ""power_w"": 78.85, ""vram_used_mib"": 4894.0}, {""index"": 2, ""name"": ""NVIDIA P104-100"", ""pci_bus"": ""00000000:0A:00.0"", ""pcie"": ""Gen1 x1"", ""util_pct"": 98.0, ""power_w"": 111.06, ""vram_used_mib"": 6620.0}, {""index"": 3, ""name"": ""NVIDIA P104-100"", ""pci_bus"": ""00000000:0C:00.0"", ""pcie"": ""Gen1 x1"", ""util_pct"": 77.0, ""power_w"": 105.86, ""vram_used_mib"": 4894.0}, {""index"": 4, ""name"": ""NVIDIA P104-100"", ""pci_bus"": ""00000000:0D:00.0"", ""pcie"": ""Gen1 x1"", ""util_pct"": 99.0, ""power_w"": 132.11, ""vram_used_mib"": 6620.0}, {""index"": 5, ""name"": ""NVIDIA P104-100"", ""pci_bus"": ""00000000:0E:00.0"", ""pcie"": ""Gen1 x1"", ""util_pct"": 80.0, ""power_w"": 117.07, ""vram_used_mib"": 4894.0}, {""index"": 6, ""name"": ""NVIDIA P104-100"", ""pci_bus"": ""00000000:0F:00.0"", ""pcie"": ""Gen1 x1"", ""util_pct"": 99.0, ""power_w"": 138.65, ""vram_used_mib"": 5638.0}, {""index"": 7, ""name"": ""NVIDIA P104-100"", ""pci_bus"": ""00000000:10:00.0"", ""pcie"": ""Gen1 x1"", ""util_pct"": 88.0, ""power_w"": 133.98, ""vram_used_mib"": 5876.0}, {""index"": 8, ""name"": ""NVIDIA P104-100"", ""pci_bus"": ""00000000:11:00.0"", ""pcie"": ""Gen1 x1"", ""util_pct"": 97.0, ""power_w"": 135.93, ""vram_used_mib"": 5638.0}, {""index"": 9, ""name"": ""NVIDIA P104-100"", ""pci_bus"": ""00000000:12:00.0"", ""pcie"": ""Gen1 x1"", ""util_pct"": 74.0, ""power_w"": 139.34, ""vram_used_mib"": 4894.0}, {""index"": 10, ""name"": ""NVIDIA P104-100"", ""pci_bus"": ""00000000:13:00.0"", ""pcie"": ""Gen1 x1"", ""util_pct"": 100.0, ""power_w"": 141.3, ""vram_used_mib"": 6620.0}, {""index"": 11, ""name"": ""NVIDIA P104-100"", ""pci_bus"": ""00000000:14:00.0"", ""pcie"": ""Gen1 x1"", ""util_pct"": 64.0, ""power_w"": 144.19, ""vram_used_mib"": 7750.0}]"
2026-08-16T18:20:57.183167+03:00,1786893657.183167,ctx_008192.txt,1,1,prefill,36.8235294117647,"[18.309859154929576, 100.0, 11.267605633802816, 18.39622641509434]",15875.55078125,8676.1796875,7199.37109375,54.651204276623275,24575.99609375,402.921875,1.639493567068349,"[{""index"": 0, ""name"": ""NVIDIA P104-100"", ""pci_bus"": ""00000000:01:00.0"", ""pcie"": ""Gen1 x1"", ""util_pct"": 98.0, ""power_w"": 141.76, ""vram_used_mib"": 5638.0}, {""index"": 1, ""name"": ""NVIDIA P104-100"", ""pci_bus"": ""00000000:02:00.0"", ""pcie"": ""Gen1 x1"", ""util_pct"": 87.0, ""power_w"": 152.74, ""vram_used_mib"": 4894.0}, {""index"": 2, ""name"": ""NVIDIA P104-100"", ""pci_bus"": ""00000000:0A:00.0"", ""pcie"": ""Gen1 x1"", ""util_pct"": 98.0, ""power_w"": 157.95, ""vram_used_mib"": 6620.0}, {""index"": 3, ""name"": ""NVIDIA P104-100"", ""pci_bus"": ""00000000:0C:00.0"", ""pcie"": ""Gen1 x1"", ""util_pct"": 77.0, ""power_w"": 161.85, ""vram_used_mib"": 4894.0}, {""index"": 4, ""name"": ""NVIDIA P104-100"", ""pci_bus"": ""00000000:0D:00.0"", ""pcie"": ""Gen1 x1"", ""util_pct"": 99.0, ""power_w"": 152.3, ""vram_used_mib"": 6620.0}, {""index"": 5, ""name"": ""NVIDIA P104-100"", ""pci_bus"": ""00000000:0E:00.0"", ""pcie"": ""Gen1 x1"", ""util_pct"": 75.0, ""power_w"": 115.64, ""vram_used_mib"": 4894.0}, {""index"": 6, ""name"": ""NVIDIA P104-100"", ""pci_bus"": ""00000000:0F:00.0"", ""pcie"": ""Gen1 x1"", ""util_pct"": 99.0, ""power_w"": 144.81, ""vram_used_mib"": 5638.0}, {""index"": 7, ""name"": ""NVIDIA P104-100"", ""pci_bus"": ""00000000:10:00.0"", ""pcie"": ""Gen1 x1"", ""util_pct"": 88.0, ""power_w"": 99.19, ""vram_used_mib"": 5876.0}, {""index"": 8, ""name"": ""NVIDIA P104-100"", ""pci_bus"": ""00000000:11:00.0"", ""pcie"": ""Gen1 x1"", ""util_pct"": 98.0, ""power_w"": 155.45, ""vram_used_mib"": 5638.0}, {""index"": 9, ""name"": ""NVIDIA P104-100"", ""pci_bus"": ""00000000:12:00.0"", ""pcie"": ""Gen1 x1"", ""util_pct"": 86.0, ""power_w"": 78.95, ""vram_used_mib"": 4894.0}, {""index"": 10, ""name"": ""NVIDIA P104-100"", ""pci_bus"": ""00000000:13:00.0"", ""pcie"": ""Gen1 x1"", ""util_pct"": 100.0, ""power_w"": 136.55, ""vram_used_mib"": 6620.0}, {""index"": 11, ""name"": ""NVIDIA P104-100"", ""pci_bus"": ""00000000:14:00.0"", ""pcie"": ""Gen1 x1"", ""util_pct"": 63.0, ""power_w"": 55.94, ""vram_used_mib"": 7750.0}]"
2026-08-16T18:20:59.308764+03:00,1786893659.308764,ctx_008192.txt,1,1,prefill,36.86690223792697,"[14.218009478672986, 100.0, 17.92452830188679, 14.622641509433961]",15875.55078125,8713.16015625,7162.390625,54.88414402945173,24575.99609375,402.921875,1.639493567068349,"[{""index"": 0, ""name"": ""NVIDIA P104-100"", ""pci_bus"": ""00000000:01:00.0"", ""pcie"": ""Gen1 x1"", ""util_pct"": 98.0, ""power_w"": 140.18, ""vram_used_mib"": 5638.0}, {""index"": 1, ""name"": ""NVIDIA P104-100"", ""pci_bus"": ""00000000:02:00.0"", ""pcie"": ""Gen1 x1"", ""util_pct"": 86.0, ""power_w"": 146.55, ""vram_used_mib"": 4894.0}, {""index"": 2, ""name"": ""NVIDIA P104-100"", ""pci_bus"": ""00000000:0A:00.0"", ""pcie"": ""Gen1 x1"", ""util_pct"": 98.0, ""power_w"": 153.87, ""vram_used_mib"": 6620.0}, {""index"": 3, ""name"": ""NVIDIA P104-100"", ""pci_bus"": ""00000000:0C:00.0"", ""pcie"": ""Gen1 x1"", ""util_pct"": 85.0, ""power_w"": 163.46, ""vram_used_mib"": 4894.0}, {""index"": 4, ""name"": ""NVIDIA P104-100"", ""pci_bus"": ""00000000:0D:00.0"", ""pcie"": ""Gen1 x1"", ""util_pct"": 99.0, ""power_w"": 152.34, ""vram_used_mib"": 6620.0}, {""index"": 5, ""name"": ""NVIDIA P104-100"", ""pci_bus"": ""00000000:0E:00.0"", ""pcie"": ""Gen1 x1"", ""util_pct"": 76.0, ""power_w"": 137.35, ""vram_used_mib"": 4894.0}, {""index"": 6, ""name"": ""NVIDIA P104-100"", ""pci_bus"": ""00000000:0F:00.0"", ""pcie"": ""Gen1 x1"", ""util_pct"": 98.0, ""power_w"": 144.52, ""vram_used_mib"": 5638.0}, {""index"": 7, ""name"": ""NVIDIA P104-100"", ""pci_bus"": ""00000000:10:00.0"", ""pcie"": ""Gen1 x1"", ""util_pct"": 88.0, ""power_w"": 151.54, ""vram_used_mib"": 5876.0}, {""index"": 8, ""name"": ""NVIDIA P104-100"", ""pci_bus"": ""00000000:11:00.0"", ""pcie"": ""Gen1 x1"", ""util_pct"": 98.0, ""power_w"": 151.11, ""vram_used_mib"": 5638.0}, {""index"": 9, ""name"": ""NVIDIA P104-100"", ""pci_bus"": ""00000000:12:00.0"", ""pcie"": ""Gen1 x1"", ""util_pct"": 87.0, ""power_w"": 157.93, ""vram_used_mib"": 4894.0}, {""index"": 10, ""name"": ""NVIDIA P104-100"", ""pci_bus"": ""00000000:13:00.0"", ""pcie"": ""Gen1 x1"", ""util_pct"": 100.0, ""power_w"": 155.06, ""vram_used_mib"": 6620.0}, {""index"": 11, ""name"": ""NVIDIA P104-100"", ""pci_bus"": ""00000000:14:00.0"", ""pcie"": ""Gen1 x1"", ""util_pct"": 58.0, ""power_w"": 75.48, ""vram_used_mib"": 7750.0}]"
2026-08-16T18:21:01.425976+03:00,1786893661.425976,ctx_008192.txt,1,1,prefill,35.9338061465721,"[15.492957746478874, 100.0, 16.113744075829384, 12.322274881516588]",15875.55078125,8771.0234375,7104.52734375,55.248624494081284,24575.99609375,402.9140625,1.639461777919416,"[{""index"": 0, ""name"": ""NVIDIA P104-100"", ""pci_bus"": ""00000000:01:00.0"", ""pcie"": ""Gen1 x1"", ""util_pct"": 0.0, ""power_w"": 52.6, ""vram_used_mib"": 5638.0}, {""index"": 1, ""name"": ""NVIDIA P104-100"", ""pci_bus"": ""00000000:02:00.0"", ""pcie"": ""Gen1 x1"", ""util_pct"": 17.0, ""power_w"": 54.44, ""vram_used_mib"": 4894.0}, {""index"": 2, ""name"": ""NVIDIA P104-100"", ""pci_bus"": ""00000000:0A:00.0"", ""pcie"": ""Gen1 x1"", ""util_pct"": 53.0, ""power_w"": 53.01, ""vram_used_mib"": 6620.0}, {""index"": 3, ""name"": ""NVIDIA P104-100"", ""pci_bus"": ""00000000:0C:00.0"", ""pcie"": ""Gen1 x1"", ""util_pct"": 0.0, ""power_w"": 168.33, ""vram_used_mib"": 4894.0}, {""index"": 4, ""name"": ""NVIDIA P104-100"", ""pci_bus"": ""00000000:0D:00.0"", ""pcie"": ""Gen1 x1"", ""util_pct"": 0.0, ""power_w"": 110.42, ""vram_used_mib"": 6620.0}, {""index"": 5, ""name"": ""NVIDIA P104-100"", ""pci_bus"": ""00000000:0E:00.0"", ""pcie"": ""Gen1 x1"", ""util_pct"": 0.0, ""power_w"": 51.79, ""vram_used_mib"": 4894.0}, {""index"": 6, ""name"": ""NVIDIA P104-100"", ""pci_bus"": ""00000000:0F:00.0"", ""pcie"": ""Gen1 x1"", ""util_pct"": 0.0, ""power_w"": 54.95, ""vram_used_mib"": 5638.0}, {""index"": 7, ""name"": ""NVIDIA P104-100"", ""pci_bus"": ""00000000:10:00.0"", ""pcie"": ""Gen1 x1"", ""util_pct"": 0.0, ""power_w"": 55.98, ""vram_used_mib"": 5876.0}, {""index"": 8, ""name"": ""NVIDIA P104-100"", ""pci_bus"": ""00000000:11:00.0"", ""pcie"": ""Gen1 x1"", ""util_pct"": 0.0, ""power_w"": 52.58, ""vram_used_mib"": 5638.0}, {""index"": 9, ""name"": ""NVIDIA P104-100"", ""pci_bus"": ""00000000:12:00.0"", ""pcie"": ""Gen1 x1"", ""util_pct"": 0.0, ""power_w"": 55.65, ""vram_used_mib"": 4894.0}, {""index"": 10, ""name"": ""NVIDIA P104-100"", ""pci_bus"": ""00000000:13:00.0"", ""pcie"": ""Gen1 x1"", ""util_pct"": 0.0, ""power_w"": 54.09, ""vram_used_mib"": 6620.0}, {""index"": 11, ""name"": ""NVIDIA P104-100"", ""pci_bus"": ""00000000:14:00.0"", ""pcie"": ""Gen1 x1"", ""util_pct"": 0.0, ""power_w"": 55.24, ""vram_used_mib"": 7750.0}]"
2026-08-16T18:21:03.564943+03:00,1786893663.564943,ctx_008192.txt,1,1,prefill,51.405152224824356,"[15.42056074766355, 78.97196261682242, 20.657276995305164, 90.18691588785046]",15875.55078125,8784.43359375,7091.1171875,55.33309498858431,24575.99609375,402.91015625,1.6394458833449497,"[{""index"": 0, ""name"": ""NVIDIA P104-100"", ""pci_bus"": ""00000000:01:00.0"", ""pcie"": ""Gen1 x1"", ""util_pct"": 0.0, ""power_w"": 52.25, ""vram_used_mib"": 5638.0}, {""index"": 1, ""name"": ""NVIDIA P104-100"", ""pci_bus"": ""00000000:02:00.0"", ""pcie"": ""Gen1 x1"", ""util_pct"": 0.0, ""power_w"": 53.98, ""vram_used_mib"": 4894.0}, {""index"": 2, ""name"": ""NVIDIA P104-100"", ""pci_bus"": ""00000000:0A:00.0"", ""pcie"": ""Gen1 x1"", ""util_pct"": 0.0, ""power_w"": 51.81, ""vram_used_mib"": 6620.0}, {""index"": 3, ""name"": ""NVIDIA P104-100"", ""pci_bus"": ""00000000:0C:00.0"", ""pcie"": ""Gen1 x1"", ""util_pct"": 0.0, ""power_w"": 56.51, ""vram_used_mib"": 4894.0}, {""index"": 4, ""name"": ""NVIDIA P104-100"", ""pci_bus"": ""00000000:0D:00.0"", ""pcie"": ""Gen1 x1"", ""util_pct"": 0.0, ""power_w"": 53.01, ""vram_used_mib"": 6620.0}, {""index"": 5, ""name"": ""NVIDIA P104-100"", ""pci_bus"": ""00000000:0E:00.0"", ""pcie"": ""Gen1 x1"", ""util_pct"": 0.0, ""power_w"": 51.59, ""vram_used_mib"": 4894.0}, {""index"": 6, ""name"": ""NVIDIA P104-100"", ""pci_bus"": ""00000000:0F:00.0"", ""pcie"": ""Gen1 x1"", ""util_pct"": 0.0, ""power_w"": 54.01, ""vram_used_mib"": 5638.0}, {""index"": 7, ""name"": ""NVIDIA P104-100"", ""pci_bus"": ""00000000:10:00.0"", ""pcie"": ""Gen1 x1"", ""util_pct"": 0.0, ""power_w"": 54.74, ""vram_used_mib"": 5876.0}, {""index"": 8, ""name"": ""NVIDIA P104-100"", ""pci_bus"": ""00000000:11:00.0"", ""pcie"": ""Gen1 x1"", ""util_pct"": 0.0, ""power_w"": 52.5, ""vram_used_mib"": 5638.0}, {""index"": 9, ""name"": ""NVIDIA P104-100"", ""pci_bus"": ""00000000:12:00.0"", ""pcie"": ""Gen1 x1"", ""util_pct"": 0.0, ""power_w"": 55.4, ""vram_used_mib"": 4894.0}, {""index"": 10, ""name"": ""NVIDIA P104-100"", ""pci_bus"": ""00000000:13:00.0"", ""pcie"": ""Gen1 x1"", ""util_pct"": 0.0, ""power_w"": 53.52, ""vram_used_mib"": 6620.0}, {""index"": 11, ""name"": ""NVIDIA P104-100"", ""pci_bus"": ""00000000:14:00.0"", ""pcie"": ""Gen1 x1"", ""util_pct"": 99.0, ""power_w"": 121.97, ""vram_used_mib"": 7750.0}]"
2026-08-16T18:21:05.700498+03:00,1786893665.700498,ctx_008192.txt,1,1,prefill,36.45955451348183,"[26.291079812206572, 10.377358490566039, 8.962264150943396, 100.0]",15875.55078125,8726.0,7149.55078125,54.965022128907435,24575.99609375,402.91015625,1.6394458833449497,"[{""index"": 0, ""name"": ""NVIDIA P104-100"", ""pci_bus"": ""00000000:01:00.0"", ""pcie"": ""Gen1 x1"", ""util_pct"": 0.0, ""power_w"": 52.35, ""vram_used_mib"": 5638.0}, {""index"": 1, ""name"": ""NVIDIA P104-100"", ""pci_bus"": ""00000000:02:00.0"", ""pcie"": ""Gen1 x1"", ""util_pct"": 0.0, ""power_w"": 53.94, ""vram_used_mib"": 4894.0}, {""index"": 2, ""name"": ""NVIDIA P104-100"", ""pci_bus"": ""00000000:0A:00.0"", ""pcie"": ""Gen1 x1"", ""util_pct"": 0.0, ""power_w"": 51.93, ""vram_used_mib"": 6620.0}, {""index"": 3, ""name"": ""NVIDIA P104-100"", ""pci_bus"": ""00000000:0C:00.0"", ""pcie"": ""Gen1 x1"", ""util_pct"": 0.0, ""power_w"": 56.51, ""vram_used_mib"": 4894.0}, {""index"": 4, ""name"": ""NVIDIA P104-100"", ""pci_bus"": ""00000000:0D:00.0"", ""pcie"": ""Gen1 x1"", ""util_pct"": 0.0, ""power_w"": 53.03, ""vram_used_mib"": 6620.0}, {""index"": 5, ""name"": ""NVIDIA P104-100"", ""pci_bus"": ""00000000:0E:00.0"", ""pcie"": ""Gen1 x1"", ""util_pct"": 0.0, ""power_w"": 43.31, ""vram_used_mib"": 4894.0}, {""index"": 6, ""name"": ""NVIDIA P104-100"", ""pci_bus"": ""00000000:0F:00.0"", ""pcie"": ""Gen1 x1"", ""util_pct"": 0.0, ""power_w"": 53.93, ""vram_used_mib"": 5638.0}, {""index"": 7, ""name"": ""NVIDIA P104-100"", ""pci_bus"": ""00000000:10:00.0"", ""pcie"": ""Gen1 x1"", ""util_pct"": 0.0, ""power_w"": 54.51, ""vram_used_mib"": 5876.0}, {""index"": 8, ""name"": ""NVIDIA P104-100"", ""pci_bus"": ""00000000:11:00.0"", ""pcie"": ""Gen1 x1"", ""util_pct"": 0.0, ""power_w"": 52.26, ""vram_used_mib"": 5638.0}, {""index"": 9, ""name"": ""NVIDIA P104-100"", ""pci_bus"": ""00000000:12:00.0"", ""pcie"": ""Gen1 x1"", ""util_pct"": 0.0, ""power_w"": 55.05, ""vram_used_mib"": 4894.0}, {""index"": 10, ""name"": ""NVIDIA P104-100"", ""pci_bus"": ""00000000:13:00.0"", ""pcie"": ""Gen1 x1"", ""util_pct"": 0.0, ""power_w"": 53.52, ""vram_used_mib"": 6620.0}, {""index"": 11, ""name"": ""NVIDIA P104-100"", ""pci_bus"": ""00000000:14:00.0"", ""pcie"": ""Gen1 x1"", ""util_pct"": 99.0, ""power_w"": 128.6, ""vram_used_mib"": 7750.0}]"
2026-08-16T18:21:07.820245+03:00,1786893667.820245,ctx_008192.txt,1,1,prefill,36.7612293144208,"[15.639810426540285, 16.9811320754717, 14.218009478672986, 100.0]",15875.55078125,8674.69921875,7200.8515625,54.641878812767565,24575.99609375,402.90234375,1.6394140941960167,"[{""index"": 0, ""name"": ""NVIDIA P104-100"", ""pci_bus"": ""00000000:01:00.0"", ""pcie"": ""Gen1 x1"", ""util_pct"": 97.0, ""power_w"": 140.67, ""vram_used_mib"": 5638.0}, {""index"": 1, ""name"": ""NVIDIA P104-100"", ""pci_bus"": ""00000000:02:00.0"", ""pcie"": ""Gen1 x1"", ""util_pct"": 79.0, ""power_w"": 100.0, ""vram_used_mib"": 4894.0}, {""index"": 2, ""name"": ""NVIDIA P104-100"", ""pci_bus"": ""00000000:0A:00.0"", ""pcie"": ""Gen1 x1"", ""util_pct"": 99.0, ""power_w"": 155.81, ""vram_used_mib"": 6620.0}, {""index"": 3, ""name"": ""NVIDIA P104-100"", ""pci_bus"": ""00000000:0C:00.0"", ""pcie"": ""Gen1 x1"", ""util_pct"": 83.0, ""power_w"": 87.19, ""vram_used_mib"": 4894.0}, {""index"": 4, ""name"": ""NVIDIA P104-100"", ""pci_bus"": ""00000000:0D:00.0"", ""pcie"": ""Gen1 x1"", ""util_pct"": 99.0, ""power_w"": 159.04, ""vram_used_mib"": 6620.0}, {""index"": 5, ""name"": ""NVIDIA P104-100"", ""pci_bus"": ""00000000:0E:00.0"", ""pcie"": ""Gen1 x1"", ""util_pct"": 88.0, ""power_w"": 70.87, ""vram_used_mib"": 4894.0}, {""index"": 6, ""name"": ""NVIDIA P104-100"", ""pci_bus"": ""00000000:0F:00.0"", ""pcie"": ""Gen1 x1"", ""util_pct"": 99.0, ""power_w"": 108.08, ""vram_used_mib"": 5638.0}, {""index"": 7, ""name"": ""NVIDIA P104-100"", ""pci_bus"": ""00000000:10:00.0"", ""pcie"": ""Gen1 x1"", ""util_pct"": 76.0, ""power_w"": 65.73, ""vram_used_mib"": 5876.0}, {""index"": 8, ""name"": ""NVIDIA P104-100"", ""pci_bus"": ""00000000:11:00.0"", ""pcie"": ""Gen1 x1"", ""util_pct"": 98.0, ""power_w"": 104.99, ""vram_used_mib"": 5638.0}, {""index"": 9, ""name"": ""NVIDIA P104-100"", ""pci_bus"": ""00000000:12:00.0"", ""pcie"": ""Gen1 x1"", ""util_pct"": 64.0, ""power_w"": 95.4, ""vram_used_mib"": 4894.0}, {""index"": 10, ""name"": ""NVIDIA P104-100"", ""pci_bus"": ""00000000:13:00.0"", ""pcie"": ""Gen1 x1"", ""util_pct"": 12.0, ""power_w"": 121.92, ""vram_used_mib"": 6620.0}, {""index"": 11, ""name"": ""NVIDIA P104-100"", ""pci_bus"": ""00000000:14:00.0"", ""pcie"": ""Gen1 x1"", ""util_pct"": 0.0, ""power_w"": 121.01, ""vram_used_mib"": 7750.0}]"
2026-08-16T18:21:09.943892+03:00,1786893669.943892,ctx_008192.txt,1,1,decode,35.773317591499406,"[18.39622641509434, 11.737089201877934, 13.679245283018869, 100.0]",15875.55078125,8681.1484375,7194.40234375,54.68250240333689,24575.99609375,402.90234375,1.6394140941960167,"[{""index"": 0, ""name"": ""NVIDIA P104-100"", ""pci_bus"": ""00000000:01:00.0"", ""pcie"": ""Gen1 x1"", ""util_pct"": 0.0, ""power_w"": 52.58, ""vram_used_mib"": 5638.0}, {""index"": 1, ""name"": ""NVIDIA P104-100"", ""pci_bus"": ""00000000:02:00.0"", ""pcie"": ""Gen1 x1"", ""util_pct"": 0.0, ""power_w"": 54.29, ""vram_used_mib"": 4894.0}, {""index"": 2, ""name"": ""NVIDIA P104-100"", ""pci_bus"": ""00000000:0A:00.0"", ""pcie"": ""Gen1 x1"", ""util_pct"": 0.0, ""power_w"": 53.9, ""vram_used_mib"": 6620.0}, {""index"": 3, ""name"": ""NVIDIA P104-100"", ""pci_bus"": ""00000000:0C:00.0"", ""pcie"": ""Gen1 x1"", ""util_pct"": 0.0, ""power_w"": 56.87, ""vram_used_mib"": 4894.0}, {""index"": 4, ""name"": ""NVIDIA P104-100"", ""pci_bus"": ""00000000:0D:00.0"", ""pcie"": ""Gen1 x1"", ""util_pct"": 0.0, ""power_w"": 55.25, ""vram_used_mib"": 6620.0}, {""index"": 5, ""name"": ""NVIDIA P104-100"", ""pci_bus"": ""00000000:0E:00.0"", ""pcie"": ""Gen1 x1"", ""util_pct"": 0.0, ""power_w"": 51.59, ""vram_used_mib"": 4894.0}, {""index"": 6, ""name"": ""NVIDIA P104-100"", ""pci_bus"": ""00000000:0F:00.0"", ""pcie"": ""Gen1 x1"", ""util_pct"": 0.0, ""power_w"": 55.01, ""vram_used_mib"": 5638.0}, {""index"": 7, ""name"": ""NVIDIA P104-100"", ""pci_bus"": ""00000000:10:00.0"", ""pcie"": ""Gen1 x1"", ""util_pct"": 8.0, ""power_w"": 56.02, ""vram_used_mib"": 5876.0}, {""index"": 8, ""name"": ""NVIDIA P104-100"", ""pci_bus"": ""00000000:11:00.0"", ""pcie"": ""Gen1 x1"", ""util_pct"": 98.0, ""power_w"": 53.13, ""vram_used_mib"": 5638.0}, {""index"": 9, ""name"": ""NVIDIA P104-100"", ""pci_bus"": ""00000000:12:00.0"", ""pcie"": ""Gen1 x1"", ""util_pct"": 86.0, ""power_w"": 153.45, ""vram_used_mib"": 4894.0}, {""index"": 10, ""name"": ""NVIDIA P104-100"", ""pci_bus"": ""00000000:13:00.0"", ""pcie"": ""Gen1 x1"", ""util_pct"": 99.0, ""power_w"": 149.07, ""vram_used_mib"": 6620.0}, {""index"": 11, ""name"": ""NVIDIA P104-100"", ""pci_bus"": ""00000000:14:00.0"", ""pcie"": ""Gen1 x1"", ""util_pct"": 41.0, ""power_w"": 62.74, ""vram_used_mib"": 7750.0}]"
2026-08-16T18:21:12.074855+03:00,1786893672.074855,ctx_008192.txt,1,1,decode,36.0,"[17.53554502369668, 9.859154929577464, 16.037735849056602, 100.0]",15875.55078125,8688.5859375,7186.96484375,54.7293511716252,24575.99609375,402.8984375,1.63939819962155,"[{""index"": 0, ""name"": ""NVIDIA P104-100"", ""pci_bus"": ""00000000:01:00.0"", ""pcie"": ""Gen1 x1"", ""util_pct"": 0.0, ""power_w"": 52.33, ""vram_used_mib"": 5638.0}, {""index"": 1, ""name"": ""NVIDIA P104-100"", ""pci_bus"": ""00000000:02:00.0"", ""pcie"": ""Gen1 x1"", ""util_pct"": 0.0, ""power_w"": 53.84, ""vram_used_mib"": 4894.0}, {""index"": 2, ""name"": ""NVIDIA P104-100"", ""pci_bus"": ""00000000:0A:00.0"", ""pcie"": ""Gen1 x1"", ""util_pct"": 0.0, ""power_w"": 54.0, ""vram_used_mib"": 6620.0}, {""index"": 3, ""name"": ""NVIDIA P104-100"", ""pci_bus"": ""00000000:0C:00.0"", ""pcie"": ""Gen1 x1"", ""util_pct"": 0.0, ""power_w"": 56.69, ""vram_used_mib"": 4894.0}, {""index"": 4, ""name"": ""NVIDIA P104-100"", ""pci_bus"": ""00000000:0D:00.0"", ""pcie"": ""Gen1 x1"", ""util_pct"": 0.0, ""power_w"": 54.89, ""vram_used_mib"": 6620.0}, {""index"": 5, ""name"": ""NVIDIA P104-100"", ""pci_bus"": ""00000000:0E:00.0"", ""pcie"": ""Gen1 x1"", ""util_pct"": 0.0, ""power_w"": 51.58, ""vram_used_mib"": 4894.0}, {""index"": 6, ""name"": ""NVIDIA P104-100"", ""pci_bus"": ""00000000:0F:00.0"", ""pcie"": ""Gen1 x1"", ""util_pct"": 0.0, ""power_w"": 54.65, ""vram_used_mib"": 5638.0}, {""index"": 7, ""name"": ""NVIDIA P104-100"", ""pci_bus"": ""00000000:10:00.0"", ""pcie"": ""Gen1 x1"", ""util_pct"": 0.0, ""power_w"": 55.73, ""vram_used_mib"": 5876.0}, {""index"": 8, ""name"": ""NVIDIA P104-100"", ""pci_bus"": ""00000000:11:00.0"", ""pcie"": ""Gen1 x1"", ""util_pct"": 0.0, ""power_w"": 52.5, ""vram_used_mib"": 5638.0}, {""index"": 9, ""name"": ""NVIDIA P104-100"", ""pci_bus"": ""00000000:12:00.0"", ""pcie"": ""Gen1 x1"", ""util_pct"": 0.0, ""power_w"": 55.4, ""vram_used_mib"": 4894.0}, {""index"": 10, ""name"": ""NVIDIA P104-100"", ""pci_bus"": ""00000000:13:00.0"", ""pcie"": ""Gen1 x1"", ""util_pct"": 0.0, ""power_w"": 53.62, ""vram_used_mib"": 6620.0}, {""index"": 11, ""name"": ""NVIDIA P104-100"", ""pci_bus"": ""00000000:14:00.0"", ""pcie"": ""Gen1 x1"", ""util_pct"": 99.0, ""power_w"": 89.13, ""vram_used_mib"": 7750.0}]"
2026-08-16T18:21:14.204248+03:00,1786893674.204248,ctx_008192.txt,1,1,decode,36.470588235294116,"[8.49056603773585, 22.641509433962263, 14.150943396226415, 100.0]",15875.55078125,8886.609375,6988.94140625,55.976699627301315,24575.99609375,402.8828125,1.6393346213236843,"[{""index"": 0, ""name"": ""NVIDIA P104-100"", ""pci_bus"": ""00000000:01:00.0"", ""pcie"": ""Gen1 x1"", ""util_pct"": 0.0, ""power_w"": 52.22, ""vram_used_mib"": 5638.0}, {""index"": 1, ""name"": ""NVIDIA P104-100"", ""pci_bus"": ""00000000:02:00.0"", ""pcie"": ""Gen1 x1"", ""util_pct"": 0.0, ""power_w"": 53.94, ""vram_used_mib"": 4894.0}, {""index"": 2, ""name"": ""NVIDIA P104-100"", ""pci_bus"": ""00000000:0A:00.0"", ""pcie"": ""Gen1 x1"", ""util_pct"": 0.0, ""power_w"": 53.9, ""vram_used_mib"": 6620.0}, {""index"": 3, ""name"": ""NVIDIA P104-100"", ""pci_bus"": ""00000000:0C:00.0"", ""pcie"": ""Gen1 x1"", ""util_pct"": 0.0, ""power_w"": 56.61, ""vram_used_mib"": 4894.0}, {""index"": 4, ""name"": ""NVIDIA P104-100"", ""pci_bus"": ""00000000:0D:00.0"", ""pcie"": ""Gen1 x1"", ""util_pct"": 0.0, ""power_w"": 54.98, ""vram_used_mib"": 6620.0}, {""index"": 5, ""name"": ""NVIDIA P104-100"", ""pci_bus"": ""00000000:0E:00.0"", ""pcie"": ""Gen1 x1"", ""util_pct"": 0.0, ""power_w"": 51.59, ""vram_used_mib"": 4894.0}, {""index"": 6, ""name"": ""NVIDIA P104-100"", ""pci_bus"": ""00000000:0F:00.0"", ""pcie"": ""Gen1 x1"", ""util_pct"": 0.0, ""power_w"": 54.64, ""vram_used_mib"": 5638.0}, {""index"": 7, ""name"": ""NVIDIA P104-100"", ""pci_bus"": ""00000000:10:00.0"", ""pcie"": ""Gen1 x1"", ""util_pct"": 48.0, ""power_w"": 55.77, ""vram_used_mib"": 5876.0}, {""index"": 8, ""name"": ""NVIDIA P104-100"", ""pci_bus"": ""00000000:11:00.0"", ""pcie"": ""Gen1 x1"", ""util_pct"": 41.0, ""power_w"": 52.5, ""vram_used_mib"": 5638.0}, {""index"": 9, ""name"": ""NVIDIA P104-100"", ""pci_bus"": ""00000000:12:00.0"", ""pcie"": ""Gen1 x1"", ""util_pct"": 60.0, ""power_w"": 72.83, ""vram_used_mib"": 4894.0}, {""index"": 10, ""name"": ""NVIDIA P104-100"", ""pci_bus"": ""00000000:13:00.0"", ""pcie"": ""Gen1 x1"", ""util_pct"": 0.0, ""power_w"": 132.82, ""vram_used_mib"": 6620.0}, {""index"": 11, ""name"": ""NVIDIA P104-100"", ""pci_bus"": ""00000000:14:00.0"", ""pcie"": ""Gen1 x1"", ""util_pct"": 0.0, ""power_w"": 55.03, ""vram_used_mib"": 7750.0}]"
2026-08-16T18:21:16.331908+03:00,1786893676.331908,ctx_008192.txt,1,1,decode,38.089622641509436,"[23.11320754716981, 12.735849056603774, 16.901408450704224, 100.0]",15875.55078125,9004.5625,6870.98828125,56.71968566051227,24575.99609375,402.8671875,1.6392710430258184,"[{""index"": 0, ""name"": ""NVIDIA P104-100"", ""pci_bus"": ""00000000:01:00.0"", ""pcie"": ""Gen1 x1"", ""util_pct"": 0.0, ""power_w"": 52.08, ""vram_used_mib"": 5638.0}, {""index"": 1, ""name"": ""NVIDIA P104-100"", ""pci_bus"": ""00000000:02:00.0"", ""pcie"": ""Gen1 x1"", ""util_pct"": 0.0, ""power_w"": 53.69, ""vram_used_mib"": 4894.0}, {""index"": 2, ""name"": ""NVIDIA P104-100"", ""pci_bus"": ""00000000:0A:00.0"", ""pcie"": ""Gen1 x1"", ""util_pct"": 0.0, ""power_w"": 52.91, ""vram_used_mib"": 6620.0}, {""index"": 3, ""name"": ""NVIDIA P104-100"", ""pci_bus"": ""00000000:0C:00.0"", ""pcie"": ""Gen1 x1"", ""util_pct"": 0.0, ""power_w"": 54.84, ""vram_used_mib"": 4894.0}, {""index"": 4, ""name"": ""NVIDIA P104-100"", ""pci_bus"": ""00000000:0D:00.0"", ""pcie"": ""Gen1 x1"", ""util_pct"": 0.0, ""power_w"": 53.39, ""vram_used_mib"": 6620.0}, {""index"": 5, ""name"": ""NVIDIA P104-100"", ""pci_bus"": ""00000000:0E:00.0"", ""pcie"": ""Gen1 x1"", ""util_pct"": 0.0, ""power_w"": 51.49, ""vram_used_mib"": 4894.0}, {""index"": 6, ""name"": ""NVIDIA P104-100"", ""pci_bus"": ""00000000:0F:00.0"", ""pcie"": ""Gen1 x1"", ""util_pct"": 0.0, ""power_w"": 54.74, ""vram_used_mib"": 5638.0}, {""index"": 7, ""name"": ""NVIDIA P104-100"", ""pci_bus"": ""00000000:10:00.0"", ""pcie"": ""Gen1 x1"", ""util_pct"": 18.0, ""power_w"": 55.73, ""vram_used_mib"": 5876.0}, {""index"": 8, ""name"": ""NVIDIA P104-100"", ""pci_bus"": ""00000000:11:00.0"", ""pcie"": ""Gen1 x1"", ""util_pct"": 21.0, ""power_w"": 50.77, ""vram_used_mib"": 5638.0}, {""index"": 9, ""name"": ""NVIDIA P104-100"", ""pci_bus"": ""00000000:12:00.0"", ""pcie"": ""Gen1 x1"", ""util_pct"": 17.0, ""power_w"": 55.37, ""vram_used_mib"": 4894.0}, {""index"": 10, ""name"": ""NVIDIA P104-100"", ""pci_bus"": ""00000000:13:00.0"", ""pcie"": ""Gen1 x1"", ""util_pct"": 21.0, ""power_w"": 53.7, ""vram_used_mib"": 6620.0}, {""index"": 11, ""name"": ""NVIDIA P104-100"", ""pci_bus"": ""00000000:14:00.0"", ""pcie"": ""Gen1 x1"", ""util_pct"": 0.0, ""power_w"": 66.85, ""vram_used_mib"": 7750.0}]"
2026-08-16T18:21:18.459848+03:00,1786893678.459848,ctx_008192.txt,1,1,decode,39.2688679245283,"[23.474178403755868, 18.009478672985782, 15.165876777251185, 100.0]",15875.55078125,8972.46484375,6903.0859375,56.51750271459578,24575.99609375,402.86328125,1.6392551484513518,"[{""index"": 0, ""name"": ""NVIDIA P104-100"", ""pci_bus"": ""00000000:01:00.0"", ""pcie"": ""Gen1 x1"", ""util_pct"": 0.0, ""power_w"": 52.07, ""vram_used_mib"": 5638.0}, {""index"": 1, ""name"": ""NVIDIA P104-100"", ""pci_bus"": ""00000000:02:00.0"", ""pcie"": ""Gen1 x1"", ""util_pct"": 0.0, ""power_w"": 53.66, ""vram_used_mib"": 4894.0}, {""index"": 2, ""name"": ""NVIDIA P104-100"", ""pci_bus"": ""00000000:0A:00.0"", ""pcie"": ""Gen1 x1"", ""util_pct"": 21.0, ""power_w"": 52.81, ""vram_used_mib"": 6620.0}, {""index"": 3, ""name"": ""NVIDIA P104-100"", ""pci_bus"": ""00000000:0C:00.0"", ""pcie"": ""Gen1 x1"", ""util_pct"": 18.0, ""power_w"": 54.84, ""vram_used_mib"": 4894.0}, {""index"": 4, ""name"": ""NVIDIA P104-100"", ""pci_bus"": ""00000000:0D:00.0"", ""pcie"": ""Gen1 x1"", ""util_pct"": 21.0, ""power_w"": 53.74, ""vram_used_mib"": 6620.0}, {""index"": 5, ""name"": ""NVIDIA P104-100"", ""pci_bus"": ""00000000:0E:00.0"", ""pcie"": ""Gen1 x1"", ""util_pct"": 0.0, ""power_w"": 51.59, ""vram_used_mib"": 4894.0}, {""index"": 6, ""name"": ""NVIDIA P104-100"", ""pci_bus"": ""00000000:0F:00.0"", ""pcie"": ""Gen1 x1"", ""util_pct"": 21.0, ""power_w"": 54.91, ""vram_used_mib"": 5638.0}, {""index"": 7, ""name"": ""NVIDIA P104-100"", ""pci_bus"": ""00000000:10:00.0"", ""pcie"": ""Gen1 x1"", ""util_pct"": 3.0, ""power_w"": 54.77, ""vram_used_mib"": 5876.0}, {""index"": 8, ""name"": ""NVIDIA P104-100"", ""pci_bus"": ""00000000:11:00.0"", ""pcie"": ""Gen1 x1"", ""util_pct"": 0.0, ""power_w"": 58.69, ""vram_used_mib"": 5638.0}, {""index"": 9, ""name"": ""NVIDIA P104-100"", ""pci_bus"": ""00000000:12:00.0"", ""pcie"": ""Gen1 x1"", ""util_pct"": 0.0, ""power_w"": 107.42, ""vram_used_mib"": 4894.0}, {""index"": 10, ""name"": ""NVIDIA P104-100"", ""pci_bus"": ""00000000:13:00.0"", ""pcie"": ""Gen1 x1"", ""util_pct"": 0.0, ""power_w"": 155.56, ""vram_used_mib"": 6620.0}, {""index"": 11, ""name"": ""NVIDIA P104-100"", ""pci_bus"": ""00000000:14:00.0"", ""pcie"": ""Gen1 x1"", ""util_pct"": 0.0, ""power_w"": 55.27, ""vram_used_mib"": 7750.0}]"
2026-08-16T18:21:20.628888+03:00,1786893680.628888,ctx_008192.txt,1,1,decode,39.467592592592595,"[13.023255813953488, 22.119815668202765, 22.22222222222222, 100.0]",15875.55078125,8991.625,6883.92578125,56.63819242491833,24575.99609375,402.85546875,1.639223359302419,"[{""index"": 0, ""name"": ""NVIDIA P104-100"", ""pci_bus"": ""00000000:01:00.0"", ""pcie"": ""Gen1 x1"", ""util_pct"": 0.0, ""power_w"": 52.3, ""vram_used_mib"": 5638.0}, {""index"": 1, ""name"": ""NVIDIA P104-100"", ""pci_bus"": ""00000000:02:00.0"", ""pcie"": ""Gen1 x1"", ""util_pct"": 18.0, ""power_w"": 54.5, ""vram_used_mib"": 4894.0}, {""index"": 2, ""name"": ""NVIDIA P104-100"", ""pci_bus"": ""00000000:0A:00.0"", ""pcie"": ""Gen1 x1"", ""util_pct"": 0.0, ""power_w"": 60.31, ""vram_used_mib"": 6620.0}, {""index"": 3, ""name"": ""NVIDIA P104-100"", ""pci_bus"": ""00000000:0C:00.0"", ""pcie"": ""Gen1 x1"", ""util_pct"": 0.0, ""power_w"": 118.7, ""vram_used_mib"": 4894.0}, {""index"": 4, ""name"": ""NVIDIA P104-100"", ""pci_bus"": ""00000000:0D:00.0"", ""pcie"": ""Gen1 x1"", ""util_pct"": 0.0, ""power_w"": 130.86, ""vram_used_mib"": 6620.0}, {""index"": 5, ""name"": ""NVIDIA P104-100"", ""pci_bus"": ""00000000:0E:00.0"", ""pcie"": ""Gen1 x1"", ""util_pct"": 0.0, ""power_w"": 51.41, ""vram_used_mib"": 4894.0}, {""index"": 6, ""name"": ""NVIDIA P104-100"", ""pci_bus"": ""00000000:0F:00.0"", ""pcie"": ""Gen1 x1"", ""util_pct"": 0.0, ""power_w"": 54.62, ""vram_used_mib"": 5638.0}, {""index"": 7, ""name"": ""NVIDIA P104-100"", ""pci_bus"": ""00000000:10:00.0"", ""pcie"": ""Gen1 x1"", ""util_pct"": 0.0, ""power_w"": 53.89, ""vram_used_mib"": 5876.0}, {""index"": 8, ""name"": ""NVIDIA P104-100"", ""pci_bus"": ""00000000:11:00.0"", ""pcie"": ""Gen1 x1"", ""util_pct"": 0.0, ""power_w"": 50.72, ""vram_used_mib"": 5638.0}, {""index"": 9, ""name"": ""NVIDIA P104-100"", ""pci_bus"": ""00000000:12:00.0"", ""pcie"": ""Gen1 x1"", ""util_pct"": 0.0, ""power_w"": 53.57, ""vram_used_mib"": 4894.0}, {""index"": 10, ""name"": ""NVIDIA P104-100"", ""pci_bus"": ""00000000:13:00.0"", ""pcie"": ""Gen1 x1"", ""util_pct"": 0.0, ""power_w"": 53.17, ""vram_used_mib"": 6620.0}, {""index"": 11, ""name"": ""NVIDIA P104-100"", ""pci_bus"": ""00000000:14:00.0"", ""pcie"": ""Gen1 x1"", ""util_pct"": 57.0, ""power_w"": 55.24, ""vram_used_mib"": 7750.0}]"
2026-08-16T18:21:22.756040+03:00,1786893682.756040,ctx_008192.txt,1,1,decode,39.05882352941177,"[17.92452830188679, 15.96244131455399, 22.169811320754718, 100.0]",15875.55078125,8991.58203125,6883.96875,56.6379217650175,24575.99609375,402.8515625,1.6392074647279524,"[{""index"": 0, ""name"": ""NVIDIA P104-100"", ""pci_bus"": ""00000000:01:00.0"", ""pcie"": ""Gen1 x1"", ""util_pct"": 0.0, ""power_w"": 52.0, ""vram_used_mib"": 5638.0}, {""index"": 1, ""name"": ""NVIDIA P104-100"", ""pci_bus"": ""00000000:02:00.0"", ""pcie"": ""Gen1 x1"", ""util_pct"": 0.0, ""power_w"": 53.6, ""vram_used_mib"": 4894.0}, {""index"": 2, ""name"": ""NVIDIA P104-100"", ""pci_bus"": ""00000000:0A:00.0"", ""pcie"": ""Gen1 x1"", ""util_pct"": 0.0, ""power_w"": 51.83, ""vram_used_mib"": 6620.0}, {""index"": 3, ""name"": ""NVIDIA P104-100"", ""pci_bus"": ""00000000:0C:00.0"", ""pcie"": ""Gen1 x1"", ""util_pct"": 0.0, ""power_w"": 54.36, ""vram_used_mib"": 4894.0}, {""index"": 4, ""name"": ""NVIDIA P104-100"", ""pci_bus"": ""00000000:0D:00.0"", ""pcie"": ""Gen1 x1"", ""util_pct"": 0.0, ""power_w"": 52.74, ""vram_used_mib"": 6620.0}, {""index"": 5, ""name"": ""NVIDIA P104-100"", ""pci_bus"": ""00000000:0E:00.0"", ""pcie"": ""Gen1 x1"", ""util_pct"": 17.0, ""power_w"": 51.56, ""vram_used_mib"": 4894.0}, {""index"": 6, ""name"": ""NVIDIA P104-100"", ""pci_bus"": ""00000000:0F:00.0"", ""pcie"": ""Gen1 x1"", ""util_pct"": 21.0, ""power_w"": 53.38, ""vram_used_mib"": 5638.0}, {""index"": 7, ""name"": ""NVIDIA P104-100"", ""pci_bus"": ""00000000:10:00.0"", ""pcie"": ""Gen1 x1"", ""util_pct"": 8.0, ""power_w"": 53.96, ""vram_used_mib"": 5876.0}, {""index"": 8, ""name"": ""NVIDIA P104-100"", ""pci_bus"": ""00000000:11:00.0"", ""pcie"": ""Gen1 x1"", ""util_pct"": 21.0, ""power_w"": 50.6, ""vram_used_mib"": 5638.0}, {""index"": 9, ""name"": ""NVIDIA P104-100"", ""pci_bus"": ""00000000:12:00.0"", ""pcie"": ""Gen1 x1"", ""util_pct"": 18.0, ""power_w"": 53.67, ""vram_used_mib"": 4894.0}, {""index"": 10, ""name"": ""NVIDIA P104-100"", ""pci_bus"": ""00000000:13:00.0"", ""pcie"": ""Gen1 x1"", ""util_pct"": 22.0, ""power_w"": 51.03, ""vram_used_mib"": 6620.0}, {""index"": 11, ""name"": ""NVIDIA P104-100"", ""pci_bus"": ""00000000:14:00.0"", ""pcie"": ""Gen1 x1"", ""util_pct"": 17.0, ""power_w"": 174.15, ""vram_used_mib"": 7750.0}]"
2026-08-16T18:21:24.914556+03:00,1786893684.914556,ctx_008192.txt,1,1,decode,39.721254355400696,"[15.492957746478874, 21.02803738317757, 21.86046511627907, 100.0]",15875.55078125,9054.70703125,6820.84375,57.035545764775385,24575.99609375,402.84765625,1.639191570153486,"[{""index"": 0, ""name"": ""NVIDIA P104-100"", ""pci_bus"": ""00000000:01:00.0"", ""pcie"": ""Gen1 x1"", ""util_pct"": 21.0, ""power_w"": 51.98, ""vram_used_mib"": 5638.0}, {""index"": 1, ""name"": ""NVIDIA P104-100"", ""pci_bus"": ""00000000:02:00.0"", ""pcie"": ""Gen1 x1"", ""util_pct"": 18.0, ""power_w"": 53.56, ""vram_used_mib"": 4894.0}, {""index"": 2, ""name"": ""NVIDIA P104-100"", ""pci_bus"": ""00000000:0A:00.0"", ""pcie"": ""Gen1 x1"", ""util_pct"": 21.0, ""power_w"": 51.91, ""vram_used_mib"": 6620.0}, {""index"": 3, ""name"": ""NVIDIA P104-100"", ""pci_bus"": ""00000000:0C:00.0"", ""pcie"": ""Gen1 x1"", ""util_pct"": 18.0, ""power_w"": 54.35, ""vram_used_mib"": 4894.0}, {""index"": 4, ""name"": ""NVIDIA P104-100"", ""pci_bus"": ""00000000:0D:00.0"", ""pcie"": ""Gen1 x1"", ""util_pct"": 0.0, ""power_w"": 53.23, ""vram_used_mib"": 6620.0}, {""index"": 5, ""name"": ""NVIDIA P104-100"", ""pci_bus"": ""00000000:0E:00.0"", ""pcie"": ""Gen1 x1"", ""util_pct"": 8.0, ""power_w"": 53.13, ""vram_used_mib"": 4894.0}, {""index"": 6, ""name"": ""NVIDIA P104-100"", ""pci_bus"": ""00000000:0F:00.0"", ""pcie"": ""Gen1 x1"", ""util_pct"": 0.0, ""power_w"": 70.99, ""vram_used_mib"": 5638.0}, {""index"": 7, ""name"": ""NVIDIA P104-100"", ""pci_bus"": ""00000000:10:00.0"", ""pcie"": ""Gen1 x1"", ""util_pct"": 0.0, ""power_w"": 141.05, ""vram_used_mib"": 5876.0}, {""index"": 8, ""name"": ""NVIDIA P104-100"", ""pci_bus"": ""00000000:11:00.0"", ""pcie"": ""Gen1 x1"", ""util_pct"": 0.0, ""power_w"": 122.06, ""vram_used_mib"": 5638.0}, {""index"": 9, ""name"": ""NVIDIA P104-100"", ""pci_bus"": ""00000000:12:00.0"", ""pcie"": ""Gen1 x1"", ""util_pct"": 0.0, ""power_w"": 53.31, ""vram_used_mib"": 4894.0}, {""index"": 10, ""name"": ""NVIDIA P104-100"", ""pci_bus"": ""00000000:13:00.0"", ""pcie"": ""Gen1 x1"", ""util_pct"": 0.0, ""power_w"": 50.94, ""vram_used_mib"": 6620.0}, {""index"": 11, ""name"": ""NVIDIA P104-100"", ""pci_bus"": ""00000000:14:00.0"", ""pcie"": ""Gen1 x1"", ""util_pct"": 0.0, ""power_w"": 55.2, ""vram_used_mib"": 7750.0}]"
2026-08-16T18:21:27.044440+03:00,1786893687.044440,ctx_008192.txt,1,1,decode,51.29716981132076,"[13.679245283018869, 69.81132075471699, 21.22641509433962, 100.0]",15875.55078125,8946.10546875,6929.4453125,56.35146516816223,24575.99609375,402.83984375,1.639159781004553,"[{""index"": 0, ""name"": ""NVIDIA P104-100"", ""pci_bus"": ""00000000:01:00.0"", ""pcie"": ""Gen1 x1"", ""util_pct"": 0.0, ""power_w"": 95.08, ""vram_used_mib"": 5638.0}, {""index"": 1, ""name"": ""NVIDIA P104-100"", ""pci_bus"": ""00000000:02:00.0"", ""pcie"": ""Gen1 x1"", ""util_pct"": 0.0, ""power_w"": 44.19, ""vram_used_mib"": 4894.0}, {""index"": 2, ""name"": ""NVIDIA P104-100"", ""pci_bus"": ""00000000:0A:00.0"", ""pcie"": ""Gen1 x1"", ""util_pct"": 0.0, ""power_w"": 51.07, ""vram_used_mib"": 6620.0}, {""index"": 3, ""name"": ""NVIDIA P104-100"", ""pci_bus"": ""00000000:0C:00.0"", ""pcie"": ""Gen1 x1"", ""util_pct"": 0.0, ""power_w"": 46.47, ""vram_used_mib"": 4894.0}, {""index"": 4, ""name"": ""NVIDIA P104-100"", ""pci_bus"": ""00000000:0D:00.0"", ""pcie"": ""Gen1 x1"", ""util_pct"": 0.0, ""power_w"": 52.76, ""vram_used_mib"": 6620.0}, {""index"": 5, ""name"": ""NVIDIA P104-100"", ""pci_bus"": ""00000000:0E:00.0"", ""pcie"": ""Gen1 x1"", ""util_pct"": 0.0, ""power_w"": 51.59, ""vram_used_mib"": 4894.0}, {""index"": 6, ""name"": ""NVIDIA P104-100"", ""pci_bus"": ""00000000:0F:00.0"", ""pcie"": ""Gen1 x1"", ""util_pct"": 0.0, ""power_w"": 45.97, ""vram_used_mib"": 5638.0}, {""index"": 7, ""name"": ""NVIDIA P104-100"", ""pci_bus"": ""00000000:10:00.0"", ""pcie"": ""Gen1 x1"", ""util_pct"": 20.0, ""power_w"": 45.82, ""vram_used_mib"": 5876.0}, {""index"": 8, ""name"": ""NVIDIA P104-100"", ""pci_bus"": ""00000000:11:00.0"", ""pcie"": ""Gen1 x1"", ""util_pct"": 24.0, ""power_w"": 42.83, ""vram_used_mib"": 5638.0}, {""index"": 9, ""name"": ""NVIDIA P104-100"", ""pci_bus"": ""00000000:12:00.0"", ""pcie"": ""Gen1 x1"", ""util_pct"": 20.0, ""power_w"": 44.75, ""vram_used_mib"": 4894.0}, {""index"": 10, ""name"": ""NVIDIA P104-100"", ""pci_bus"": ""00000000:13:00.0"", ""pcie"": ""Gen1 x1"", ""util_pct"": 22.0, ""power_w"": 50.94, ""vram_used_mib"": 6620.0}, {""index"": 11, ""name"": ""NVIDIA P104-100"", ""pci_bus"": ""00000000:14:00.0"", ""pcie"": ""Gen1 x1"", ""util_pct"": 0.0, ""power_w"": 60.15, ""vram_used_mib"": 7750.0}]"
2026-08-16T18:21:29.168602+03:00,1786893689.168602,ctx_008192.txt,1,1,decode,40.141676505312866,"[22.641509433962263, 21.69811320754717, 16.037735849056602, 100.0]",15875.55078125,8944.31640625,6931.234375,56.34019587410968,24575.99609375,402.83203125,1.63912799185562,"[{""index"": 0, ""name"": ""NVIDIA P104-100"", ""pci_bus"": ""00000000:01:00.0"", ""pcie"": ""Gen1 x1"", ""util_pct"": 24.0, ""power_w"": 43.45, ""vram_used_mib"": 5638.0}, {""index"": 1, ""name"": ""NVIDIA P104-100"", ""pci_bus"": ""00000000:02:00.0"", ""pcie"": ""Gen1 x1"", ""util_pct"": 20.0, ""power_w"": 44.19, ""vram_used_mib"": 4894.0}, {""index"": 2, ""name"": ""NVIDIA P104-100"", ""pci_bus"": ""00000000:0A:00.0"", ""pcie"": ""Gen1 x1"", ""util_pct"": 0.0, ""power_w"": 43.64, ""vram_used_mib"": 6620.0}, {""index"": 3, ""name"": ""NVIDIA P104-100"", ""pci_bus"": ""00000000:0C:00.0"", ""pcie"": ""Gen1 x1"", ""util_pct"": 0.0, ""power_w"": 54.6, ""vram_used_mib"": 4894.0}, {""index"": 4, ""name"": ""NVIDIA P104-100"", ""pci_bus"": ""00000000:0D:00.0"", ""pcie"": ""Gen1 x1"", ""util_pct"": 0.0, ""power_w"": 127.17, ""vram_used_mib"": 6620.0}, {""index"": 5, ""name"": ""NVIDIA P104-100"", ""pci_bus"": ""00000000:0E:00.0"", ""pcie"": ""Gen1 x1"", ""util_pct"": 0.0, ""power_w"": 62.0, ""vram_used_mib"": 4894.0}, {""index"": 6, ""name"": ""NVIDIA P104-100"", ""pci_bus"": ""00000000:0F:00.0"", ""pcie"": ""Gen1 x1"", ""util_pct"": 0.0, ""power_w"": 45.94, ""vram_used_mib"": 5638.0}, {""index"": 7, ""name"": ""NVIDIA P104-100"", ""pci_bus"": ""00000000:10:00.0"", ""pcie"": ""Gen1 x1"", ""util_pct"": 0.0, ""power_w"": 45.71, ""vram_used_mib"": 5876.0}, {""index"": 8, ""name"": ""NVIDIA P104-100"", ""pci_bus"": ""00000000:11:00.0"", ""pcie"": ""Gen1 x1"", ""util_pct"": 0.0, ""power_w"": 42.9, ""vram_used_mib"": 5638.0}, {""index"": 9, ""name"": ""NVIDIA P104-100"", ""pci_bus"": ""00000000:12:00.0"", ""pcie"": ""Gen1 x1"", ""util_pct"": 0.0, ""power_w"": 44.88, ""vram_used_mib"": 4894.0}, {""index"": 10, ""name"": ""NVIDIA P104-100"", ""pci_bus"": ""00000000:13:00.0"", ""pcie"": ""Gen1 x1"", ""util_pct"": 0.0, ""power_w"": 45.34, ""vram_used_mib"": 6620.0}, {""index"": 11, ""name"": ""NVIDIA P104-100"", ""pci_bus"": ""00000000:14:00.0"", ""pcie"": ""Gen1 x1"", ""util_pct"": 59.0, ""power_w"": 55.34, ""vram_used_mib"": 7750.0}]"
2026-08-16T18:21:31.344926+03:00,1786893691.344926,ctx_008192.txt,1,1,decode,40.94579008073818,"[22.119815668202765, 18.6046511627907, 22.685185185185187, 100.0]",15875.55078125,8966.47265625,6909.078125,56.47975796115342,24575.99609375,402.82421875,1.639096202706687,"[{""index"": 0, ""name"": ""NVIDIA P104-100"", ""pci_bus"": ""00000000:01:00.0"", ""pcie"": ""Gen1 x1"", ""util_pct"": 0.0, ""power_w"": 43.35, ""vram_used_mib"": 5638.0}, {""index"": 1, ""name"": ""NVIDIA P104-100"", ""pci_bus"": ""00000000:02:00.0"", ""pcie"": ""Gen1 x1"", ""util_pct"": 0.0, ""power_w"": 44.04, ""vram_used_mib"": 4894.0}, {""index"": 2, ""name"": ""NVIDIA P104-100"", ""pci_bus"": ""00000000:0A:00.0"", ""pcie"": ""Gen1 x1"", ""util_pct"": 24.0, ""power_w"": 42.45, ""vram_used_mib"": 6620.0}, {""index"": 3, ""name"": ""NVIDIA P104-100"", ""pci_bus"": ""00000000:0C:00.0"", ""pcie"": ""Gen1 x1"", ""util_pct"": 20.0, ""power_w"": 46.36, ""vram_used_mib"": 4894.0}, {""index"": 4, ""name"": ""NVIDIA P104-100"", ""pci_bus"": ""00000000:0D:00.0"", ""pcie"": ""Gen1 x1"", ""util_pct"": 24.0, ""power_w"": 44.71, ""vram_used_mib"": 6620.0}, {""index"": 5, ""name"": ""NVIDIA P104-100"", ""pci_bus"": ""00000000:0E:00.0"", ""pcie"": ""Gen1 x1"", ""util_pct"": 0.0, ""power_w"": 51.58, ""vram_used_mib"": 4894.0}, {""index"": 6, ""name"": ""NVIDIA P104-100"", ""pci_bus"": ""00000000:0F:00.0"", ""pcie"": ""Gen1 x1"", ""util_pct"": 23.0, ""power_w"": 46.87, ""vram_used_mib"": 5638.0}, {""index"": 7, ""name"": ""NVIDIA P104-100"", ""pci_bus"": ""00000000:10:00.0"", ""pcie"": ""Gen1 x1"", ""util_pct"": 0.0, ""power_w"": 57.28, ""vram_used_mib"": 5876.0}, {""index"": 8, ""name"": ""NVIDIA P104-100"", ""pci_bus"": ""00000000:11:00.0"", ""pcie"": ""Gen1 x1"", ""util_pct"": 0.0, ""power_w"": 120.49, ""vram_used_mib"": 5638.0}, {""index"": 9, ""name"": ""NVIDIA P104-100"", ""pci_bus"": ""00000000:12:00.0"", ""pcie"": ""Gen1 x1"", ""util_pct"": 0.0, ""power_w"": 44.78, ""vram_used_mib"": 4894.0}, {""index"": 10, ""name"": ""NVIDIA P104-100"", ""pci_bus"": ""00000000:13:00.0"", ""pcie"": ""Gen1 x1"", ""util_pct"": 0.0, ""power_w"": 45.34, ""vram_used_mib"": 6620.0}, {""index"": 11, ""name"": ""NVIDIA P104-100"", ""pci_bus"": ""00000000:14:00.0"", ""pcie"": ""Gen1 x1"", ""util_pct"": 0.0, ""power_w"": 55.34, ""vram_used_mib"": 7750.0}]"
2026-08-16T18:21:33.467209+03:00,1786893693.467209,ctx_008192.txt,1,1,decode,39.76331360946745,"[20.85308056872038, 15.09433962264151, 23.11320754716981, 100.0]",15875.55078125,9022.9765625,6852.57421875,56.83567573073867,24575.99609375,402.82421875,1.639096202706687,"[{""index"": 0, ""name"": ""NVIDIA P104-100"", ""pci_bus"": ""00000000:01:00.0"", ""pcie"": ""Gen1 x1"", ""util_pct"": 0.0, ""power_w"": 43.34, ""vram_used_mib"": 5638.0}, {""index"": 1, ""name"": ""NVIDIA P104-100"", ""pci_bus"": ""00000000:02:00.0"", ""pcie"": ""Gen1 x1"", ""util_pct"": 0.0, ""power_w"": 43.94, ""vram_used_mib"": 4894.0}, {""index"": 2, ""name"": ""NVIDIA P104-100"", ""pci_bus"": ""00000000:0A:00.0"", ""pcie"": ""Gen1 x1"", ""util_pct"": 0.0, ""power_w"": 42.43, ""vram_used_mib"": 6620.0}, {""index"": 3, ""name"": ""NVIDIA P104-100"", ""pci_bus"": ""00000000:0C:00.0"", ""pcie"": ""Gen1 x1"", ""util_pct"": 0.0, ""power_w"": 46.44, ""vram_used_mib"": 4894.0}, {""index"": 4, ""name"": ""NVIDIA P104-100"", ""pci_bus"": ""00000000:0D:00.0"", ""pcie"": ""Gen1 x1"", ""util_pct"": 0.0, ""power_w"": 44.44, ""vram_used_mib"": 6620.0}, {""index"": 5, ""name"": ""NVIDIA P104-100"", ""pci_bus"": ""00000000:0E:00.0"", ""pcie"": ""Gen1 x1"", ""util_pct"": 17.0, ""power_w"": 51.47, ""vram_used_mib"": 4894.0}, {""index"": 6, ""name"": ""NVIDIA P104-100"", ""pci_bus"": ""00000000:0F:00.0"", ""pcie"": ""Gen1 x1"", ""util_pct"": 23.0, ""power_w"": 45.77, ""vram_used_mib"": 5638.0}, {""index"": 7, ""name"": ""NVIDIA P104-100"", ""pci_bus"": ""00000000:10:00.0"", ""pcie"": ""Gen1 x1"", ""util_pct"": 20.0, ""power_w"": 45.51, ""vram_used_mib"": 5876.0}, {""index"": 8, ""name"": ""NVIDIA P104-100"", ""pci_bus"": ""00000000:11:00.0"", ""pcie"": ""Gen1 x1"", ""util_pct"": 24.0, ""power_w"": 42.8, ""vram_used_mib"": 5638.0}, {""index"": 9, ""name"": ""NVIDIA P104-100"", ""pci_bus"": ""00000000:12:00.0"", ""pcie"": ""Gen1 x1"", ""util_pct"": 20.0, ""power_w"": 45.23, ""vram_used_mib"": 4894.0}, {""index"": 10, ""name"": ""NVIDIA P104-100"", ""pci_bus"": ""00000000:13:00.0"", ""pcie"": ""Gen1 x1"", ""util_pct"": 24.0, ""power_w"": 48.17, ""vram_used_mib"": 6620.0}, {""index"": 11, ""name"": ""NVIDIA P104-100"", ""pci_bus"": ""00000000:14:00.0"", ""pcie"": ""Gen1 x1"", ""util_pct"": 0.0, ""power_w"": 92.63, ""vram_used_mib"": 7750.0}]"
2026-08-16T18:21:35.149746+03:00,1786893695.149746,ctx_016384.txt,1,1,outside,,"[null, null, null, null]",15875.55078125,8994.71484375,6880.8359375,56.65765533233222,24575.99609375,402.7421875,1.6387624166428911,"[{""index"": 0, ""name"": ""NVIDIA P104-100"", ""pci_bus"": ""00000000:01:00.0"", ""pcie"": ""Gen1 x1"", ""util_pct"": 0.0, ""power_w"": 43.37, ""vram_used_mib"": 5638.0}, {""index"": 1, ""name"": ""NVIDIA P104-100"", ""pci_bus"": ""00000000:02:00.0"", ""pcie"": ""Gen1 x1"", ""util_pct"": 0.0, ""power_w"": 43.97, ""vram_used_mib"": 4894.0}, {""index"": 2, ""name"": ""NVIDIA P104-100"", ""pci_bus"": ""00000000:0A:00.0"", ""pcie"": ""Gen1 x1"", ""util_pct"": 0.0, ""power_w"": 42.45, ""vram_used_mib"": 6620.0}, {""index"": 3, ""name"": ""NVIDIA P104-100"", ""pci_bus"": ""00000000:0C:00.0"", ""pcie"": ""Gen1 x1"", ""util_pct"": 0.0, ""power_w"": 46.38, ""vram_used_mib"": 4894.0}, {""index"": 4, ""name"": ""NVIDIA P104-100"", ""pci_bus"": ""00000000:0D:00.0"", ""pcie"": ""Gen1 x1"", ""util_pct"": 0.0, ""power_w"": 44.47, ""vram_used_mib"": 6620.0}, {""index"": 5, ""name"": ""NVIDIA P104-100"", ""pci_bus"": ""00000000:0E:00.0"", ""pcie"": ""Gen1 x1"", ""util_pct"": 0.0, ""power_w"": 51.24, ""vram_used_mib"": 4894.0}, {""index"": 6, ""name"": ""NVIDIA P104-100"", ""pci_bus"": ""00000000:0F:00.0"", ""pcie"": ""Gen1 x1"", ""util_pct"": 0.0, ""power_w"": 45.72, ""vram_used_mib"": 5638.0}, {""index"": 7, ""name"": ""NVIDIA P104-100"", ""pci_bus"": ""00000000:10:00.0"", ""pcie"": ""Gen1 x1"", ""util_pct"": 0.0, ""power_w"": 45.57, ""vram_used_mib"": 5876.0}, {""index"": 8, ""name"": ""NVIDIA P104-100"", ""pci_bus"": ""00000000:11:00.0"", ""pcie"": ""Gen1 x1"", ""util_pct"": 0.0, ""power_w"": 42.73, ""vram_used_mib"": 5638.0}, {""index"": 9, ""name"": ""NVIDIA P104-100"", ""pci_bus"": ""00000000:12:00.0"", ""pcie"": ""Gen1 x1"", ""util_pct"": 2.0, ""power_w"": 44.88, ""vram_used_mib"": 4894.0}, {""index"": 10, ""name"": ""NVIDIA P104-100"", ""pci_bus"": ""00000000:13:00.0"", ""pcie"": ""Gen1 x1"", ""util_pct"": 0.0, ""power_w"": 45.01, ""vram_used_mib"": 6620.0}, {""index"": 11, ""name"": ""NVIDIA P104-100"", ""pci_bus"": ""00000000:14:00.0"", ""pcie"": ""Gen1 x1"", ""util_pct"": 38.0, ""power_w"": 55.03, ""vram_used_mib"": 7750.0}]"
2026-08-16T18:21:37.270090+03:00,1786893697.270090,ctx_016384.txt,1,1,prefill,36.52482269503546,"[17.92452830188679, 96.69811320754717, 22.274881516587676, 9.47867298578199]",15875.55078125,10163.5,5712.05078125,64.01982608378991,24575.99609375,402.94140625,1.6395730399406814,"[{""index"": 0, ""name"": ""NVIDIA P104-100"", ""pci_bus"": ""00000000:01:00.0"", ""pcie"": ""Gen1 x1"", ""util_pct"": 21.0, ""power_w"": 47.21, ""vram_used_mib"": 5638.0}, {""index"": 1, ""name"": ""NVIDIA P104-100"", ""pci_bus"": ""00000000:02:00.0"", ""pcie"": ""Gen1 x1"", ""util_pct"": 0.0, ""power_w"": 43.94, ""vram_used_mib"": 4894.0}, {""index"": 2, ""name"": ""NVIDIA P104-100"", ""pci_bus"": ""00000000:0A:00.0"", ""pcie"": ""Gen1 x1"", ""util_pct"": 0.0, ""power_w"": 46.55, ""vram_used_mib"": 6620.0}, {""index"": 3, ""name"": ""NVIDIA P104-100"", ""pci_bus"": ""00000000:0C:00.0"", ""pcie"": ""Gen1 x1"", ""util_pct"": 0.0, ""power_w"": 50.92, ""vram_used_mib"": 4894.0}, {""index"": 4, ""name"": ""NVIDIA P104-100"", ""pci_bus"": ""00000000:0D:00.0"", ""pcie"": ""Gen1 x1"", ""util_pct"": 0.0, ""power_w"": 49.19, ""vram_used_mib"": 6620.0}, {""index"": 5, ""name"": ""NVIDIA P104-100"", ""pci_bus"": ""00000000:0E:00.0"", ""pcie"": ""Gen1 x1"", ""util_pct"": 0.0, ""power_w"": 51.22, ""vram_used_mib"": 4894.0}, {""index"": 6, ""name"": ""NVIDIA P104-100"", ""pci_bus"": ""00000000:0F:00.0"", ""pcie"": ""Gen1 x1"", ""util_pct"": 0.0, ""power_w"": 50.19, ""vram_used_mib"": 5638.0}, {""index"": 7, ""name"": ""NVIDIA P104-100"", ""pci_bus"": ""00000000:10:00.0"", ""pcie"": ""Gen1 x1"", ""util_pct"": 0.0, ""power_w"": 49.86, ""vram_used_mib"": 5876.0}, {""index"": 8, ""name"": ""NVIDIA P104-100"", ""pci_bus"": ""00000000:11:00.0"", ""pcie"": ""Gen1 x1"", ""util_pct"": 0.0, ""power_w"": 47.05, ""vram_used_mib"": 5638.0}, {""index"": 9, ""name"": ""NVIDIA P104-100"", ""pci_bus"": ""00000000:12:00.0"", ""pcie"": ""Gen1 x1"", ""util_pct"": 0.0, ""power_w"": 49.35, ""vram_used_mib"": 4894.0}, {""index"": 10, ""name"": ""NVIDIA P104-100"", ""pci_bus"": ""00000000:13:00.0"", ""pcie"": ""Gen1 x1"", ""util_pct"": 33.0, ""power_w"": 49.48, ""vram_used_mib"": 6620.0}, {""index"": 11, ""name"": ""NVIDIA P104-100"", ""pci_bus"": ""00000000:14:00.0"", ""pcie"": ""Gen1 x1"", ""util_pct"": 13.0, ""power_w"": 54.78, ""vram_used_mib"": 7750.0}]"
2026-08-16T18:21:39.408199+03:00,1786893699.408199,ctx_016384.txt,1,1,prefill,36.928487690504106,"[8.962264150943396, 100.0, 25.233644859813083, 13.145539906103286]",15875.55078125,10131.7734375,5743.77734375,63.81998065519873,24575.99609375,402.91796875,1.6394776724938827,"[{""index"": 0, ""name"": ""NVIDIA P104-100"", ""pci_bus"": ""00000000:01:00.0"", ""pcie"": ""Gen1 x1"", ""util_pct"": 0.0, ""power_w"": 52.1, ""vram_used_mib"": 5638.0}, {""index"": 1, ""name"": ""NVIDIA P104-100"", ""pci_bus"": ""00000000:02:00.0"", ""pcie"": ""Gen1 x1"", ""util_pct"": 0.0, ""power_w"": 48.41, ""vram_used_mib"": 4894.0}, {""index"": 2, ""name"": ""NVIDIA P104-100"", ""pci_bus"": ""00000000:0A:00.0"", ""pcie"": ""Gen1 x1"", ""util_pct"": 0.0, ""power_w"": 53.55, ""vram_used_mib"": 6620.0}, {""index"": 3, ""name"": ""NVIDIA P104-100"", ""pci_bus"": ""00000000:0C:00.0"", ""pcie"": ""Gen1 x1"", ""util_pct"": 0.0, ""power_w"": 56.23, ""vram_used_mib"": 4894.0}, {""index"": 4, ""name"": ""NVIDIA P104-100"", ""pci_bus"": ""00000000:0D:00.0"", ""pcie"": ""Gen1 x1"", ""util_pct"": 0.0, ""power_w"": 55.36, ""vram_used_mib"": 6620.0}, {""index"": 5, ""name"": ""NVIDIA P104-100"", ""pci_bus"": ""00000000:0E:00.0"", ""pcie"": ""Gen1 x1"", ""util_pct"": 0.0, ""power_w"": 51.12, ""vram_used_mib"": 4894.0}, {""index"": 6, ""name"": ""NVIDIA P104-100"", ""pci_bus"": ""00000000:0F:00.0"", ""pcie"": ""Gen1 x1"", ""util_pct"": 0.0, ""power_w"": 54.04, ""vram_used_mib"": 5638.0}, {""index"": 7, ""name"": ""NVIDIA P104-100"", ""pci_bus"": ""00000000:10:00.0"", ""pcie"": ""Gen1 x1"", ""util_pct"": 0.0, ""power_w"": 55.16, ""vram_used_mib"": 5876.0}, {""index"": 8, ""name"": ""NVIDIA P104-100"", ""pci_bus"": ""00000000:11:00.0"", ""pcie"": ""Gen1 x1"", ""util_pct"": 20.0, ""power_w"": 52.0, ""vram_used_mib"": 5638.0}, {""index"": 9, ""name"": ""NVIDIA P104-100"", ""pci_bus"": ""00000000:12:00.0"", ""pcie"": ""Gen1 x1"", ""util_pct"": 36.0, ""power_w"": 54.8, ""vram_used_mib"": 4894.0}, {""index"": 10, ""name"": ""NVIDIA P104-100"", ""pci_bus"": ""00000000:13:00.0"", ""pcie"": ""Gen1 x1"", ""util_pct"": 36.0, ""power_w"": 53.17, ""vram_used_mib"": 6620.0}, {""index"": 11, ""name"": ""NVIDIA P104-100"", ""pci_bus"": ""00000000:14:00.0"", ""pcie"": ""Gen1 x1"", ""util_pct"": 7.0, ""power_w"": 55.09, ""vram_used_mib"": 7750.0}]"
2026-08-16T18:21:41.553709+03:00,1786893701.553709,ctx_016384.txt,1,1,prefill,35.046728971962615,"[16.822429906542055, 93.05555555555556, 14.953271028037383, 14.485981308411215]",15875.55078125,9986.73046875,5888.8203125,62.906355857240186,24575.99609375,402.8984375,1.63939819962155,"[{""index"": 0, ""name"": ""NVIDIA P104-100"", ""pci_bus"": ""00000000:01:00.0"", ""pcie"": ""Gen1 x1"", ""util_pct"": 0.0, ""power_w"": 52.0, ""vram_used_mib"": 5638.0}, {""index"": 1, ""name"": ""NVIDIA P104-100"", ""pci_bus"": ""00000000:02:00.0"", ""pcie"": ""Gen1 x1"", ""util_pct"": 0.0, ""power_w"": 48.41, ""vram_used_mib"": 4894.0}, {""index"": 2, ""name"": ""NVIDIA P104-100"", ""pci_bus"": ""00000000:0A:00.0"", ""pcie"": ""Gen1 x1"", ""util_pct"": 0.0, ""power_w"": 53.45, ""vram_used_mib"": 6620.0}, {""index"": 3, ""name"": ""NVIDIA P104-100"", ""pci_bus"": ""00000000:0C:00.0"", ""pcie"": ""Gen1 x1"", ""util_pct"": 0.0, ""power_w"": 56.35, ""vram_used_mib"": 4894.0}, {""index"": 4, ""name"": ""NVIDIA P104-100"", ""pci_bus"": ""00000000:0D:00.0"", ""pcie"": ""Gen1 x1"", ""util_pct"": 0.0, ""power_w"": 55.36, ""vram_used_mib"": 6620.0}, {""index"": 5, ""name"": ""NVIDIA P104-100"", ""pci_bus"": ""00000000:0E:00.0"", ""pcie"": ""Gen1 x1"", ""util_pct"": 0.0, ""power_w"": 51.22, ""vram_used_mib"": 4894.0}, {""index"": 6, ""name"": ""NVIDIA P104-100"", ""pci_bus"": ""00000000:0F:00.0"", ""pcie"": ""Gen1 x1"", ""util_pct"": 0.0, ""power_w"": 54.14, ""vram_used_mib"": 5638.0}, {""index"": 7, ""name"": ""NVIDIA P104-100"", ""pci_bus"": ""00000000:10:00.0"", ""pcie"": ""Gen1 x1"", ""util_pct"": 0.0, ""power_w"": 55.24, ""vram_used_mib"": 5876.0}, {""index"": 8, ""name"": ""NVIDIA P104-100"", ""pci_bus"": ""00000000:11:00.0"", ""pcie"": ""Gen1 x1"", ""util_pct"": 0.0, ""power_w"": 52.0, ""vram_used_mib"": 5638.0}, {""index"": 9, ""name"": ""NVIDIA P104-100"", ""pci_bus"": ""00000000:12:00.0"", ""pcie"": ""Gen1 x1"", ""util_pct"": 0.0, ""power_w"": 54.8, ""vram_used_mib"": 4894.0}, {""index"": 10, ""name"": ""NVIDIA P104-100"", ""pci_bus"": ""00000000:13:00.0"", ""pcie"": ""Gen1 x1"", ""util_pct"": 0.0, ""power_w"": 53.17, ""vram_used_mib"": 6620.0}, {""index"": 11, ""name"": ""NVIDIA P104-100"", ""pci_bus"": ""00000000:14:00.0"", ""pcie"": ""Gen1 x1"", ""util_pct"": 41.0, ""power_w"": 54.76, ""vram_used_mib"": 7750.0}]"
2026-08-16T18:21:43.674423+03:00,1786893703.674423,ctx_016384.txt,1,1,prefill,35.815602836879435,"[11.320754716981131, 96.6824644549763, 14.285714285714286, 21.22641509433962]",15875.55078125,9976.08203125,5899.46875,62.83928141272658,24575.99609375,402.8984375,1.63939819962155,"[{""index"": 0, ""name"": ""NVIDIA P104-100"", ""pci_bus"": ""00000000:01:00.0"", ""pcie"": ""Gen1 x1"", ""util_pct"": 98.0, ""power_w"": 146.37, ""vram_used_mib"": 5638.0}, {""index"": 1, ""name"": ""NVIDIA P104-100"", ""pci_bus"": ""00000000:02:00.0"", ""pcie"": ""Gen1 x1"", ""util_pct"": 87.0, ""power_w"": 149.82, ""vram_used_mib"": 4894.0}, {""index"": 2, ""name"": ""NVIDIA P104-100"", ""pci_bus"": ""00000000:0A:00.0"", ""pcie"": ""Gen1 x1"", ""util_pct"": 95.0, ""power_w"": 151.47, ""vram_used_mib"": 6620.0}, {""index"": 3, ""name"": ""NVIDIA P104-100"", ""pci_bus"": ""00000000:0C:00.0"", ""pcie"": ""Gen1 x1"", ""util_pct"": 76.0, ""power_w"": 151.49, ""vram_used_mib"": 4894.0}, {""index"": 4, ""name"": ""NVIDIA P104-100"", ""pci_bus"": ""00000000:0D:00.0"", ""pcie"": ""Gen1 x1"", ""util_pct"": 98.0, ""power_w"": 157.51, ""vram_used_mib"": 6620.0}, {""index"": 5, ""name"": ""NVIDIA P104-100"", ""pci_bus"": ""00000000:0E:00.0"", ""pcie"": ""Gen1 x1"", ""util_pct"": 88.0, ""power_w"": 142.18, ""vram_used_mib"": 4894.0}, {""index"": 6, ""name"": ""NVIDIA P104-100"", ""pci_bus"": ""00000000:0F:00.0"", ""pcie"": ""Gen1 x1"", ""util_pct"": 99.0, ""power_w"": 152.11, ""vram_used_mib"": 5638.0}, {""index"": 7, ""name"": ""NVIDIA P104-100"", ""pci_bus"": ""00000000:10:00.0"", ""pcie"": ""Gen1 x1"", ""util_pct"": 87.0, ""power_w"": 150.09, ""vram_used_mib"": 5876.0}, {""index"": 8, ""name"": ""NVIDIA P104-100"", ""pci_bus"": ""00000000:11:00.0"", ""pcie"": ""Gen1 x1"", ""util_pct"": 98.0, ""power_w"": 144.43, ""vram_used_mib"": 5638.0}, {""index"": 9, ""name"": ""NVIDIA P104-100"", ""pci_bus"": ""00000000:12:00.0"", ""pcie"": ""Gen1 x1"", ""util_pct"": 81.0, ""power_w"": 149.89, ""vram_used_mib"": 4894.0}, {""index"": 10, ""name"": ""NVIDIA P104-100"", ""pci_bus"": ""00000000:13:00.0"", ""pcie"": ""Gen1 x1"", ""util_pct"": 98.0, ""power_w"": 144.27, ""vram_used_mib"": 6620.0}, {""index"": 11, ""name"": ""NVIDIA P104-100"", ""pci_bus"": ""00000000:14:00.0"", ""pcie"": ""Gen1 x1"", ""util_pct"": 64.0, ""power_w"": 64.2, ""vram_used_mib"": 7750.0}]"
2026-08-16T18:21:45.786692+03:00,1786893705.786692,ctx_016384.txt,1,1,prefill,35.587188612099645,"[11.961722488038278, 100.0, 16.113744075829384, 13.744075829383887]",15875.55078125,9938.40625,5937.14453125,62.601961890593856,24575.99609375,402.8984375,1.63939819962155,"[{""index"": 0, ""name"": ""NVIDIA P104-100"", ""pci_bus"": ""00000000:01:00.0"", ""pcie"": ""Gen1 x1"", ""util_pct"": 97.0, ""power_w"": 139.17, ""vram_used_mib"": 5638.0}, {""index"": 1, ""name"": ""NVIDIA P104-100"", ""pci_bus"": ""00000000:02:00.0"", ""pcie"": ""Gen1 x1"", ""util_pct"": 87.0, ""power_w"": 100.68, ""vram_used_mib"": 4894.0}, {""index"": 2, ""name"": ""NVIDIA P104-100"", ""pci_bus"": ""00000000:0A:00.0"", ""pcie"": ""Gen1 x1"", ""util_pct"": 97.0, ""power_w"": 158.7, ""vram_used_mib"": 6620.0}, {""index"": 3, ""name"": ""NVIDIA P104-100"", ""pci_bus"": ""00000000:0C:00.0"", ""pcie"": ""Gen1 x1"", ""util_pct"": 87.0, ""power_w"": 89.94, ""vram_used_mib"": 4894.0}, {""index"": 4, ""name"": ""NVIDIA P104-100"", ""pci_bus"": ""00000000:0D:00.0"", ""pcie"": ""Gen1 x1"", ""util_pct"": 97.0, ""power_w"": 154.07, ""vram_used_mib"": 6620.0}, {""index"": 5, ""name"": ""NVIDIA P104-100"", ""pci_bus"": ""00000000:0E:00.0"", ""pcie"": ""Gen1 x1"", ""util_pct"": 87.0, ""power_w"": 70.6, ""vram_used_mib"": 4894.0}, {""index"": 6, ""name"": ""NVIDIA P104-100"", ""pci_bus"": ""00000000:0F:00.0"", ""pcie"": ""Gen1 x1"", ""util_pct"": 99.0, ""power_w"": 114.06, ""vram_used_mib"": 5638.0}, {""index"": 7, ""name"": ""NVIDIA P104-100"", ""pci_bus"": ""00000000:10:00.0"", ""pcie"": ""Gen1 x1"", ""util_pct"": 82.0, ""power_w"": 71.44, ""vram_used_mib"": 5876.0}, {""index"": 8, ""name"": ""NVIDIA P104-100"", ""pci_bus"": ""00000000:11:00.0"", ""pcie"": ""Gen1 x1"", ""util_pct"": 98.0, ""power_w"": 115.81, ""vram_used_mib"": 5638.0}, {""index"": 9, ""name"": ""NVIDIA P104-100"", ""pci_bus"": ""00000000:12:00.0"", ""pcie"": ""Gen1 x1"", ""util_pct"": 75.0, ""power_w"": 105.95, ""vram_used_mib"": 4894.0}, {""index"": 10, ""name"": ""NVIDIA P104-100"", ""pci_bus"": ""00000000:13:00.0"", ""pcie"": ""Gen1 x1"", ""util_pct"": 97.0, ""power_w"": 129.55, ""vram_used_mib"": 6620.0}, {""index"": 11, ""name"": ""NVIDIA P104-100"", ""pci_bus"": ""00000000:14:00.0"", ""pcie"": ""Gen1 x1"", ""util_pct"": 45.0, ""power_w"": 121.7, ""vram_used_mib"": 7750.0}]"
2026-08-16T18:21:47.921824+03:00,1786893707.921824,ctx_016384.txt,1,1,prefill,36.5767878077374,"[15.88785046728972, 100.0, 13.615023474178404, 16.50943396226415]",15875.55078125,9913.421875,5962.12890625,62.444585460986715,24575.99609375,402.8984375,1.63939819962155,"[{""index"": 0, ""name"": ""NVIDIA P104-100"", ""pci_bus"": ""00000000:01:00.0"", ""pcie"": ""Gen1 x1"", ""util_pct"": 99.0, ""power_w"": 132.15, ""vram_used_mib"": 5638.0}, {""index"": 1, ""name"": ""NVIDIA P104-100"", ""pci_bus"": ""00000000:02:00.0"", ""pcie"": ""Gen1 x1"", ""util_pct"": 75.0, ""power_w"": 133.65, ""vram_used_mib"": 4894.0}, {""index"": 2, ""name"": ""NVIDIA P104-100"", ""pci_bus"": ""00000000:0A:00.0"", ""pcie"": ""Gen1 x1"", ""util_pct"": 97.0, ""power_w"": 137.71, ""vram_used_mib"": 6620.0}, {""index"": 3, ""name"": ""NVIDIA P104-100"", ""pci_bus"": ""00000000:0C:00.0"", ""pcie"": ""Gen1 x1"", ""util_pct"": 75.0, ""power_w"": 137.26, ""vram_used_mib"": 4894.0}, {""index"": 4, ""name"": ""NVIDIA P104-100"", ""pci_bus"": ""00000000:0D:00.0"", ""pcie"": ""Gen1 x1"", ""util_pct"": 98.0, ""power_w"": 157.17, ""vram_used_mib"": 6620.0}, {""index"": 5, ""name"": ""NVIDIA P104-100"", ""pci_bus"": ""00000000:0E:00.0"", ""pcie"": ""Gen1 x1"", ""util_pct"": 82.0, ""power_w"": 136.51, ""vram_used_mib"": 4894.0}, {""index"": 6, ""name"": ""NVIDIA P104-100"", ""pci_bus"": ""00000000:0F:00.0"", ""pcie"": ""Gen1 x1"", ""util_pct"": 99.0, ""power_w"": 141.54, ""vram_used_mib"": 5638.0}, {""index"": 7, ""name"": ""NVIDIA P104-100"", ""pci_bus"": ""00000000:10:00.0"", ""pcie"": ""Gen1 x1"", ""util_pct"": 87.0, ""power_w"": 150.33, ""vram_used_mib"": 5876.0}, {""index"": 8, ""name"": ""NVIDIA P104-100"", ""pci_bus"": ""00000000:11:00.0"", ""pcie"": ""Gen1 x1"", ""util_pct"": 99.0, ""power_w"": 152.77, ""vram_used_mib"": 5638.0}, {""index"": 9, ""name"": ""NVIDIA P104-100"", ""pci_bus"": ""00000000:12:00.0"", ""pcie"": ""Gen1 x1"", ""util_pct"": 87.0, ""power_w"": 152.08, ""vram_used_mib"": 4894.0}, {""index"": 10, ""name"": ""NVIDIA P104-100"", ""pci_bus"": ""00000000:13:00.0"", ""pcie"": ""Gen1 x1"", ""util_pct"": 100.0, ""power_w"": 145.7, ""vram_used_mib"": 6620.0}, {""index"": 11, ""name"": ""NVIDIA P104-100"", ""pci_bus"": ""00000000:14:00.0"", ""pcie"": ""Gen1 x1"", ""util_pct"": 65.0, ""power_w"": 83.4, ""vram_used_mib"": 7750.0}]"
2026-08-16T18:21:50.066266+03:00,1786893710.066266,ctx_016384.txt,1,1,prefill,52.10772833723654,"[8.962264150943396, 98.59813084112149, 26.16822429906542, 74.29906542056075]",15875.55078125,9880.0,5995.55078125,62.23406126903569,24575.99609375,402.8984375,1.63939819962155,"[{""index"": 0, ""name"": ""NVIDIA P104-100"", ""pci_bus"": ""00000000:01:00.0"", ""pcie"": ""Gen1 x1"", ""util_pct"": 97.0, ""power_w"": 140.46, ""vram_used_mib"": 5638.0}, {""index"": 1, ""name"": ""NVIDIA P104-100"", ""pci_bus"": ""00000000:02:00.0"", ""pcie"": ""Gen1 x1"", ""util_pct"": 84.0, ""power_w"": 146.59, ""vram_used_mib"": 4894.0}, {""index"": 2, ""name"": ""NVIDIA P104-100"", ""pci_bus"": ""00000000:0A:00.0"", ""pcie"": ""Gen1 x1"", ""util_pct"": 98.0, ""power_w"": 158.71, ""vram_used_mib"": 6620.0}, {""index"": 3, ""name"": ""NVIDIA P104-100"", ""pci_bus"": ""00000000:0C:00.0"", ""pcie"": ""Gen1 x1"", ""util_pct"": 87.0, ""power_w"": 163.48, ""vram_used_mib"": 4894.0}, {""index"": 4, ""name"": ""NVIDIA P104-100"", ""pci_bus"": ""00000000:0D:00.0"", ""pcie"": ""Gen1 x1"", ""util_pct"": 97.0, ""power_w"": 156.51, ""vram_used_mib"": 6620.0}, {""index"": 5, ""name"": ""NVIDIA P104-100"", ""pci_bus"": ""00000000:0E:00.0"", ""pcie"": ""Gen1 x1"", ""util_pct"": 88.0, ""power_w"": 140.13, ""vram_used_mib"": 4894.0}, {""index"": 6, ""name"": ""NVIDIA P104-100"", ""pci_bus"": ""00000000:0F:00.0"", ""pcie"": ""Gen1 x1"", ""util_pct"": 99.0, ""power_w"": 143.19, ""vram_used_mib"": 5638.0}, {""index"": 7, ""name"": ""NVIDIA P104-100"", ""pci_bus"": ""00000000:10:00.0"", ""pcie"": ""Gen1 x1"", ""util_pct"": 74.0, ""power_w"": 148.75, ""vram_used_mib"": 5876.0}, {""index"": 8, ""name"": ""NVIDIA P104-100"", ""pci_bus"": ""00000000:11:00.0"", ""pcie"": ""Gen1 x1"", ""util_pct"": 99.0, ""power_w"": 148.0, ""vram_used_mib"": 5638.0}, {""index"": 9, ""name"": ""NVIDIA P104-100"", ""pci_bus"": ""00000000:12:00.0"", ""pcie"": ""Gen1 x1"", ""util_pct"": 83.0, ""power_w"": 158.27, ""vram_used_mib"": 4894.0}, {""index"": 10, ""name"": ""NVIDIA P104-100"", ""pci_bus"": ""00000000:13:00.0"", ""pcie"": ""Gen1 x1"", ""util_pct"": 98.0, ""power_w"": 153.88, ""vram_used_mib"": 6620.0}, {""index"": 11, ""name"": ""NVIDIA P104-100"", ""pci_bus"": ""00000000:14:00.0"", ""pcie"": ""Gen1 x1"", ""util_pct"": 39.0, ""power_w"": 59.97, ""vram_used_mib"": 7750.0}]"
2026-08-16T18:21:52.198935+03:00,1786893712.198935,ctx_016384.txt,1,1,prefill,37.294117647058826,"[11.737089201877934, 16.822429906542055, 21.12676056338028, 100.0]",15875.55078125,9851.9921875,6023.55859375,62.05764022458867,24575.99609375,402.8984375,1.63939819962155,"[{""index"": 0, ""name"": ""NVIDIA P104-100"", ""pci_bus"": ""00000000:01:00.0"", ""pcie"": ""Gen1 x1"", ""util_pct"": 99.0, ""power_w"": 139.57, ""vram_used_mib"": 5638.0}, {""index"": 1, ""name"": ""NVIDIA P104-100"", ""pci_bus"": ""00000000:02:00.0"", ""pcie"": ""Gen1 x1"", ""util_pct"": 76.0, ""power_w"": 99.69, ""vram_used_mib"": 4894.0}, {""index"": 2, ""name"": ""NVIDIA P104-100"", ""pci_bus"": ""00000000:0A:00.0"", ""pcie"": ""Gen1 x1"", ""util_pct"": 98.0, ""power_w"": 158.65, ""vram_used_mib"": 6620.0}, {""index"": 3, ""name"": ""NVIDIA P104-100"", ""pci_bus"": ""00000000:0C:00.0"", ""pcie"": ""Gen1 x1"", ""util_pct"": 83.0, ""power_w"": 90.19, ""vram_used_mib"": 4894.0}, {""index"": 4, ""name"": ""NVIDIA P104-100"", ""pci_bus"": ""00000000:0D:00.0"", ""pcie"": ""Gen1 x1"", ""util_pct"": 99.0, ""power_w"": 161.07, ""vram_used_mib"": 6620.0}, {""index"": 5, ""name"": ""NVIDIA P104-100"", ""pci_bus"": ""00000000:0E:00.0"", ""pcie"": ""Gen1 x1"", ""util_pct"": 76.0, ""power_w"": 71.87, ""vram_used_mib"": 4894.0}, {""index"": 6, ""name"": ""NVIDIA P104-100"", ""pci_bus"": ""00000000:0F:00.0"", ""pcie"": ""Gen1 x1"", ""util_pct"": 99.0, ""power_w"": 105.01, ""vram_used_mib"": 5638.0}, {""index"": 7, ""name"": ""NVIDIA P104-100"", ""pci_bus"": ""00000000:10:00.0"", ""pcie"": ""Gen1 x1"", ""util_pct"": 87.0, ""power_w"": 84.42, ""vram_used_mib"": 5876.0}, {""index"": 8, ""name"": ""NVIDIA P104-100"", ""pci_bus"": ""00000000:11:00.0"", ""pcie"": ""Gen1 x1"", ""util_pct"": 99.0, ""power_w"": 117.79, ""vram_used_mib"": 5638.0}, {""index"": 9, ""name"": ""NVIDIA P104-100"", ""pci_bus"": ""00000000:12:00.0"", ""pcie"": ""Gen1 x1"", ""util_pct"": 88.0, ""power_w"": 115.9, ""vram_used_mib"": 4894.0}, {""index"": 10, ""name"": ""NVIDIA P104-100"", ""pci_bus"": ""00000000:13:00.0"", ""pcie"": ""Gen1 x1"", ""util_pct"": 99.0, ""power_w"": 136.51, ""vram_used_mib"": 6620.0}, {""index"": 11, ""name"": ""NVIDIA P104-100"", ""pci_bus"": ""00000000:14:00.0"", ""pcie"": ""Gen1 x1"", ""util_pct"": 54.0, ""power_w"": 130.02, ""vram_used_mib"": 7750.0}]"
2026-08-16T18:21:54.333607+03:00,1786893714.333607,ctx_016384.txt,1,1,prefill,36.45955451348183,"[22.535211267605632, 9.433962264150944, 13.615023474178404, 100.0]",15875.55078125,9813.5234375,6062.02734375,61.81532579701344,24575.99609375,402.8984375,1.63939819962155,"[{""index"": 0, ""name"": ""NVIDIA P104-100"", ""pci_bus"": ""00000000:01:00.0"", ""pcie"": ""Gen1 x1"", ""util_pct"": 99.0, ""power_w"": 136.4, ""vram_used_mib"": 5638.0}, {""index"": 1, ""name"": ""NVIDIA P104-100"", ""pci_bus"": ""00000000:02:00.0"", ""pcie"": ""Gen1 x1"", ""util_pct"": 87.0, ""power_w"": 142.71, ""vram_used_mib"": 4894.0}, {""index"": 2, ""name"": ""NVIDIA P104-100"", ""pci_bus"": ""00000000:0A:00.0"", ""pcie"": ""Gen1 x1"", ""util_pct"": 98.0, ""power_w"": 154.57, ""vram_used_mib"": 6620.0}, {""index"": 3, ""name"": ""NVIDIA P104-100"", ""pci_bus"": ""00000000:0C:00.0"", ""pcie"": ""Gen1 x1"", ""util_pct"": 80.0, ""power_w"": 157.14, ""vram_used_mib"": 4894.0}, {""index"": 4, ""name"": ""NVIDIA P104-100"", ""pci_bus"": ""00000000:0D:00.0"", ""pcie"": ""Gen1 x1"", ""util_pct"": 99.0, ""power_w"": 151.15, ""vram_used_mib"": 6620.0}, {""index"": 5, ""name"": ""NVIDIA P104-100"", ""pci_bus"": ""00000000:0E:00.0"", ""pcie"": ""Gen1 x1"", ""util_pct"": 84.0, ""power_w"": 131.86, ""vram_used_mib"": 4894.0}, {""index"": 6, ""name"": ""NVIDIA P104-100"", ""pci_bus"": ""00000000:0F:00.0"", ""pcie"": ""Gen1 x1"", ""util_pct"": 99.0, ""power_w"": 145.82, ""vram_used_mib"": 5638.0}, {""index"": 7, ""name"": ""NVIDIA P104-100"", ""pci_bus"": ""00000000:10:00.0"", ""pcie"": ""Gen1 x1"", ""util_pct"": 75.0, ""power_w"": 149.94, ""vram_used_mib"": 5876.0}, {""index"": 8, ""name"": ""NVIDIA P104-100"", ""pci_bus"": ""00000000:11:00.0"", ""pcie"": ""Gen1 x1"", ""util_pct"": 98.0, ""power_w"": 152.81, ""vram_used_mib"": 5638.0}, {""index"": 9, ""name"": ""NVIDIA P104-100"", ""pci_bus"": ""00000000:12:00.0"", ""pcie"": ""Gen1 x1"", ""util_pct"": 75.0, ""power_w"": 151.97, ""vram_used_mib"": 4894.0}, {""index"": 10, ""name"": ""NVIDIA P104-100"", ""pci_bus"": ""00000000:13:00.0"", ""pcie"": ""Gen1 x1"", ""util_pct"": 99.0, ""power_w"": 142.84, ""vram_used_mib"": 6620.0}, {""index"": 11, ""name"": ""NVIDIA P104-100"", ""pci_bus"": ""00000000:14:00.0"", ""pcie"": ""Gen1 x1"", ""util_pct"": 61.0, ""power_w"": 106.18, ""vram_used_mib"": 7750.0}]"
2026-08-16T18:21:56.477934+03:00,1786893716.477934,ctx_016384.txt,1,1,prefill,36.799065420560744,"[15.96244131455399, 16.822429906542055, 13.551401869158878, 100.0]",15875.55078125,9731.4609375,6144.08984375,61.29841459732819,24575.99609375,402.8984375,1.63939819962155,"[{""index"": 0, ""name"": ""NVIDIA P104-100"", ""pci_bus"": ""00000000:01:00.0"", ""pcie"": ""Gen1 x1"", ""util_pct"": 98.0, ""power_w"": 142.03, ""vram_used_mib"": 5638.0}, {""index"": 1, ""name"": ""NVIDIA P104-100"", ""pci_bus"": ""00000000:02:00.0"", ""pcie"": ""Gen1 x1"", ""util_pct"": 77.0, ""power_w"": 151.22, ""vram_used_mib"": 4894.0}, {""index"": 2, ""name"": ""NVIDIA P104-100"", ""pci_bus"": ""00000000:0A:00.0"", ""pcie"": ""Gen1 x1"", ""util_pct"": 99.0, ""power_w"": 157.54, ""vram_used_mib"": 6620.0}, {""index"": 3, ""name"": ""NVIDIA P104-100"", ""pci_bus"": ""00000000:0C:00.0"", ""pcie"": ""Gen1 x1"", ""util_pct"": 88.0, ""power_w"": 153.83, ""vram_used_mib"": 4894.0}, {""index"": 4, ""name"": ""NVIDIA P104-100"", ""pci_bus"": ""00000000:0D:00.0"", ""pcie"": ""Gen1 x1"", ""util_pct"": 100.0, ""power_w"": 154.45, ""vram_used_mib"": 6620.0}, {""index"": 5, ""name"": ""NVIDIA P104-100"", ""pci_bus"": ""00000000:0E:00.0"", ""pcie"": ""Gen1 x1"", ""util_pct"": 88.0, ""power_w"": 144.05, ""vram_used_mib"": 4894.0}, {""index"": 6, ""name"": ""NVIDIA P104-100"", ""pci_bus"": ""00000000:0F:00.0"", ""pcie"": ""Gen1 x1"", ""util_pct"": 99.0, ""power_w"": 146.26, ""vram_used_mib"": 5638.0}, {""index"": 7, ""name"": ""NVIDIA P104-100"", ""pci_bus"": ""00000000:10:00.0"", ""pcie"": ""Gen1 x1"", ""util_pct"": 88.0, ""power_w"": 147.62, ""vram_used_mib"": 5876.0}, {""index"": 8, ""name"": ""NVIDIA P104-100"", ""pci_bus"": ""00000000:11:00.0"", ""pcie"": ""Gen1 x1"", ""util_pct"": 99.0, ""power_w"": 152.23, ""vram_used_mib"": 5638.0}, {""index"": 9, ""name"": ""NVIDIA P104-100"", ""pci_bus"": ""00000000:12:00.0"", ""pcie"": ""Gen1 x1"", ""util_pct"": 88.0, ""power_w"": 159.53, ""vram_used_mib"": 4894.0}, {""index"": 10, ""name"": ""NVIDIA P104-100"", ""pci_bus"": ""00000000:13:00.0"", ""pcie"": ""Gen1 x1"", ""util_pct"": 100.0, ""power_w"": 154.51, ""vram_used_mib"": 6620.0}, {""index"": 11, ""name"": ""NVIDIA P104-100"", ""pci_bus"": ""00000000:14:00.0"", ""pcie"": ""Gen1 x1"", ""util_pct"": 64.0, ""power_w"": 59.44, ""vram_used_mib"": 7750.0}]"
2026-08-16T18:21:58.616336+03:00,1786893718.616336,ctx_016384.txt,1,1,prefill,36.45955451348183,"[21.962616822429908, 13.270142180094787, 10.377358490566039, 100.0]",15875.55078125,9708.859375,6166.69140625,61.15604748949409,24575.99609375,402.8984375,1.63939819962155,"[{""index"": 0, ""name"": ""NVIDIA P104-100"", ""pci_bus"": ""00000000:01:00.0"", ""pcie"": ""Gen1 x1"", ""util_pct"": 0.0, ""power_w"": 122.09, ""vram_used_mib"": 5638.0}, {""index"": 1, ""name"": ""NVIDIA P104-100"", ""pci_bus"": ""00000000:02:00.0"", ""pcie"": ""Gen1 x1"", ""util_pct"": 0.0, ""power_w"": 80.78, ""vram_used_mib"": 4894.0}, {""index"": 2, ""name"": ""NVIDIA P104-100"", ""pci_bus"": ""00000000:0A:00.0"", ""pcie"": ""Gen1 x1"", ""util_pct"": 1.0, ""power_w"": 54.25, ""vram_used_mib"": 6620.0}, {""index"": 3, ""name"": ""NVIDIA P104-100"", ""pci_bus"": ""00000000:0C:00.0"", ""pcie"": ""Gen1 x1"", ""util_pct"": 1.0, ""power_w"": 57.15, ""vram_used_mib"": 4894.0}, {""index"": 4, ""name"": ""NVIDIA P104-100"", ""pci_bus"": ""00000000:0D:00.0"", ""pcie"": ""Gen1 x1"", ""util_pct"": 1.0, ""power_w"": 55.56, ""vram_used_mib"": 6620.0}, {""index"": 5, ""name"": ""NVIDIA P104-100"", ""pci_bus"": ""00000000:0E:00.0"", ""pcie"": ""Gen1 x1"", ""util_pct"": 1.0, ""power_w"": 51.81, ""vram_used_mib"": 4894.0}, {""index"": 6, ""name"": ""NVIDIA P104-100"", ""pci_bus"": ""00000000:0F:00.0"", ""pcie"": ""Gen1 x1"", ""util_pct"": 1.0, ""power_w"": 54.95, ""vram_used_mib"": 5638.0}, {""index"": 7, ""name"": ""NVIDIA P104-100"", ""pci_bus"": ""00000000:10:00.0"", ""pcie"": ""Gen1 x1"", ""util_pct"": 1.0, ""power_w"": 56.08, ""vram_used_mib"": 5876.0}, {""index"": 8, ""name"": ""NVIDIA P104-100"", ""pci_bus"": ""00000000:11:00.0"", ""pcie"": ""Gen1 x1"", ""util_pct"": 1.0, ""power_w"": 52.81, ""vram_used_mib"": 5638.0}, {""index"": 9, ""name"": ""NVIDIA P104-100"", ""pci_bus"": ""00000000:12:00.0"", ""pcie"": ""Gen1 x1"", ""util_pct"": 1.0, ""power_w"": 55.87, ""vram_used_mib"": 4894.0}, {""index"": 10, ""name"": ""NVIDIA P104-100"", ""pci_bus"": ""00000000:13:00.0"", ""pcie"": ""Gen1 x1"", ""util_pct"": 1.0, ""power_w"": 53.95, ""vram_used_mib"": 6620.0}, {""index"": 11, ""name"": ""NVIDIA P104-100"", ""pci_bus"": ""00000000:14:00.0"", ""pcie"": ""Gen1 x1"", ""util_pct"": 40.0, ""power_w"": 55.49, ""vram_used_mib"": 7750.0}]"
2026-08-16T18:22:00.732395+03:00,1786893720.732395,ctx_016384.txt,1,1,prefill,37.29216152019002,"[11.848341232227488, 19.81132075471698, 17.92452830188679, 100.0]",15875.55078125,9791.79296875,6083.7578125,61.67844570353243,24575.99609375,402.8984375,1.63939819962155,"[{""index"": 0, ""name"": ""NVIDIA P104-100"", ""pci_bus"": ""00000000:01:00.0"", ""pcie"": ""Gen1 x1"", ""util_pct"": 0.0, ""power_w"": 52.33, ""vram_used_mib"": 5638.0}, {""index"": 1, ""name"": ""NVIDIA P104-100"", ""pci_bus"": ""00000000:02:00.0"", ""pcie"": ""Gen1 x1"", ""util_pct"": 0.0, ""power_w"": 54.23, ""vram_used_mib"": 4894.0}, {""index"": 2, ""name"": ""NVIDIA P104-100"", ""pci_bus"": ""00000000:0A:00.0"", ""pcie"": ""Gen1 x1"", ""util_pct"": 0.0, ""power_w"": 52.81, ""vram_used_mib"": 6620.0}, {""index"": 3, ""name"": ""NVIDIA P104-100"", ""pci_bus"": ""00000000:0C:00.0"", ""pcie"": ""Gen1 x1"", ""util_pct"": 0.0, ""power_w"": 56.63, ""vram_used_mib"": 4894.0}, {""index"": 4, ""name"": ""NVIDIA P104-100"", ""pci_bus"": ""00000000:0D:00.0"", ""pcie"": ""Gen1 x1"", ""util_pct"": 0.0, ""power_w"": 51.28, ""vram_used_mib"": 6620.0}, {""index"": 5, ""name"": ""NVIDIA P104-100"", ""pci_bus"": ""00000000:0E:00.0"", ""pcie"": ""Gen1 x1"", ""util_pct"": 0.0, ""power_w"": 51.6, ""vram_used_mib"": 4894.0}, {""index"": 6, ""name"": ""NVIDIA P104-100"", ""pci_bus"": ""00000000:0F:00.0"", ""pcie"": ""Gen1 x1"", ""util_pct"": 0.0, ""power_w"": 53.91, ""vram_used_mib"": 5638.0}, {""index"": 7, ""name"": ""NVIDIA P104-100"", ""pci_bus"": ""00000000:10:00.0"", ""pcie"": ""Gen1 x1"", ""util_pct"": 0.0, ""power_w"": 53.26, ""vram_used_mib"": 5876.0}, {""index"": 8, ""name"": ""NVIDIA P104-100"", ""pci_bus"": ""00000000:11:00.0"", ""pcie"": ""Gen1 x1"", ""util_pct"": 0.0, ""power_w"": 49.79, ""vram_used_mib"": 5638.0}, {""index"": 9, ""name"": ""NVIDIA P104-100"", ""pci_bus"": ""00000000:12:00.0"", ""pcie"": ""Gen1 x1"", ""util_pct"": 0.0, ""power_w"": 55.31, ""vram_used_mib"": 4894.0}, {""index"": 10, ""name"": ""NVIDIA P104-100"", ""pci_bus"": ""00000000:13:00.0"", ""pcie"": ""Gen1 x1"", ""util_pct"": 0.0, ""power_w"": 53.52, ""vram_used_mib"": 6620.0}, {""index"": 11, ""name"": ""NVIDIA P104-100"", ""pci_bus"": ""00000000:14:00.0"", ""pcie"": ""Gen1 x1"", ""util_pct"": 99.0, ""power_w"": 130.48, ""vram_used_mib"": 7750.0}]"
2026-08-16T18:22:02.850677+03:00,1786893722.850677,ctx_016384.txt,1,1,prefill,35.815602836879435,"[9.95260663507109, 10.952380952380953, 21.80094786729858, 100.0]",15875.55078125,9756.98046875,6118.5703125,61.459161972972886,24575.99609375,402.8984375,1.63939819962155,"[{""index"": 0, ""name"": ""NVIDIA P104-100"", ""pci_bus"": ""00000000:01:00.0"", ""pcie"": ""Gen1 x1"", ""util_pct"": 0.0, ""power_w"": 52.35, ""vram_used_mib"": 5638.0}, {""index"": 1, ""name"": ""NVIDIA P104-100"", ""pci_bus"": ""00000000:02:00.0"", ""pcie"": ""Gen1 x1"", ""util_pct"": 0.0, ""power_w"": 53.98, ""vram_used_mib"": 4894.0}, {""index"": 2, ""name"": ""NVIDIA P104-100"", ""pci_bus"": ""00000000:0A:00.0"", ""pcie"": ""Gen1 x1"", ""util_pct"": 0.0, ""power_w"": 52.92, ""vram_used_mib"": 6620.0}, {""index"": 3, ""name"": ""NVIDIA P104-100"", ""pci_bus"": ""00000000:0C:00.0"", ""pcie"": ""Gen1 x1"", ""util_pct"": 0.0, ""power_w"": 56.51, ""vram_used_mib"": 4894.0}, {""index"": 4, ""name"": ""NVIDIA P104-100"", ""pci_bus"": ""00000000:0D:00.0"", ""pcie"": ""Gen1 x1"", ""util_pct"": 0.0, ""power_w"": 51.18, ""vram_used_mib"": 6620.0}, {""index"": 5, ""name"": ""NVIDIA P104-100"", ""pci_bus"": ""00000000:0E:00.0"", ""pcie"": ""Gen1 x1"", ""util_pct"": 0.0, ""power_w"": 43.3, ""vram_used_mib"": 4894.0}, {""index"": 6, ""name"": ""NVIDIA P104-100"", ""pci_bus"": ""00000000:0F:00.0"", ""pcie"": ""Gen1 x1"", ""util_pct"": 0.0, ""power_w"": 53.91, ""vram_used_mib"": 5638.0}, {""index"": 7, ""name"": ""NVIDIA P104-100"", ""pci_bus"": ""00000000:10:00.0"", ""pcie"": ""Gen1 x1"", ""util_pct"": 0.0, ""power_w"": 53.28, ""vram_used_mib"": 5876.0}, {""index"": 8, ""name"": ""NVIDIA P104-100"", ""pci_bus"": ""00000000:11:00.0"", ""pcie"": ""Gen1 x1"", ""util_pct"": 0.0, ""power_w"": 49.69, ""vram_used_mib"": 5638.0}, {""index"": 9, ""name"": ""NVIDIA P104-100"", ""pci_bus"": ""00000000:12:00.0"", ""pcie"": ""Gen1 x1"", ""util_pct"": 0.0, ""power_w"": 55.05, ""vram_used_mib"": 4894.0}, {""index"": 10, ""name"": ""NVIDIA P104-100"", ""pci_bus"": ""00000000:13:00.0"", ""pcie"": ""Gen1 x1"", ""util_pct"": 0.0, ""power_w"": 53.52, ""vram_used_mib"": 6620.0}, {""index"": 11, ""name"": ""NVIDIA P104-100"", ""pci_bus"": ""00000000:14:00.0"", ""pcie"": ""Gen1 x1"", ""util_pct"": 99.0, ""power_w"": 115.43, ""vram_used_mib"": 7750.0}]"
2026-08-16T18:22:04.979694+03:00,1786893724.979694,ctx_016384.txt,1,1,prefill,36.160188457008246,"[9.004739336492891, 23.943661971830984, 11.320754716981131, 100.0]",15875.55078125,9820.07421875,6055.4765625,61.85658912916653,24575.99609375,402.8984375,1.63939819962155,"[{""index"": 0, ""name"": ""NVIDIA P104-100"", ""pci_bus"": ""00000000:01:00.0"", ""pcie"": ""Gen1 x1"", ""util_pct"": 97.0, ""power_w"": 130.45, ""vram_used_mib"": 5638.0}, {""index"": 1, ""name"": ""NVIDIA P104-100"", ""pci_bus"": ""00000000:02:00.0"", ""pcie"": ""Gen1 x1"", ""util_pct"": 74.0, ""power_w"": 133.17, ""vram_used_mib"": 4894.0}, {""index"": 2, ""name"": ""NVIDIA P104-100"", ""pci_bus"": ""00000000:0A:00.0"", ""pcie"": ""Gen1 x1"", ""util_pct"": 97.0, ""power_w"": 148.4, ""vram_used_mib"": 6620.0}, {""index"": 3, ""name"": ""NVIDIA P104-100"", ""pci_bus"": ""00000000:0C:00.0"", ""pcie"": ""Gen1 x1"", ""util_pct"": 74.0, ""power_w"": 153.26, ""vram_used_mib"": 4894.0}, {""index"": 4, ""name"": ""NVIDIA P104-100"", ""pci_bus"": ""00000000:0D:00.0"", ""pcie"": ""Gen1 x1"", ""util_pct"": 100.0, ""power_w"": 150.62, ""vram_used_mib"": 6620.0}, {""index"": 5, ""name"": ""NVIDIA P104-100"", ""pci_bus"": ""00000000:0E:00.0"", ""pcie"": ""Gen1 x1"", ""util_pct"": 9.0, ""power_w"": 96.08, ""vram_used_mib"": 4894.0}, {""index"": 6, ""name"": ""NVIDIA P104-100"", ""pci_bus"": ""00000000:0F:00.0"", ""pcie"": ""Gen1 x1"", ""util_pct"": 7.0, ""power_w"": 145.46, ""vram_used_mib"": 5638.0}, {""index"": 7, ""name"": ""NVIDIA P104-100"", ""pci_bus"": ""00000000:10:00.0"", ""pcie"": ""Gen1 x1"", ""util_pct"": 0.0, ""power_w"": 53.21, ""vram_used_mib"": 5876.0}, {""index"": 8, ""name"": ""NVIDIA P104-100"", ""pci_bus"": ""00000000:11:00.0"", ""pcie"": ""Gen1 x1"", ""util_pct"": 0.0, ""power_w"": 49.7, ""vram_used_mib"": 5638.0}, {""index"": 9, ""name"": ""NVIDIA P104-100"", ""pci_bus"": ""00000000:12:00.0"", ""pcie"": ""Gen1 x1"", ""util_pct"": 0.0, ""power_w"": 55.13, ""vram_used_mib"": 4894.0}, {""index"": 10, ""name"": ""NVIDIA P104-100"", ""pci_bus"": ""00000000:13:00.0"", ""pcie"": ""Gen1 x1"", ""util_pct"": 0.0, ""power_w"": 53.45, ""vram_used_mib"": 6620.0}, {""index"": 11, ""name"": ""NVIDIA P104-100"", ""pci_bus"": ""00000000:14:00.0"", ""pcie"": ""Gen1 x1"", ""util_pct"": 0.0, ""power_w"": 55.02, ""vram_used_mib"": 7750.0}]"
2026-08-16T18:22:07.132573+03:00,1786893727.132573,ctx_016384.txt,1,1,prefill,37.13620488940629,"[12.55813953488372, 12.149532710280374, 23.61111111111111, 100.0]",15875.55078125,9794.76171875,6080.7890625,61.69714584213491,24575.99609375,402.8984375,1.63939819962155,"[{""index"": 0, ""name"": ""NVIDIA P104-100"", ""pci_bus"": ""00000000:01:00.0"", ""pcie"": ""Gen1 x1"", ""util_pct"": 97.0, ""power_w"": 140.75, ""vram_used_mib"": 5638.0}, {""index"": 1, ""name"": ""NVIDIA P104-100"", ""pci_bus"": ""00000000:02:00.0"", ""pcie"": ""Gen1 x1"", ""util_pct"": 81.0, ""power_w"": 148.8, ""vram_used_mib"": 4894.0}, {""index"": 2, ""name"": ""NVIDIA P104-100"", ""pci_bus"": ""00000000:0A:00.0"", ""pcie"": ""Gen1 x1"", ""util_pct"": 98.0, ""power_w"": 155.01, ""vram_used_mib"": 6620.0}, {""index"": 3, ""name"": ""NVIDIA P104-100"", ""pci_bus"": ""00000000:0C:00.0"", ""pcie"": ""Gen1 x1"", ""util_pct"": 87.0, ""power_w"": 159.85, ""vram_used_mib"": 4894.0}, {""index"": 4, ""name"": ""NVIDIA P104-100"", ""pci_bus"": ""00000000:0D:00.0"", ""pcie"": ""Gen1 x1"", ""util_pct"": 99.0, ""power_w"": 152.74, ""vram_used_mib"": 6620.0}, {""index"": 5, ""name"": ""NVIDIA P104-100"", ""pci_bus"": ""00000000:0E:00.0"", ""pcie"": ""Gen1 x1"", ""util_pct"": 87.0, ""power_w"": 136.16, ""vram_used_mib"": 4894.0}, {""index"": 6, ""name"": ""NVIDIA P104-100"", ""pci_bus"": ""00000000:0F:00.0"", ""pcie"": ""Gen1 x1"", ""util_pct"": 98.0, ""power_w"": 145.4, ""vram_used_mib"": 5638.0}, {""index"": 7, ""name"": ""NVIDIA P104-100"", ""pci_bus"": ""00000000:10:00.0"", ""pcie"": ""Gen1 x1"", ""util_pct"": 76.0, ""power_w"": 152.79, ""vram_used_mib"": 5876.0}, {""index"": 8, ""name"": ""NVIDIA P104-100"", ""pci_bus"": ""00000000:11:00.0"", ""pcie"": ""Gen1 x1"", ""util_pct"": 98.0, ""power_w"": 152.83, ""vram_used_mib"": 5638.0}, {""index"": 9, ""name"": ""NVIDIA P104-100"", ""pci_bus"": ""00000000:12:00.0"", ""pcie"": ""Gen1 x1"", ""util_pct"": 87.0, ""power_w"": 155.85, ""vram_used_mib"": 4894.0}, {""index"": 10, ""name"": ""NVIDIA P104-100"", ""pci_bus"": ""00000000:13:00.0"", ""pcie"": ""Gen1 x1"", ""util_pct"": 99.0, ""power_w"": 150.05, ""vram_used_mib"": 6620.0}, {""index"": 11, ""name"": ""NVIDIA P104-100"", ""pci_bus"": ""00000000:14:00.0"", ""pcie"": ""Gen1 x1"", ""util_pct"": 39.0, ""power_w"": 70.82, ""vram_used_mib"": 7750.0}]"
2026-08-16T18:22:09.249901+03:00,1786893729.249901,ctx_016384.txt,1,1,prefill,36.654804270462634,"[16.666666666666668, 12.857142857142858, 16.19047619047619, 100.0]",15875.55078125,9794.98046875,6080.5703125,61.698523747084565,24575.99609375,402.89453125,1.6393823050470837,"[{""index"": 0, ""name"": ""NVIDIA P104-100"", ""pci_bus"": ""00000000:01:00.0"", ""pcie"": ""Gen1 x1"", ""util_pct"": 98.0, ""power_w"": 138.56, ""vram_used_mib"": 5638.0}, {""index"": 1, ""name"": ""NVIDIA P104-100"", ""pci_bus"": ""00000000:02:00.0"", ""pcie"": ""Gen1 x1"", ""util_pct"": 87.0, ""power_w"": 144.55, ""vram_used_mib"": 4894.0}, {""index"": 2, ""name"": ""NVIDIA P104-100"", ""pci_bus"": ""00000000:0A:00.0"", ""pcie"": ""Gen1 x1"", ""util_pct"": 99.0, ""power_w"": 157.33, ""vram_used_mib"": 6620.0}, {""index"": 3, ""name"": ""NVIDIA P104-100"", ""pci_bus"": ""00000000:0C:00.0"", ""pcie"": ""Gen1 x1"", ""util_pct"": 76.0, ""power_w"": 163.07, ""vram_used_mib"": 4894.0}, {""index"": 4, ""name"": ""NVIDIA P104-100"", ""pci_bus"": ""00000000:0D:00.0"", ""pcie"": ""Gen1 x1"", ""util_pct"": 99.0, ""power_w"": 153.97, ""vram_used_mib"": 6620.0}, {""index"": 5, ""name"": ""NVIDIA P104-100"", ""pci_bus"": ""00000000:0E:00.0"", ""pcie"": ""Gen1 x1"", ""util_pct"": 76.0, ""power_w"": 136.89, ""vram_used_mib"": 4894.0}, {""index"": 6, ""name"": ""NVIDIA P104-100"", ""pci_bus"": ""00000000:0F:00.0"", ""pcie"": ""Gen1 x1"", ""util_pct"": 100.0, ""power_w"": 145.96, ""vram_used_mib"": 5638.0}, {""index"": 7, ""name"": ""NVIDIA P104-100"", ""pci_bus"": ""00000000:10:00.0"", ""pcie"": ""Gen1 x1"", ""util_pct"": 88.0, ""power_w"": 152.1, ""vram_used_mib"": 5876.0}, {""index"": 8, ""name"": ""NVIDIA P104-100"", ""pci_bus"": ""00000000:11:00.0"", ""pcie"": ""Gen1 x1"", ""util_pct"": 99.0, ""power_w"": 154.44, ""vram_used_mib"": 5638.0}, {""index"": 9, ""name"": ""NVIDIA P104-100"", ""pci_bus"": ""00000000:12:00.0"", ""pcie"": ""Gen1 x1"", ""util_pct"": 80.0, ""power_w"": 160.92, ""vram_used_mib"": 4894.0}, {""index"": 10, ""name"": ""NVIDIA P104-100"", ""pci_bus"": ""00000000:13:00.0"", ""pcie"": ""Gen1 x1"", ""util_pct"": 99.0, ""power_w"": 150.73, ""vram_used_mib"": 6620.0}, {""index"": 11, ""name"": ""NVIDIA P104-100"", ""pci_bus"": ""00000000:14:00.0"", ""pcie"": ""Gen1 x1"", ""util_pct"": 64.0, ""power_w"": 70.43, ""vram_used_mib"": 7750.0}]"
2026-08-16T18:22:11.372004+03:00,1786893731.372004,ctx_016384.txt,1,1,prefill,35.8913813459268,"[8.530805687203792, 26.88679245283019, 8.018867924528301, 100.0]",15875.55078125,9775.65625,6099.89453125,61.57680060804977,24575.99609375,402.89453125,1.6393823050470837,"[{""index"": 0, ""name"": ""NVIDIA P104-100"", ""pci_bus"": ""00000000:01:00.0"", ""pcie"": ""Gen1 x1"", ""util_pct"": 97.0, ""power_w"": 141.62, ""vram_used_mib"": 5638.0}, {""index"": 1, ""name"": ""NVIDIA P104-100"", ""pci_bus"": ""00000000:02:00.0"", ""pcie"": ""Gen1 x1"", ""util_pct"": 75.0, ""power_w"": 146.67, ""vram_used_mib"": 4894.0}, {""index"": 2, ""name"": ""NVIDIA P104-100"", ""pci_bus"": ""00000000:0A:00.0"", ""pcie"": ""Gen1 x1"", ""util_pct"": 99.0, ""power_w"": 152.93, ""vram_used_mib"": 6620.0}, {""index"": 3, ""name"": ""NVIDIA P104-100"", ""pci_bus"": ""00000000:0C:00.0"", ""pcie"": ""Gen1 x1"", ""util_pct"": 87.0, ""power_w"": 158.0, ""vram_used_mib"": 4894.0}, {""index"": 4, ""name"": ""NVIDIA P104-100"", ""pci_bus"": ""00000000:0D:00.0"", ""pcie"": ""Gen1 x1"", ""util_pct"": 99.0, ""power_w"": 159.41, ""vram_used_mib"": 6620.0}, {""index"": 5, ""name"": ""NVIDIA P104-100"", ""pci_bus"": ""00000000:0E:00.0"", ""pcie"": ""Gen1 x1"", ""util_pct"": 88.0, ""power_w"": 143.69, ""vram_used_mib"": 4894.0}, {""index"": 6, ""name"": ""NVIDIA P104-100"", ""pci_bus"": ""00000000:0F:00.0"", ""pcie"": ""Gen1 x1"", ""util_pct"": 99.0, ""power_w"": 147.42, ""vram_used_mib"": 5638.0}, {""index"": 7, ""name"": ""NVIDIA P104-100"", ""pci_bus"": ""00000000:10:00.0"", ""pcie"": ""Gen1 x1"", ""util_pct"": 88.0, ""power_w"": 148.33, ""vram_used_mib"": 5876.0}, {""index"": 8, ""name"": ""NVIDIA P104-100"", ""pci_bus"": ""00000000:11:00.0"", ""pcie"": ""Gen1 x1"", ""util_pct"": 99.0, ""power_w"": 148.29, ""vram_used_mib"": 5638.0}, {""index"": 9, ""name"": ""NVIDIA P104-100"", ""pci_bus"": ""00000000:12:00.0"", ""pcie"": ""Gen1 x1"", ""util_pct"": 88.0, ""power_w"": 156.41, ""vram_used_mib"": 4894.0}, {""index"": 10, ""name"": ""NVIDIA P104-100"", ""pci_bus"": ""00000000:13:00.0"", ""pcie"": ""Gen1 x1"", ""util_pct"": 100.0, ""power_w"": 150.28, ""vram_used_mib"": 6620.0}, {""index"": 11, ""name"": ""NVIDIA P104-100"", ""pci_bus"": ""00000000:14:00.0"", ""pcie"": ""Gen1 x1"", ""util_pct"": 50.0, ""power_w"": 61.55, ""vram_used_mib"": 7750.0}]"
2026-08-16T18:22:13.513040+03:00,1786893733.513040,ctx_016384.txt,1,1,prefill,50.588235294117645,"[33.177570093457945, 59.81308411214953, 12.264150943396226, 98.08612440191388]",15875.55078125,9731.3671875,6144.18359375,61.297824066635485,24575.99609375,402.89453125,1.6393823050470837,"[{""index"": 0, ""name"": ""NVIDIA P104-100"", ""pci_bus"": ""00000000:01:00.0"", ""pcie"": ""Gen1 x1"", ""util_pct"": 96.0, ""power_w"": 140.2, ""vram_used_mib"": 5638.0}, {""index"": 1, ""name"": ""NVIDIA P104-100"", ""pci_bus"": ""00000000:02:00.0"", ""pcie"": ""Gen1 x1"", ""util_pct"": 86.0, ""power_w"": 144.85, ""vram_used_mib"": 4894.0}, {""index"": 2, ""name"": ""NVIDIA P104-100"", ""pci_bus"": ""00000000:0A:00.0"", ""pcie"": ""Gen1 x1"", ""util_pct"": 99.0, ""power_w"": 156.57, ""vram_used_mib"": 6620.0}, {""index"": 3, ""name"": ""NVIDIA P104-100"", ""pci_bus"": ""00000000:0C:00.0"", ""pcie"": ""Gen1 x1"", ""util_pct"": 87.0, ""power_w"": 162.63, ""vram_used_mib"": 4894.0}, {""index"": 4, ""name"": ""NVIDIA P104-100"", ""pci_bus"": ""00000000:0D:00.0"", ""pcie"": ""Gen1 x1"", ""util_pct"": 100.0, ""power_w"": 154.21, ""vram_used_mib"": 6620.0}, {""index"": 5, ""name"": ""NVIDIA P104-100"", ""pci_bus"": ""00000000:0E:00.0"", ""pcie"": ""Gen1 x1"", ""util_pct"": 87.0, ""power_w"": 113.39, ""vram_used_mib"": 4894.0}, {""index"": 6, ""name"": ""NVIDIA P104-100"", ""pci_bus"": ""00000000:0F:00.0"", ""pcie"": ""Gen1 x1"", ""util_pct"": 98.0, ""power_w"": 150.7, ""vram_used_mib"": 5638.0}, {""index"": 7, ""name"": ""NVIDIA P104-100"", ""pci_bus"": ""00000000:10:00.0"", ""pcie"": ""Gen1 x1"", ""util_pct"": 88.0, ""power_w"": 91.3, ""vram_used_mib"": 5876.0}, {""index"": 8, ""name"": ""NVIDIA P104-100"", ""pci_bus"": ""00000000:11:00.0"", ""pcie"": ""Gen1 x1"", ""util_pct"": 99.0, ""power_w"": 154.56, ""vram_used_mib"": 5638.0}, {""index"": 9, ""name"": ""NVIDIA P104-100"", ""pci_bus"": ""00000000:12:00.0"", ""pcie"": ""Gen1 x1"", ""util_pct"": 87.0, ""power_w"": 76.02, ""vram_used_mib"": 4894.0}, {""index"": 10, ""name"": ""NVIDIA P104-100"", ""pci_bus"": ""00000000:13:00.0"", ""pcie"": ""Gen1 x1"", ""util_pct"": 100.0, ""power_w"": 108.35, ""vram_used_mib"": 6620.0}, {""index"": 11, ""name"": ""NVIDIA P104-100"", ""pci_bus"": ""00000000:14:00.0"", ""pcie"": ""Gen1 x1"", ""util_pct"": 40.0, ""power_w"": 89.45, ""vram_used_mib"": 7750.0}]"
2026-08-16T18:22:15.695798+03:00,1786893735.695798,ctx_016384.txt,1,1,prefill,38.96551724137931,"[25.229357798165136, 100.0, 15.596330275229358, 15.137614678899082]",15875.55078125,9846.328125,6029.22265625,62.02196232857079,24575.99609375,402.89453125,1.6393823050470837,"[{""index"": 0, ""name"": ""NVIDIA P104-100"", ""pci_bus"": ""00000000:01:00.0"", ""pcie"": ""Gen1 x1"", ""util_pct"": 98.0, ""power_w"": 144.43, ""vram_used_mib"": 5638.0}, {""index"": 1, ""name"": ""NVIDIA P104-100"", ""pci_bus"": ""00000000:02:00.0"", ""pcie"": ""Gen1 x1"", ""util_pct"": 87.0, ""power_w"": 152.42, ""vram_used_mib"": 4894.0}, {""index"": 2, ""name"": ""NVIDIA P104-100"", ""pci_bus"": ""00000000:0A:00.0"", ""pcie"": ""Gen1 x1"", ""util_pct"": 98.0, ""power_w"": 158.99, ""vram_used_mib"": 6620.0}, {""index"": 3, ""name"": ""NVIDIA P104-100"", ""pci_bus"": ""00000000:0C:00.0"", ""pcie"": ""Gen1 x1"", ""util_pct"": 87.0, ""power_w"": 154.94, ""vram_used_mib"": 4894.0}, {""index"": 4, ""name"": ""NVIDIA P104-100"", ""pci_bus"": ""00000000:0D:00.0"", ""pcie"": ""Gen1 x1"", ""util_pct"": 98.0, ""power_w"": 150.08, ""vram_used_mib"": 6620.0}, {""index"": 5, ""name"": ""NVIDIA P104-100"", ""pci_bus"": ""00000000:0E:00.0"", ""pcie"": ""Gen1 x1"", ""util_pct"": 88.0, ""power_w"": 107.05, ""vram_used_mib"": 4894.0}, {""index"": 6, ""name"": ""NVIDIA P104-100"", ""pci_bus"": ""00000000:0F:00.0"", ""pcie"": ""Gen1 x1"", ""util_pct"": 99.0, ""power_w"": 147.38, ""vram_used_mib"": 5638.0}, {""index"": 7, ""name"": ""NVIDIA P104-100"", ""pci_bus"": ""00000000:10:00.0"", ""pcie"": ""Gen1 x1"", ""util_pct"": 77.0, ""power_w"": 97.69, ""vram_used_mib"": 5876.0}, {""index"": 8, ""name"": ""NVIDIA P104-100"", ""pci_bus"": ""00000000:11:00.0"", ""pcie"": ""Gen1 x1"", ""util_pct"": 98.0, ""power_w"": 155.4, ""vram_used_mib"": 5638.0}, {""index"": 9, ""name"": ""NVIDIA P104-100"", ""pci_bus"": ""00000000:12:00.0"", ""pcie"": ""Gen1 x1"", ""util_pct"": 87.0, ""power_w"": 79.08, ""vram_used_mib"": 4894.0}, {""index"": 10, ""name"": ""NVIDIA P104-100"", ""pci_bus"": ""00000000:13:00.0"", ""pcie"": ""Gen1 x1"", ""util_pct"": 99.0, ""power_w"": 141.8, ""vram_used_mib"": 6620.0}, {""index"": 11, ""name"": ""NVIDIA P104-100"", ""pci_bus"": ""00000000:14:00.0"", ""pcie"": ""Gen1 x1"", ""util_pct"": 40.0, ""power_w"": 56.25, ""vram_used_mib"": 7750.0}]"
2026-08-16T18:22:17.833844+03:00,1786893737.833844,ctx_016384.txt,1,1,prefill,36.45955451348183,"[23.004694835680752, 100.0, 13.145539906103286, 9.813084112149532]",15875.55078125,9827.98046875,6047.5703125,61.90639055091839,24575.99609375,402.89453125,1.6393823050470837,"[{""index"": 0, ""name"": ""NVIDIA P104-100"", ""pci_bus"": ""00000000:01:00.0"", ""pcie"": ""Gen1 x1"", ""util_pct"": 97.0, ""power_w"": 145.0, ""vram_used_mib"": 5638.0}, {""index"": 1, ""name"": ""NVIDIA P104-100"", ""pci_bus"": ""00000000:02:00.0"", ""pcie"": ""Gen1 x1"", ""util_pct"": 87.0, ""power_w"": 146.26, ""vram_used_mib"": 4894.0}, {""index"": 2, ""name"": ""NVIDIA P104-100"", ""pci_bus"": ""00000000:0A:00.0"", ""pcie"": ""Gen1 x1"", ""util_pct"": 98.0, ""power_w"": 150.82, ""vram_used_mib"": 6620.0}, {""index"": 3, ""name"": ""NVIDIA P104-100"", ""pci_bus"": ""00000000:0C:00.0"", ""pcie"": ""Gen1 x1"", ""util_pct"": 87.0, ""power_w"": 160.36, ""vram_used_mib"": 4894.0}, {""index"": 4, ""name"": ""NVIDIA P104-100"", ""pci_bus"": ""00000000:0D:00.0"", ""pcie"": ""Gen1 x1"", ""util_pct"": 98.0, ""power_w"": 159.75, ""vram_used_mib"": 6620.0}, {""index"": 5, ""name"": ""NVIDIA P104-100"", ""pci_bus"": ""00000000:0E:00.0"", ""pcie"": ""Gen1 x1"", ""util_pct"": 87.0, ""power_w"": 137.09, ""vram_used_mib"": 4894.0}, {""index"": 6, ""name"": ""NVIDIA P104-100"", ""pci_bus"": ""00000000:0F:00.0"", ""pcie"": ""Gen1 x1"", ""util_pct"": 98.0, ""power_w"": 143.55, ""vram_used_mib"": 5638.0}, {""index"": 7, ""name"": ""NVIDIA P104-100"", ""pci_bus"": ""00000000:10:00.0"", ""pcie"": ""Gen1 x1"", ""util_pct"": 75.0, ""power_w"": 154.01, ""vram_used_mib"": 5876.0}, {""index"": 8, ""name"": ""NVIDIA P104-100"", ""pci_bus"": ""00000000:11:00.0"", ""pcie"": ""Gen1 x1"", ""util_pct"": 97.0, ""power_w"": 155.34, ""vram_used_mib"": 5638.0}, {""index"": 9, ""name"": ""NVIDIA P104-100"", ""pci_bus"": ""00000000:12:00.0"", ""pcie"": ""Gen1 x1"", ""util_pct"": 85.0, ""power_w"": 120.08, ""vram_used_mib"": 4894.0}, {""index"": 10, ""name"": ""NVIDIA P104-100"", ""pci_bus"": ""00000000:13:00.0"", ""pcie"": ""Gen1 x1"", ""util_pct"": 99.0, ""power_w"": 154.0, ""vram_used_mib"": 6620.0}, {""index"": 11, ""name"": ""NVIDIA P104-100"", ""pci_bus"": ""00000000:14:00.0"", ""pcie"": ""Gen1 x1"", ""util_pct"": 40.0, ""power_w"": 57.59, ""vram_used_mib"": 7750.0}]"
2026-08-16T18:22:19.975077+03:00,1786893739.975077,ctx_016384.txt,1,1,prefill,36.6822429906542,"[10.7981220657277, 100.0, 25.821596244131456, 9.433962264150944]",15875.55078125,9733.625,6141.92578125,61.312046014151576,24575.99609375,402.89453125,1.6393823050470837,"[{""index"": 0, ""name"": ""NVIDIA P104-100"", ""pci_bus"": ""00000000:01:00.0"", ""pcie"": ""Gen1 x1"", ""util_pct"": 98.0, ""power_w"": 132.26, ""vram_used_mib"": 5638.0}, {""index"": 1, ""name"": ""NVIDIA P104-100"", ""pci_bus"": ""00000000:02:00.0"", ""pcie"": ""Gen1 x1"", ""util_pct"": 87.0, ""power_w"": 139.79, ""vram_used_mib"": 4894.0}, {""index"": 2, ""name"": ""NVIDIA P104-100"", ""pci_bus"": ""00000000:0A:00.0"", ""pcie"": ""Gen1 x1"", ""util_pct"": 97.0, ""power_w"": 150.87, ""vram_used_mib"": 6620.0}, {""index"": 3, ""name"": ""NVIDIA P104-100"", ""pci_bus"": ""00000000:0C:00.0"", ""pcie"": ""Gen1 x1"", ""util_pct"": 86.0, ""power_w"": 158.0, ""vram_used_mib"": 4894.0}, {""index"": 4, ""name"": ""NVIDIA P104-100"", ""pci_bus"": ""00000000:0D:00.0"", ""pcie"": ""Gen1 x1"", ""util_pct"": 98.0, ""power_w"": 157.69, ""vram_used_mib"": 6620.0}, {""index"": 5, ""name"": ""NVIDIA P104-100"", ""pci_bus"": ""00000000:0E:00.0"", ""pcie"": ""Gen1 x1"", ""util_pct"": 87.0, ""power_w"": 132.05, ""vram_used_mib"": 4894.0}, {""index"": 6, ""name"": ""NVIDIA P104-100"", ""pci_bus"": ""00000000:0F:00.0"", ""pcie"": ""Gen1 x1"", ""util_pct"": 99.0, ""power_w"": 145.41, ""vram_used_mib"": 5638.0}, {""index"": 7, ""name"": ""NVIDIA P104-100"", ""pci_bus"": ""00000000:10:00.0"", ""pcie"": ""Gen1 x1"", ""util_pct"": 79.0, ""power_w"": 145.93, ""vram_used_mib"": 5876.0}, {""index"": 8, ""name"": ""NVIDIA P104-100"", ""pci_bus"": ""00000000:11:00.0"", ""pcie"": ""Gen1 x1"", ""util_pct"": 96.0, ""power_w"": 149.4, ""vram_used_mib"": 5638.0}, {""index"": 9, ""name"": ""NVIDIA P104-100"", ""pci_bus"": ""00000000:12:00.0"", ""pcie"": ""Gen1 x1"", ""util_pct"": 78.0, ""power_w"": 158.45, ""vram_used_mib"": 4894.0}, {""index"": 10, ""name"": ""NVIDIA P104-100"", ""pci_bus"": ""00000000:13:00.0"", ""pcie"": ""Gen1 x1"", ""util_pct"": 100.0, ""power_w"": 154.37, ""vram_used_mib"": 6620.0}, {""index"": 11, ""name"": ""NVIDIA P104-100"", ""pci_bus"": ""00000000:14:00.0"", ""pcie"": ""Gen1 x1"", ""util_pct"": 46.0, ""power_w"": 144.95, ""vram_used_mib"": 7750.0}]"
2026-08-16T18:22:22.091313+03:00,1786893742.091313,ctx_016384.txt,1,1,prefill,36.72985781990521,"[13.744075829383887, 100.0, 12.264150943396226, 21.22641509433962]",15875.55078125,9806.06640625,6069.484375,61.768354001497485,24575.99609375,402.890625,1.6393664104726173,"[{""index"": 0, ""name"": ""NVIDIA P104-100"", ""pci_bus"": ""00000000:01:00.0"", ""pcie"": ""Gen1 x1"", ""util_pct"": 0.0, ""power_w"": 51.46, ""vram_used_mib"": 5638.0}, {""index"": 1, ""name"": ""NVIDIA P104-100"", ""pci_bus"": ""00000000:02:00.0"", ""pcie"": ""Gen1 x1"", ""util_pct"": 0.0, ""power_w"": 54.65, ""vram_used_mib"": 4894.0}, {""index"": 2, ""name"": ""NVIDIA P104-100"", ""pci_bus"": ""00000000:0A:00.0"", ""pcie"": ""Gen1 x1"", ""util_pct"": 73.0, ""power_w"": 52.51, ""vram_used_mib"": 6620.0}, {""index"": 3, ""name"": ""NVIDIA P104-100"", ""pci_bus"": ""00000000:0C:00.0"", ""pcie"": ""Gen1 x1"", ""util_pct"": 60.0, ""power_w"": 56.07, ""vram_used_mib"": 4894.0}, {""index"": 4, ""name"": ""NVIDIA P104-100"", ""pci_bus"": ""00000000:0D:00.0"", ""pcie"": ""Gen1 x1"", ""util_pct"": 0.0, ""power_w"": 151.05, ""vram_used_mib"": 6620.0}, {""index"": 5, ""name"": ""NVIDIA P104-100"", ""pci_bus"": ""00000000:0E:00.0"", ""pcie"": ""Gen1 x1"", ""util_pct"": 0.0, ""power_w"": 51.81, ""vram_used_mib"": 4894.0}, {""index"": 6, ""name"": ""NVIDIA P104-100"", ""pci_bus"": ""00000000:0F:00.0"", ""pcie"": ""Gen1 x1"", ""util_pct"": 0.0, ""power_w"": 55.26, ""vram_used_mib"": 5638.0}, {""index"": 7, ""name"": ""NVIDIA P104-100"", ""pci_bus"": ""00000000:10:00.0"", ""pcie"": ""Gen1 x1"", ""util_pct"": 0.0, ""power_w"": 56.12, ""vram_used_mib"": 5876.0}, {""index"": 8, ""name"": ""NVIDIA P104-100"", ""pci_bus"": ""00000000:11:00.0"", ""pcie"": ""Gen1 x1"", ""util_pct"": 0.0, ""power_w"": 52.85, ""vram_used_mib"": 5638.0}, {""index"": 9, ""name"": ""NVIDIA P104-100"", ""pci_bus"": ""00000000:12:00.0"", ""pcie"": ""Gen1 x1"", ""util_pct"": 0.0, ""power_w"": 56.0, ""vram_used_mib"": 4894.0}, {""index"": 10, ""name"": ""NVIDIA P104-100"", ""pci_bus"": ""00000000:13:00.0"", ""pcie"": ""Gen1 x1"", ""util_pct"": 0.0, ""power_w"": 54.12, ""vram_used_mib"": 6620.0}, {""index"": 11, ""name"": ""NVIDIA P104-100"", ""pci_bus"": ""00000000:14:00.0"", ""pcie"": ""Gen1 x1"", ""util_pct"": 0.0, ""power_w"": 55.37, ""vram_used_mib"": 7750.0}]"
2026-08-16T18:22:24.215657+03:00,1786893744.215657,ctx_016384.txt,1,1,prefill,36.556603773584904,"[13.270142180094787, 100.0, 21.80094786729858, 10.849056603773585]",15875.55078125,9809.8671875,6065.68359375,61.79229509999776,24575.99609375,402.890625,1.6393664104726173,"[{""index"": 0, ""name"": ""NVIDIA P104-100"", ""pci_bus"": ""00000000:01:00.0"", ""pcie"": ""Gen1 x1"", ""util_pct"": 0.0, ""power_w"": 51.36, ""vram_used_mib"": 5638.0}, {""index"": 1, ""name"": ""NVIDIA P104-100"", ""pci_bus"": ""00000000:02:00.0"", ""pcie"": ""Gen1 x1"", ""util_pct"": 0.0, ""power_w"": 54.39, ""vram_used_mib"": 4894.0}, {""index"": 2, ""name"": ""NVIDIA P104-100"", ""pci_bus"": ""00000000:0A:00.0"", ""pcie"": ""Gen1 x1"", ""util_pct"": 0.0, ""power_w"": 52.26, ""vram_used_mib"": 6620.0}, {""index"": 3, ""name"": ""NVIDIA P104-100"", ""pci_bus"": ""00000000:0C:00.0"", ""pcie"": ""Gen1 x1"", ""util_pct"": 0.0, ""power_w"": 56.96, ""vram_used_mib"": 4894.0}, {""index"": 4, ""name"": ""NVIDIA P104-100"", ""pci_bus"": ""00000000:0D:00.0"", ""pcie"": ""Gen1 x1"", ""util_pct"": 0.0, ""power_w"": 55.1, ""vram_used_mib"": 6620.0}, {""index"": 5, ""name"": ""NVIDIA P104-100"", ""pci_bus"": ""00000000:0E:00.0"", ""pcie"": ""Gen1 x1"", ""util_pct"": 0.0, ""power_w"": 51.26, ""vram_used_mib"": 4894.0}, {""index"": 6, ""name"": ""NVIDIA P104-100"", ""pci_bus"": ""00000000:0F:00.0"", ""pcie"": ""Gen1 x1"", ""util_pct"": 0.0, ""power_w"": 52.53, ""vram_used_mib"": 5638.0}, {""index"": 7, ""name"": ""NVIDIA P104-100"", ""pci_bus"": ""00000000:10:00.0"", ""pcie"": ""Gen1 x1"", ""util_pct"": 0.0, ""power_w"": 53.63, ""vram_used_mib"": 5876.0}, {""index"": 8, ""name"": ""NVIDIA P104-100"", ""pci_bus"": ""00000000:11:00.0"", ""pcie"": ""Gen1 x1"", ""util_pct"": 0.0, ""power_w"": 51.13, ""vram_used_mib"": 5638.0}, {""index"": 9, ""name"": ""NVIDIA P104-100"", ""pci_bus"": ""00000000:12:00.0"", ""pcie"": ""Gen1 x1"", ""util_pct"": 0.0, ""power_w"": 55.65, ""vram_used_mib"": 4894.0}, {""index"": 10, ""name"": ""NVIDIA P104-100"", ""pci_bus"": ""00000000:13:00.0"", ""pcie"": ""Gen1 x1"", ""util_pct"": 0.0, ""power_w"": 53.77, ""vram_used_mib"": 6620.0}, {""index"": 11, ""name"": ""NVIDIA P104-100"", ""pci_bus"": ""00000000:14:00.0"", ""pcie"": ""Gen1 x1"", ""util_pct"": 99.0, ""power_w"": 133.15, ""vram_used_mib"": 7750.0}]"
2026-08-16T18:22:26.346687+03:00,1786893746.346687,ctx_016384.txt,1,1,prefill,36.78025851938895,"[17.92452830188679, 100.0, 17.92452830188679, 10.377358490566039]",15875.55078125,9781.60546875,6093.9453125,61.614274701591306,24575.99609375,402.890625,1.6393664104726173,"[{""index"": 0, ""name"": ""NVIDIA P104-100"", ""pci_bus"": ""00000000:01:00.0"", ""pcie"": ""Gen1 x1"", ""util_pct"": 0.0, ""power_w"": 43.72, ""vram_used_mib"": 5638.0}, {""index"": 1, ""name"": ""NVIDIA P104-100"", ""pci_bus"": ""00000000:02:00.0"", ""pcie"": ""Gen1 x1"", ""util_pct"": 0.0, ""power_w"": 44.42, ""vram_used_mib"": 4894.0}, {""index"": 2, ""name"": ""NVIDIA P104-100"", ""pci_bus"": ""00000000:0A:00.0"", ""pcie"": ""Gen1 x1"", ""util_pct"": 0.0, ""power_w"": 43.04, ""vram_used_mib"": 6620.0}, {""index"": 3, ""name"": ""NVIDIA P104-100"", ""pci_bus"": ""00000000:0C:00.0"", ""pcie"": ""Gen1 x1"", ""util_pct"": 0.0, ""power_w"": 46.82, ""vram_used_mib"": 4894.0}, {""index"": 4, ""name"": ""NVIDIA P104-100"", ""pci_bus"": ""00000000:0D:00.0"", ""pcie"": ""Gen1 x1"", ""util_pct"": 0.0, ""power_w"": 45.09, ""vram_used_mib"": 6620.0}, {""index"": 5, ""name"": ""NVIDIA P104-100"", ""pci_bus"": ""00000000:0E:00.0"", ""pcie"": ""Gen1 x1"", ""util_pct"": 0.0, ""power_w"": 51.37, ""vram_used_mib"": 4894.0}, {""index"": 6, ""name"": ""NVIDIA P104-100"", ""pci_bus"": ""00000000:0F:00.0"", ""pcie"": ""Gen1 x1"", ""util_pct"": 0.0, ""power_w"": 46.09, ""vram_used_mib"": 5638.0}, {""index"": 7, ""name"": ""NVIDIA P104-100"", ""pci_bus"": ""00000000:10:00.0"", ""pcie"": ""Gen1 x1"", ""util_pct"": 0.0, ""power_w"": 45.82, ""vram_used_mib"": 5876.0}, {""index"": 8, ""name"": ""NVIDIA P104-100"", ""pci_bus"": ""00000000:11:00.0"", ""pcie"": ""Gen1 x1"", ""util_pct"": 0.0, ""power_w"": 43.18, ""vram_used_mib"": 5638.0}, {""index"": 9, ""name"": ""NVIDIA P104-100"", ""pci_bus"": ""00000000:12:00.0"", ""pcie"": ""Gen1 x1"", ""util_pct"": 0.0, ""power_w"": 45.23, ""vram_used_mib"": 4894.0}, {""index"": 10, ""name"": ""NVIDIA P104-100"", ""pci_bus"": ""00000000:13:00.0"", ""pcie"": ""Gen1 x1"", ""util_pct"": 0.0, ""power_w"": 45.36, ""vram_used_mib"": 6620.0}, {""index"": 11, ""name"": ""NVIDIA P104-100"", ""pci_bus"": ""00000000:14:00.0"", ""pcie"": ""Gen1 x1"", ""util_pct"": 99.0, ""power_w"": 107.34, ""vram_used_mib"": 7750.0}]"
2026-08-16T18:22:28.487564+03:00,1786893748.487564,ctx_016384.txt,1,1,prefill,37.86635404454865,"[19.1588785046729, 100.0, 17.289719626168225, 15.492957746478874]",15875.55078125,10144.91796875,5730.6328125,63.902777979405734,24575.99609375,402.890625,1.6393664104726173,"[{""index"": 0, ""name"": ""NVIDIA P104-100"", ""pci_bus"": ""00000000:01:00.0"", ""pcie"": ""Gen1 x1"", ""util_pct"": 96.0, ""power_w"": 73.3, ""vram_used_mib"": 5638.0}, {""index"": 1, ""name"": ""NVIDIA P104-100"", ""pci_bus"": ""00000000:02:00.0"", ""pcie"": ""Gen1 x1"", ""util_pct"": 86.0, ""power_w"": 79.63, ""vram_used_mib"": 4894.0}, {""index"": 2, ""name"": ""NVIDIA P104-100"", ""pci_bus"": ""00000000:0A:00.0"", ""pcie"": ""Gen1 x1"", ""util_pct"": 100.0, ""power_w"": 107.84, ""vram_used_mib"": 6620.0}, {""index"": 3, ""name"": ""NVIDIA P104-100"", ""pci_bus"": ""00000000:0C:00.0"", ""pcie"": ""Gen1 x1"", ""util_pct"": 91.0, ""power_w"": 115.79, ""vram_used_mib"": 4894.0}, {""index"": 4, ""name"": ""NVIDIA P104-100"", ""pci_bus"": ""00000000:0D:00.0"", ""pcie"": ""Gen1 x1"", ""util_pct"": 4.0, ""power_w"": 97.46, ""vram_used_mib"": 6620.0}, {""index"": 5, ""name"": ""NVIDIA P104-100"", ""pci_bus"": ""00000000:0E:00.0"", ""pcie"": ""Gen1 x1"", ""util_pct"": 0.0, ""power_w"": 121.16, ""vram_used_mib"": 4894.0}, {""index"": 6, ""name"": ""NVIDIA P104-100"", ""pci_bus"": ""00000000:0F:00.0"", ""pcie"": ""Gen1 x1"", ""util_pct"": 0.0, ""power_w"": 46.0, ""vram_used_mib"": 5638.0}, {""index"": 7, ""name"": ""NVIDIA P104-100"", ""pci_bus"": ""00000000:10:00.0"", ""pcie"": ""Gen1 x1"", ""util_pct"": 0.0, ""power_w"": 45.79, ""vram_used_mib"": 5876.0}, {""index"": 8, ""name"": ""NVIDIA P104-100"", ""pci_bus"": ""00000000:11:00.0"", ""pcie"": ""Gen1 x1"", ""util_pct"": 0.0, ""power_w"": 43.12, ""vram_used_mib"": 5638.0}, {""index"": 9, ""name"": ""NVIDIA P104-100"", ""pci_bus"": ""00000000:12:00.0"", ""pcie"": ""Gen1 x1"", ""util_pct"": 0.0, ""power_w"": 44.95, ""vram_used_mib"": 4894.0}, {""index"": 10, ""name"": ""NVIDIA P104-100"", ""pci_bus"": ""00000000:13:00.0"", ""pcie"": ""Gen1 x1"", ""util_pct"": 0.0, ""power_w"": 45.41, ""vram_used_mib"": 6620.0}, {""index"": 11, ""name"": ""NVIDIA P104-100"", ""pci_bus"": ""00000000:14:00.0"", ""pcie"": ""Gen1 x1"", ""util_pct"": 0.0, ""power_w"": 55.76, ""vram_used_mib"": 7750.0}]"
2026-08-16T18:22:30.610616+03:00,1786893750.610616,ctx_016384.txt,1,1,prefill,37.14622641509434,"[16.9811320754717, 100.0, 14.553990610328638, 16.587677725118482]",15875.55078125,10097.48046875,5778.0703125,63.60396944889461,24575.99609375,402.890625,1.6393664104726173,"[{""index"": 0, ""name"": ""NVIDIA P104-100"", ""pci_bus"": ""00000000:01:00.0"", ""pcie"": ""Gen1 x1"", ""util_pct"": 98.0, ""power_w"": 143.85, ""vram_used_mib"": 5638.0}, {""index"": 1, ""name"": ""NVIDIA P104-100"", ""pci_bus"": ""00000000:02:00.0"", ""pcie"": ""Gen1 x1"", ""util_pct"": 77.0, ""power_w"": 151.47, ""vram_used_mib"": 4894.0}, {""index"": 2, ""name"": ""NVIDIA P104-100"", ""pci_bus"": ""00000000:0A:00.0"", ""pcie"": ""Gen1 x1"", ""util_pct"": 99.0, ""power_w"": 159.59, ""vram_used_mib"": 6620.0}, {""index"": 3, ""name"": ""NVIDIA P104-100"", ""pci_bus"": ""00000000:0C:00.0"", ""pcie"": ""Gen1 x1"", ""util_pct"": 87.0, ""power_w"": 156.44, ""vram_used_mib"": 4894.0}, {""index"": 4, ""name"": ""NVIDIA P104-100"", ""pci_bus"": ""00000000:0D:00.0"", ""pcie"": ""Gen1 x1"", ""util_pct"": 99.0, ""power_w"": 153.04, ""vram_used_mib"": 6620.0}, {""index"": 5, ""name"": ""NVIDIA P104-100"", ""pci_bus"": ""00000000:0E:00.0"", ""pcie"": ""Gen1 x1"", ""util_pct"": 87.0, ""power_w"": 136.39, ""vram_used_mib"": 4894.0}, {""index"": 6, ""name"": ""NVIDIA P104-100"", ""pci_bus"": ""00000000:0F:00.0"", ""pcie"": ""Gen1 x1"", ""util_pct"": 99.0, ""power_w"": 149.52, ""vram_used_mib"": 5638.0}, {""index"": 7, ""name"": ""NVIDIA P104-100"", ""pci_bus"": ""00000000:10:00.0"", ""pcie"": ""Gen1 x1"", ""util_pct"": 88.0, ""power_w"": 155.13, ""vram_used_mib"": 5876.0}, {""index"": 8, ""name"": ""NVIDIA P104-100"", ""pci_bus"": ""00000000:11:00.0"", ""pcie"": ""Gen1 x1"", ""util_pct"": 98.0, ""power_w"": 156.63, ""vram_used_mib"": 5638.0}, {""index"": 9, ""name"": ""NVIDIA P104-100"", ""pci_bus"": ""00000000:12:00.0"", ""pcie"": ""Gen1 x1"", ""util_pct"": 87.0, ""power_w"": 157.14, ""vram_used_mib"": 4894.0}, {""index"": 10, ""name"": ""NVIDIA P104-100"", ""pci_bus"": ""00000000:13:00.0"", ""pcie"": ""Gen1 x1"", ""util_pct"": 100.0, ""power_w"": 149.63, ""vram_used_mib"": 6620.0}, {""index"": 11, ""name"": ""NVIDIA P104-100"", ""pci_bus"": ""00000000:14:00.0"", ""pcie"": ""Gen1 x1"", ""util_pct"": 56.0, ""power_w"": 69.46, ""vram_used_mib"": 7750.0}]"
2026-08-16T18:22:32.750205+03:00,1786893752.750205,ctx_016384.txt,1,1,prefill,36.41686182669789,"[24.299065420560748, 100.0, 7.042253521126761, 14.084507042253522]",15875.55078125,10124.76953125,5750.78125,63.7758630913642,24575.99609375,402.890625,1.6393664104726173,"[{""index"": 0, ""name"": ""NVIDIA P104-100"", ""pci_bus"": ""00000000:01:00.0"", ""pcie"": ""Gen1 x1"", ""util_pct"": 98.0, ""power_w"": 98.14, ""vram_used_mib"": 5638.0}, {""index"": 1, ""name"": ""NVIDIA P104-100"", ""pci_bus"": ""00000000:02:00.0"", ""pcie"": ""Gen1 x1"", ""util_pct"": 86.0, ""power_w"": 74.33, ""vram_used_mib"": 4894.0}, {""index"": 2, ""name"": ""NVIDIA P104-100"", ""pci_bus"": ""00000000:0A:00.0"", ""pcie"": ""Gen1 x1"", ""util_pct"": 99.0, ""power_w"": 110.66, ""vram_used_mib"": 6620.0}, {""index"": 3, ""name"": ""NVIDIA P104-100"", ""pci_bus"": ""00000000:0C:00.0"", ""pcie"": ""Gen1 x1"", ""util_pct"": 73.0, ""power_w"": 118.19, ""vram_used_mib"": 4894.0}, {""index"": 4, ""name"": ""NVIDIA P104-100"", ""pci_bus"": ""00000000:0D:00.0"", ""pcie"": ""Gen1 x1"", ""util_pct"": 99.0, ""power_w"": 139.77, ""vram_used_mib"": 6620.0}, {""index"": 5, ""name"": ""NVIDIA P104-100"", ""pci_bus"": ""00000000:0E:00.0"", ""pcie"": ""Gen1 x1"", ""util_pct"": 74.0, ""power_w"": 124.76, ""vram_used_mib"": 4894.0}, {""index"": 6, ""name"": ""NVIDIA P104-100"", ""pci_bus"": ""00000000:0F:00.0"", ""pcie"": ""Gen1 x1"", ""util_pct"": 98.0, ""power_w"": 135.4, ""vram_used_mib"": 5638.0}, {""index"": 7, ""name"": ""NVIDIA P104-100"", ""pci_bus"": ""00000000:10:00.0"", ""pcie"": ""Gen1 x1"", ""util_pct"": 87.0, ""power_w"": 138.38, ""vram_used_mib"": 5876.0}, {""index"": 8, ""name"": ""NVIDIA P104-100"", ""pci_bus"": ""00000000:11:00.0"", ""pcie"": ""Gen1 x1"", ""util_pct"": 98.0, ""power_w"": 149.89, ""vram_used_mib"": 5638.0}, {""index"": 9, ""name"": ""NVIDIA P104-100"", ""pci_bus"": ""00000000:12:00.0"", ""pcie"": ""Gen1 x1"", ""util_pct"": 85.0, ""power_w"": 156.65, ""vram_used_mib"": 4894.0}, {""index"": 10, ""name"": ""NVIDIA P104-100"", ""pci_bus"": ""00000000:13:00.0"", ""pcie"": ""Gen1 x1"", ""util_pct"": 100.0, ""power_w"": 148.98, ""vram_used_mib"": 6620.0}, {""index"": 11, ""name"": ""NVIDIA P104-100"", ""pci_bus"": ""00000000:14:00.0"", ""pcie"": ""Gen1 x1"", ""util_pct"": 59.0, ""power_w"": 150.07, ""vram_used_mib"": 7750.0}]"
2026-08-16T18:22:34.900719+03:00,1786893754.900719,ctx_016384.txt,1,1,prefill,36.82983682983683,"[19.1588785046729, 100.0, 14.485981308411215, 13.88888888888889]",15875.55078125,10169.890625,5705.66015625,64.06008059267629,24575.99609375,402.890625,1.6393664104726173,"[{""index"": 0, ""name"": ""NVIDIA P104-100"", ""pci_bus"": ""00000000:01:00.0"", ""pcie"": ""Gen1 x1"", ""util_pct"": 98.0, ""power_w"": 144.77, ""vram_used_mib"": 5638.0}, {""index"": 1, ""name"": ""NVIDIA P104-100"", ""pci_bus"": ""00000000:02:00.0"", ""pcie"": ""Gen1 x1"", ""util_pct"": 86.0, ""power_w"": 154.16, ""vram_used_mib"": 4894.0}, {""index"": 2, ""name"": ""NVIDIA P104-100"", ""pci_bus"": ""00000000:0A:00.0"", ""pcie"": ""Gen1 x1"", ""util_pct"": 98.0, ""power_w"": 158.93, ""vram_used_mib"": 6620.0}, {""index"": 3, ""name"": ""NVIDIA P104-100"", ""pci_bus"": ""00000000:0C:00.0"", ""pcie"": ""Gen1 x1"", ""util_pct"": 82.0, ""power_w"": 157.54, ""vram_used_mib"": 4894.0}, {""index"": 4, ""name"": ""NVIDIA P104-100"", ""pci_bus"": ""00000000:0D:00.0"", ""pcie"": ""Gen1 x1"", ""util_pct"": 99.0, ""power_w"": 148.72, ""vram_used_mib"": 6620.0}, {""index"": 5, ""name"": ""NVIDIA P104-100"", ""pci_bus"": ""00000000:0E:00.0"", ""pcie"": ""Gen1 x1"", ""util_pct"": 83.0, ""power_w"": 140.15, ""vram_used_mib"": 4894.0}, {""index"": 6, ""name"": ""NVIDIA P104-100"", ""pci_bus"": ""00000000:0F:00.0"", ""pcie"": ""Gen1 x1"", ""util_pct"": 98.0, ""power_w"": 147.96, ""vram_used_mib"": 5638.0}, {""index"": 7, ""name"": ""NVIDIA P104-100"", ""pci_bus"": ""00000000:10:00.0"", ""pcie"": ""Gen1 x1"", ""util_pct"": 86.0, ""power_w"": 154.33, ""vram_used_mib"": 5876.0}, {""index"": 8, ""name"": ""NVIDIA P104-100"", ""pci_bus"": ""00000000:11:00.0"", ""pcie"": ""Gen1 x1"", ""util_pct"": 96.0, ""power_w"": 157.24, ""vram_used_mib"": 5638.0}, {""index"": 9, ""name"": ""NVIDIA P104-100"", ""pci_bus"": ""00000000:12:00.0"", ""pcie"": ""Gen1 x1"", ""util_pct"": 74.0, ""power_w"": 157.4, ""vram_used_mib"": 4894.0}, {""index"": 10, ""name"": ""NVIDIA P104-100"", ""pci_bus"": ""00000000:13:00.0"", ""pcie"": ""Gen1 x1"", ""util_pct"": 100.0, ""power_w"": 150.25, ""vram_used_mib"": 6620.0}, {""index"": 11, ""name"": ""NVIDIA P104-100"", ""pci_bus"": ""00000000:14:00.0"", ""pcie"": ""Gen1 x1"", ""util_pct"": 50.0, ""power_w"": 59.03, ""vram_used_mib"": 7750.0}]"
2026-08-16T18:22:37.020783+03:00,1786893757.020783,ctx_016384.txt,1,1,prefill,48.03804994054697,"[14.691943127962086, 100.0, 16.9811320754717, 60.38647342995169]",15875.55078125,10042.4140625,5833.13671875,63.25710648326424,24575.99609375,402.890625,1.6393664104726173,"[{""index"": 0, ""name"": ""NVIDIA P104-100"", ""pci_bus"": ""00000000:01:00.0"", ""pcie"": ""Gen1 x1"", ""util_pct"": 98.0, ""power_w"": 133.71, ""vram_used_mib"": 5638.0}, {""index"": 1, ""name"": ""NVIDIA P104-100"", ""pci_bus"": ""00000000:02:00.0"", ""pcie"": ""Gen1 x1"", ""util_pct"": 86.0, ""power_w"": 131.38, ""vram_used_mib"": 4894.0}, {""index"": 2, ""name"": ""NVIDIA P104-100"", ""pci_bus"": ""00000000:0A:00.0"", ""pcie"": ""Gen1 x1"", ""util_pct"": 98.0, ""power_w"": 145.37, ""vram_used_mib"": 6620.0}, {""index"": 3, ""name"": ""NVIDIA P104-100"", ""pci_bus"": ""00000000:0C:00.0"", ""pcie"": ""Gen1 x1"", ""util_pct"": 75.0, ""power_w"": 157.01, ""vram_used_mib"": 4894.0}, {""index"": 4, ""name"": ""NVIDIA P104-100"", ""pci_bus"": ""00000000:0D:00.0"", ""pcie"": ""Gen1 x1"", ""util_pct"": 99.0, ""power_w"": 156.93, ""vram_used_mib"": 6620.0}, {""index"": 5, ""name"": ""NVIDIA P104-100"", ""pci_bus"": ""00000000:0E:00.0"", ""pcie"": ""Gen1 x1"", ""util_pct"": 75.0, ""power_w"": 132.41, ""vram_used_mib"": 4894.0}, {""index"": 6, ""name"": ""NVIDIA P104-100"", ""pci_bus"": ""00000000:0F:00.0"", ""pcie"": ""Gen1 x1"", ""util_pct"": 98.0, ""power_w"": 145.19, ""vram_used_mib"": 5638.0}, {""index"": 7, ""name"": ""NVIDIA P104-100"", ""pci_bus"": ""00000000:10:00.0"", ""pcie"": ""Gen1 x1"", ""util_pct"": 87.0, ""power_w"": 147.38, ""vram_used_mib"": 5876.0}, {""index"": 8, ""name"": ""NVIDIA P104-100"", ""pci_bus"": ""00000000:11:00.0"", ""pcie"": ""Gen1 x1"", ""util_pct"": 97.0, ""power_w"": 153.16, ""vram_used_mib"": 5638.0}, {""index"": 9, ""name"": ""NVIDIA P104-100"", ""pci_bus"": ""00000000:12:00.0"", ""pcie"": ""Gen1 x1"", ""util_pct"": 81.0, ""power_w"": 161.36, ""vram_used_mib"": 4894.0}, {""index"": 10, ""name"": ""NVIDIA P104-100"", ""pci_bus"": ""00000000:13:00.0"", ""pcie"": ""Gen1 x1"", ""util_pct"": 99.0, ""power_w"": 149.23, ""vram_used_mib"": 6620.0}, {""index"": 11, ""name"": ""NVIDIA P104-100"", ""pci_bus"": ""00000000:14:00.0"", ""pcie"": ""Gen1 x1"", ""util_pct"": 56.0, ""power_w"": 111.18, ""vram_used_mib"": 7750.0}]"
2026-08-16T18:22:39.317329+03:00,1786893759.317329,ctx_016384.txt,1,1,prefill,39.040348964013084,"[6.550218340611353, 100.0, 11.304347826086957, 38.1578947368421]",15875.55078125,10167.125,5708.42578125,64.04265993724135,24575.99609375,402.890625,1.6393664104726173,"[{""index"": 0, ""name"": ""NVIDIA P104-100"", ""pci_bus"": ""00000000:01:00.0"", ""pcie"": ""Gen1 x1"", ""util_pct"": 96.0, ""power_w"": 148.97, ""vram_used_mib"": 5638.0}, {""index"": 1, ""name"": ""NVIDIA P104-100"", ""pci_bus"": ""00000000:02:00.0"", ""pcie"": ""Gen1 x1"", ""util_pct"": 86.0, ""power_w"": 149.54, ""vram_used_mib"": 4894.0}, {""index"": 2, ""name"": ""NVIDIA P104-100"", ""pci_bus"": ""00000000:0A:00.0"", ""pcie"": ""Gen1 x1"", ""util_pct"": 99.0, ""power_w"": 149.91, ""vram_used_mib"": 6620.0}, {""index"": 3, ""name"": ""NVIDIA P104-100"", ""pci_bus"": ""00000000:0C:00.0"", ""pcie"": ""Gen1 x1"", ""util_pct"": 86.0, ""power_w"": 154.58, ""vram_used_mib"": 4894.0}, {""index"": 4, ""name"": ""NVIDIA P104-100"", ""pci_bus"": ""00000000:0D:00.0"", ""pcie"": ""Gen1 x1"", ""util_pct"": 99.0, ""power_w"": 154.95, ""vram_used_mib"": 6620.0}, {""index"": 5, ""name"": ""NVIDIA P104-100"", ""pci_bus"": ""00000000:0E:00.0"", ""pcie"": ""Gen1 x1"", ""util_pct"": 87.0, ""power_w"": 144.77, ""vram_used_mib"": 4894.0}, {""index"": 6, ""name"": ""NVIDIA P104-100"", ""pci_bus"": ""00000000:0F:00.0"", ""pcie"": ""Gen1 x1"", ""util_pct"": 96.0, ""power_w"": 150.93, ""vram_used_mib"": 5638.0}, {""index"": 7, ""name"": ""NVIDIA P104-100"", ""pci_bus"": ""00000000:10:00.0"", ""pcie"": ""Gen1 x1"", ""util_pct"": 87.0, ""power_w"": 152.05, ""vram_used_mib"": 5876.0}, {""index"": 8, ""name"": ""NVIDIA P104-100"", ""pci_bus"": ""00000000:11:00.0"", ""pcie"": ""Gen1 x1"", ""util_pct"": 97.0, ""power_w"": 151.71, ""vram_used_mib"": 5638.0}, {""index"": 9, ""name"": ""NVIDIA P104-100"", ""pci_bus"": ""00000000:12:00.0"", ""pcie"": ""Gen1 x1"", ""util_pct"": 86.0, ""power_w"": 91.35, ""vram_used_mib"": 4894.0}, {""index"": 10, ""name"": ""NVIDIA P104-100"", ""pci_bus"": ""00000000:13:00.0"", ""pcie"": ""Gen1 x1"", ""util_pct"": 100.0, ""power_w"": 154.3, ""vram_used_mib"": 6620.0}, {""index"": 11, ""name"": ""NVIDIA P104-100"", ""pci_bus"": ""00000000:14:00.0"", ""pcie"": ""Gen1 x1"", ""util_pct"": 41.0, ""power_w"": 57.53, ""vram_used_mib"": 7750.0}]"
2026-08-16T18:22:41.446676+03:00,1786893761.446676,ctx_016384.txt,1,1,prefill,36.705882352941174,"[15.96244131455399, 100.0, 14.150943396226415, 16.9811320754717]",15875.55078125,10176.5625,5698.98828125,64.10210669364079,24575.99609375,402.890625,1.6393664104726173,"[{""index"": 0, ""name"": ""NVIDIA P104-100"", ""pci_bus"": ""00000000:01:00.0"", ""pcie"": ""Gen1 x1"", ""util_pct"": 97.0, ""power_w"": 119.96, ""vram_used_mib"": 5638.0}, {""index"": 1, ""name"": ""NVIDIA P104-100"", ""pci_bus"": ""00000000:02:00.0"", ""pcie"": ""Gen1 x1"", ""util_pct"": 82.0, ""power_w"": 67.29, ""vram_used_mib"": 4894.0}, {""index"": 2, ""name"": ""NVIDIA P104-100"", ""pci_bus"": ""00000000:0A:00.0"", ""pcie"": ""Gen1 x1"", ""util_pct"": 99.0, ""power_w"": 96.59, ""vram_used_mib"": 6620.0}, {""index"": 3, ""name"": ""NVIDIA P104-100"", ""pci_bus"": ""00000000:0C:00.0"", ""pcie"": ""Gen1 x1"", ""util_pct"": 73.0, ""power_w"": 81.8, ""vram_used_mib"": 4894.0}, {""index"": 4, ""name"": ""NVIDIA P104-100"", ""pci_bus"": ""00000000:0D:00.0"", ""pcie"": ""Gen1 x1"", ""util_pct"": 99.0, ""power_w"": 116.43, ""vram_used_mib"": 6620.0}, {""index"": 5, ""name"": ""NVIDIA P104-100"", ""pci_bus"": ""00000000:0E:00.0"", ""pcie"": ""Gen1 x1"", ""util_pct"": 74.0, ""power_w"": 93.88, ""vram_used_mib"": 4894.0}, {""index"": 6, ""name"": ""NVIDIA P104-100"", ""pci_bus"": ""00000000:0F:00.0"", ""pcie"": ""Gen1 x1"", ""util_pct"": 98.0, ""power_w"": 124.3, ""vram_used_mib"": 5638.0}, {""index"": 7, ""name"": ""NVIDIA P104-100"", ""pci_bus"": ""00000000:10:00.0"", ""pcie"": ""Gen1 x1"", ""util_pct"": 88.0, ""power_w"": 125.21, ""vram_used_mib"": 5876.0}, {""index"": 8, ""name"": ""NVIDIA P104-100"", ""pci_bus"": ""00000000:11:00.0"", ""pcie"": ""Gen1 x1"", ""util_pct"": 98.0, ""power_w"": 141.52, ""vram_used_mib"": 5638.0}, {""index"": 9, ""name"": ""NVIDIA P104-100"", ""pci_bus"": ""00000000:12:00.0"", ""pcie"": ""Gen1 x1"", ""util_pct"": 86.0, ""power_w"": 131.69, ""vram_used_mib"": 4894.0}, {""index"": 10, ""name"": ""NVIDIA P104-100"", ""pci_bus"": ""00000000:13:00.0"", ""pcie"": ""Gen1 x1"", ""util_pct"": 100.0, ""power_w"": 139.17, ""vram_used_mib"": 6620.0}, {""index"": 11, ""name"": ""NVIDIA P104-100"", ""pci_bus"": ""00000000:14:00.0"", ""pcie"": ""Gen1 x1"", ""util_pct"": 64.0, ""power_w"": 137.26, ""vram_used_mib"": 7750.0}]"
2026-08-16T18:22:43.570062+03:00,1786893763.570062,ctx_016384.txt,1,1,prefill,35.8913813459268,"[13.744075829383887, 100.0, 12.322274881516588, 16.9811320754717]",15875.55078125,10193.16796875,5682.3828125,64.20670444258701,24575.99609375,402.890625,1.6393664104726173,"[{""index"": 0, ""name"": ""NVIDIA P104-100"", ""pci_bus"": ""00000000:01:00.0"", ""pcie"": ""Gen1 x1"", ""util_pct"": 96.0, ""power_w"": 145.59, ""vram_used_mib"": 5638.0}, {""index"": 1, ""name"": ""NVIDIA P104-100"", ""pci_bus"": ""00000000:02:00.0"", ""pcie"": ""Gen1 x1"", ""util_pct"": 87.0, ""power_w"": 153.02, ""vram_used_mib"": 4894.0}, {""index"": 2, ""name"": ""NVIDIA P104-100"", ""pci_bus"": ""00000000:0A:00.0"", ""pcie"": ""Gen1 x1"", ""util_pct"": 98.0, ""power_w"": 151.52, ""vram_used_mib"": 6620.0}, {""index"": 3, ""name"": ""NVIDIA P104-100"", ""pci_bus"": ""00000000:0C:00.0"", ""pcie"": ""Gen1 x1"", ""util_pct"": 86.0, ""power_w"": 153.2, ""vram_used_mib"": 4894.0}, {""index"": 4, ""name"": ""NVIDIA P104-100"", ""pci_bus"": ""00000000:0D:00.0"", ""pcie"": ""Gen1 x1"", ""util_pct"": 99.0, ""power_w"": 152.21, ""vram_used_mib"": 6620.0}, {""index"": 5, ""name"": ""NVIDIA P104-100"", ""pci_bus"": ""00000000:0E:00.0"", ""pcie"": ""Gen1 x1"", ""util_pct"": 87.0, ""power_w"": 138.83, ""vram_used_mib"": 4894.0}, {""index"": 6, ""name"": ""NVIDIA P104-100"", ""pci_bus"": ""00000000:0F:00.0"", ""pcie"": ""Gen1 x1"", ""util_pct"": 96.0, ""power_w"": 149.05, ""vram_used_mib"": 5638.0}, {""index"": 7, ""name"": ""NVIDIA P104-100"", ""pci_bus"": ""00000000:10:00.0"", ""pcie"": ""Gen1 x1"", ""util_pct"": 87.0, ""power_w"": 154.86, ""vram_used_mib"": 5876.0}, {""index"": 8, ""name"": ""NVIDIA P104-100"", ""pci_bus"": ""00000000:11:00.0"", ""pcie"": ""Gen1 x1"", ""util_pct"": 97.0, ""power_w"": 145.13, ""vram_used_mib"": 5638.0}, {""index"": 9, ""name"": ""NVIDIA P104-100"", ""pci_bus"": ""00000000:12:00.0"", ""pcie"": ""Gen1 x1"", ""util_pct"": 78.0, ""power_w"": 155.47, ""vram_used_mib"": 4894.0}, {""index"": 10, ""name"": ""NVIDIA P104-100"", ""pci_bus"": ""00000000:13:00.0"", ""pcie"": ""Gen1 x1"", ""util_pct"": 99.0, ""power_w"": 144.15, ""vram_used_mib"": 6620.0}, {""index"": 11, ""name"": ""NVIDIA P104-100"", ""pci_bus"": ""00000000:14:00.0"", ""pcie"": ""Gen1 x1"", ""util_pct"": 42.0, ""power_w"": 111.35, ""vram_used_mib"": 7750.0}]"
2026-08-16T18:22:45.704756+03:00,1786893765.704756,ctx_016384.txt,1,1,prefill,36.3849765258216,"[17.452830188679247, 100.0, 12.206572769953052, 15.492957746478874]",15875.55078125,10109.03125,5766.51953125,63.67672775132556,24575.99609375,402.890625,1.6393664104726173,"[{""index"": 0, ""name"": ""NVIDIA P104-100"", ""pci_bus"": ""00000000:01:00.0"", ""pcie"": ""Gen1 x1"", ""util_pct"": 0.0, ""power_w"": 53.01, ""vram_used_mib"": 5638.0}, {""index"": 1, ""name"": ""NVIDIA P104-100"", ""pci_bus"": ""00000000:02:00.0"", ""pcie"": ""Gen1 x1"", ""util_pct"": 0.0, ""power_w"": 54.74, ""vram_used_mib"": 4894.0}, {""index"": 2, ""name"": ""NVIDIA P104-100"", ""pci_bus"": ""00000000:0A:00.0"", ""pcie"": ""Gen1 x1"", ""util_pct"": 0.0, ""power_w"": 54.84, ""vram_used_mib"": 6620.0}, {""index"": 3, ""name"": ""NVIDIA P104-100"", ""pci_bus"": ""00000000:0C:00.0"", ""pcie"": ""Gen1 x1"", ""util_pct"": 0.0, ""power_w"": 57.31, ""vram_used_mib"": 4894.0}, {""index"": 4, ""name"": ""NVIDIA P104-100"", ""pci_bus"": ""00000000:0D:00.0"", ""pcie"": ""Gen1 x1"", ""util_pct"": 0.0, ""power_w"": 55.85, ""vram_used_mib"": 6620.0}, {""index"": 5, ""name"": ""NVIDIA P104-100"", ""pci_bus"": ""00000000:0E:00.0"", ""pcie"": ""Gen1 x1"", ""util_pct"": 0.0, ""power_w"": 51.94, ""vram_used_mib"": 4894.0}, {""index"": 6, ""name"": ""NVIDIA P104-100"", ""pci_bus"": ""00000000:0F:00.0"", ""pcie"": ""Gen1 x1"", ""util_pct"": 0.0, ""power_w"": 55.45, ""vram_used_mib"": 5638.0}, {""index"": 7, ""name"": ""NVIDIA P104-100"", ""pci_bus"": ""00000000:10:00.0"", ""pcie"": ""Gen1 x1"", ""util_pct"": 0.0, ""power_w"": 56.47, ""vram_used_mib"": 5874.0}, {""index"": 8, ""name"": ""NVIDIA P104-100"", ""pci_bus"": ""00000000:11:00.0"", ""pcie"": ""Gen1 x1"", ""util_pct"": 0.0, ""power_w"": 52.08, ""vram_used_mib"": 5636.0}, {""index"": 9, ""name"": ""NVIDIA P104-100"", ""pci_bus"": ""00000000:12:00.0"", ""pcie"": ""Gen1 x1"", ""util_pct"": 0.0, ""power_w"": 56.35, ""vram_used_mib"": 4892.0}, {""index"": 10, ""name"": ""NVIDIA P104-100"", ""pci_bus"": ""00000000:13:00.0"", ""pcie"": ""Gen1 x1"", ""util_pct"": 40.0, ""power_w"": 54.57, ""vram_used_mib"": 6618.0}, {""index"": 11, ""name"": ""NVIDIA P104-100"", ""pci_bus"": ""00000000:14:00.0"", ""pcie"": ""Gen1 x1"", ""util_pct"": 64.0, ""power_w"": 57.66, ""vram_used_mib"": 7750.0}]"
2026-08-16T18:22:47.862528+03:00,1786893767.862528,ctx_016384.txt,1,1,prefill,38.443670150987224,"[17.674418604651162, 100.0, 19.444444444444443, 16.27906976744186]",15875.55078125,10230.6171875,5644.93359375,64.442596848879,24575.99609375,402.890625,1.6393664104726173,"[{""index"": 0, ""name"": ""NVIDIA P104-100"", ""pci_bus"": ""00000000:01:00.0"", ""pcie"": ""Gen1 x1"", ""util_pct"": 0.0, ""power_w"": 52.43, ""vram_used_mib"": 5638.0}, {""index"": 1, ""name"": ""NVIDIA P104-100"", ""pci_bus"": ""00000000:02:00.0"", ""pcie"": ""Gen1 x1"", ""util_pct"": 0.0, ""power_w"": 54.64, ""vram_used_mib"": 4894.0}, {""index"": 2, ""name"": ""NVIDIA P104-100"", ""pci_bus"": ""00000000:0A:00.0"", ""pcie"": ""Gen1 x1"", ""util_pct"": 90.0, ""power_w"": 52.85, ""vram_used_mib"": 6620.0}, {""index"": 3, ""name"": ""NVIDIA P104-100"", ""pci_bus"": ""00000000:0C:00.0"", ""pcie"": ""Gen1 x1"", ""util_pct"": 79.0, ""power_w"": 56.51, ""vram_used_mib"": 4894.0}, {""index"": 4, ""name"": ""NVIDIA P104-100"", ""pci_bus"": ""00000000:0D:00.0"", ""pcie"": ""Gen1 x1"", ""util_pct"": 0.0, ""power_w"": 154.32, ""vram_used_mib"": 6620.0}, {""index"": 5, ""name"": ""NVIDIA P104-100"", ""pci_bus"": ""00000000:0E:00.0"", ""pcie"": ""Gen1 x1"", ""util_pct"": 0.0, ""power_w"": 43.7, ""vram_used_mib"": 4894.0}, {""index"": 6, ""name"": ""NVIDIA P104-100"", ""pci_bus"": ""00000000:0F:00.0"", ""pcie"": ""Gen1 x1"", ""util_pct"": 0.0, ""power_w"": 55.35, ""vram_used_mib"": 5638.0}, {""index"": 7, ""name"": ""NVIDIA P104-100"", ""pci_bus"": ""00000000:10:00.0"", ""pcie"": ""Gen1 x1"", ""util_pct"": 0.0, ""power_w"": 56.47, ""vram_used_mib"": 5876.0}, {""index"": 8, ""name"": ""NVIDIA P104-100"", ""pci_bus"": ""00000000:11:00.0"", ""pcie"": ""Gen1 x1"", ""util_pct"": 0.0, ""power_w"": 52.05, ""vram_used_mib"": 5638.0}, {""index"": 9, ""name"": ""NVIDIA P104-100"", ""pci_bus"": ""00000000:12:00.0"", ""pcie"": ""Gen1 x1"", ""util_pct"": 0.0, ""power_w"": 56.0, ""vram_used_mib"": 4894.0}, {""index"": 10, ""name"": ""NVIDIA P104-100"", ""pci_bus"": ""00000000:13:00.0"", ""pcie"": ""Gen1 x1"", ""util_pct"": 0.0, ""power_w"": 54.22, ""vram_used_mib"": 6620.0}, {""index"": 11, ""name"": ""NVIDIA P104-100"", ""pci_bus"": ""00000000:14:00.0"", ""pcie"": ""Gen1 x1"", ""util_pct"": 0.0, ""power_w"": 56.12, ""vram_used_mib"": 7750.0}]"
2026-08-16T18:22:50.027406+03:00,1786893770.027406,ctx_016384.txt,1,1,prefill,38.0787037037037,"[19.90740740740741, 100.0, 14.883720930232558, 16.74418604651163]",15875.55078125,10221.98046875,5653.5703125,64.38819420881313,24575.99609375,402.890625,1.6393664104726173,"[{""index"": 0, ""name"": ""NVIDIA P104-100"", ""pci_bus"": ""00000000:01:00.0"", ""pcie"": ""Gen1 x1"", ""util_pct"": 0.0, ""power_w"": 52.33, ""vram_used_mib"": 5638.0}, {""index"": 1, ""name"": ""NVIDIA P104-100"", ""pci_bus"": ""00000000:02:00.0"", ""pcie"": ""Gen1 x1"", ""util_pct"": 0.0, ""power_w"": 54.39, ""vram_used_mib"": 4894.0}, {""index"": 2, ""name"": ""NVIDIA P104-100"", ""pci_bus"": ""00000000:0A:00.0"", ""pcie"": ""Gen1 x1"", ""util_pct"": 0.0, ""power_w"": 52.26, ""vram_used_mib"": 6620.0}, {""index"": 3, ""name"": ""NVIDIA P104-100"", ""pci_bus"": ""00000000:0C:00.0"", ""pcie"": ""Gen1 x1"", ""util_pct"": 0.0, ""power_w"": 54.33, ""vram_used_mib"": 4894.0}, {""index"": 4, ""name"": ""NVIDIA P104-100"", ""pci_bus"": ""00000000:0D:00.0"", ""pcie"": ""Gen1 x1"", ""util_pct"": 0.0, ""power_w"": 55.6, ""vram_used_mib"": 6620.0}, {""index"": 5, ""name"": ""NVIDIA P104-100"", ""pci_bus"": ""00000000:0E:00.0"", ""pcie"": ""Gen1 x1"", ""util_pct"": 0.0, ""power_w"": 48.2, ""vram_used_mib"": 4894.0}, {""index"": 6, ""name"": ""NVIDIA P104-100"", ""pci_bus"": ""00000000:0F:00.0"", ""pcie"": ""Gen1 x1"", ""util_pct"": 0.0, ""power_w"": 55.09, ""vram_used_mib"": 5638.0}, {""index"": 7, ""name"": ""NVIDIA P104-100"", ""pci_bus"": ""00000000:10:00.0"", ""pcie"": ""Gen1 x1"", ""util_pct"": 0.0, ""power_w"": 53.6, ""vram_used_mib"": 5876.0}, {""index"": 8, ""name"": ""NVIDIA P104-100"", ""pci_bus"": ""00000000:11:00.0"", ""pcie"": ""Gen1 x1"", ""util_pct"": 0.0, ""power_w"": 51.82, ""vram_used_mib"": 5638.0}, {""index"": 9, ""name"": ""NVIDIA P104-100"", ""pci_bus"": ""00000000:12:00.0"", ""pcie"": ""Gen1 x1"", ""util_pct"": 0.0, ""power_w"": 54.85, ""vram_used_mib"": 4894.0}, {""index"": 10, ""name"": ""NVIDIA P104-100"", ""pci_bus"": ""00000000:13:00.0"", ""pcie"": ""Gen1 x1"", ""util_pct"": 0.0, ""power_w"": 53.87, ""vram_used_mib"": 6620.0}, {""index"": 11, ""name"": ""NVIDIA P104-100"", ""pci_bus"": ""00000000:14:00.0"", ""pcie"": ""Gen1 x1"", ""util_pct"": 99.0, ""power_w"": 107.37, ""vram_used_mib"": 7750.0}]"
2026-08-16T18:22:52.147694+03:00,1786893772.147694,ctx_016384.txt,1,1,prefill,36.52482269503546,"[11.79245283018868, 100.0, 13.270142180094787, 21.5962441314554]",15875.55078125,10210.1953125,5665.35546875,64.31395957965042,24575.99609375,402.890625,1.6393664104726173,"[{""index"": 0, ""name"": ""NVIDIA P104-100"", ""pci_bus"": ""00000000:01:00.0"", ""pcie"": ""Gen1 x1"", ""util_pct"": 0.0, ""power_w"": 52.2, ""vram_used_mib"": 5638.0}, {""index"": 1, ""name"": ""NVIDIA P104-100"", ""pci_bus"": ""00000000:02:00.0"", ""pcie"": ""Gen1 x1"", ""util_pct"": 0.0, ""power_w"": 54.4, ""vram_used_mib"": 4894.0}, {""index"": 2, ""name"": ""NVIDIA P104-100"", ""pci_bus"": ""00000000:0A:00.0"", ""pcie"": ""Gen1 x1"", ""util_pct"": 0.0, ""power_w"": 52.36, ""vram_used_mib"": 6620.0}, {""index"": 3, ""name"": ""NVIDIA P104-100"", ""pci_bus"": ""00000000:0C:00.0"", ""pcie"": ""Gen1 x1"", ""util_pct"": 0.0, ""power_w"": 53.98, ""vram_used_mib"": 4894.0}, {""index"": 4, ""name"": ""NVIDIA P104-100"", ""pci_bus"": ""00000000:0D:00.0"", ""pcie"": ""Gen1 x1"", ""util_pct"": 0.0, ""power_w"": 55.6, ""vram_used_mib"": 6620.0}, {""index"": 5, ""name"": ""NVIDIA P104-100"", ""pci_bus"": ""00000000:0E:00.0"", ""pcie"": ""Gen1 x1"", ""util_pct"": 0.0, ""power_w"": 48.1, ""vram_used_mib"": 4894.0}, {""index"": 6, ""name"": ""NVIDIA P104-100"", ""pci_bus"": ""00000000:0F:00.0"", ""pcie"": ""Gen1 x1"", ""util_pct"": 0.0, ""power_w"": 54.74, ""vram_used_mib"": 5638.0}, {""index"": 7, ""name"": ""NVIDIA P104-100"", ""pci_bus"": ""00000000:10:00.0"", ""pcie"": ""Gen1 x1"", ""util_pct"": 0.0, ""power_w"": 53.69, ""vram_used_mib"": 5876.0}, {""index"": 8, ""name"": ""NVIDIA P104-100"", ""pci_bus"": ""00000000:11:00.0"", ""pcie"": ""Gen1 x1"", ""util_pct"": 0.0, ""power_w"": 51.7, ""vram_used_mib"": 5638.0}, {""index"": 9, ""name"": ""NVIDIA P104-100"", ""pci_bus"": ""00000000:12:00.0"", ""pcie"": ""Gen1 x1"", ""util_pct"": 0.0, ""power_w"": 54.75, ""vram_used_mib"": 4894.0}, {""index"": 10, ""name"": ""NVIDIA P104-100"", ""pci_bus"": ""00000000:13:00.0"", ""pcie"": ""Gen1 x1"", ""util_pct"": 0.0, ""power_w"": 53.87, ""vram_used_mib"": 6620.0}, {""index"": 11, ""name"": ""NVIDIA P104-100"", ""pci_bus"": ""00000000:14:00.0"", ""pcie"": ""Gen1 x1"", ""util_pct"": 99.0, ""power_w"": 148.51, ""vram_used_mib"": 7750.0}]"
2026-08-16T18:22:54.262449+03:00,1786893774.262449,ctx_016384.txt,1,1,prefill,35.94306049822064,"[12.380952380952381, 100.0, 14.691943127962086, 16.19047619047619]",15875.55078125,10534.38671875,5341.1640625,66.35603932048618,24575.99609375,402.90625,1.639429988770483,"[{""index"": 0, ""name"": ""NVIDIA P104-100"", ""pci_bus"": ""00000000:01:00.0"", ""pcie"": ""Gen1 x1"", ""util_pct"": 75.0, ""power_w"": 139.09, ""vram_used_mib"": 5638.0}, {""index"": 1, ""name"": ""NVIDIA P104-100"", ""pci_bus"": ""00000000:02:00.0"", ""pcie"": ""Gen1 x1"", ""util_pct"": 11.0, ""power_w"": 145.74, ""vram_used_mib"": 4894.0}, {""index"": 2, ""name"": ""NVIDIA P104-100"", ""pci_bus"": ""00000000:0A:00.0"", ""pcie"": ""Gen1 x1"", ""util_pct"": 0.0, ""power_w"": 52.17, ""vram_used_mib"": 6620.0}, {""index"": 3, ""name"": ""NVIDIA P104-100"", ""pci_bus"": ""00000000:0C:00.0"", ""pcie"": ""Gen1 x1"", ""util_pct"": 0.0, ""power_w"": 54.29, ""vram_used_mib"": 4894.0}, {""index"": 4, ""name"": ""NVIDIA P104-100"", ""pci_bus"": ""00000000:0D:00.0"", ""pcie"": ""Gen1 x1"", ""util_pct"": 0.0, ""power_w"": 55.33, ""vram_used_mib"": 6620.0}, {""index"": 5, ""name"": ""NVIDIA P104-100"", ""pci_bus"": ""00000000:0E:00.0"", ""pcie"": ""Gen1 x1"", ""util_pct"": 0.0, ""power_w"": 48.1, ""vram_used_mib"": 4894.0}, {""index"": 6, ""name"": ""NVIDIA P104-100"", ""pci_bus"": ""00000000:0F:00.0"", ""pcie"": ""Gen1 x1"", ""util_pct"": 0.0, ""power_w"": 54.84, ""vram_used_mib"": 5638.0}, {""index"": 7, ""name"": ""NVIDIA P104-100"", ""pci_bus"": ""00000000:10:00.0"", ""pcie"": ""Gen1 x1"", ""util_pct"": 0.0, ""power_w"": 53.38, ""vram_used_mib"": 5876.0}, {""index"": 8, ""name"": ""NVIDIA P104-100"", ""pci_bus"": ""00000000:11:00.0"", ""pcie"": ""Gen1 x1"", ""util_pct"": 0.0, ""power_w"": 51.63, ""vram_used_mib"": 5638.0}, {""index"": 9, ""name"": ""NVIDIA P104-100"", ""pci_bus"": ""00000000:12:00.0"", ""pcie"": ""Gen1 x1"", ""util_pct"": 0.0, ""power_w"": 54.4, ""vram_used_mib"": 4894.0}, {""index"": 10, ""name"": ""NVIDIA P104-100"", ""pci_bus"": ""00000000:13:00.0"", ""pcie"": ""Gen1 x1"", ""util_pct"": 0.0, ""power_w"": 53.86, ""vram_used_mib"": 6620.0}, {""index"": 11, ""name"": ""NVIDIA P104-100"", ""pci_bus"": ""00000000:14:00.0"", ""pcie"": ""Gen1 x1"", ""util_pct"": 0.0, ""power_w"": 56.12, ""vram_used_mib"": 7750.0}]"
2026-08-16T18:22:56.396265+03:00,1786893776.396265,ctx_016384.txt,1,1,prefill,36.85446009389671,"[29.577464788732396, 100.0, 4.739336492890995, 12.67605633802817]",15875.55078125,10565.85546875,5309.6953125,66.55426078967241,24575.99609375,402.90625,1.639429988770483,"[{""index"": 0, ""name"": ""NVIDIA P104-100"", ""pci_bus"": ""00000000:01:00.0"", ""pcie"": ""Gen1 x1"", ""util_pct"": 98.0, ""power_w"": 90.67, ""vram_used_mib"": 5638.0}, {""index"": 1, ""name"": ""NVIDIA P104-100"", ""pci_bus"": ""00000000:02:00.0"", ""pcie"": ""Gen1 x1"", ""util_pct"": 86.0, ""power_w"": 101.15, ""vram_used_mib"": 4894.0}, {""index"": 2, ""name"": ""NVIDIA P104-100"", ""pci_bus"": ""00000000:0A:00.0"", ""pcie"": ""Gen1 x1"", ""util_pct"": 99.0, ""power_w"": 127.59, ""vram_used_mib"": 6620.0}, {""index"": 3, ""name"": ""NVIDIA P104-100"", ""pci_bus"": ""00000000:0C:00.0"", ""pcie"": ""Gen1 x1"", ""util_pct"": 81.0, ""power_w"": 134.04, ""vram_used_mib"": 4894.0}, {""index"": 4, ""name"": ""NVIDIA P104-100"", ""pci_bus"": ""00000000:0D:00.0"", ""pcie"": ""Gen1 x1"", ""util_pct"": 100.0, ""power_w"": 141.52, ""vram_used_mib"": 6620.0}, {""index"": 5, ""name"": ""NVIDIA P104-100"", ""pci_bus"": ""00000000:0E:00.0"", ""pcie"": ""Gen1 x1"", ""util_pct"": 78.0, ""power_w"": 123.7, ""vram_used_mib"": 4894.0}, {""index"": 6, ""name"": ""NVIDIA P104-100"", ""pci_bus"": ""00000000:0F:00.0"", ""pcie"": ""Gen1 x1"", ""util_pct"": 98.0, ""power_w"": 141.21, ""vram_used_mib"": 5638.0}, {""index"": 7, ""name"": ""NVIDIA P104-100"", ""pci_bus"": ""00000000:10:00.0"", ""pcie"": ""Gen1 x1"", ""util_pct"": 85.0, ""power_w"": 145.65, ""vram_used_mib"": 5876.0}, {""index"": 8, ""name"": ""NVIDIA P104-100"", ""pci_bus"": ""00000000:11:00.0"", ""pcie"": ""Gen1 x1"", ""util_pct"": 97.0, ""power_w"": 141.54, ""vram_used_mib"": 5638.0}, {""index"": 9, ""name"": ""NVIDIA P104-100"", ""pci_bus"": ""00000000:12:00.0"", ""pcie"": ""Gen1 x1"", ""util_pct"": 77.0, ""power_w"": 154.66, ""vram_used_mib"": 4894.0}, {""index"": 10, ""name"": ""NVIDIA P104-100"", ""pci_bus"": ""00000000:13:00.0"", ""pcie"": ""Gen1 x1"", ""util_pct"": 100.0, ""power_w"": 143.58, ""vram_used_mib"": 6620.0}, {""index"": 11, ""name"": ""NVIDIA P104-100"", ""pci_bus"": ""00000000:14:00.0"", ""pcie"": ""Gen1 x1"", ""util_pct"": 52.0, ""power_w"": 156.42, ""vram_used_mib"": 7750.0}]"
2026-08-16T18:22:58.543010+03:00,1786893778.543010,ctx_016384.txt,1,1,prefill,36.522753792298715,"[14.018691588785046, 100.0, 15.813953488372093, 16.666666666666668]",15875.55078125,10577.13671875,5298.4140625,66.6253213163618,24575.99609375,402.90234375,1.6394140941960167,"[{""index"": 0, ""name"": ""NVIDIA P104-100"", ""pci_bus"": ""00000000:01:00.0"", ""pcie"": ""Gen1 x1"", ""util_pct"": 95.0, ""power_w"": 135.47, ""vram_used_mib"": 5638.0}, {""index"": 1, ""name"": ""NVIDIA P104-100"", ""pci_bus"": ""00000000:02:00.0"", ""pcie"": ""Gen1 x1"", ""util_pct"": 73.0, ""power_w"": 140.72, ""vram_used_mib"": 4894.0}, {""index"": 2, ""name"": ""NVIDIA P104-100"", ""pci_bus"": ""00000000:0A:00.0"", ""pcie"": ""Gen1 x1"", ""util_pct"": 99.0, ""power_w"": 153.33, ""vram_used_mib"": 6620.0}, {""index"": 3, ""name"": ""NVIDIA P104-100"", ""pci_bus"": ""00000000:0C:00.0"", ""pcie"": ""Gen1 x1"", ""util_pct"": 72.0, ""power_w"": 157.57, ""vram_used_mib"": 4894.0}, {""index"": 4, ""name"": ""NVIDIA P104-100"", ""pci_bus"": ""00000000:0D:00.0"", ""pcie"": ""Gen1 x1"", ""util_pct"": 99.0, ""power_w"": 157.47, ""vram_used_mib"": 6620.0}, {""index"": 5, ""name"": ""NVIDIA P104-100"", ""pci_bus"": ""00000000:0E:00.0"", ""pcie"": ""Gen1 x1"", ""util_pct"": 77.0, ""power_w"": 133.29, ""vram_used_mib"": 4894.0}, {""index"": 6, ""name"": ""NVIDIA P104-100"", ""pci_bus"": ""00000000:0F:00.0"", ""pcie"": ""Gen1 x1"", ""util_pct"": 97.0, ""power_w"": 143.57, ""vram_used_mib"": 5638.0}, {""index"": 7, ""name"": ""NVIDIA P104-100"", ""pci_bus"": ""00000000:10:00.0"", ""pcie"": ""Gen1 x1"", ""util_pct"": 88.0, ""power_w"": 145.48, ""vram_used_mib"": 5876.0}, {""index"": 8, ""name"": ""NVIDIA P104-100"", ""pci_bus"": ""00000000:11:00.0"", ""pcie"": ""Gen1 x1"", ""util_pct"": 98.0, ""power_w"": 144.4, ""vram_used_mib"": 5638.0}, {""index"": 9, ""name"": ""NVIDIA P104-100"", ""pci_bus"": ""00000000:12:00.0"", ""pcie"": ""Gen1 x1"", ""util_pct"": 86.0, ""power_w"": 156.37, ""vram_used_mib"": 4894.0}, {""index"": 10, ""name"": ""NVIDIA P104-100"", ""pci_bus"": ""00000000:13:00.0"", ""pcie"": ""Gen1 x1"", ""util_pct"": 100.0, ""power_w"": 150.53, ""vram_used_mib"": 6620.0}, {""index"": 11, ""name"": ""NVIDIA P104-100"", ""pci_bus"": ""00000000:14:00.0"", ""pcie"": ""Gen1 x1"", ""util_pct"": 63.0, ""power_w"": 125.44, ""vram_used_mib"": 7750.0}]"
2026-08-16T18:23:00.667397+03:00,1786893780.667397,ctx_016384.txt,1,1,prefill,50.29515938606848,"[25.118483412322274, 98.59154929577464, 13.679245283018869, 62.857142857142854]",15875.55078125,10492.9609375,5382.58984375,66.09509857064506,24575.99609375,402.90234375,1.6394140941960167,"[{""index"": 0, ""name"": ""NVIDIA P104-100"", ""pci_bus"": ""00000000:01:00.0"", ""pcie"": ""Gen1 x1"", ""util_pct"": 96.0, ""power_w"": 144.63, ""vram_used_mib"": 5638.0}, {""index"": 1, ""name"": ""NVIDIA P104-100"", ""pci_bus"": ""00000000:02:00.0"", ""pcie"": ""Gen1 x1"", ""util_pct"": 86.0, ""power_w"": 155.52, ""vram_used_mib"": 4894.0}, {""index"": 2, ""name"": ""NVIDIA P104-100"", ""pci_bus"": ""00000000:0A:00.0"", ""pcie"": ""Gen1 x1"", ""util_pct"": 98.0, ""power_w"": 162.1, ""vram_used_mib"": 6620.0}, {""index"": 3, ""name"": ""NVIDIA P104-100"", ""pci_bus"": ""00000000:0C:00.0"", ""pcie"": ""Gen1 x1"", ""util_pct"": 86.0, ""power_w"": 136.51, ""vram_used_mib"": 4894.0}, {""index"": 4, ""name"": ""NVIDIA P104-100"", ""pci_bus"": ""00000000:0D:00.0"", ""pcie"": ""Gen1 x1"", ""util_pct"": 99.0, ""power_w"": 150.76, ""vram_used_mib"": 6620.0}, {""index"": 5, ""name"": ""NVIDIA P104-100"", ""pci_bus"": ""00000000:0E:00.0"", ""pcie"": ""Gen1 x1"", ""util_pct"": 86.0, ""power_w"": 101.0, ""vram_used_mib"": 4894.0}, {""index"": 6, ""name"": ""NVIDIA P104-100"", ""pci_bus"": ""00000000:0F:00.0"", ""pcie"": ""Gen1 x1"", ""util_pct"": 98.0, ""power_w"": 149.04, ""vram_used_mib"": 5638.0}, {""index"": 7, ""name"": ""NVIDIA P104-100"", ""pci_bus"": ""00000000:10:00.0"", ""pcie"": ""Gen1 x1"", ""util_pct"": 75.0, ""power_w"": 95.41, ""vram_used_mib"": 5876.0}, {""index"": 8, ""name"": ""NVIDIA P104-100"", ""pci_bus"": ""00000000:11:00.0"", ""pcie"": ""Gen1 x1"", ""util_pct"": 98.0, ""power_w"": 149.95, ""vram_used_mib"": 5638.0}, {""index"": 9, ""name"": ""NVIDIA P104-100"", ""pci_bus"": ""00000000:12:00.0"", ""pcie"": ""Gen1 x1"", ""util_pct"": 85.0, ""power_w"": 74.3, ""vram_used_mib"": 4894.0}, {""index"": 10, ""name"": ""NVIDIA P104-100"", ""pci_bus"": ""00000000:13:00.0"", ""pcie"": ""Gen1 x1"", ""util_pct"": 100.0, ""power_w"": 124.89, ""vram_used_mib"": 6620.0}, {""index"": 11, ""name"": ""NVIDIA P104-100"", ""pci_bus"": ""00000000:14:00.0"", ""pcie"": ""Gen1 x1"", ""util_pct"": 42.0, ""power_w"": 57.1, ""vram_used_mib"": 7750.0}]"
2026-08-16T18:23:02.855897+03:00,1786893782.855897,ctx_016384.txt,1,1,prefill,38.672768878718536,"[20.091324200913242, 21.559633027522935, 13.242009132420092, 100.0]",15875.55078125,10561.56640625,5313.984375,66.52724401048094,24575.99609375,402.8984375,1.63939819962155,"[{""index"": 0, ""name"": ""NVIDIA P104-100"", ""pci_bus"": ""00000000:01:00.0"", ""pcie"": ""Gen1 x1"", ""util_pct"": 97.0, ""power_w"": 146.85, ""vram_used_mib"": 5638.0}, {""index"": 1, ""name"": ""NVIDIA P104-100"", ""pci_bus"": ""00000000:02:00.0"", ""pcie"": ""Gen1 x1"", ""util_pct"": 86.0, ""power_w"": 145.28, ""vram_used_mib"": 4894.0}, {""index"": 2, ""name"": ""NVIDIA P104-100"", ""pci_bus"": ""00000000:0A:00.0"", ""pcie"": ""Gen1 x1"", ""util_pct"": 97.0, ""power_w"": 151.37, ""vram_used_mib"": 6620.0}, {""index"": 3, ""name"": ""NVIDIA P104-100"", ""pci_bus"": ""00000000:0C:00.0"", ""pcie"": ""Gen1 x1"", ""util_pct"": 86.0, ""power_w"": 94.47, ""vram_used_mib"": 4894.0}, {""index"": 4, ""name"": ""NVIDIA P104-100"", ""pci_bus"": ""00000000:0D:00.0"", ""pcie"": ""Gen1 x1"", ""util_pct"": 98.0, ""power_w"": 158.86, ""vram_used_mib"": 6620.0}, {""index"": 5, ""name"": ""NVIDIA P104-100"", ""pci_bus"": ""00000000:0E:00.0"", ""pcie"": ""Gen1 x1"", ""util_pct"": 80.0, ""power_w"": 72.15, ""vram_used_mib"": 4894.0}, {""index"": 6, ""name"": ""NVIDIA P104-100"", ""pci_bus"": ""00000000:0F:00.0"", ""pcie"": ""Gen1 x1"", ""util_pct"": 97.0, ""power_w"": 99.42, ""vram_used_mib"": 5638.0}, {""index"": 7, ""name"": ""NVIDIA P104-100"", ""pci_bus"": ""00000000:10:00.0"", ""pcie"": ""Gen1 x1"", ""util_pct"": 87.0, ""power_w"": 84.98, ""vram_used_mib"": 5876.0}, {""index"": 8, ""name"": ""NVIDIA P104-100"", ""pci_bus"": ""00000000:11:00.0"", ""pcie"": ""Gen1 x1"", ""util_pct"": 96.0, ""power_w"": 106.85, ""vram_used_mib"": 5638.0}, {""index"": 9, ""name"": ""NVIDIA P104-100"", ""pci_bus"": ""00000000:12:00.0"", ""pcie"": ""Gen1 x1"", ""util_pct"": 86.0, ""power_w"": 116.09, ""vram_used_mib"": 4894.0}, {""index"": 10, ""name"": ""NVIDIA P104-100"", ""pci_bus"": ""00000000:13:00.0"", ""pcie"": ""Gen1 x1"", ""util_pct"": 100.0, ""power_w"": 138.53, ""vram_used_mib"": 6620.0}, {""index"": 11, ""name"": ""NVIDIA P104-100"", ""pci_bus"": ""00000000:14:00.0"", ""pcie"": ""Gen1 x1"", ""util_pct"": 48.0, ""power_w"": 132.6, ""vram_used_mib"": 7750.0}]"
2026-08-16T18:23:05.009536+03:00,1786893785.009536,ctx_016384.txt,1,1,prefill,36.86046511627907,"[16.822429906542055, 14.418604651162791, 15.813953488372093, 100.0]",15875.55078125,10577.734375,5297.81640625,66.62908594952783,24575.99609375,402.8984375,1.63939819962155,"[{""index"": 0, ""name"": ""NVIDIA P104-100"", ""pci_bus"": ""00000000:01:00.0"", ""pcie"": ""Gen1 x1"", ""util_pct"": 97.0, ""power_w"": 138.66, ""vram_used_mib"": 5638.0}, {""index"": 1, ""name"": ""NVIDIA P104-100"", ""pci_bus"": ""00000000:02:00.0"", ""pcie"": ""Gen1 x1"", ""util_pct"": 72.0, ""power_w"": 113.28, ""vram_used_mib"": 4894.0}, {""index"": 2, ""name"": ""NVIDIA P104-100"", ""pci_bus"": ""00000000:0A:00.0"", ""pcie"": ""Gen1 x1"", ""util_pct"": 99.0, ""power_w"": 151.62, ""vram_used_mib"": 6620.0}, {""index"": 3, ""name"": ""NVIDIA P104-100"", ""pci_bus"": ""00000000:0C:00.0"", ""pcie"": ""Gen1 x1"", ""util_pct"": 73.0, ""power_w"": 99.04, ""vram_used_mib"": 4894.0}, {""index"": 4, ""name"": ""NVIDIA P104-100"", ""pci_bus"": ""00000000:0D:00.0"", ""pcie"": ""Gen1 x1"", ""util_pct"": 99.0, ""power_w"": 156.92, ""vram_used_mib"": 6620.0}, {""index"": 5, ""name"": ""NVIDIA P104-100"", ""pci_bus"": ""00000000:0E:00.0"", ""pcie"": ""Gen1 x1"", ""util_pct"": 86.0, ""power_w"": 74.04, ""vram_used_mib"": 4894.0}, {""index"": 6, ""name"": ""NVIDIA P104-100"", ""pci_bus"": ""00000000:0F:00.0"", ""pcie"": ""Gen1 x1"", ""util_pct"": 97.0, ""power_w"": 126.8, ""vram_used_mib"": 5638.0}, {""index"": 7, ""name"": ""NVIDIA P104-100"", ""pci_bus"": ""00000000:10:00.0"", ""pcie"": ""Gen1 x1"", ""util_pct"": 88.0, ""power_w"": 71.39, ""vram_used_mib"": 5876.0}, {""index"": 8, ""name"": ""NVIDIA P104-100"", ""pci_bus"": ""00000000:11:00.0"", ""pcie"": ""Gen1 x1"", ""util_pct"": 98.0, ""power_w"": 86.94, ""vram_used_mib"": 5638.0}, {""index"": 9, ""name"": ""NVIDIA P104-100"", ""pci_bus"": ""00000000:12:00.0"", ""pcie"": ""Gen1 x1"", ""util_pct"": 86.0, ""power_w"": 90.64, ""vram_used_mib"": 4894.0}, {""index"": 10, ""name"": ""NVIDIA P104-100"", ""pci_bus"": ""00000000:13:00.0"", ""pcie"": ""Gen1 x1"", ""util_pct"": 100.0, ""power_w"": 118.58, ""vram_used_mib"": 6620.0}, {""index"": 11, ""name"": ""NVIDIA P104-100"", ""pci_bus"": ""00000000:14:00.0"", ""pcie"": ""Gen1 x1"", ""util_pct"": 63.0, ""power_w"": 123.08, ""vram_used_mib"": 7750.0}]"
2026-08-16T18:23:07.139369+03:00,1786893787.139369,ctx_016384.txt,1,1,prefill,36.470588235294116,"[15.96244131455399, 14.084507042253522, 16.037735849056602, 100.0]",15875.55078125,10576.125,5299.42578125,66.61894850596966,24575.99609375,402.890625,1.6393664104726173,"[{""index"": 0, ""name"": ""NVIDIA P104-100"", ""pci_bus"": ""00000000:01:00.0"", ""pcie"": ""Gen1 x1"", ""util_pct"": 94.0, ""power_w"": 143.07, ""vram_used_mib"": 5638.0}, {""index"": 1, ""name"": ""NVIDIA P104-100"", ""pci_bus"": ""00000000:02:00.0"", ""pcie"": ""Gen1 x1"", ""util_pct"": 84.0, ""power_w"": 155.18, ""vram_used_mib"": 4894.0}, {""index"": 2, ""name"": ""NVIDIA P104-100"", ""pci_bus"": ""00000000:0A:00.0"", ""pcie"": ""Gen1 x1"", ""util_pct"": 98.0, ""power_w"": 162.01, ""vram_used_mib"": 6620.0}, {""index"": 3, ""name"": ""NVIDIA P104-100"", ""pci_bus"": ""00000000:0C:00.0"", ""pcie"": ""Gen1 x1"", ""util_pct"": 86.0, ""power_w"": 134.63, ""vram_used_mib"": 4894.0}, {""index"": 4, ""name"": ""NVIDIA P104-100"", ""pci_bus"": ""00000000:0D:00.0"", ""pcie"": ""Gen1 x1"", ""util_pct"": 99.0, ""power_w"": 153.69, ""vram_used_mib"": 6620.0}, {""index"": 5, ""name"": ""NVIDIA P104-100"", ""pci_bus"": ""00000000:0E:00.0"", ""pcie"": ""Gen1 x1"", ""util_pct"": 86.0, ""power_w"": 101.24, ""vram_used_mib"": 4894.0}, {""index"": 6, ""name"": ""NVIDIA P104-100"", ""pci_bus"": ""00000000:0F:00.0"", ""pcie"": ""Gen1 x1"", ""util_pct"": 95.0, ""power_w"": 148.47, ""vram_used_mib"": 5638.0}, {""index"": 7, ""name"": ""NVIDIA P104-100"", ""pci_bus"": ""00000000:10:00.0"", ""pcie"": ""Gen1 x1"", ""util_pct"": 88.0, ""power_w"": 98.39, ""vram_used_mib"": 5876.0}, {""index"": 8, ""name"": ""NVIDIA P104-100"", ""pci_bus"": ""00000000:11:00.0"", ""pcie"": ""Gen1 x1"", ""util_pct"": 98.0, ""power_w"": 149.95, ""vram_used_mib"": 5638.0}, {""index"": 9, ""name"": ""NVIDIA P104-100"", ""pci_bus"": ""00000000:12:00.0"", ""pcie"": ""Gen1 x1"", ""util_pct"": 86.0, ""power_w"": 73.38, ""vram_used_mib"": 4894.0}, {""index"": 10, ""name"": ""NVIDIA P104-100"", ""pci_bus"": ""00000000:13:00.0"", ""pcie"": ""Gen1 x1"", ""util_pct"": 100.0, ""power_w"": 121.53, ""vram_used_mib"": 6620.0}, {""index"": 11, ""name"": ""NVIDIA P104-100"", ""pci_bus"": ""00000000:14:00.0"", ""pcie"": ""Gen1 x1"", ""util_pct"": 57.0, ""power_w"": 57.04, ""vram_used_mib"": 7750.0}]"
2026-08-16T18:23:09.264372+03:00,1786893789.264372,ctx_016384.txt,1,1,prefill,36.599763872491145,"[16.113744075829384, 17.061611374407583, 12.796208530805687, 100.0]",15875.55078125,10575.796875,5299.75390625,66.61688164854516,24575.99609375,402.8828125,1.6393346213236843,"[{""index"": 0, ""name"": ""NVIDIA P104-100"", ""pci_bus"": ""00000000:01:00.0"", ""pcie"": ""Gen1 x1"", ""util_pct"": 97.0, ""power_w"": 145.11, ""vram_used_mib"": 5638.0}, {""index"": 1, ""name"": ""NVIDIA P104-100"", ""pci_bus"": ""00000000:02:00.0"", ""pcie"": ""Gen1 x1"", ""util_pct"": 85.0, ""power_w"": 149.98, ""vram_used_mib"": 4894.0}, {""index"": 2, ""name"": ""NVIDIA P104-100"", ""pci_bus"": ""00000000:0A:00.0"", ""pcie"": ""Gen1 x1"", ""util_pct"": 99.0, ""power_w"": 157.27, ""vram_used_mib"": 6620.0}, {""index"": 3, ""name"": ""NVIDIA P104-100"", ""pci_bus"": ""00000000:0C:00.0"", ""pcie"": ""Gen1 x1"", ""util_pct"": 85.0, ""power_w"": 162.34, ""vram_used_mib"": 4894.0}, {""index"": 4, ""name"": ""NVIDIA P104-100"", ""pci_bus"": ""00000000:0D:00.0"", ""pcie"": ""Gen1 x1"", ""util_pct"": 100.0, ""power_w"": 160.19, ""vram_used_mib"": 6620.0}, {""index"": 5, ""name"": ""NVIDIA P104-100"", ""pci_bus"": ""00000000:0E:00.0"", ""pcie"": ""Gen1 x1"", ""util_pct"": 86.0, ""power_w"": 141.49, ""vram_used_mib"": 4894.0}, {""index"": 6, ""name"": ""NVIDIA P104-100"", ""pci_bus"": ""00000000:0F:00.0"", ""pcie"": ""Gen1 x1"", ""util_pct"": 96.0, ""power_w"": 142.0, ""vram_used_mib"": 5638.0}, {""index"": 7, ""name"": ""NVIDIA P104-100"", ""pci_bus"": ""00000000:10:00.0"", ""pcie"": ""Gen1 x1"", ""util_pct"": 75.0, ""power_w"": 149.77, ""vram_used_mib"": 5876.0}, {""index"": 8, ""name"": ""NVIDIA P104-100"", ""pci_bus"": ""00000000:11:00.0"", ""pcie"": ""Gen1 x1"", ""util_pct"": 97.0, ""power_w"": 145.31, ""vram_used_mib"": 5638.0}, {""index"": 9, ""name"": ""NVIDIA P104-100"", ""pci_bus"": ""00000000:12:00.0"", ""pcie"": ""Gen1 x1"", ""util_pct"": 86.0, ""power_w"": 156.06, ""vram_used_mib"": 4894.0}, {""index"": 10, ""name"": ""NVIDIA P104-100"", ""pci_bus"": ""00000000:13:00.0"", ""pcie"": ""Gen1 x1"", ""util_pct"": 100.0, ""power_w"": 155.66, ""vram_used_mib"": 6620.0}, {""index"": 11, ""name"": ""NVIDIA P104-100"", ""pci_bus"": ""00000000:14:00.0"", ""pcie"": ""Gen1 x1"", ""util_pct"": 44.0, ""power_w"": 60.21, ""vram_used_mib"": 7750.0}]"
2026-08-16T18:23:11.386603+03:00,1786893791.386603,ctx_016384.txt,1,1,prefill,35.815602836879435,"[13.20754716981132, 16.037735849056602, 14.218009478672986, 100.0]",15875.55078125,10571.77734375,5303.7734375,66.59156264509524,24575.99609375,402.87109375,1.6392869376002848,"[{""index"": 0, ""name"": ""NVIDIA P104-100"", ""pci_bus"": ""00000000:01:00.0"", ""pcie"": ""Gen1 x1"", ""util_pct"": 0.0, ""power_w"": 53.8, ""vram_used_mib"": 5638.0}, {""index"": 1, ""name"": ""NVIDIA P104-100"", ""pci_bus"": ""00000000:02:00.0"", ""pcie"": ""Gen1 x1"", ""util_pct"": 0.0, ""power_w"": 55.12, ""vram_used_mib"": 4894.0}, {""index"": 2, ""name"": ""NVIDIA P104-100"", ""pci_bus"": ""00000000:0A:00.0"", ""pcie"": ""Gen1 x1"", ""util_pct"": 38.0, ""power_w"": 55.19, ""vram_used_mib"": 6620.0}, {""index"": 3, ""name"": ""NVIDIA P104-100"", ""pci_bus"": ""00000000:0C:00.0"", ""pcie"": ""Gen1 x1"", ""util_pct"": 85.0, ""power_w"": 58.12, ""vram_used_mib"": 4894.0}, {""index"": 4, ""name"": ""NVIDIA P104-100"", ""pci_bus"": ""00000000:0D:00.0"", ""pcie"": ""Gen1 x1"", ""util_pct"": 99.0, ""power_w"": 155.93, ""vram_used_mib"": 6620.0}, {""index"": 5, ""name"": ""NVIDIA P104-100"", ""pci_bus"": ""00000000:0E:00.0"", ""pcie"": ""Gen1 x1"", ""util_pct"": 86.0, ""power_w"": 140.78, ""vram_used_mib"": 4894.0}, {""index"": 6, ""name"": ""NVIDIA P104-100"", ""pci_bus"": ""00000000:0F:00.0"", ""pcie"": ""Gen1 x1"", ""util_pct"": 97.0, ""power_w"": 144.96, ""vram_used_mib"": 5638.0}, {""index"": 7, ""name"": ""NVIDIA P104-100"", ""pci_bus"": ""00000000:10:00.0"", ""pcie"": ""Gen1 x1"", ""util_pct"": 84.0, ""power_w"": 153.3, ""vram_used_mib"": 5876.0}, {""index"": 8, ""name"": ""NVIDIA P104-100"", ""pci_bus"": ""00000000:11:00.0"", ""pcie"": ""Gen1 x1"", ""util_pct"": 97.0, ""power_w"": 150.82, ""vram_used_mib"": 5638.0}, {""index"": 9, ""name"": ""NVIDIA P104-100"", ""pci_bus"": ""00000000:12:00.0"", ""pcie"": ""Gen1 x1"", ""util_pct"": 84.0, ""power_w"": 156.81, ""vram_used_mib"": 4894.0}, {""index"": 10, ""name"": ""NVIDIA P104-100"", ""pci_bus"": ""00000000:13:00.0"", ""pcie"": ""Gen1 x1"", ""util_pct"": 99.0, ""power_w"": 150.2, ""vram_used_mib"": 6620.0}, {""index"": 11, ""name"": ""NVIDIA P104-100"", ""pci_bus"": ""00000000:14:00.0"", ""pcie"": ""Gen1 x1"", ""util_pct"": 54.0, ""power_w"": 68.39, ""vram_used_mib"": 7750.0}]"
2026-08-16T18:23:13.528766+03:00,1786893793.528766,ctx_016384.txt,1,1,prefill,37.587822014051525,"[21.5962441314554, 17.757009345794394, 10.328638497652582, 100.0]",15875.55078125,10486.37109375,5389.1796875,66.05358918403668,24575.99609375,402.87109375,1.6392869376002848,"[{""index"": 0, ""name"": ""NVIDIA P104-100"", ""pci_bus"": ""00000000:01:00.0"", ""pcie"": ""Gen1 x1"", ""util_pct"": 0.0, ""power_w"": 53.6, ""vram_used_mib"": 5636.0}, {""index"": 1, ""name"": ""NVIDIA P104-100"", ""pci_bus"": ""00000000:02:00.0"", ""pcie"": ""Gen1 x1"", ""util_pct"": 0.0, ""power_w"": 54.64, ""vram_used_mib"": 4892.0}, {""index"": 2, ""name"": ""NVIDIA P104-100"", ""pci_bus"": ""00000000:0A:00.0"", ""pcie"": ""Gen1 x1"", ""util_pct"": 0.0, ""power_w"": 54.67, ""vram_used_mib"": 6618.0}, {""index"": 3, ""name"": ""NVIDIA P104-100"", ""pci_bus"": ""00000000:0C:00.0"", ""pcie"": ""Gen1 x1"", ""util_pct"": 0.0, ""power_w"": 57.29, ""vram_used_mib"": 4892.0}, {""index"": 4, ""name"": ""NVIDIA P104-100"", ""pci_bus"": ""00000000:0D:00.0"", ""pcie"": ""Gen1 x1"", ""util_pct"": 0.0, ""power_w"": 55.93, ""vram_used_mib"": 6618.0}, {""index"": 5, ""name"": ""NVIDIA P104-100"", ""pci_bus"": ""00000000:0E:00.0"", ""pcie"": ""Gen1 x1"", ""util_pct"": 0.0, ""power_w"": 51.94, ""vram_used_mib"": 4892.0}, {""index"": 6, ""name"": ""NVIDIA P104-100"", ""pci_bus"": ""00000000:0F:00.0"", ""pcie"": ""Gen1 x1"", ""util_pct"": 0.0, ""power_w"": 55.21, ""vram_used_mib"": 5636.0}, {""index"": 7, ""name"": ""NVIDIA P104-100"", ""pci_bus"": ""00000000:10:00.0"", ""pcie"": ""Gen1 x1"", ""util_pct"": 0.0, ""power_w"": 56.47, ""vram_used_mib"": 5876.0}, {""index"": 8, ""name"": ""NVIDIA P104-100"", ""pci_bus"": ""00000000:11:00.0"", ""pcie"": ""Gen1 x1"", ""util_pct"": 0.0, ""power_w"": 52.05, ""vram_used_mib"": 5638.0}, {""index"": 9, ""name"": ""NVIDIA P104-100"", ""pci_bus"": ""00000000:12:00.0"", ""pcie"": ""Gen1 x1"", ""util_pct"": 17.0, ""power_w"": 55.45, ""vram_used_mib"": 4894.0}, {""index"": 10, ""name"": ""NVIDIA P104-100"", ""pci_bus"": ""00000000:13:00.0"", ""pcie"": ""Gen1 x1"", ""util_pct"": 17.0, ""power_w"": 54.32, ""vram_used_mib"": 6620.0}, {""index"": 11, ""name"": ""NVIDIA P104-100"", ""pci_bus"": ""00000000:14:00.0"", ""pcie"": ""Gen1 x1"", ""util_pct"": 17.0, ""power_w"": 55.97, ""vram_used_mib"": 7750.0}]"
2026-08-16T18:23:15.724070+03:00,1786893795.724070,ctx_016384.txt,1,1,prefill,39.908779931584945,"[18.264840182648403, 17.51152073732719, 23.28767123287671, 100.0]",15875.55078125,10513.25390625,5362.296875,66.22292386017119,24575.99609375,402.8671875,1.6392710430258184,"[{""index"": 0, ""name"": ""NVIDIA P104-100"", ""pci_bus"": ""00000000:01:00.0"", ""pcie"": ""Gen1 x1"", ""util_pct"": 0.0, ""power_w"": 48.09, ""vram_used_mib"": 5638.0}, {""index"": 1, ""name"": ""NVIDIA P104-100"", ""pci_bus"": ""00000000:02:00.0"", ""pcie"": ""Gen1 x1"", ""util_pct"": 0.0, ""power_w"": 49.45, ""vram_used_mib"": 4894.0}, {""index"": 2, ""name"": ""NVIDIA P104-100"", ""pci_bus"": ""00000000:0A:00.0"", ""pcie"": ""Gen1 x1"", ""util_pct"": 0.0, ""power_w"": 47.69, ""vram_used_mib"": 6620.0}, {""index"": 3, ""name"": ""NVIDIA P104-100"", ""pci_bus"": ""00000000:0C:00.0"", ""pcie"": ""Gen1 x1"", ""util_pct"": 0.0, ""power_w"": 51.88, ""vram_used_mib"": 4894.0}, {""index"": 4, ""name"": ""NVIDIA P104-100"", ""pci_bus"": ""00000000:0D:00.0"", ""pcie"": ""Gen1 x1"", ""util_pct"": 0.0, ""power_w"": 55.95, ""vram_used_mib"": 6620.0}, {""index"": 5, ""name"": ""NVIDIA P104-100"", ""pci_bus"": ""00000000:0E:00.0"", ""pcie"": ""Gen1 x1"", ""util_pct"": 0.0, ""power_w"": 51.94, ""vram_used_mib"": 4894.0}, {""index"": 6, ""name"": ""NVIDIA P104-100"", ""pci_bus"": ""00000000:0F:00.0"", ""pcie"": ""Gen1 x1"", ""util_pct"": 0.0, ""power_w"": 55.21, ""vram_used_mib"": 5638.0}, {""index"": 7, ""name"": ""NVIDIA P104-100"", ""pci_bus"": ""00000000:10:00.0"", ""pcie"": ""Gen1 x1"", ""util_pct"": 0.0, ""power_w"": 50.89, ""vram_used_mib"": 5876.0}, {""index"": 8, ""name"": ""NVIDIA P104-100"", ""pci_bus"": ""00000000:11:00.0"", ""pcie"": ""Gen1 x1"", ""util_pct"": 0.0, ""power_w"": 52.05, ""vram_used_mib"": 5638.0}, {""index"": 9, ""name"": ""NVIDIA P104-100"", ""pci_bus"": ""00000000:12:00.0"", ""pcie"": ""Gen1 x1"", ""util_pct"": 0.0, ""power_w"": 51.13, ""vram_used_mib"": 4894.0}, {""index"": 10, ""name"": ""NVIDIA P104-100"", ""pci_bus"": ""00000000:13:00.0"", ""pcie"": ""Gen1 x1"", ""util_pct"": 0.0, ""power_w"": 50.24, ""vram_used_mib"": 6620.0}, {""index"": 11, ""name"": ""NVIDIA P104-100"", ""pci_bus"": ""00000000:14:00.0"", ""pcie"": ""Gen1 x1"", ""util_pct"": 84.0, ""power_w"": 141.8, ""vram_used_mib"": 7750.0}]"
2026-08-16T18:23:17.846205+03:00,1786893797.846205,ctx_016384.txt,1,1,prefill,36.599763872491145,"[18.867924528301888, 14.150943396226415, 12.796208530805687, 100.0]",15875.55078125,10554.0,5321.55078125,66.47958326249015,24575.99609375,402.86328125,1.6392551484513518,"[{""index"": 0, ""name"": ""NVIDIA P104-100"", ""pci_bus"": ""00000000:01:00.0"", ""pcie"": ""Gen1 x1"", ""util_pct"": 0.0, ""power_w"": 48.11, ""vram_used_mib"": 5638.0}, {""index"": 1, ""name"": ""NVIDIA P104-100"", ""pci_bus"": ""00000000:02:00.0"", ""pcie"": ""Gen1 x1"", ""util_pct"": 0.0, ""power_w"": 49.55, ""vram_used_mib"": 4894.0}, {""index"": 2, ""name"": ""NVIDIA P104-100"", ""pci_bus"": ""00000000:0A:00.0"", ""pcie"": ""Gen1 x1"", ""util_pct"": 0.0, ""power_w"": 47.69, ""vram_used_mib"": 6620.0}, {""index"": 3, ""name"": ""NVIDIA P104-100"", ""pci_bus"": ""00000000:0C:00.0"", ""pcie"": ""Gen1 x1"", ""util_pct"": 0.0, ""power_w"": 51.51, ""vram_used_mib"": 4894.0}, {""index"": 4, ""name"": ""NVIDIA P104-100"", ""pci_bus"": ""00000000:0D:00.0"", ""pcie"": ""Gen1 x1"", ""util_pct"": 0.0, ""power_w"": 55.68, ""vram_used_mib"": 6620.0}, {""index"": 5, ""name"": ""NVIDIA P104-100"", ""pci_bus"": ""00000000:0E:00.0"", ""pcie"": ""Gen1 x1"", ""util_pct"": 0.0, ""power_w"": 51.94, ""vram_used_mib"": 4894.0}, {""index"": 6, ""name"": ""NVIDIA P104-100"", ""pci_bus"": ""00000000:0F:00.0"", ""pcie"": ""Gen1 x1"", ""util_pct"": 0.0, ""power_w"": 55.09, ""vram_used_mib"": 5638.0}, {""index"": 7, ""name"": ""NVIDIA P104-100"", ""pci_bus"": ""00000000:10:00.0"", ""pcie"": ""Gen1 x1"", ""util_pct"": 0.0, ""power_w"": 50.72, ""vram_used_mib"": 5876.0}, {""index"": 8, ""name"": ""NVIDIA P104-100"", ""pci_bus"": ""00000000:11:00.0"", ""pcie"": ""Gen1 x1"", ""util_pct"": 0.0, ""power_w"": 51.7, ""vram_used_mib"": 5638.0}, {""index"": 9, ""name"": ""NVIDIA P104-100"", ""pci_bus"": ""00000000:12:00.0"", ""pcie"": ""Gen1 x1"", ""util_pct"": 0.0, ""power_w"": 51.03, ""vram_used_mib"": 4894.0}, {""index"": 10, ""name"": ""NVIDIA P104-100"", ""pci_bus"": ""00000000:13:00.0"", ""pcie"": ""Gen1 x1"", ""util_pct"": 0.0, ""power_w"": 50.24, ""vram_used_mib"": 6620.0}, {""index"": 11, ""name"": ""NVIDIA P104-100"", ""pci_bus"": ""00000000:14:00.0"", ""pcie"": ""Gen1 x1"", ""util_pct"": 99.0, ""power_w"": 95.68, ""vram_used_mib"": 7750.0}]"
2026-08-16T18:23:20.002694+03:00,1786893800.002694,ctx_016384.txt,1,1,prefill,36.31090487238979,"[13.953488372093023, 19.53488372093023, 12.037037037037036, 100.0]",15875.55078125,10498.4921875,5377.05859375,66.12993988151494,24575.99609375,402.85546875,1.639223359302419,"[{""index"": 0, ""name"": ""NVIDIA P104-100"", ""pci_bus"": ""00000000:01:00.0"", ""pcie"": ""Gen1 x1"", ""util_pct"": 0.0, ""power_w"": 47.74, ""vram_used_mib"": 5638.0}, {""index"": 1, ""name"": ""NVIDIA P104-100"", ""pci_bus"": ""00000000:02:00.0"", ""pcie"": ""Gen1 x1"", ""util_pct"": 0.0, ""power_w"": 48.85, ""vram_used_mib"": 4894.0}, {""index"": 2, ""name"": ""NVIDIA P104-100"", ""pci_bus"": ""00000000:0A:00.0"", ""pcie"": ""Gen1 x1"", ""util_pct"": 0.0, ""power_w"": 47.59, ""vram_used_mib"": 6620.0}, {""index"": 3, ""name"": ""NVIDIA P104-100"", ""pci_bus"": ""00000000:0C:00.0"", ""pcie"": ""Gen1 x1"", ""util_pct"": 0.0, ""power_w"": 51.61, ""vram_used_mib"": 4894.0}, {""index"": 4, ""name"": ""NVIDIA P104-100"", ""pci_bus"": ""00000000:0D:00.0"", ""pcie"": ""Gen1 x1"", ""util_pct"": 0.0, ""power_w"": 55.78, ""vram_used_mib"": 6620.0}, {""index"": 5, ""name"": ""NVIDIA P104-100"", ""pci_bus"": ""00000000:0E:00.0"", ""pcie"": ""Gen1 x1"", ""util_pct"": 0.0, ""power_w"": 51.94, ""vram_used_mib"": 4894.0}, {""index"": 6, ""name"": ""NVIDIA P104-100"", ""pci_bus"": ""00000000:0F:00.0"", ""pcie"": ""Gen1 x1"", ""util_pct"": 0.0, ""power_w"": 55.18, ""vram_used_mib"": 5638.0}, {""index"": 7, ""name"": ""NVIDIA P104-100"", ""pci_bus"": ""00000000:10:00.0"", ""pcie"": ""Gen1 x1"", ""util_pct"": 0.0, ""power_w"": 50.82, ""vram_used_mib"": 5876.0}, {""index"": 8, ""name"": ""NVIDIA P104-100"", ""pci_bus"": ""00000000:11:00.0"", ""pcie"": ""Gen1 x1"", ""util_pct"": 0.0, ""power_w"": 51.7, ""vram_used_mib"": 5638.0}, {""index"": 9, ""name"": ""NVIDIA P104-100"", ""pci_bus"": ""00000000:12:00.0"", ""pcie"": ""Gen1 x1"", ""util_pct"": 0.0, ""power_w"": 50.78, ""vram_used_mib"": 4894.0}, {""index"": 10, ""name"": ""NVIDIA P104-100"", ""pci_bus"": ""00000000:13:00.0"", ""pcie"": ""Gen1 x1"", ""util_pct"": 0.0, ""power_w"": 49.9, ""vram_used_mib"": 6620.0}, {""index"": 11, ""name"": ""NVIDIA P104-100"", ""pci_bus"": ""00000000:14:00.0"", ""pcie"": ""Gen1 x1"", ""util_pct"": 99.0, ""power_w"": 107.6, ""vram_used_mib"": 7750.0}]"
2026-08-16T18:23:22.137035+03:00,1786893802.137035,ctx_016384.txt,1,1,prefill,37.250293772032904,"[21.5962441314554, 16.431924882629108, 11.320754716981131, 100.0]",15875.55078125,10330.44921875,5545.1015625,65.07143822027828,24575.99609375,402.85546875,1.639223359302419,"[{""index"": 0, ""name"": ""NVIDIA P104-100"", ""pci_bus"": ""00000000:01:00.0"", ""pcie"": ""Gen1 x1"", ""util_pct"": 96.0, ""power_w"": 145.19, ""vram_used_mib"": 5638.0}, {""index"": 1, ""name"": ""NVIDIA P104-100"", ""pci_bus"": ""00000000:02:00.0"", ""pcie"": ""Gen1 x1"", ""util_pct"": 85.0, ""power_w"": 150.4, ""vram_used_mib"": 4894.0}, {""index"": 2, ""name"": ""NVIDIA P104-100"", ""pci_bus"": ""00000000:0A:00.0"", ""pcie"": ""Gen1 x1"", ""util_pct"": 99.0, ""power_w"": 158.78, ""vram_used_mib"": 6620.0}, {""index"": 3, ""name"": ""NVIDIA P104-100"", ""pci_bus"": ""00000000:0C:00.0"", ""pcie"": ""Gen1 x1"", ""util_pct"": 85.0, ""power_w"": 163.74, ""vram_used_mib"": 4894.0}, {""index"": 4, ""name"": ""NVIDIA P104-100"", ""pci_bus"": ""00000000:0D:00.0"", ""pcie"": ""Gen1 x1"", ""util_pct"": 99.0, ""power_w"": 159.26, ""vram_used_mib"": 6620.0}, {""index"": 5, ""name"": ""NVIDIA P104-100"", ""pci_bus"": ""00000000:0E:00.0"", ""pcie"": ""Gen1 x1"", ""util_pct"": 85.0, ""power_w"": 140.56, ""vram_used_mib"": 4894.0}, {""index"": 6, ""name"": ""NVIDIA P104-100"", ""pci_bus"": ""00000000:0F:00.0"", ""pcie"": ""Gen1 x1"", ""util_pct"": 97.0, ""power_w"": 147.39, ""vram_used_mib"": 5638.0}, {""index"": 7, ""name"": ""NVIDIA P104-100"", ""pci_bus"": ""00000000:10:00.0"", ""pcie"": ""Gen1 x1"", ""util_pct"": 74.0, ""power_w"": 151.83, ""vram_used_mib"": 5876.0}, {""index"": 8, ""name"": ""NVIDIA P104-100"", ""pci_bus"": ""00000000:11:00.0"", ""pcie"": ""Gen1 x1"", ""util_pct"": 95.0, ""power_w"": 143.99, ""vram_used_mib"": 5638.0}, {""index"": 9, ""name"": ""NVIDIA P104-100"", ""pci_bus"": ""00000000:12:00.0"", ""pcie"": ""Gen1 x1"", ""util_pct"": 86.0, ""power_w"": 154.95, ""vram_used_mib"": 4894.0}, {""index"": 10, ""name"": ""NVIDIA P104-100"", ""pci_bus"": ""00000000:13:00.0"", ""pcie"": ""Gen1 x1"", ""util_pct"": 100.0, ""power_w"": 155.77, ""vram_used_mib"": 6620.0}, {""index"": 11, ""name"": ""NVIDIA P104-100"", ""pci_bus"": ""00000000:14:00.0"", ""pcie"": ""Gen1 x1"", ""util_pct"": 44.0, ""power_w"": 60.98, ""vram_used_mib"": 7750.0}]"
2026-08-16T18:23:24.260537+03:00,1786893804.260537,ctx_016384.txt,1,1,prefill,52.41460541813899,"[8.530805687203792, 64.15094339622641, 36.15023474178404, 100.0]",15875.55078125,10314.1484375,5561.40234375,64.96875969608338,24575.99609375,402.8515625,1.6392074647279524,"[{""index"": 0, ""name"": ""NVIDIA P104-100"", ""pci_bus"": ""00000000:01:00.0"", ""pcie"": ""Gen1 x1"", ""util_pct"": 93.0, ""power_w"": 137.15, ""vram_used_mib"": 5638.0}, {""index"": 1, ""name"": ""NVIDIA P104-100"", ""pci_bus"": ""00000000:02:00.0"", ""pcie"": ""Gen1 x1"", ""util_pct"": 85.0, ""power_w"": 143.71, ""vram_used_mib"": 4894.0}, {""index"": 2, ""name"": ""NVIDIA P104-100"", ""pci_bus"": ""00000000:0A:00.0"", ""pcie"": ""Gen1 x1"", ""util_pct"": 99.0, ""power_w"": 157.25, ""vram_used_mib"": 6620.0}, {""index"": 3, ""name"": ""NVIDIA P104-100"", ""pci_bus"": ""00000000:0C:00.0"", ""pcie"": ""Gen1 x1"", ""util_pct"": 85.0, ""power_w"": 153.24, ""vram_used_mib"": 4894.0}, {""index"": 4, ""name"": ""NVIDIA P104-100"", ""pci_bus"": ""00000000:0D:00.0"", ""pcie"": ""Gen1 x1"", ""util_pct"": 99.0, ""power_w"": 149.89, ""vram_used_mib"": 6620.0}, {""index"": 5, ""name"": ""NVIDIA P104-100"", ""pci_bus"": ""00000000:0E:00.0"", ""pcie"": ""Gen1 x1"", ""util_pct"": 86.0, ""power_w"": 140.88, ""vram_used_mib"": 4894.0}, {""index"": 6, ""name"": ""NVIDIA P104-100"", ""pci_bus"": ""00000000:0F:00.0"", ""pcie"": ""Gen1 x1"", ""util_pct"": 97.0, ""power_w"": 149.16, ""vram_used_mib"": 5638.0}, {""index"": 7, ""name"": ""NVIDIA P104-100"", ""pci_bus"": ""00000000:10:00.0"", ""pcie"": ""Gen1 x1"", ""util_pct"": 78.0, ""power_w"": 153.06, ""vram_used_mib"": 5876.0}, {""index"": 8, ""name"": ""NVIDIA P104-100"", ""pci_bus"": ""00000000:11:00.0"", ""pcie"": ""Gen1 x1"", ""util_pct"": 97.0, ""power_w"": 146.63, ""vram_used_mib"": 5638.0}, {""index"": 9, ""name"": ""NVIDIA P104-100"", ""pci_bus"": ""00000000:12:00.0"", ""pcie"": ""Gen1 x1"", ""util_pct"": 86.0, ""power_w"": 154.51, ""vram_used_mib"": 4894.0}, {""index"": 10, ""name"": ""NVIDIA P104-100"", ""pci_bus"": ""00000000:13:00.0"", ""pcie"": ""Gen1 x1"", ""util_pct"": 99.0, ""power_w"": 145.6, ""vram_used_mib"": 6620.0}, {""index"": 11, ""name"": ""NVIDIA P104-100"", ""pci_bus"": ""00000000:14:00.0"", ""pcie"": ""Gen1 x1"", ""util_pct"": 60.0, ""power_w"": 113.23, ""vram_used_mib"": 7750.0}]"
2026-08-16T18:23:26.396836+03:00,1786893806.396836,ctx_016384.txt,1,1,prefill,37.132784958871916,"[12.264150943396226, 23.004694835680752, 13.145539906103286, 100.0]",15875.55078125,10278.58984375,5596.9609375,64.74477632542768,24575.99609375,402.8515625,1.6392074647279524,"[{""index"": 0, ""name"": ""NVIDIA P104-100"", ""pci_bus"": ""00000000:01:00.0"", ""pcie"": ""Gen1 x1"", ""util_pct"": 0.0, ""power_w"": 53.54, ""vram_used_mib"": 5638.0}, {""index"": 1, ""name"": ""NVIDIA P104-100"", ""pci_bus"": ""00000000:02:00.0"", ""pcie"": ""Gen1 x1"", ""util_pct"": 0.0, ""power_w"": 54.77, ""vram_used_mib"": 4894.0}, {""index"": 2, ""name"": ""NVIDIA P104-100"", ""pci_bus"": ""00000000:0A:00.0"", ""pcie"": ""Gen1 x1"", ""util_pct"": 0.0, ""power_w"": 54.61, ""vram_used_mib"": 6620.0}, {""index"": 3, ""name"": ""NVIDIA P104-100"", ""pci_bus"": ""00000000:0C:00.0"", ""pcie"": ""Gen1 x1"", ""util_pct"": 0.0, ""power_w"": 57.56, ""vram_used_mib"": 4894.0}, {""index"": 4, ""name"": ""NVIDIA P104-100"", ""pci_bus"": ""00000000:0D:00.0"", ""pcie"": ""Gen1 x1"", ""util_pct"": 0.0, ""power_w"": 56.19, ""vram_used_mib"": 6620.0}, {""index"": 5, ""name"": ""NVIDIA P104-100"", ""pci_bus"": ""00000000:0E:00.0"", ""pcie"": ""Gen1 x1"", ""util_pct"": 40.0, ""power_w"": 52.29, ""vram_used_mib"": 4894.0}, {""index"": 6, ""name"": ""NVIDIA P104-100"", ""pci_bus"": ""00000000:0F:00.0"", ""pcie"": ""Gen1 x1"", ""util_pct"": 94.0, ""power_w"": 66.04, ""vram_used_mib"": 5638.0}, {""index"": 7, ""name"": ""NVIDIA P104-100"", ""pci_bus"": ""00000000:10:00.0"", ""pcie"": ""Gen1 x1"", ""util_pct"": 77.0, ""power_w"": 125.87, ""vram_used_mib"": 5876.0}, {""index"": 8, ""name"": ""NVIDIA P104-100"", ""pci_bus"": ""00000000:11:00.0"", ""pcie"": ""Gen1 x1"", ""util_pct"": 98.0, ""power_w"": 127.92, ""vram_used_mib"": 5638.0}, {""index"": 9, ""name"": ""NVIDIA P104-100"", ""pci_bus"": ""00000000:12:00.0"", ""pcie"": ""Gen1 x1"", ""util_pct"": 86.0, ""power_w"": 135.06, ""vram_used_mib"": 4894.0}, {""index"": 10, ""name"": ""NVIDIA P104-100"", ""pci_bus"": ""00000000:13:00.0"", ""pcie"": ""Gen1 x1"", ""util_pct"": 99.0, ""power_w"": 142.2, ""vram_used_mib"": 6620.0}, {""index"": 11, ""name"": ""NVIDIA P104-100"", ""pci_bus"": ""00000000:14:00.0"", ""pcie"": ""Gen1 x1"", ""util_pct"": 62.0, ""power_w"": 143.02, ""vram_used_mib"": 7750.0}]"
2026-08-16T18:23:28.532181+03:00,1786893808.532181,ctx_016384.txt,1,1,prefill,36.34232121922626,"[11.737089201877934, 4.672897196261682, 29.577464788732396, 100.0]",15875.55078125,10202.56640625,5672.984375,64.26590514453116,24575.99609375,402.84375,1.6391756755790194,"[{""index"": 0, ""name"": ""NVIDIA P104-100"", ""pci_bus"": ""00000000:01:00.0"", ""pcie"": ""Gen1 x1"", ""util_pct"": 0.0, ""power_w"": 53.41, ""vram_used_mib"": 5638.0}, {""index"": 1, ""name"": ""NVIDIA P104-100"", ""pci_bus"": ""00000000:02:00.0"", ""pcie"": ""Gen1 x1"", ""util_pct"": 0.0, ""power_w"": 54.64, ""vram_used_mib"": 4894.0}, {""index"": 2, ""name"": ""NVIDIA P104-100"", ""pci_bus"": ""00000000:0A:00.0"", ""pcie"": ""Gen1 x1"", ""util_pct"": 0.0, ""power_w"": 54.57, ""vram_used_mib"": 6620.0}, {""index"": 3, ""name"": ""NVIDIA P104-100"", ""pci_bus"": ""00000000:0C:00.0"", ""pcie"": ""Gen1 x1"", ""util_pct"": 0.0, ""power_w"": 57.27, ""vram_used_mib"": 4894.0}, {""index"": 4, ""name"": ""NVIDIA P104-100"", ""pci_bus"": ""00000000:0D:00.0"", ""pcie"": ""Gen1 x1"", ""util_pct"": 0.0, ""power_w"": 56.03, ""vram_used_mib"": 6620.0}, {""index"": 5, ""name"": ""NVIDIA P104-100"", ""pci_bus"": ""00000000:0E:00.0"", ""pcie"": ""Gen1 x1"", ""util_pct"": 0.0, ""power_w"": 51.94, ""vram_used_mib"": 4894.0}, {""index"": 6, ""name"": ""NVIDIA P104-100"", ""pci_bus"": ""00000000:0F:00.0"", ""pcie"": ""Gen1 x1"", ""util_pct"": 0.0, ""power_w"": 55.1, ""vram_used_mib"": 5638.0}, {""index"": 7, ""name"": ""NVIDIA P104-100"", ""pci_bus"": ""00000000:10:00.0"", ""pcie"": ""Gen1 x1"", ""util_pct"": 0.0, ""power_w"": 56.12, ""vram_used_mib"": 5876.0}, {""index"": 8, ""name"": ""NVIDIA P104-100"", ""pci_bus"": ""00000000:11:00.0"", ""pcie"": ""Gen1 x1"", ""util_pct"": 0.0, ""power_w"": 52.05, ""vram_used_mib"": 5638.0}, {""index"": 9, ""name"": ""NVIDIA P104-100"", ""pci_bus"": ""00000000:12:00.0"", ""pcie"": ""Gen1 x1"", ""util_pct"": 0.0, ""power_w"": 55.35, ""vram_used_mib"": 4894.0}, {""index"": 10, ""name"": ""NVIDIA P104-100"", ""pci_bus"": ""00000000:13:00.0"", ""pcie"": ""Gen1 x1"", ""util_pct"": 37.0, ""power_w"": 53.97, ""vram_used_mib"": 6620.0}, {""index"": 11, ""name"": ""NVIDIA P104-100"", ""pci_bus"": ""00000000:14:00.0"", ""pcie"": ""Gen1 x1"", ""util_pct"": 94.0, ""power_w"": 135.1, ""vram_used_mib"": 7750.0}]"
2026-08-16T18:23:30.677259+03:00,1786893810.677259,ctx_016384.txt,1,1,decode,37.26635514018692,"[20.0, 10.232558139534884, 18.69158878504673, 100.0]",15875.55078125,10261.3671875,5614.18359375,64.6362909160878,24575.99609375,402.82421875,1.639096202706687,"[{""index"": 0, ""name"": ""NVIDIA P104-100"", ""pci_bus"": ""00000000:01:00.0"", ""pcie"": ""Gen1 x1"", ""util_pct"": 0.0, ""power_w"": 53.26, ""vram_used_mib"": 5638.0}, {""index"": 1, ""name"": ""NVIDIA P104-100"", ""pci_bus"": ""00000000:02:00.0"", ""pcie"": ""Gen1 x1"", ""util_pct"": 0.0, ""power_w"": 54.64, ""vram_used_mib"": 4894.0}, {""index"": 2, ""name"": ""NVIDIA P104-100"", ""pci_bus"": ""00000000:0A:00.0"", ""pcie"": ""Gen1 x1"", ""util_pct"": 0.0, ""power_w"": 54.34, ""vram_used_mib"": 6620.0}, {""index"": 3, ""name"": ""NVIDIA P104-100"", ""pci_bus"": ""00000000:0C:00.0"", ""pcie"": ""Gen1 x1"", ""util_pct"": 0.0, ""power_w"": 57.39, ""vram_used_mib"": 4894.0}, {""index"": 4, ""name"": ""NVIDIA P104-100"", ""pci_bus"": ""00000000:0D:00.0"", ""pcie"": ""Gen1 x1"", ""util_pct"": 0.0, ""power_w"": 55.58, ""vram_used_mib"": 6620.0}, {""index"": 5, ""name"": ""NVIDIA P104-100"", ""pci_bus"": ""00000000:0E:00.0"", ""pcie"": ""Gen1 x1"", ""util_pct"": 0.0, ""power_w"": 52.04, ""vram_used_mib"": 4894.0}, {""index"": 6, ""name"": ""NVIDIA P104-100"", ""pci_bus"": ""00000000:0F:00.0"", ""pcie"": ""Gen1 x1"", ""util_pct"": 0.0, ""power_w"": 55.21, ""vram_used_mib"": 5638.0}, {""index"": 7, ""name"": ""NVIDIA P104-100"", ""pci_bus"": ""00000000:10:00.0"", ""pcie"": ""Gen1 x1"", ""util_pct"": 0.0, ""power_w"": 56.22, ""vram_used_mib"": 5876.0}, {""index"": 8, ""name"": ""NVIDIA P104-100"", ""pci_bus"": ""00000000:11:00.0"", ""pcie"": ""Gen1 x1"", ""util_pct"": 45.0, ""power_w"": 51.7, ""vram_used_mib"": 5638.0}, {""index"": 9, ""name"": ""NVIDIA P104-100"", ""pci_bus"": ""00000000:12:00.0"", ""pcie"": ""Gen1 x1"", ""util_pct"": 36.0, ""power_w"": 55.0, ""vram_used_mib"": 4894.0}, {""index"": 10, ""name"": ""NVIDIA P104-100"", ""pci_bus"": ""00000000:13:00.0"", ""pcie"": ""Gen1 x1"", ""util_pct"": 30.0, ""power_w"": 53.87, ""vram_used_mib"": 6620.0}, {""index"": 11, ""name"": ""NVIDIA P104-100"", ""pci_bus"": ""00000000:14:00.0"", ""pcie"": ""Gen1 x1"", ""util_pct"": 42.0, ""power_w"": 56.47, ""vram_used_mib"": 7750.0}]"
2026-08-16T18:23:32.798084+03:00,1786893812.798084,ctx_016384.txt,1,1,decode,36.481700118063756,"[12.380952380952381, 5.2631578947368425, 27.358490566037737, 100.0]",15875.55078125,10419.9140625,5455.63671875,65.63497673924206,24575.99609375,402.8125,1.6390485189832877,"[{""index"": 0, ""name"": ""NVIDIA P104-100"", ""pci_bus"": ""00000000:01:00.0"", ""pcie"": ""Gen1 x1"", ""util_pct"": 42.0, ""power_w"": 53.26, ""vram_used_mib"": 5638.0}, {""index"": 1, ""name"": ""NVIDIA P104-100"", ""pci_bus"": ""00000000:02:00.0"", ""pcie"": ""Gen1 x1"", ""util_pct"": 36.0, ""power_w"": 54.39, ""vram_used_mib"": 4894.0}, {""index"": 2, ""name"": ""NVIDIA P104-100"", ""pci_bus"": ""00000000:0A:00.0"", ""pcie"": ""Gen1 x1"", ""util_pct"": 36.0, ""power_w"": 54.24, ""vram_used_mib"": 6620.0}, {""index"": 3, ""name"": ""NVIDIA P104-100"", ""pci_bus"": ""00000000:0C:00.0"", ""pcie"": ""Gen1 x1"", ""util_pct"": 0.0, ""power_w"": 57.14, ""vram_used_mib"": 4894.0}, {""index"": 4, ""name"": ""NVIDIA P104-100"", ""pci_bus"": ""00000000:0D:00.0"", ""pcie"": ""Gen1 x1"", ""util_pct"": 0.0, ""power_w"": 55.68, ""vram_used_mib"": 6620.0}, {""index"": 5, ""name"": ""NVIDIA P104-100"", ""pci_bus"": ""00000000:0E:00.0"", ""pcie"": ""Gen1 x1"", ""util_pct"": 0.0, ""power_w"": 51.94, ""vram_used_mib"": 4894.0}, {""index"": 6, ""name"": ""NVIDIA P104-100"", ""pci_bus"": ""00000000:0F:00.0"", ""pcie"": ""Gen1 x1"", ""util_pct"": 0.0, ""power_w"": 55.1, ""vram_used_mib"": 5638.0}, {""index"": 7, ""name"": ""NVIDIA P104-100"", ""pci_bus"": ""00000000:10:00.0"", ""pcie"": ""Gen1 x1"", ""util_pct"": 0.0, ""power_w"": 56.22, ""vram_used_mib"": 5876.0}, {""index"": 8, ""name"": ""NVIDIA P104-100"", ""pci_bus"": ""00000000:11:00.0"", ""pcie"": ""Gen1 x1"", ""util_pct"": 0.0, ""power_w"": 51.7, ""vram_used_mib"": 5638.0}, {""index"": 9, ""name"": ""NVIDIA P104-100"", ""pci_bus"": ""00000000:12:00.0"", ""pcie"": ""Gen1 x1"", ""util_pct"": 0.0, ""power_w"": 55.0, ""vram_used_mib"": 4894.0}, {""index"": 10, ""name"": ""NVIDIA P104-100"", ""pci_bus"": ""00000000:13:00.0"", ""pcie"": ""Gen1 x1"", ""util_pct"": 0.0, ""power_w"": 53.87, ""vram_used_mib"": 6620.0}, {""index"": 11, ""name"": ""NVIDIA P104-100"", ""pci_bus"": ""00000000:14:00.0"", ""pcie"": ""Gen1 x1"", ""util_pct"": 0.0, ""power_w"": 55.97, ""vram_used_mib"": 7750.0}]"
2026-08-16T18:23:34.935622+03:00,1786893814.935622,ctx_016384.txt,1,1,decode,38.2903981264637,"[18.22429906542056, 18.6046511627907, 16.901408450704224, 100.0]",15875.55078125,10439.6328125,5435.91796875,65.75918502827535,24575.99609375,402.79296875,1.6389690461109552,"[{""index"": 0, ""name"": ""NVIDIA P104-100"", ""pci_bus"": ""00000000:01:00.0"", ""pcie"": ""Gen1 x1"", ""util_pct"": 0.0, ""power_w"": 51.8, ""vram_used_mib"": 5638.0}, {""index"": 1, ""name"": ""NVIDIA P104-100"", ""pci_bus"": ""00000000:02:00.0"", ""pcie"": ""Gen1 x1"", ""util_pct"": 0.0, ""power_w"": 54.6, ""vram_used_mib"": 4894.0}, {""index"": 2, ""name"": ""NVIDIA P104-100"", ""pci_bus"": ""00000000:0A:00.0"", ""pcie"": ""Gen1 x1"", ""util_pct"": 0.0, ""power_w"": 52.26, ""vram_used_mib"": 6620.0}, {""index"": 3, ""name"": ""NVIDIA P104-100"", ""pci_bus"": ""00000000:0C:00.0"", ""pcie"": ""Gen1 x1"", ""util_pct"": 0.0, ""power_w"": 55.4, ""vram_used_mib"": 4894.0}, {""index"": 4, ""name"": ""NVIDIA P104-100"", ""pci_bus"": ""00000000:0D:00.0"", ""pcie"": ""Gen1 x1"", ""util_pct"": 0.0, ""power_w"": 54.2, ""vram_used_mib"": 6620.0}, {""index"": 5, ""name"": ""NVIDIA P104-100"", ""pci_bus"": ""00000000:0E:00.0"", ""pcie"": ""Gen1 x1"", ""util_pct"": 17.0, ""power_w"": 51.94, ""vram_used_mib"": 4894.0}, {""index"": 6, ""name"": ""NVIDIA P104-100"", ""pci_bus"": ""00000000:0F:00.0"", ""pcie"": ""Gen1 x1"", ""util_pct"": 21.0, ""power_w"": 54.34, ""vram_used_mib"": 5638.0}, {""index"": 7, ""name"": ""NVIDIA P104-100"", ""pci_bus"": ""00000000:10:00.0"", ""pcie"": ""Gen1 x1"", ""util_pct"": 15.0, ""power_w"": 56.06, ""vram_used_mib"": 5876.0}, {""index"": 8, ""name"": ""NVIDIA P104-100"", ""pci_bus"": ""00000000:11:00.0"", ""pcie"": ""Gen1 x1"", ""util_pct"": 21.0, ""power_w"": 52.05, ""vram_used_mib"": 5638.0}, {""index"": 9, ""name"": ""NVIDIA P104-100"", ""pci_bus"": ""00000000:12:00.0"", ""pcie"": ""Gen1 x1"", ""util_pct"": 18.0, ""power_w"": 53.85, ""vram_used_mib"": 4894.0}, {""index"": 10, ""name"": ""NVIDIA P104-100"", ""pci_bus"": ""00000000:13:00.0"", ""pcie"": ""Gen1 x1"", ""util_pct"": 22.0, ""power_w"": 51.38, ""vram_used_mib"": 6620.0}, {""index"": 11, ""name"": ""NVIDIA P104-100"", ""pci_bus"": ""00000000:14:00.0"", ""pcie"": ""Gen1 x1"", ""util_pct"": 0.0, ""power_w"": 155.01, ""vram_used_mib"": 7750.0}]"
2026-08-16T18:23:37.103274+03:00,1786893817.103274,ctx_016384.txt,1,1,decode,40.27777777777778,"[17.289719626168225, 17.289719626168225, 25.34562211981567, 100.0]",15875.55078125,10457.74609375,5417.8046875,65.87328047919597,24575.99609375,402.79296875,1.6389690461109552,"[{""index"": 0, ""name"": ""NVIDIA P104-100"", ""pci_bus"": ""00000000:01:00.0"", ""pcie"": ""Gen1 x1"", ""util_pct"": 22.0, ""power_w"": 51.7, ""vram_used_mib"": 5638.0}, {""index"": 1, ""name"": ""NVIDIA P104-100"", ""pci_bus"": ""00000000:02:00.0"", ""pcie"": ""Gen1 x1"", ""util_pct"": 18.0, ""power_w"": 54.64, ""vram_used_mib"": 4894.0}, {""index"": 2, ""name"": ""NVIDIA P104-100"", ""pci_bus"": ""00000000:0A:00.0"", ""pcie"": ""Gen1 x1"", ""util_pct"": 22.0, ""power_w"": 51.86, ""vram_used_mib"": 6620.0}, {""index"": 3, ""name"": ""NVIDIA P104-100"", ""pci_bus"": ""00000000:0C:00.0"", ""pcie"": ""Gen1 x1"", ""util_pct"": 0.0, ""power_w"": 56.03, ""vram_used_mib"": 4894.0}, {""index"": 4, ""name"": ""NVIDIA P104-100"", ""pci_bus"": ""00000000:0D:00.0"", ""pcie"": ""Gen1 x1"", ""util_pct"": 0.0, ""power_w"": 62.51, ""vram_used_mib"": 6620.0}, {""index"": 5, ""name"": ""NVIDIA P104-100"", ""pci_bus"": ""00000000:0E:00.0"", ""pcie"": ""Gen1 x1"", ""util_pct"": 0.0, ""power_w"": 102.68, ""vram_used_mib"": 4894.0}, {""index"": 6, ""name"": ""NVIDIA P104-100"", ""pci_bus"": ""00000000:0F:00.0"", ""pcie"": ""Gen1 x1"", ""util_pct"": 2.0, ""power_w"": 109.07, ""vram_used_mib"": 5638.0}, {""index"": 7, ""name"": ""NVIDIA P104-100"", ""pci_bus"": ""00000000:10:00.0"", ""pcie"": ""Gen1 x1"", ""util_pct"": 0.0, ""power_w"": 55.08, ""vram_used_mib"": 5876.0}, {""index"": 8, ""name"": ""NVIDIA P104-100"", ""pci_bus"": ""00000000:11:00.0"", ""pcie"": ""Gen1 x1"", ""util_pct"": 0.0, ""power_w"": 51.27, ""vram_used_mib"": 5638.0}, {""index"": 9, ""name"": ""NVIDIA P104-100"", ""pci_bus"": ""00000000:12:00.0"", ""pcie"": ""Gen1 x1"", ""util_pct"": 0.0, ""power_w"": 53.85, ""vram_used_mib"": 4894.0}, {""index"": 10, ""name"": ""NVIDIA P104-100"", ""pci_bus"": ""00000000:13:00.0"", ""pcie"": ""Gen1 x1"", ""util_pct"": 0.0, ""power_w"": 51.48, ""vram_used_mib"": 6620.0}, {""index"": 11, ""name"": ""NVIDIA P104-100"", ""pci_bus"": ""00000000:14:00.0"", ""pcie"": ""Gen1 x1"", ""util_pct"": 36.0, ""power_w"": 54.29, ""vram_used_mib"": 7750.0}]"
2026-08-16T18:23:39.265082+03:00,1786893819.265082,ctx_016384.txt,1,1,decode,40.18583042973287,"[13.88888888888889, 31.336405529953918, 15.42056074766355, 100.0]",15875.55078125,10457.64453125,5417.90625,65.8726407376122,24575.99609375,402.78125,1.6389213623875558,"[{""index"": 0, ""name"": ""NVIDIA P104-100"", ""pci_bus"": ""00000000:01:00.0"", ""pcie"": ""Gen1 x1"", ""util_pct"": 0.0, ""power_w"": 51.67, ""vram_used_mib"": 5638.0}, {""index"": 1, ""name"": ""NVIDIA P104-100"", ""pci_bus"": ""00000000:02:00.0"", ""pcie"": ""Gen1 x1"", ""util_pct"": 0.0, ""power_w"": 54.11, ""vram_used_mib"": 4894.0}, {""index"": 2, ""name"": ""NVIDIA P104-100"", ""pci_bus"": ""00000000:0A:00.0"", ""pcie"": ""Gen1 x1"", ""util_pct"": 0.0, ""power_w"": 51.62, ""vram_used_mib"": 6620.0}, {""index"": 3, ""name"": ""NVIDIA P104-100"", ""pci_bus"": ""00000000:0C:00.0"", ""pcie"": ""Gen1 x1"", ""util_pct"": 0.0, ""power_w"": 55.38, ""vram_used_mib"": 4894.0}, {""index"": 4, ""name"": ""NVIDIA P104-100"", ""pci_bus"": ""00000000:0D:00.0"", ""pcie"": ""Gen1 x1"", ""util_pct"": 0.0, ""power_w"": 53.42, ""vram_used_mib"": 6620.0}, {""index"": 5, ""name"": ""NVIDIA P104-100"", ""pci_bus"": ""00000000:0E:00.0"", ""pcie"": ""Gen1 x1"", ""util_pct"": 16.0, ""power_w"": 43.72, ""vram_used_mib"": 4894.0}, {""index"": 6, ""name"": ""NVIDIA P104-100"", ""pci_bus"": ""00000000:0F:00.0"", ""pcie"": ""Gen1 x1"", ""util_pct"": 21.0, ""power_w"": 54.16, ""vram_used_mib"": 5638.0}, {""index"": 7, ""name"": ""NVIDIA P104-100"", ""pci_bus"": ""00000000:10:00.0"", ""pcie"": ""Gen1 x1"", ""util_pct"": 3.0, ""power_w"": 54.87, ""vram_used_mib"": 5876.0}, {""index"": 8, ""name"": ""NVIDIA P104-100"", ""pci_bus"": ""00000000:11:00.0"", ""pcie"": ""Gen1 x1"", ""util_pct"": 21.0, ""power_w"": 51.07, ""vram_used_mib"": 5638.0}, {""index"": 9, ""name"": ""NVIDIA P104-100"", ""pci_bus"": ""00000000:12:00.0"", ""pcie"": ""Gen1 x1"", ""util_pct"": 18.0, ""power_w"": 54.46, ""vram_used_mib"": 4894.0}, {""index"": 10, ""name"": ""NVIDIA P104-100"", ""pci_bus"": ""00000000:13:00.0"", ""pcie"": ""Gen1 x1"", ""util_pct"": 0.0, ""power_w"": 58.06, ""vram_used_mib"": 6620.0}, {""index"": 11, ""name"": ""NVIDIA P104-100"", ""pci_bus"": ""00000000:14:00.0"", ""pcie"": ""Gen1 x1"", ""util_pct"": 0.0, ""power_w"": 153.91, ""vram_used_mib"": 7750.0}]"
2026-08-16T18:23:41.401417+03:00,1786893821.401417,ctx_016384.txt,1,1,decode,39.507620164126614,"[20.560747663551403, 18.867924528301888, 18.39622641509434, 100.0]",15875.55078125,10563.19921875,5312.3515625,66.5375290867123,24575.99609375,402.76953125,1.6388736786641565,"[{""index"": 0, ""name"": ""NVIDIA P104-100"", ""pci_bus"": ""00000000:01:00.0"", ""pcie"": ""Gen1 x1"", ""util_pct"": 22.0, ""power_w"": 52.15, ""vram_used_mib"": 5638.0}, {""index"": 1, ""name"": ""NVIDIA P104-100"", ""pci_bus"": ""00000000:02:00.0"", ""pcie"": ""Gen1 x1"", ""util_pct"": 18.0, ""power_w"": 56.24, ""vram_used_mib"": 4894.0}, {""index"": 2, ""name"": ""NVIDIA P104-100"", ""pci_bus"": ""00000000:0A:00.0"", ""pcie"": ""Gen1 x1"", ""util_pct"": 0.0, ""power_w"": 89.01, ""vram_used_mib"": 6620.0}, {""index"": 3, ""name"": ""NVIDIA P104-100"", ""pci_bus"": ""00000000:0C:00.0"", ""pcie"": ""Gen1 x1"", ""util_pct"": 0.0, ""power_w"": 175.6, ""vram_used_mib"": 4894.0}, {""index"": 4, ""name"": ""NVIDIA P104-100"", ""pci_bus"": ""00000000:0D:00.0"", ""pcie"": ""Gen1 x1"", ""util_pct"": 0.0, ""power_w"": 53.33, ""vram_used_mib"": 6620.0}, {""index"": 5, ""name"": ""NVIDIA P104-100"", ""pci_bus"": ""00000000:0E:00.0"", ""pcie"": ""Gen1 x1"", ""util_pct"": 0.0, ""power_w"": 43.69, ""vram_used_mib"": 4894.0}, {""index"": 6, ""name"": ""NVIDIA P104-100"", ""pci_bus"": ""00000000:0F:00.0"", ""pcie"": ""Gen1 x1"", ""util_pct"": 0.0, ""power_w"": 54.17, ""vram_used_mib"": 5638.0}, {""index"": 7, ""name"": ""NVIDIA P104-100"", ""pci_bus"": ""00000000:10:00.0"", ""pcie"": ""Gen1 x1"", ""util_pct"": 0.0, ""power_w"": 55.08, ""vram_used_mib"": 5876.0}, {""index"": 8, ""name"": ""NVIDIA P104-100"", ""pci_bus"": ""00000000:11:00.0"", ""pcie"": ""Gen1 x1"", ""util_pct"": 0.0, ""power_w"": 51.17, ""vram_used_mib"": 5638.0}, {""index"": 9, ""name"": ""NVIDIA P104-100"", ""pci_bus"": ""00000000:12:00.0"", ""pcie"": ""Gen1 x1"", ""util_pct"": 0.0, ""power_w"": 53.51, ""vram_used_mib"": 4894.0}, {""index"": 10, ""name"": ""NVIDIA P104-100"", ""pci_bus"": ""00000000:13:00.0"", ""pcie"": ""Gen1 x1"", ""util_pct"": 22.0, ""power_w"": 51.48, ""vram_used_mib"": 6620.0}, {""index"": 11, ""name"": ""NVIDIA P104-100"", ""pci_bus"": ""00000000:14:00.0"", ""pcie"": ""Gen1 x1"", ""util_pct"": 36.0, ""power_w"": 54.54, ""vram_used_mib"": 7750.0}]"
2026-08-16T18:23:43.571505+03:00,1786893823.571505,ctx_016384.txt,1,1,decode,40.0462962962963,"[19.444444444444443, 20.737327188940093, 19.90740740740741, 100.0]",15875.55078125,10513.26953125,5362.28125,66.2230222819533,24575.99609375,402.765625,1.6388577840896899,"[{""index"": 0, ""name"": ""NVIDIA P104-100"", ""pci_bus"": ""00000000:01:00.0"", ""pcie"": ""Gen1 x1"", ""util_pct"": 0.0, ""power_w"": 51.67, ""vram_used_mib"": 5638.0}, {""index"": 1, ""name"": ""NVIDIA P104-100"", ""pci_bus"": ""00000000:02:00.0"", ""pcie"": ""Gen1 x1"", ""util_pct"": 0.0, ""power_w"": 53.18, ""vram_used_mib"": 4894.0}, {""index"": 2, ""name"": ""NVIDIA P104-100"", ""pci_bus"": ""00000000:0A:00.0"", ""pcie"": ""Gen1 x1"", ""util_pct"": 22.0, ""power_w"": 51.5, ""vram_used_mib"": 6620.0}, {""index"": 3, ""name"": ""NVIDIA P104-100"", ""pci_bus"": ""00000000:0C:00.0"", ""pcie"": ""Gen1 x1"", ""util_pct"": 1.0, ""power_w"": 54.83, ""vram_used_mib"": 4894.0}, {""index"": 4, ""name"": ""NVIDIA P104-100"", ""pci_bus"": ""00000000:0D:00.0"", ""pcie"": ""Gen1 x1"", ""util_pct"": 22.0, ""power_w"": 53.36, ""vram_used_mib"": 6620.0}, {""index"": 5, ""name"": ""NVIDIA P104-100"", ""pci_bus"": ""00000000:0E:00.0"", ""pcie"": ""Gen1 x1"", ""util_pct"": 18.0, ""power_w"": 43.5, ""vram_used_mib"": 4894.0}, {""index"": 6, ""name"": ""NVIDIA P104-100"", ""pci_bus"": ""00000000:0F:00.0"", ""pcie"": ""Gen1 x1"", ""util_pct"": 21.0, ""power_w"": 54.09, ""vram_used_mib"": 5638.0}, {""index"": 7, ""name"": ""NVIDIA P104-100"", ""pci_bus"": ""00000000:10:00.0"", ""pcie"": ""Gen1 x1"", ""util_pct"": 0.0, ""power_w"": 55.22, ""vram_used_mib"": 5876.0}, {""index"": 8, ""name"": ""NVIDIA P104-100"", ""pci_bus"": ""00000000:11:00.0"", ""pcie"": ""Gen1 x1"", ""util_pct"": 22.0, ""power_w"": 52.49, ""vram_used_mib"": 5638.0}, {""index"": 9, ""name"": ""NVIDIA P104-100"", ""pci_bus"": ""00000000:12:00.0"", ""pcie"": ""Gen1 x1"", ""util_pct"": 0.0, ""power_w"": 74.58, ""vram_used_mib"": 4894.0}, {""index"": 10, ""name"": ""NVIDIA P104-100"", ""pci_bus"": ""00000000:13:00.0"", ""pcie"": ""Gen1 x1"", ""util_pct"": 0.0, ""power_w"": 165.6, ""vram_used_mib"": 6620.0}, {""index"": 11, ""name"": ""NVIDIA P104-100"", ""pci_bus"": ""00000000:14:00.0"", ""pcie"": ""Gen1 x1"", ""util_pct"": 0.0, ""power_w"": 56.22, ""vram_used_mib"": 7750.0}]"
2026-08-16T18:23:45.695828+03:00,1786893825.695828,ctx_016384.txt,1,1,decode,39.15094339622642,"[23.222748815165875, 16.9811320754717, 16.50943396226415, 100.0]",15875.55078125,10504.4921875,5371.05859375,66.16773384584836,24575.99609375,402.75,1.6387942057918239,"[{""index"": 0, ""name"": ""NVIDIA P104-100"", ""pci_bus"": ""00000000:01:00.0"", ""pcie"": ""Gen1 x1"", ""util_pct"": 0.0, ""power_w"": 142.24, ""vram_used_mib"": 5638.0}, {""index"": 1, ""name"": ""NVIDIA P104-100"", ""pci_bus"": ""00000000:02:00.0"", ""pcie"": ""Gen1 x1"", ""util_pct"": 0.0, ""power_w"": 114.21, ""vram_used_mib"": 4894.0}, {""index"": 2, ""name"": ""NVIDIA P104-100"", ""pci_bus"": ""00000000:0A:00.0"", ""pcie"": ""Gen1 x1"", ""util_pct"": 0.0, ""power_w"": 51.59, ""vram_used_mib"": 6620.0}, {""index"": 3, ""name"": ""NVIDIA P104-100"", ""pci_bus"": ""00000000:0C:00.0"", ""pcie"": ""Gen1 x1"", ""util_pct"": 0.0, ""power_w"": 55.04, ""vram_used_mib"": 4894.0}, {""index"": 4, ""name"": ""NVIDIA P104-100"", ""pci_bus"": ""00000000:0D:00.0"", ""pcie"": ""Gen1 x1"", ""util_pct"": 0.0, ""power_w"": 53.42, ""vram_used_mib"": 6620.0}, {""index"": 5, ""name"": ""NVIDIA P104-100"", ""pci_bus"": ""00000000:0E:00.0"", ""pcie"": ""Gen1 x1"", ""util_pct"": 0.0, ""power_w"": 43.72, ""vram_used_mib"": 4894.0}, {""index"": 6, ""name"": ""NVIDIA P104-100"", ""pci_bus"": ""00000000:0F:00.0"", ""pcie"": ""Gen1 x1"", ""util_pct"": 0.0, ""power_w"": 54.16, ""vram_used_mib"": 5638.0}, {""index"": 7, ""name"": ""NVIDIA P104-100"", ""pci_bus"": ""00000000:10:00.0"", ""pcie"": ""Gen1 x1"", ""util_pct"": 0.0, ""power_w"": 54.94, ""vram_used_mib"": 5876.0}, {""index"": 8, ""name"": ""NVIDIA P104-100"", ""pci_bus"": ""00000000:11:00.0"", ""pcie"": ""Gen1 x1"", ""util_pct"": 22.0, ""power_w"": 50.21, ""vram_used_mib"": 5638.0}, {""index"": 9, ""name"": ""NVIDIA P104-100"", ""pci_bus"": ""00000000:12:00.0"", ""pcie"": ""Gen1 x1"", ""util_pct"": 18.0, ""power_w"": 53.59, ""vram_used_mib"": 4894.0}, {""index"": 10, ""name"": ""NVIDIA P104-100"", ""pci_bus"": ""00000000:13:00.0"", ""pcie"": ""Gen1 x1"", ""util_pct"": 22.0, ""power_w"": 51.2, ""vram_used_mib"": 6620.0}, {""index"": 11, ""name"": ""NVIDIA P104-100"", ""pci_bus"": ""00000000:14:00.0"", ""pcie"": ""Gen1 x1"", ""util_pct"": 24.0, ""power_w"": 56.68, ""vram_used_mib"": 7750.0}]"
2026-08-16T18:23:47.840658+03:00,1786893827.840658,ctx_016384.txt,1,1,decode,50.641773628938154,"[22.325581395348838, 65.88785046728972, 13.615023474178404, 100.0]",15875.55078125,10459.6953125,5415.85546875,65.88555859651522,24575.99609375,402.74609375,1.6387783112173575,"[{""index"": 0, ""name"": ""NVIDIA P104-100"", ""pci_bus"": ""00000000:01:00.0"", ""pcie"": ""Gen1 x1"", ""util_pct"": 0.0, ""power_w"": 51.69, ""vram_used_mib"": 5638.0}, {""index"": 1, ""name"": ""NVIDIA P104-100"", ""pci_bus"": ""00000000:02:00.0"", ""pcie"": ""Gen1 x1"", ""util_pct"": 18.0, ""power_w"": 53.14, ""vram_used_mib"": 4894.0}, {""index"": 2, ""name"": ""NVIDIA P104-100"", ""pci_bus"": ""00000000:0A:00.0"", ""pcie"": ""Gen1 x1"", ""util_pct"": 22.0, ""power_w"": 51.62, ""vram_used_mib"": 6620.0}, {""index"": 3, ""name"": ""NVIDIA P104-100"", ""pci_bus"": ""00000000:0C:00.0"", ""pcie"": ""Gen1 x1"", ""util_pct"": 7.0, ""power_w"": 54.29, ""vram_used_mib"": 4894.0}, {""index"": 4, ""name"": ""NVIDIA P104-100"", ""pci_bus"": ""00000000:0D:00.0"", ""pcie"": ""Gen1 x1"", ""util_pct"": 22.0, ""power_w"": 53.52, ""vram_used_mib"": 6620.0}, {""index"": 5, ""name"": ""NVIDIA P104-100"", ""pci_bus"": ""00000000:0E:00.0"", ""pcie"": ""Gen1 x1"", ""util_pct"": 0.0, ""power_w"": 43.82, ""vram_used_mib"": 4894.0}, {""index"": 6, ""name"": ""NVIDIA P104-100"", ""pci_bus"": ""00000000:0F:00.0"", ""pcie"": ""Gen1 x1"", ""util_pct"": 21.0, ""power_w"": 54.65, ""vram_used_mib"": 5638.0}, {""index"": 7, ""name"": ""NVIDIA P104-100"", ""pci_bus"": ""00000000:10:00.0"", ""pcie"": ""Gen1 x1"", ""util_pct"": 0.0, ""power_w"": 60.26, ""vram_used_mib"": 5876.0}, {""index"": 8, ""name"": ""NVIDIA P104-100"", ""pci_bus"": ""00000000:11:00.0"", ""pcie"": ""Gen1 x1"", ""util_pct"": 0.0, ""power_w"": 113.27, ""vram_used_mib"": 5638.0}, {""index"": 9, ""name"": ""NVIDIA P104-100"", ""pci_bus"": ""00000000:12:00.0"", ""pcie"": ""Gen1 x1"", ""util_pct"": 0.0, ""power_w"": 130.9, ""vram_used_mib"": 4894.0}, {""index"": 10, ""name"": ""NVIDIA P104-100"", ""pci_bus"": ""00000000:13:00.0"", ""pcie"": ""Gen1 x1"", ""util_pct"": 0.0, ""power_w"": 51.1, ""vram_used_mib"": 6620.0}, {""index"": 11, ""name"": ""NVIDIA P104-100"", ""pci_bus"": ""00000000:14:00.0"", ""pcie"": ""Gen1 x1"", ""util_pct"": 0.0, ""power_w"": 56.22, ""vram_used_mib"": 7750.0}]"
2026-08-16T18:23:50.013285+03:00,1786893830.013285,ctx_016384.txt,1,1,decode,39.40092165898618,"[20.18348623853211, 22.01834862385321, 15.42056074766355, 100.0]",15875.55078125,10381.0,5494.55078125,65.38985729087648,24575.99609375,402.74609375,1.6387783112173575,"[{""index"": 0, ""name"": ""NVIDIA P104-100"", ""pci_bus"": ""00000000:01:00.0"", ""pcie"": ""Gen1 x1"", ""util_pct"": 0.0, ""power_w"": 65.38, ""vram_used_mib"": 5638.0}, {""index"": 1, ""name"": ""NVIDIA P104-100"", ""pci_bus"": ""00000000:02:00.0"", ""pcie"": ""Gen1 x1"", ""util_pct"": 0.0, ""power_w"": 53.14, ""vram_used_mib"": 4894.0}, {""index"": 2, ""name"": ""NVIDIA P104-100"", ""pci_bus"": ""00000000:0A:00.0"", ""pcie"": ""Gen1 x1"", ""util_pct"": 0.0, ""power_w"": 51.22, ""vram_used_mib"": 6620.0}, {""index"": 3, ""name"": ""NVIDIA P104-100"", ""pci_bus"": ""00000000:0C:00.0"", ""pcie"": ""Gen1 x1"", ""util_pct"": 0.0, ""power_w"": 54.08, ""vram_used_mib"": 4894.0}, {""index"": 4, ""name"": ""NVIDIA P104-100"", ""pci_bus"": ""00000000:0D:00.0"", ""pcie"": ""Gen1 x1"", ""util_pct"": 0.0, ""power_w"": 53.19, ""vram_used_mib"": 6620.0}, {""index"": 5, ""name"": ""NVIDIA P104-100"", ""pci_bus"": ""00000000:0E:00.0"", ""pcie"": ""Gen1 x1"", ""util_pct"": 0.0, ""power_w"": 43.38, ""vram_used_mib"": 4894.0}, {""index"": 6, ""name"": ""NVIDIA P104-100"", ""pci_bus"": ""00000000:0F:00.0"", ""pcie"": ""Gen1 x1"", ""util_pct"": 0.0, ""power_w"": 53.94, ""vram_used_mib"": 5638.0}, {""index"": 7, ""name"": ""NVIDIA P104-100"", ""pci_bus"": ""00000000:10:00.0"", ""pcie"": ""Gen1 x1"", ""util_pct"": 0.0, ""power_w"": 54.87, ""vram_used_mib"": 5876.0}, {""index"": 8, ""name"": ""NVIDIA P104-100"", ""pci_bus"": ""00000000:11:00.0"", ""pcie"": ""Gen1 x1"", ""util_pct"": 22.0, ""power_w"": 50.21, ""vram_used_mib"": 5638.0}, {""index"": 9, ""name"": ""NVIDIA P104-100"", ""pci_bus"": ""00000000:12:00.0"", ""pcie"": ""Gen1 x1"", ""util_pct"": 18.0, ""power_w"": 53.49, ""vram_used_mib"": 4894.0}, {""index"": 10, ""name"": ""NVIDIA P104-100"", ""pci_bus"": ""00000000:13:00.0"", ""pcie"": ""Gen1 x1"", ""util_pct"": 22.0, ""power_w"": 51.23, ""vram_used_mib"": 6620.0}, {""index"": 11, ""name"": ""NVIDIA P104-100"", ""pci_bus"": ""00000000:14:00.0"", ""pcie"": ""Gen1 x1"", ""util_pct"": 22.0, ""power_w"": 56.56, ""vram_used_mib"": 7750.0}]"
2026-08-16T18:23:52.165163+03:00,1786893832.165163,ctx_016384.txt,1,1,decode,39.86013986013986,"[13.145539906103286, 24.299065420560748, 21.75925925925926, 100.0]",15875.55078125,10501.27734375,5374.2734375,66.14748356417752,24575.99609375,402.734375,1.6387306274939581,"[{""index"": 0, ""name"": ""NVIDIA P104-100"", ""pci_bus"": ""00000000:01:00.0"", ""pcie"": ""Gen1 x1"", ""util_pct"": 22.0, ""power_w"": 51.77, ""vram_used_mib"": 5638.0}, {""index"": 1, ""name"": ""NVIDIA P104-100"", ""pci_bus"": ""00000000:02:00.0"", ""pcie"": ""Gen1 x1"", ""util_pct"": 18.0, ""power_w"": 53.13, ""vram_used_mib"": 4894.0}, {""index"": 2, ""name"": ""NVIDIA P104-100"", ""pci_bus"": ""00000000:0A:00.0"", ""pcie"": ""Gen1 x1"", ""util_pct"": 22.0, ""power_w"": 51.53, ""vram_used_mib"": 6620.0}, {""index"": 3, ""name"": ""NVIDIA P104-100"", ""pci_bus"": ""00000000:0C:00.0"", ""pcie"": ""Gen1 x1"", ""util_pct"": 4.0, ""power_w"": 54.29, ""vram_used_mib"": 4894.0}, {""index"": 4, ""name"": ""NVIDIA P104-100"", ""pci_bus"": ""00000000:0D:00.0"", ""pcie"": ""Gen1 x1"", ""util_pct"": 19.0, ""power_w"": 54.5, ""vram_used_mib"": 6620.0}, {""index"": 5, ""name"": ""NVIDIA P104-100"", ""pci_bus"": ""00000000:0E:00.0"", ""pcie"": ""Gen1 x1"", ""util_pct"": 5.0, ""power_w"": 50.16, ""vram_used_mib"": 4894.0}, {""index"": 6, ""name"": ""NVIDIA P104-100"", ""pci_bus"": ""00000000:0F:00.0"", ""pcie"": ""Gen1 x1"", ""util_pct"": 0.0, ""power_w"": 183.44, ""vram_used_mib"": 5638.0}, {""index"": 7, ""name"": ""NVIDIA P104-100"", ""pci_bus"": ""00000000:10:00.0"", ""pcie"": ""Gen1 x1"", ""util_pct"": 0.0, ""power_w"": 72.25, ""vram_used_mib"": 5876.0}, {""index"": 8, ""name"": ""NVIDIA P104-100"", ""pci_bus"": ""00000000:11:00.0"", ""pcie"": ""Gen1 x1"", ""util_pct"": 0.0, ""power_w"": 50.17, ""vram_used_mib"": 5638.0}, {""index"": 9, ""name"": ""NVIDIA P104-100"", ""pci_bus"": ""00000000:12:00.0"", ""pcie"": ""Gen1 x1"", ""util_pct"": 0.0, ""power_w"": 53.51, ""vram_used_mib"": 4894.0}, {""index"": 10, ""name"": ""NVIDIA P104-100"", ""pci_bus"": ""00000000:13:00.0"", ""pcie"": ""Gen1 x1"", ""util_pct"": 0.0, ""power_w"": 51.03, ""vram_used_mib"": 6620.0}, {""index"": 11, ""name"": ""NVIDIA P104-100"", ""pci_bus"": ""00000000:14:00.0"", ""pcie"": ""Gen1 x1"", ""util_pct"": 0.0, ""power_w"": 55.4, ""vram_used_mib"": 7750.0}]"
2026-08-16T18:23:54.300153+03:00,1786893834.300153,ctx_016384.txt,1,1,decode,39.36545240893067,"[17.92452830188679, 15.96244131455399, 23.11320754716981, 100.0]",15875.55078125,10543.24609375,5332.3046875,66.41184447094724,24575.99609375,402.73046875,1.6387147329194915,"[{""index"": 0, ""name"": ""NVIDIA P104-100"", ""pci_bus"": ""00000000:01:00.0"", ""pcie"": ""Gen1 x1"", ""util_pct"": 0.0, ""power_w"": 51.44, ""vram_used_mib"": 5638.0}, {""index"": 1, ""name"": ""NVIDIA P104-100"", ""pci_bus"": ""00000000:02:00.0"", ""pcie"": ""Gen1 x1"", ""util_pct"": 0.0, ""power_w"": 52.86, ""vram_used_mib"": 4894.0}, {""index"": 2, ""name"": ""NVIDIA P104-100"", ""pci_bus"": ""00000000:0A:00.0"", ""pcie"": ""Gen1 x1"", ""util_pct"": 2.0, ""power_w"": 51.28, ""vram_used_mib"": 6620.0}, {""index"": 3, ""name"": ""NVIDIA P104-100"", ""pci_bus"": ""00000000:0C:00.0"", ""pcie"": ""Gen1 x1"", ""util_pct"": 0.0, ""power_w"": 54.08, ""vram_used_mib"": 4894.0}, {""index"": 4, ""name"": ""NVIDIA P104-100"", ""pci_bus"": ""00000000:0D:00.0"", ""pcie"": ""Gen1 x1"", ""util_pct"": 0.0, ""power_w"": 53.11, ""vram_used_mib"": 6620.0}, {""index"": 5, ""name"": ""NVIDIA P104-100"", ""pci_bus"": ""00000000:0E:00.0"", ""pcie"": ""Gen1 x1"", ""util_pct"": 0.0, ""power_w"": 43.48, ""vram_used_mib"": 4894.0}, {""index"": 6, ""name"": ""NVIDIA P104-100"", ""pci_bus"": ""00000000:0F:00.0"", ""pcie"": ""Gen1 x1"", ""util_pct"": 21.0, ""power_w"": 53.74, ""vram_used_mib"": 5638.0}, {""index"": 7, ""name"": ""NVIDIA P104-100"", ""pci_bus"": ""00000000:10:00.0"", ""pcie"": ""Gen1 x1"", ""util_pct"": 19.0, ""power_w"": 54.92, ""vram_used_mib"": 5876.0}, {""index"": 8, ""name"": ""NVIDIA P104-100"", ""pci_bus"": ""00000000:11:00.0"", ""pcie"": ""Gen1 x1"", ""util_pct"": 21.0, ""power_w"": 49.96, ""vram_used_mib"": 5638.0}, {""index"": 9, ""name"": ""NVIDIA P104-100"", ""pci_bus"": ""00000000:12:00.0"", ""pcie"": ""Gen1 x1"", ""util_pct"": 18.0, ""power_w"": 53.62, ""vram_used_mib"": 4894.0}, {""index"": 10, ""name"": ""NVIDIA P104-100"", ""pci_bus"": ""00000000:13:00.0"", ""pcie"": ""Gen1 x1"", ""util_pct"": 0.0, ""power_w"": 51.38, ""vram_used_mib"": 6620.0}, {""index"": 11, ""name"": ""NVIDIA P104-100"", ""pci_bus"": ""00000000:14:00.0"", ""pcie"": ""Gen1 x1"", ""util_pct"": 18.0, ""power_w"": 159.15, ""vram_used_mib"": 7750.0}]"
2026-08-16T18:23:56.458828+03:00,1786893836.458828,ctx_016384.txt,1,1,decode,39.83739837398374,"[14.351851851851851, 22.22222222222222, 23.25581395348837, 100.0]",15875.55078125,10563.765625,5311.78515625,66.54109687631409,24575.99609375,402.71484375,1.6386511546216256,"[{""index"": 0, ""name"": ""NVIDIA P104-100"", ""pci_bus"": ""00000000:01:00.0"", ""pcie"": ""Gen1 x1"", ""util_pct"": 22.0, ""power_w"": 51.7, ""vram_used_mib"": 5638.0}, {""index"": 1, ""name"": ""NVIDIA P104-100"", ""pci_bus"": ""00000000:02:00.0"", ""pcie"": ""Gen1 x1"", ""util_pct"": 18.0, ""power_w"": 53.13, ""vram_used_mib"": 4894.0}, {""index"": 2, ""name"": ""NVIDIA P104-100"", ""pci_bus"": ""00000000:0A:00.0"", ""pcie"": ""Gen1 x1"", ""util_pct"": 0.0, ""power_w"": 52.95, ""vram_used_mib"": 6620.0}, {""index"": 3, ""name"": ""NVIDIA P104-100"", ""pci_bus"": ""00000000:0C:00.0"", ""pcie"": ""Gen1 x1"", ""util_pct"": 0.0, ""power_w"": 65.02, ""vram_used_mib"": 4894.0}, {""index"": 4, ""name"": ""NVIDIA P104-100"", ""pci_bus"": ""00000000:0D:00.0"", ""pcie"": ""Gen1 x1"", ""util_pct"": 15.0, ""power_w"": 177.89, ""vram_used_mib"": 6620.0}, {""index"": 5, ""name"": ""NVIDIA P104-100"", ""pci_bus"": ""00000000:0E:00.0"", ""pcie"": ""Gen1 x1"", ""util_pct"": 0.0, ""power_w"": 43.42, ""vram_used_mib"": 4894.0}, {""index"": 6, ""name"": ""NVIDIA P104-100"", ""pci_bus"": ""00000000:0F:00.0"", ""pcie"": ""Gen1 x1"", ""util_pct"": 0.0, ""power_w"": 53.92, ""vram_used_mib"": 5638.0}, {""index"": 7, ""name"": ""NVIDIA P104-100"", ""pci_bus"": ""00000000:10:00.0"", ""pcie"": ""Gen1 x1"", ""util_pct"": 0.0, ""power_w"": 54.74, ""vram_used_mib"": 5876.0}, {""index"": 8, ""name"": ""NVIDIA P104-100"", ""pci_bus"": ""00000000:11:00.0"", ""pcie"": ""Gen1 x1"", ""util_pct"": 0.0, ""power_w"": 50.21, ""vram_used_mib"": 5638.0}, {""index"": 9, ""name"": ""NVIDIA P104-100"", ""pci_bus"": ""00000000:12:00.0"", ""pcie"": ""Gen1 x1"", ""util_pct"": 5.0, ""power_w"": 53.51, ""vram_used_mib"": 4894.0}, {""index"": 10, ""name"": ""NVIDIA P104-100"", ""pci_bus"": ""00000000:13:00.0"", ""pcie"": ""Gen1 x1"", ""util_pct"": 4.0, ""power_w"": 51.13, ""vram_used_mib"": 6620.0}, {""index"": 11, ""name"": ""NVIDIA P104-100"", ""pci_bus"": ""00000000:14:00.0"", ""pcie"": ""Gen1 x1"", ""util_pct"": 4.0, ""power_w"": 56.43, ""vram_used_mib"": 7750.0}]"
