timestamp_iso,epoch_s,file,active_slots,repeat,stage_hint,cpu_total_pct,cpu_per_core_pct_json,ram_total_mib,ram_used_mib,ram_available_mib,ram_used_pct,swap_total_mib,swap_used_mib,swap_used_pct,gpu_samples_json
2026-08-16T12:44:41.847484+03:00,1786873481.847484,ctx_000256.txt,1,1,outside,33.333333333333336,"[100.0, 0.0, 0.0, null]",15875.55078125,2726.90625,13148.64453125,17.17676625884781,24575.99609375,381.6328125,1.55286813622604,"[{""index"": 0, ""name"": ""NVIDIA P104-100"", ""pci_bus"": ""00000000:01:00.0"", ""pcie"": ""Gen1 x1"", ""util_pct"": 0.0, ""power_w"": 42.04, ""vram_used_mib"": 7974.0}, {""index"": 1, ""name"": ""NVIDIA P104-100"", ""pci_bus"": ""00000000:02:00.0"", ""pcie"": ""Gen1 x1"", ""util_pct"": 0.0, ""power_w"": 42.6, ""vram_used_mib"": 6580.0}, {""index"": 2, ""name"": ""NVIDIA P104-100"", ""pci_bus"": ""00000000:0A:00.0"", ""pcie"": ""Gen1 x1"", ""util_pct"": 0.0, ""power_w"": 40.94, ""vram_used_mib"": 7974.0}, {""index"": 3, ""name"": ""NVIDIA P104-100"", ""pci_bus"": ""00000000:0C:00.0"", ""pcie"": ""Gen1 x1"", ""util_pct"": 0.0, ""power_w"": 44.55, ""vram_used_mib"": 7570.0}, {""index"": 4, ""name"": ""NVIDIA P104-100"", ""pci_bus"": ""00000000:0D:00.0"", ""pcie"": ""Gen1 x1"", ""util_pct"": 14.0, ""power_w"": 52.3, ""vram_used_mib"": 7570.0}, {""index"": 5, ""name"": ""NVIDIA P104-100"", ""pci_bus"": ""00000000:0E:00.0"", ""pcie"": ""Gen1 x1"", ""util_pct"": 16.0, ""power_w"": 50.1, ""vram_used_mib"": 7794.0}]"
2026-08-16T12:44:43.975262+03:00,1786873483.975262,ctx_000256.txt,1,1,prefill,50.0,"[23.364485981308412, 71.56398104265404, 7.177033492822966, 98.0952380952381]",15875.55078125,3781.89453125,12093.65625,23.822131171138007,24575.99609375,381.60546875,1.5527568742047746,"[{""index"": 0, ""name"": ""NVIDIA P104-100"", ""pci_bus"": ""00000000:01:00.0"", ""pcie"": ""Gen1 x1"", ""util_pct"": 54.0, ""power_w"": 51.17, ""vram_used_mib"": 7974.0}, {""index"": 1, ""name"": ""NVIDIA P104-100"", ""pci_bus"": ""00000000:02:00.0"", ""pcie"": ""Gen1 x1"", ""util_pct"": 0.0, ""power_w"": 47.17, ""vram_used_mib"": 6580.0}, {""index"": 2, ""name"": ""NVIDIA P104-100"", ""pci_bus"": ""00000000:0A:00.0"", ""pcie"": ""Gen1 x1"", ""util_pct"": 0.0, ""power_w"": 50.66, ""vram_used_mib"": 7974.0}, {""index"": 3, ""name"": ""NVIDIA P104-100"", ""pci_bus"": ""00000000:0C:00.0"", ""pcie"": ""Gen1 x1"", ""util_pct"": 0.0, ""power_w"": 53.54, ""vram_used_mib"": 7570.0}, {""index"": 4, ""name"": ""NVIDIA P104-100"", ""pci_bus"": ""00000000:0D:00.0"", ""pcie"": ""Gen1 x1"", ""util_pct"": 0.0, ""power_w"": 52.3, ""vram_used_mib"": 7570.0}, {""index"": 5, ""name"": ""NVIDIA P104-100"", ""pci_bus"": ""00000000:0E:00.0"", ""pcie"": ""Gen1 x1"", ""util_pct"": 0.0, ""power_w"": 50.08, ""vram_used_mib"": 7794.0}]"
2026-08-16T12:44:46.243277+03:00,1786873486.243277,ctx_000256.txt,1,1,prefill,37.196467991169975,"[11.946902654867257, 98.6784140969163, 25.43859649122807, 12.389380530973451]",15875.55078125,3546.03515625,12329.515625,22.336454370062455,24575.99609375,381.56640625,1.5525979284601097,"[{""index"": 0, ""name"": ""NVIDIA P104-100"", ""pci_bus"": ""00000000:01:00.0"", ""pcie"": ""Gen1 x1"", ""util_pct"": 0.0, ""power_w"": 179.18, ""vram_used_mib"": 7974.0}, {""index"": 1, ""name"": ""NVIDIA P104-100"", ""pci_bus"": ""00000000:02:00.0"", ""pcie"": ""Gen1 x1"", ""util_pct"": 0.0, ""power_w"": 58.32, ""vram_used_mib"": 6580.0}, {""index"": 2, ""name"": ""NVIDIA P104-100"", ""pci_bus"": ""00000000:0A:00.0"", ""pcie"": ""Gen1 x1"", ""util_pct"": 0.0, ""power_w"": 176.01, ""vram_used_mib"": 7974.0}, {""index"": 3, ""name"": ""NVIDIA P104-100"", ""pci_bus"": ""00000000:0C:00.0"", ""pcie"": ""Gen1 x1"", ""util_pct"": 0.0, ""power_w"": 53.67, ""vram_used_mib"": 7570.0}, {""index"": 4, ""name"": ""NVIDIA P104-100"", ""pci_bus"": ""00000000:0D:00.0"", ""pcie"": ""Gen1 x1"", ""util_pct"": 0.0, ""power_w"": 52.3, ""vram_used_mib"": 7570.0}, {""index"": 5, ""name"": ""NVIDIA P104-100"", ""pci_bus"": ""00000000:0E:00.0"", ""pcie"": ""Gen1 x1"", ""util_pct"": 67.0, ""power_w"": 50.0, ""vram_used_mib"": 7794.0}]"
2026-08-16T12:44:48.377428+03:00,1786873488.377428,ctx_000256.txt,1,1,decode,24.352941176470587,"[7.0754716981132075, 24.299065420560748, 17.370892018779344, 48.81516587677725]",15875.55078125,3613.48828125,12262.0625,22.761341203467104,24575.99609375,381.56640625,1.5525979284601097,"[{""index"": 0, ""name"": ""NVIDIA P104-100"", ""pci_bus"": ""00000000:01:00.0"", ""pcie"": ""Gen1 x1"", ""util_pct"": 32.0, ""power_w"": 51.41, ""vram_used_mib"": 7974.0}, {""index"": 1, ""name"": ""NVIDIA P104-100"", ""pci_bus"": ""00000000:02:00.0"", ""pcie"": ""Gen1 x1"", ""util_pct"": 30.0, ""power_w"": 52.97, ""vram_used_mib"": 6580.0}, {""index"": 2, ""name"": ""NVIDIA P104-100"", ""pci_bus"": ""00000000:0A:00.0"", ""pcie"": ""Gen1 x1"", ""util_pct"": 1.0, ""power_w"": 52.1, ""vram_used_mib"": 7974.0}, {""index"": 3, ""name"": ""NVIDIA P104-100"", ""pci_bus"": ""00000000:0C:00.0"", ""pcie"": ""Gen1 x1"", ""util_pct"": 0.0, ""power_w"": 112.87, ""vram_used_mib"": 7570.0}, {""index"": 4, ""name"": ""NVIDIA P104-100"", ""pci_bus"": ""00000000:0D:00.0"", ""pcie"": ""Gen1 x1"", ""util_pct"": 0.0, ""power_w"": 94.97, ""vram_used_mib"": 7570.0}, {""index"": 5, ""name"": ""NVIDIA P104-100"", ""pci_bus"": ""00000000:0E:00.0"", ""pcie"": ""Gen1 x1"", ""util_pct"": 0.0, ""power_w"": 50.07, ""vram_used_mib"": 7794.0}]"
2026-08-16T12:44:50.520419+03:00,1786873490.520419,ctx_000256.txt,1,1,decode,32.39766081871345,"[14.953271028037383, 17.757009345794394, 18.22429906542056, 78.50467289719626]",15875.55078125,3595.9609375,12279.58984375,22.650936569375915,24575.99609375,381.55859375,1.552566139311177,"[{""index"": 0, ""name"": ""NVIDIA P104-100"", ""pci_bus"": ""00000000:01:00.0"", ""pcie"": ""Gen1 x1"", ""util_pct"": 0.0, ""power_w"": 51.33, ""vram_used_mib"": 7974.0}, {""index"": 1, ""name"": ""NVIDIA P104-100"", ""pci_bus"": ""00000000:02:00.0"", ""pcie"": ""Gen1 x1"", ""util_pct"": 0.0, ""power_w"": 52.76, ""vram_used_mib"": 6580.0}, {""index"": 2, ""name"": ""NVIDIA P104-100"", ""pci_bus"": ""00000000:0A:00.0"", ""pcie"": ""Gen1 x1"", ""util_pct"": 9.0, ""power_w"": 50.66, ""vram_used_mib"": 7974.0}, {""index"": 3, ""name"": ""NVIDIA P104-100"", ""pci_bus"": ""00000000:0C:00.0"", ""pcie"": ""Gen1 x1"", ""util_pct"": 64.0, ""power_w"": 53.44, ""vram_used_mib"": 7570.0}, {""index"": 4, ""name"": ""NVIDIA P104-100"", ""pci_bus"": ""00000000:0D:00.0"", ""pcie"": ""Gen1 x1"", ""util_pct"": 26.0, ""power_w"": 47.84, ""vram_used_mib"": 7570.0}, {""index"": 5, ""name"": ""NVIDIA P104-100"", ""pci_bus"": ""00000000:0E:00.0"", ""pcie"": ""Gen1 x1"", ""util_pct"": 0.0, ""power_w"": 45.29, ""vram_used_mib"": 7794.0}]"
2026-08-16T12:44:52.643183+03:00,1786873492.643183,ctx_000256.txt,1,1,decode,37.14622641509434,"[13.333333333333334, 10.849056603773585, 24.170616113744074, 100.0]",15875.55078125,3768.78125,12106.76953125,23.739530690495236,24575.99609375,381.53125,1.5524548772899114,"[{""index"": 0, ""name"": ""NVIDIA P104-100"", ""pci_bus"": ""00000000:01:00.0"", ""pcie"": ""Gen1 x1"", ""util_pct"": 9.0, ""power_w"": 78.94, ""vram_used_mib"": 7974.0}, {""index"": 1, ""name"": ""NVIDIA P104-100"", ""pci_bus"": ""00000000:02:00.0"", ""pcie"": ""Gen1 x1"", ""util_pct"": 15.0, ""power_w"": 167.69, ""vram_used_mib"": 6580.0}, {""index"": 2, ""name"": ""NVIDIA P104-100"", ""pci_bus"": ""00000000:0A:00.0"", ""pcie"": ""Gen1 x1"", ""util_pct"": 17.0, ""power_w"": 51.1, ""vram_used_mib"": 7974.0}, {""index"": 3, ""name"": ""NVIDIA P104-100"", ""pci_bus"": ""00000000:0C:00.0"", ""pcie"": ""Gen1 x1"", ""util_pct"": 15.0, ""power_w"": 54.0, ""vram_used_mib"": 7570.0}, {""index"": 4, ""name"": ""NVIDIA P104-100"", ""pci_bus"": ""00000000:0D:00.0"", ""pcie"": ""Gen1 x1"", ""util_pct"": 0.0, ""power_w"": 52.55, ""vram_used_mib"": 7570.0}, {""index"": 5, ""name"": ""NVIDIA P104-100"", ""pci_bus"": ""00000000:0E:00.0"", ""pcie"": ""Gen1 x1"", ""util_pct"": 24.0, ""power_w"": 51.26, ""vram_used_mib"": 7794.0}]"
2026-08-16T12:44:54.760257+03:00,1786873494.760257,ctx_000256.txt,1,1,decode,37.08530805687204,"[13.20754716981132, 11.428571428571429, 23.696682464454977, 100.0]",15875.55078125,3832.34375,12043.20703125,24.139910500152432,24575.99609375,381.51953125,1.552407193566512,"[{""index"": 0, ""name"": ""NVIDIA P104-100"", ""pci_bus"": ""00000000:01:00.0"", ""pcie"": ""Gen1 x1"", ""util_pct"": 14.0, ""power_w"": 51.72, ""vram_used_mib"": 7974.0}, {""index"": 1, ""name"": ""NVIDIA P104-100"", ""pci_bus"": ""00000000:02:00.0"", ""pcie"": ""Gen1 x1"", ""util_pct"": 0.0, ""power_w"": 54.74, ""vram_used_mib"": 6580.0}, {""index"": 2, ""name"": ""NVIDIA P104-100"", ""pci_bus"": ""00000000:0A:00.0"", ""pcie"": ""Gen1 x1"", ""util_pct"": 17.0, ""power_w"": 63.93, ""vram_used_mib"": 7974.0}, {""index"": 3, ""name"": ""NVIDIA P104-100"", ""pci_bus"": ""00000000:0C:00.0"", ""pcie"": ""Gen1 x1"", ""util_pct"": 15.0, ""power_w"": 127.38, ""vram_used_mib"": 7570.0}, {""index"": 4, ""name"": ""NVIDIA P104-100"", ""pci_bus"": ""00000000:0D:00.0"", ""pcie"": ""Gen1 x1"", ""util_pct"": 15.0, ""power_w"": 124.53, ""vram_used_mib"": 7570.0}, {""index"": 5, ""name"": ""NVIDIA P104-100"", ""pci_bus"": ""00000000:0E:00.0"", ""pcie"": ""Gen1 x1"", ""util_pct"": 42.0, ""power_w"": 50.29, ""vram_used_mib"": 7794.0}]"
2026-08-16T12:44:56.880042+03:00,1786873496.880042,ctx_000256.txt,1,1,decode,36.094674556213015,"[14.761904761904763, 13.80952380952381, 15.165876777251185, 99.53051643192488]",15875.55078125,3822.51171875,12053.0390625,24.077978593754498,24575.99609375,381.50390625,1.552343615268646,"[{""index"": 0, ""name"": ""NVIDIA P104-100"", ""pci_bus"": ""00000000:01:00.0"", ""pcie"": ""Gen1 x1"", ""util_pct"": 16.0, ""power_w"": 51.42, ""vram_used_mib"": 7974.0}, {""index"": 1, ""name"": ""NVIDIA P104-100"", ""pci_bus"": ""00000000:02:00.0"", ""pcie"": ""Gen1 x1"", ""util_pct"": 15.0, ""power_w"": 53.12, ""vram_used_mib"": 6580.0}, {""index"": 2, ""name"": ""NVIDIA P104-100"", ""pci_bus"": ""00000000:0A:00.0"", ""pcie"": ""Gen1 x1"", ""util_pct"": 17.0, ""power_w"": 50.91, ""vram_used_mib"": 7974.0}, {""index"": 3, ""name"": ""NVIDIA P104-100"", ""pci_bus"": ""00000000:0C:00.0"", ""pcie"": ""Gen1 x1"", ""util_pct"": 15.0, ""power_w"": 54.15, ""vram_used_mib"": 7570.0}, {""index"": 4, ""name"": ""NVIDIA P104-100"", ""pci_bus"": ""00000000:0D:00.0"", ""pcie"": ""Gen1 x1"", ""util_pct"": 15.0, ""power_w"": 54.91, ""vram_used_mib"": 7570.0}, {""index"": 5, ""name"": ""NVIDIA P104-100"", ""pci_bus"": ""00000000:0E:00.0"", ""pcie"": ""Gen1 x1"", ""util_pct"": 20.0, ""power_w"": 124.1, ""vram_used_mib"": 7794.0}]"
2026-08-16T12:44:59.001607+03:00,1786873499.001607,ctx_000256.txt,1,1,decode,35.064935064935064,"[15.023474178403756, 13.679245283018869, 15.96244131455399, 96.22641509433963]",15875.55078125,3815.9921875,12059.55859375,24.036912105165644,24575.99609375,381.4921875,1.5522959315452467,"[{""index"": 0, ""name"": ""NVIDIA P104-100"", ""pci_bus"": ""00000000:01:00.0"", ""pcie"": ""Gen1 x1"", ""util_pct"": 16.0, ""power_w"": 51.52, ""vram_used_mib"": 7974.0}, {""index"": 1, ""name"": ""NVIDIA P104-100"", ""pci_bus"": ""00000000:02:00.0"", ""pcie"": ""Gen1 x1"", ""util_pct"": 5.0, ""power_w"": 53.23, ""vram_used_mib"": 6580.0}, {""index"": 2, ""name"": ""NVIDIA P104-100"", ""pci_bus"": ""00000000:0A:00.0"", ""pcie"": ""Gen1 x1"", ""util_pct"": 17.0, ""power_w"": 51.51, ""vram_used_mib"": 7974.0}, {""index"": 3, ""name"": ""NVIDIA P104-100"", ""pci_bus"": ""00000000:0C:00.0"", ""pcie"": ""Gen1 x1"", ""util_pct"": 15.0, ""power_w"": 56.15, ""vram_used_mib"": 7570.0}, {""index"": 4, ""name"": ""NVIDIA P104-100"", ""pci_bus"": ""00000000:0D:00.0"", ""pcie"": ""Gen1 x1"", ""util_pct"": 15.0, ""power_w"": 66.0, ""vram_used_mib"": 7570.0}, {""index"": 5, ""name"": ""NVIDIA P104-100"", ""pci_bus"": ""00000000:0E:00.0"", ""pcie"": ""Gen1 x1"", ""util_pct"": 42.0, ""power_w"": 108.75, ""vram_used_mib"": 7794.0}]"
2026-08-16T12:45:00.564987+03:00,1786873500.564987,ctx_000512.txt,1,1,outside,,"[null, null, null, null]",15875.55078125,3809.69140625,12065.859375,23.997223521526443,24575.99609375,381.328125,1.5516283594176545,"[{""index"": 0, ""name"": ""NVIDIA P104-100"", ""pci_bus"": ""00000000:01:00.0"", ""pcie"": ""Gen1 x1"", ""util_pct"": 6.0, ""power_w"": 51.52, ""vram_used_mib"": 7974.0}, {""index"": 1, ""name"": ""NVIDIA P104-100"", ""pci_bus"": ""00000000:02:00.0"", ""pcie"": ""Gen1 x1"", ""util_pct"": 0.0, ""power_w"": 53.08, ""vram_used_mib"": 6580.0}, {""index"": 2, ""name"": ""NVIDIA P104-100"", ""pci_bus"": ""00000000:0A:00.0"", ""pcie"": ""Gen1 x1"", ""util_pct"": 14.0, ""power_w"": 50.91, ""vram_used_mib"": 7974.0}, {""index"": 3, ""name"": ""NVIDIA P104-100"", ""pci_bus"": ""00000000:0C:00.0"", ""pcie"": ""Gen1 x1"", ""util_pct"": 10.0, ""power_w"": 53.69, ""vram_used_mib"": 7570.0}, {""index"": 4, ""name"": ""NVIDIA P104-100"", ""pci_bus"": ""00000000:0D:00.0"", ""pcie"": ""Gen1 x1"", ""util_pct"": 14.0, ""power_w"": 52.3, ""vram_used_mib"": 7570.0}, {""index"": 5, ""name"": ""NVIDIA P104-100"", ""pci_bus"": ""00000000:0E:00.0"", ""pcie"": ""Gen1 x1"", ""util_pct"": 23.0, ""power_w"": 50.08, ""vram_used_mib"": 7794.0}]"
2026-08-16T12:45:02.699752+03:00,1786873502.699752,ctx_000512.txt,1,1,prefill,35.44600938967136,"[16.431924882629108, 92.95774647887323, 21.962616822429908, 10.849056603773585]",15875.55078125,4219.12890625,11656.421875,26.576267900154054,24575.99609375,381.2890625,1.5514694136729898,"[{""index"": 0, ""name"": ""NVIDIA P104-100"", ""pci_bus"": ""00000000:01:00.0"", ""pcie"": ""Gen1 x1"", ""util_pct"": 0.0, ""power_w"": 176.79, ""vram_used_mib"": 7974.0}, {""index"": 1, ""name"": ""NVIDIA P104-100"", ""pci_bus"": ""00000000:02:00.0"", ""pcie"": ""Gen1 x1"", ""util_pct"": 0.0, ""power_w"": 53.23, ""vram_used_mib"": 6580.0}, {""index"": 2, ""name"": ""NVIDIA P104-100"", ""pci_bus"": ""00000000:0A:00.0"", ""pcie"": ""Gen1 x1"", ""util_pct"": 13.0, ""power_w"": 50.12, ""vram_used_mib"": 7974.0}, {""index"": 3, ""name"": ""NVIDIA P104-100"", ""pci_bus"": ""00000000:0C:00.0"", ""pcie"": ""Gen1 x1"", ""util_pct"": 25.0, ""power_w"": 52.81, ""vram_used_mib"": 7570.0}, {""index"": 4, ""name"": ""NVIDIA P104-100"", ""pci_bus"": ""00000000:0D:00.0"", ""pcie"": ""Gen1 x1"", ""util_pct"": 30.0, ""power_w"": 51.31, ""vram_used_mib"": 7570.0}, {""index"": 5, ""name"": ""NVIDIA P104-100"", ""pci_bus"": ""00000000:0E:00.0"", ""pcie"": ""Gen1 x1"", ""util_pct"": 20.0, ""power_w"": 50.81, ""vram_used_mib"": 7794.0}]"
2026-08-16T12:45:04.846471+03:00,1786873504.846471,ctx_000512.txt,1,1,prefill,37.80630105017503,"[12.67605633802817, 100.0, 22.065727699530516, 15.348837209302326]",15875.55078125,4262.19921875,11613.3515625,26.847567542563116,24575.99609375,381.28515625,1.5514535190985232,"[{""index"": 0, ""name"": ""NVIDIA P104-100"", ""pci_bus"": ""00000000:01:00.0"", ""pcie"": ""Gen1 x1"", ""util_pct"": 0.0, ""power_w"": 50.93, ""vram_used_mib"": 7974.0}, {""index"": 1, ""name"": ""NVIDIA P104-100"", ""pci_bus"": ""00000000:02:00.0"", ""pcie"": ""Gen1 x1"", ""util_pct"": 23.0, ""power_w"": 52.03, ""vram_used_mib"": 6580.0}, {""index"": 2, ""name"": ""NVIDIA P104-100"", ""pci_bus"": ""00000000:0A:00.0"", ""pcie"": ""Gen1 x1"", ""util_pct"": 0.0, ""power_w"": 50.91, ""vram_used_mib"": 7974.0}, {""index"": 3, ""name"": ""NVIDIA P104-100"", ""pci_bus"": ""00000000:0C:00.0"", ""pcie"": ""Gen1 x1"", ""util_pct"": 30.0, ""power_w"": 51.83, ""vram_used_mib"": 7570.0}, {""index"": 4, ""name"": ""NVIDIA P104-100"", ""pci_bus"": ""00000000:0D:00.0"", ""pcie"": ""Gen1 x1"", ""util_pct"": 11.0, ""power_w"": 51.19, ""vram_used_mib"": 7570.0}, {""index"": 5, ""name"": ""NVIDIA P104-100"", ""pci_bus"": ""00000000:0E:00.0"", ""pcie"": ""Gen1 x1"", ""util_pct"": 0.0, ""power_w"": 50.0, ""vram_used_mib"": 7794.0}]"
2026-08-16T12:45:06.987918+03:00,1786873506.987918,ctx_000512.txt,1,1,prefill,43.72801875732708,"[46.728971962616825, 91.58878504672897, 25.700934579439252, 10.0]",15875.55078125,4234.1015625,11641.44921875,26.670580572868904,24575.99609375,381.25390625,1.5513263625027915,"[{""index"": 0, ""name"": ""NVIDIA P104-100"", ""pci_bus"": ""00000000:01:00.0"", ""pcie"": ""Gen1 x1"", ""util_pct"": 32.0, ""power_w"": 51.33, ""vram_used_mib"": 7974.0}, {""index"": 1, ""name"": ""NVIDIA P104-100"", ""pci_bus"": ""00000000:02:00.0"", ""pcie"": ""Gen1 x1"", ""util_pct"": 0.0, ""power_w"": 54.42, ""vram_used_mib"": 6580.0}, {""index"": 2, ""name"": ""NVIDIA P104-100"", ""pci_bus"": ""00000000:0A:00.0"", ""pcie"": ""Gen1 x1"", ""util_pct"": 0.0, ""power_w"": 100.91, ""vram_used_mib"": 7974.0}, {""index"": 3, ""name"": ""NVIDIA P104-100"", ""pci_bus"": ""00000000:0C:00.0"", ""pcie"": ""Gen1 x1"", ""util_pct"": 0.0, ""power_w"": 127.62, ""vram_used_mib"": 7570.0}, {""index"": 4, ""name"": ""NVIDIA P104-100"", ""pci_bus"": ""00000000:0D:00.0"", ""pcie"": ""Gen1 x1"", ""util_pct"": 20.0, ""power_w"": 53.29, ""vram_used_mib"": 7570.0}, {""index"": 5, ""name"": ""NVIDIA P104-100"", ""pci_bus"": ""00000000:0E:00.0"", ""pcie"": ""Gen1 x1"", ""util_pct"": 51.0, ""power_w"": 49.97, ""vram_used_mib"": 7794.0}]"
2026-08-16T12:45:09.149395+03:00,1786873509.149395,ctx_000512.txt,1,1,decode,43.64060676779463,"[99.07407407407408, 39.53488372093023, 17.12962962962963, 18.779342723004696]",15875.55078125,4316.5390625,11559.01171875,27.18985389532499,24575.99609375,381.25,1.551310467928325,"[{""index"": 0, ""name"": ""NVIDIA P104-100"", ""pci_bus"": ""00000000:01:00.0"", ""pcie"": ""Gen1 x1"", ""util_pct"": 3.0, ""power_w"": 51.77, ""vram_used_mib"": 7974.0}, {""index"": 1, ""name"": ""NVIDIA P104-100"", ""pci_bus"": ""00000000:02:00.0"", ""pcie"": ""Gen1 x1"", ""util_pct"": 8.0, ""power_w"": 53.31, ""vram_used_mib"": 6580.0}, {""index"": 2, ""name"": ""NVIDIA P104-100"", ""pci_bus"": ""00000000:0A:00.0"", ""pcie"": ""Gen1 x1"", ""util_pct"": 8.0, ""power_w"": 52.25, ""vram_used_mib"": 7974.0}, {""index"": 3, ""name"": ""NVIDIA P104-100"", ""pci_bus"": ""00000000:0C:00.0"", ""pcie"": ""Gen1 x1"", ""util_pct"": 9.0, ""power_w"": 59.69, ""vram_used_mib"": 7570.0}, {""index"": 4, ""name"": ""NVIDIA P104-100"", ""pci_bus"": ""00000000:0D:00.0"", ""pcie"": ""Gen1 x1"", ""util_pct"": 15.0, ""power_w"": 89.6, ""vram_used_mib"": 7570.0}, {""index"": 5, ""name"": ""NVIDIA P104-100"", ""pci_bus"": ""00000000:0E:00.0"", ""pcie"": ""Gen1 x1"", ""util_pct"": 42.0, ""power_w"": 151.11, ""vram_used_mib"": 7794.0}]"
2026-08-16T12:45:11.274998+03:00,1786873511.274998,ctx_000512.txt,1,1,decode,36.35294117647059,"[100.0, 12.264150943396226, 16.037735849056602, 17.370892018779344]",15875.55078125,4308.31640625,11567.234375,27.138059432485242,24575.99609375,381.25,1.551310467928325,"[{""index"": 0, ""name"": ""NVIDIA P104-100"", ""pci_bus"": ""00000000:01:00.0"", ""pcie"": ""Gen1 x1"", ""util_pct"": 16.0, ""power_w"": 51.42, ""vram_used_mib"": 7974.0}, {""index"": 1, ""name"": ""NVIDIA P104-100"", ""pci_bus"": ""00000000:02:00.0"", ""pcie"": ""Gen1 x1"", ""util_pct"": 15.0, ""power_w"": 53.08, ""vram_used_mib"": 6580.0}, {""index"": 2, ""name"": ""NVIDIA P104-100"", ""pci_bus"": ""00000000:0A:00.0"", ""pcie"": ""Gen1 x1"", ""util_pct"": 17.0, ""power_w"": 51.51, ""vram_used_mib"": 7974.0}, {""index"": 3, ""name"": ""NVIDIA P104-100"", ""pci_bus"": ""00000000:0C:00.0"", ""pcie"": ""Gen1 x1"", ""util_pct"": 15.0, ""power_w"": 54.03, ""vram_used_mib"": 7570.0}, {""index"": 4, ""name"": ""NVIDIA P104-100"", ""pci_bus"": ""00000000:0D:00.0"", ""pcie"": ""Gen1 x1"", ""util_pct"": 16.0, ""power_w"": 42.94, ""vram_used_mib"": 7570.0}, {""index"": 5, ""name"": ""NVIDIA P104-100"", ""pci_bus"": ""00000000:0E:00.0"", ""pcie"": ""Gen1 x1"", ""util_pct"": 21.0, ""power_w"": 127.55, ""vram_used_mib"": 7794.0}]"
2026-08-16T12:45:13.390241+03:00,1786873513.390241,ctx_000512.txt,1,1,decode,35.94306049822064,"[98.0952380952381, 10.377358490566039, 18.009478672985782, 17.53554502369668]",15875.55078125,4317.59765625,11557.953125,27.196521971063504,24575.99609375,381.1171875,1.5507700523964647,"[{""index"": 0, ""name"": ""NVIDIA P104-100"", ""pci_bus"": ""00000000:01:00.0"", ""pcie"": ""Gen1 x1"", ""util_pct"": 16.0, ""power_w"": 92.42, ""vram_used_mib"": 7974.0}, {""index"": 1, ""name"": ""NVIDIA P104-100"", ""pci_bus"": ""00000000:02:00.0"", ""pcie"": ""Gen1 x1"", ""util_pct"": 7.0, ""power_w"": 53.1, ""vram_used_mib"": 6580.0}, {""index"": 2, ""name"": ""NVIDIA P104-100"", ""pci_bus"": ""00000000:0A:00.0"", ""pcie"": ""Gen1 x1"", ""util_pct"": 17.0, ""power_w"": 51.59, ""vram_used_mib"": 7974.0}, {""index"": 3, ""name"": ""NVIDIA P104-100"", ""pci_bus"": ""00000000:0C:00.0"", ""pcie"": ""Gen1 x1"", ""util_pct"": 7.0, ""power_w"": 54.05, ""vram_used_mib"": 7570.0}, {""index"": 4, ""name"": ""NVIDIA P104-100"", ""pci_bus"": ""00000000:0D:00.0"", ""pcie"": ""Gen1 x1"", ""util_pct"": 16.0, ""power_w"": 42.89, ""vram_used_mib"": 7570.0}, {""index"": 5, ""name"": ""NVIDIA P104-100"", ""pci_bus"": ""00000000:0E:00.0"", ""pcie"": ""Gen1 x1"", ""util_pct"": 42.0, ""power_w"": 76.29, ""vram_used_mib"": 7794.0}]"
2026-08-16T12:45:15.523683+03:00,1786873515.523683,ctx_000512.txt,1,1,decode,36.66274970622797,"[99.53488372093024, 8.530805687203792, 19.43127962085308, 17.84037558685446]",15875.55078125,4293.359375,11582.19140625,27.04384518155251,24575.99609375,381.109375,1.5507382632475317,"[{""index"": 0, ""name"": ""NVIDIA P104-100"", ""pci_bus"": ""00000000:01:00.0"", ""pcie"": ""Gen1 x1"", ""util_pct"": 16.0, ""power_w"": 55.03, ""vram_used_mib"": 7974.0}, {""index"": 1, ""name"": ""NVIDIA P104-100"", ""pci_bus"": ""00000000:02:00.0"", ""pcie"": ""Gen1 x1"", ""util_pct"": 15.0, ""power_w"": 77.44, ""vram_used_mib"": 6580.0}, {""index"": 2, ""name"": ""NVIDIA P104-100"", ""pci_bus"": ""00000000:0A:00.0"", ""pcie"": ""Gen1 x1"", ""util_pct"": 17.0, ""power_w"": 167.89, ""vram_used_mib"": 7974.0}, {""index"": 3, ""name"": ""NVIDIA P104-100"", ""pci_bus"": ""00000000:0C:00.0"", ""pcie"": ""Gen1 x1"", ""util_pct"": 15.0, ""power_w"": 53.94, ""vram_used_mib"": 7570.0}, {""index"": 4, ""name"": ""NVIDIA P104-100"", ""pci_bus"": ""00000000:0D:00.0"", ""pcie"": ""Gen1 x1"", ""util_pct"": 16.0, ""power_w"": 42.65, ""vram_used_mib"": 7570.0}, {""index"": 5, ""name"": ""NVIDIA P104-100"", ""pci_bus"": ""00000000:0E:00.0"", ""pcie"": ""Gen1 x1"", ""util_pct"": 20.0, ""power_w"": 50.5, ""vram_used_mib"": 7794.0}]"
2026-08-16T12:45:16.756578+03:00,1786873516.756578,ctx_001024.txt,1,1,outside,,"[null, null, null, null]",15875.55078125,4300.55859375,11574.9921875,27.08919301766351,24575.99609375,381.0625,1.550547528353934,"[{""index"": 0, ""name"": ""NVIDIA P104-100"", ""pci_bus"": ""00000000:01:00.0"", ""pcie"": ""Gen1 x1"", ""util_pct"": 7.0, ""power_w"": 51.52, ""vram_used_mib"": 7974.0}, {""index"": 1, ""name"": ""NVIDIA P104-100"", ""pci_bus"": ""00000000:02:00.0"", ""pcie"": ""Gen1 x1"", ""util_pct"": 0.0, ""power_w"": 53.0, ""vram_used_mib"": 6580.0}, {""index"": 2, ""name"": ""NVIDIA P104-100"", ""pci_bus"": ""00000000:0A:00.0"", ""pcie"": ""Gen1 x1"", ""util_pct"": 9.0, ""power_w"": 51.26, ""vram_used_mib"": 7974.0}, {""index"": 3, ""name"": ""NVIDIA P104-100"", ""pci_bus"": ""00000000:0C:00.0"", ""pcie"": ""Gen1 x1"", ""util_pct"": 8.0, ""power_w"": 53.81, ""vram_used_mib"": 7570.0}, {""index"": 4, ""name"": ""NVIDIA P104-100"", ""pci_bus"": ""00000000:0D:00.0"", ""pcie"": ""Gen1 x1"", ""util_pct"": 14.0, ""power_w"": 42.65, ""vram_used_mib"": 7570.0}, {""index"": 5, ""name"": ""NVIDIA P104-100"", ""pci_bus"": ""00000000:0E:00.0"", ""pcie"": ""Gen1 x1"", ""util_pct"": 19.0, ""power_w"": 50.1, ""vram_used_mib"": 7794.0}]"
2026-08-16T12:45:18.875322+03:00,1786873518.875322,ctx_001024.txt,1,1,prefill,37.11583924349882,"[98.12206572769954, 14.218009478672986, 18.867924528301888, 17.452830188679247]",15875.55078125,4784.65625,11090.89453125,30.13852127669783,24575.99609375,381.03515625,1.5504362663326687,"[{""index"": 0, ""name"": ""NVIDIA P104-100"", ""pci_bus"": ""00000000:01:00.0"", ""pcie"": ""Gen1 x1"", ""util_pct"": 0.0, ""power_w"": 50.93, ""vram_used_mib"": 7974.0}, {""index"": 1, ""name"": ""NVIDIA P104-100"", ""pci_bus"": ""00000000:02:00.0"", ""pcie"": ""Gen1 x1"", ""util_pct"": 30.0, ""power_w"": 52.34, ""vram_used_mib"": 6580.0}, {""index"": 2, ""name"": ""NVIDIA P104-100"", ""pci_bus"": ""00000000:0A:00.0"", ""pcie"": ""Gen1 x1"", ""util_pct"": 25.0, ""power_w"": 51.41, ""vram_used_mib"": 7974.0}, {""index"": 3, ""name"": ""NVIDIA P104-100"", ""pci_bus"": ""00000000:0C:00.0"", ""pcie"": ""Gen1 x1"", ""util_pct"": 6.0, ""power_w"": 54.38, ""vram_used_mib"": 7570.0}, {""index"": 4, ""name"": ""NVIDIA P104-100"", ""pci_bus"": ""00000000:0D:00.0"", ""pcie"": ""Gen1 x1"", ""util_pct"": 0.0, ""power_w"": 59.74, ""vram_used_mib"": 7570.0}, {""index"": 5, ""name"": ""NVIDIA P104-100"", ""pci_bus"": ""00000000:0E:00.0"", ""pcie"": ""Gen1 x1"", ""util_pct"": 0.0, ""power_w"": 108.9, ""vram_used_mib"": 7794.0}]"
2026-08-16T12:45:21.003595+03:00,1786873521.003595,ctx_001024.txt,1,1,prefill,36.43867924528302,"[96.69811320754717, 18.48341232227488, 13.145539906103286, 17.53554502369668]",15875.55078125,4780.25,11095.30078125,30.110766334140475,24575.99609375,381.03515625,1.5504362663326687,"[{""index"": 0, ""name"": ""NVIDIA P104-100"", ""pci_bus"": ""00000000:01:00.0"", ""pcie"": ""Gen1 x1"", ""util_pct"": 32.0, ""power_w"": 50.93, ""vram_used_mib"": 7974.0}, {""index"": 1, ""name"": ""NVIDIA P104-100"", ""pci_bus"": ""00000000:02:00.0"", ""pcie"": ""Gen1 x1"", ""util_pct"": 30.0, ""power_w"": 52.6, ""vram_used_mib"": 6580.0}, {""index"": 2, ""name"": ""NVIDIA P104-100"", ""pci_bus"": ""00000000:0A:00.0"", ""pcie"": ""Gen1 x1"", ""util_pct"": 32.0, ""power_w"": 51.41, ""vram_used_mib"": 7974.0}, {""index"": 3, ""name"": ""NVIDIA P104-100"", ""pci_bus"": ""00000000:0C:00.0"", ""pcie"": ""Gen1 x1"", ""util_pct"": 28.0, ""power_w"": 52.18, ""vram_used_mib"": 7570.0}, {""index"": 4, ""name"": ""NVIDIA P104-100"", ""pci_bus"": ""00000000:0D:00.0"", ""pcie"": ""Gen1 x1"", ""util_pct"": 0.0, ""power_w"": 55.53, ""vram_used_mib"": 7570.0}, {""index"": 5, ""name"": ""NVIDIA P104-100"", ""pci_bus"": ""00000000:0E:00.0"", ""pcie"": ""Gen1 x1"", ""util_pct"": 0.0, ""power_w"": 90.3, ""vram_used_mib"": 7794.0}]"
2026-08-16T12:45:23.149296+03:00,1786873523.149296,ctx_001024.txt,1,1,prefill,35.12252042007001,"[89.30232558139535, 13.551401869158878, 18.867924528301888, 18.13953488372093]",15875.55078125,4720.41796875,11155.1328125,29.73388472496402,24575.99609375,381.03125,1.5504203717582021,"[{""index"": 0, ""name"": ""NVIDIA P104-100"", ""pci_bus"": ""00000000:01:00.0"", ""pcie"": ""Gen1 x1"", ""util_pct"": 0.0, ""power_w"": 43.66, ""vram_used_mib"": 7974.0}, {""index"": 1, ""name"": ""NVIDIA P104-100"", ""pci_bus"": ""00000000:02:00.0"", ""pcie"": ""Gen1 x1"", ""util_pct"": 0.0, ""power_w"": 104.52, ""vram_used_mib"": 6580.0}, {""index"": 2, ""name"": ""NVIDIA P104-100"", ""pci_bus"": ""00000000:0A:00.0"", ""pcie"": ""Gen1 x1"", ""util_pct"": 0.0, ""power_w"": 120.98, ""vram_used_mib"": 7974.0}, {""index"": 3, ""name"": ""NVIDIA P104-100"", ""pci_bus"": ""00000000:0C:00.0"", ""pcie"": ""Gen1 x1"", ""util_pct"": 0.0, ""power_w"": 52.06, ""vram_used_mib"": 7570.0}, {""index"": 4, ""name"": ""NVIDIA P104-100"", ""pci_bus"": ""00000000:0D:00.0"", ""pcie"": ""Gen1 x1"", ""util_pct"": 30.0, ""power_w"": 51.31, ""vram_used_mib"": 7570.0}, {""index"": 5, ""name"": ""NVIDIA P104-100"", ""pci_bus"": ""00000000:0E:00.0"", ""pcie"": ""Gen1 x1"", ""util_pct"": 21.0, ""power_w"": 50.25, ""vram_used_mib"": 7794.0}]"
2026-08-16T12:45:25.294714+03:00,1786873525.294714,ctx_001024.txt,1,1,prefill,38.01169590643275,"[99.06542056074767, 21.12676056338028, 20.46511627906977, 10.7981220657277]",15875.55078125,4722.76953125,11152.78125,29.748697203172824,24575.99609375,381.02734375,1.5504044771837358,"[{""index"": 0, ""name"": ""NVIDIA P104-100"", ""pci_bus"": ""00000000:01:00.0"", ""pcie"": ""Gen1 x1"", ""util_pct"": 0.0, ""power_w"": 97.92, ""vram_used_mib"": 7974.0}, {""index"": 1, ""name"": ""NVIDIA P104-100"", ""pci_bus"": ""00000000:02:00.0"", ""pcie"": ""Gen1 x1"", ""util_pct"": 0.0, ""power_w"": 52.6, ""vram_used_mib"": 6580.0}, {""index"": 2, ""name"": ""NVIDIA P104-100"", ""pci_bus"": ""00000000:0A:00.0"", ""pcie"": ""Gen1 x1"", ""util_pct"": 20.0, ""power_w"": 45.82, ""vram_used_mib"": 7974.0}, {""index"": 3, ""name"": ""NVIDIA P104-100"", ""pci_bus"": ""00000000:0C:00.0"", ""pcie"": ""Gen1 x1"", ""util_pct"": 31.0, ""power_w"": 48.97, ""vram_used_mib"": 7570.0}, {""index"": 4, ""name"": ""NVIDIA P104-100"", ""pci_bus"": ""00000000:0D:00.0"", ""pcie"": ""Gen1 x1"", ""util_pct"": 30.0, ""power_w"": 53.74, ""vram_used_mib"": 7570.0}, {""index"": 5, ""name"": ""NVIDIA P104-100"", ""pci_bus"": ""00000000:0E:00.0"", ""pcie"": ""Gen1 x1"", ""util_pct"": 21.0, ""power_w"": 63.71, ""vram_used_mib"": 7794.0}]"
2026-08-16T12:45:27.413358+03:00,1786873527.413358,ctx_001024.txt,1,1,prefill,37.15976331360947,"[100.0, 10.0, 14.761904761904763, 24.528301886792452]",15875.55078125,4757.30078125,11118.25,29.96620934165424,24575.99609375,381.015625,1.5503567934603364,"[{""index"": 0, ""name"": ""NVIDIA P104-100"", ""pci_bus"": ""00000000:01:00.0"", ""pcie"": ""Gen1 x1"", ""util_pct"": 2.0, ""power_w"": 46.82, ""vram_used_mib"": 7974.0}, {""index"": 1, ""name"": ""NVIDIA P104-100"", ""pci_bus"": ""00000000:02:00.0"", ""pcie"": ""Gen1 x1"", ""util_pct"": 0.0, ""power_w"": 52.26, ""vram_used_mib"": 6580.0}, {""index"": 2, ""name"": ""NVIDIA P104-100"", ""pci_bus"": ""00000000:0A:00.0"", ""pcie"": ""Gen1 x1"", ""util_pct"": 0.0, ""power_w"": 51.29, ""vram_used_mib"": 7974.0}, {""index"": 3, ""name"": ""NVIDIA P104-100"", ""pci_bus"": ""00000000:0C:00.0"", ""pcie"": ""Gen1 x1"", ""util_pct"": 0.0, ""power_w"": 48.71, ""vram_used_mib"": 7570.0}, {""index"": 4, ""name"": ""NVIDIA P104-100"", ""pci_bus"": ""00000000:0D:00.0"", ""pcie"": ""Gen1 x1"", ""util_pct"": 0.0, ""power_w"": 53.04, ""vram_used_mib"": 7570.0}, {""index"": 5, ""name"": ""NVIDIA P104-100"", ""pci_bus"": ""00000000:0E:00.0"", ""pcie"": ""Gen1 x1"", ""util_pct"": 98.0, ""power_w"": 50.85, ""vram_used_mib"": 7794.0}]"
2026-08-16T12:45:29.537087+03:00,1786873529.537087,ctx_001024.txt,1,1,decode,37.78040141676505,"[99.52830188679245, 16.037735849056602, 11.320754716981131, 24.170616113744074]",15875.55078125,4777.390625,11098.16015625,30.092755148012827,24575.99609375,380.984375,1.5502296368646045,"[{""index"": 0, ""name"": ""NVIDIA P104-100"", ""pci_bus"": ""00000000:01:00.0"", ""pcie"": ""Gen1 x1"", ""util_pct"": 17.0, ""power_w"": 79.49, ""vram_used_mib"": 7974.0}, {""index"": 1, ""name"": ""NVIDIA P104-100"", ""pci_bus"": ""00000000:02:00.0"", ""pcie"": ""Gen1 x1"", ""util_pct"": 15.0, ""power_w"": 143.92, ""vram_used_mib"": 6580.0}, {""index"": 2, ""name"": ""NVIDIA P104-100"", ""pci_bus"": ""00000000:0A:00.0"", ""pcie"": ""Gen1 x1"", ""util_pct"": 17.0, ""power_w"": 136.41, ""vram_used_mib"": 7974.0}, {""index"": 3, ""name"": ""NVIDIA P104-100"", ""pci_bus"": ""00000000:0C:00.0"", ""pcie"": ""Gen1 x1"", ""util_pct"": 15.0, ""power_w"": 54.03, ""vram_used_mib"": 7570.0}, {""index"": 4, ""name"": ""NVIDIA P104-100"", ""pci_bus"": ""00000000:0D:00.0"", ""pcie"": ""Gen1 x1"", ""util_pct"": 12.0, ""power_w"": 53.39, ""vram_used_mib"": 7570.0}, {""index"": 5, ""name"": ""NVIDIA P104-100"", ""pci_bus"": ""00000000:0E:00.0"", ""pcie"": ""Gen1 x1"", ""util_pct"": 19.0, ""power_w"": 50.83, ""vram_used_mib"": 7794.0}]"
2026-08-16T12:45:31.747767+03:00,1786873531.747767,ctx_001024.txt,1,1,decode,49.886877828054295,"[60.633484162895925, 24.43438914027149, 14.027149321266968, 100.0]",15875.55078125,4820.97265625,11054.578125,30.367278103786262,24575.99609375,380.984375,1.5502296368646045,"[{""index"": 0, ""name"": ""NVIDIA P104-100"", ""pci_bus"": ""00000000:01:00.0"", ""pcie"": ""Gen1 x1"", ""util_pct"": 16.0, ""power_w"": 51.76, ""vram_used_mib"": 7974.0}, {""index"": 1, ""name"": ""NVIDIA P104-100"", ""pci_bus"": ""00000000:02:00.0"", ""pcie"": ""Gen1 x1"", ""util_pct"": 11.0, ""power_w"": 44.57, ""vram_used_mib"": 6580.0}, {""index"": 2, ""name"": ""NVIDIA P104-100"", ""pci_bus"": ""00000000:0A:00.0"", ""pcie"": ""Gen1 x1"", ""util_pct"": 0.0, ""power_w"": 51.65, ""vram_used_mib"": 7974.0}, {""index"": 3, ""name"": ""NVIDIA P104-100"", ""pci_bus"": ""00000000:0C:00.0"", ""pcie"": ""Gen1 x1"", ""util_pct"": 8.0, ""power_w"": 55.57, ""vram_used_mib"": 7570.0}, {""index"": 4, ""name"": ""NVIDIA P104-100"", ""pci_bus"": ""00000000:0D:00.0"", ""pcie"": ""Gen1 x1"", ""util_pct"": 15.0, ""power_w"": 62.44, ""vram_used_mib"": 7570.0}, {""index"": 5, ""name"": ""NVIDIA P104-100"", ""pci_bus"": ""00000000:0E:00.0"", ""pcie"": ""Gen1 x1"", ""util_pct"": 42.0, ""power_w"": 91.91, ""vram_used_mib"": 7794.0}]"
2026-08-16T12:45:33.866060+03:00,1786873533.866060,ctx_001024.txt,1,1,decode,36.13744075829384,"[18.39622641509434, 20.28301886792453, 6.190476190476191, 100.0]",15875.55078125,4800.62109375,11074.9296875,30.239083732577193,24575.99609375,380.98046875,1.5502137422901379,"[{""index"": 0, ""name"": ""NVIDIA P104-100"", ""pci_bus"": ""00000000:01:00.0"", ""pcie"": ""Gen1 x1"", ""util_pct"": 16.0, ""power_w"": 110.89, ""vram_used_mib"": 7974.0}, {""index"": 1, ""name"": ""NVIDIA P104-100"", ""pci_bus"": ""00000000:02:00.0"", ""pcie"": ""Gen1 x1"", ""util_pct"": 16.0, ""power_w"": 44.43, ""vram_used_mib"": 6580.0}, {""index"": 2, ""name"": ""NVIDIA P104-100"", ""pci_bus"": ""00000000:0A:00.0"", ""pcie"": ""Gen1 x1"", ""util_pct"": 17.0, ""power_w"": 51.32, ""vram_used_mib"": 7974.0}, {""index"": 3, ""name"": ""NVIDIA P104-100"", ""pci_bus"": ""00000000:0C:00.0"", ""pcie"": ""Gen1 x1"", ""util_pct"": 15.0, ""power_w"": 54.05, ""vram_used_mib"": 7570.0}, {""index"": 4, ""name"": ""NVIDIA P104-100"", ""pci_bus"": ""00000000:0D:00.0"", ""pcie"": ""Gen1 x1"", ""util_pct"": 15.0, ""power_w"": 53.64, ""vram_used_mib"": 7570.0}, {""index"": 5, ""name"": ""NVIDIA P104-100"", ""pci_bus"": ""00000000:0E:00.0"", ""pcie"": ""Gen1 x1"", ""util_pct"": 30.0, ""power_w"": 72.96, ""vram_used_mib"": 7794.0}]"
2026-08-16T12:45:35.992978+03:00,1786873535.992978,ctx_001024.txt,1,1,decode,36.588235294117645,"[15.566037735849056, 22.169811320754718, 8.018867924528301, 100.0]",15875.55078125,4774.796875,11100.75390625,30.07641713218119,24575.99609375,380.98046875,1.5502137422901379,"[{""index"": 0, ""name"": ""NVIDIA P104-100"", ""pci_bus"": ""00000000:01:00.0"", ""pcie"": ""Gen1 x1"", ""util_pct"": 5.0, ""power_w"": 56.13, ""vram_used_mib"": 7974.0}, {""index"": 1, ""name"": ""NVIDIA P104-100"", ""pci_bus"": ""00000000:02:00.0"", ""pcie"": ""Gen1 x1"", ""util_pct"": 8.0, ""power_w"": 59.73, ""vram_used_mib"": 6580.0}, {""index"": 2, ""name"": ""NVIDIA P104-100"", ""pci_bus"": ""00000000:0A:00.0"", ""pcie"": ""Gen1 x1"", ""util_pct"": 1.0, ""power_w"": 168.47, ""vram_used_mib"": 7974.0}, {""index"": 3, ""name"": ""NVIDIA P104-100"", ""pci_bus"": ""00000000:0C:00.0"", ""pcie"": ""Gen1 x1"", ""util_pct"": 11.0, ""power_w"": 54.03, ""vram_used_mib"": 7570.0}, {""index"": 4, ""name"": ""NVIDIA P104-100"", ""pci_bus"": ""00000000:0D:00.0"", ""pcie"": ""Gen1 x1"", ""util_pct"": 15.0, ""power_w"": 53.39, ""vram_used_mib"": 7570.0}, {""index"": 5, ""name"": ""NVIDIA P104-100"", ""pci_bus"": ""00000000:0E:00.0"", ""pcie"": ""Gen1 x1"", ""util_pct"": 42.0, ""power_w"": 51.08, ""vram_used_mib"": 7794.0}]"
2026-08-16T12:45:38.132197+03:00,1786873538.132197,ctx_001024.txt,1,1,decode,35.59718969555035,"[50.0, 14.018691588785046, 19.718309859154928, 58.87850467289719]",15875.55078125,4798.79296875,11076.7578125,30.22756838406935,24575.99609375,380.9765625,1.5501978477156715,"[{""index"": 0, ""name"": ""NVIDIA P104-100"", ""pci_bus"": ""00000000:01:00.0"", ""pcie"": ""Gen1 x1"", ""util_pct"": 16.0, ""power_w"": 109.63, ""vram_used_mib"": 7974.0}, {""index"": 1, ""name"": ""NVIDIA P104-100"", ""pci_bus"": ""00000000:02:00.0"", ""pcie"": ""Gen1 x1"", ""util_pct"": 15.0, ""power_w"": 42.94, ""vram_used_mib"": 6580.0}, {""index"": 2, ""name"": ""NVIDIA P104-100"", ""pci_bus"": ""00000000:0A:00.0"", ""pcie"": ""Gen1 x1"", ""util_pct"": 0.0, ""power_w"": 51.45, ""vram_used_mib"": 7974.0}, {""index"": 3, ""name"": ""NVIDIA P104-100"", ""pci_bus"": ""00000000:0C:00.0"", ""pcie"": ""Gen1 x1"", ""util_pct"": 4.0, ""power_w"": 54.15, ""vram_used_mib"": 7570.0}, {""index"": 4, ""name"": ""NVIDIA P104-100"", ""pci_bus"": ""00000000:0D:00.0"", ""pcie"": ""Gen1 x1"", ""util_pct"": 15.0, ""power_w"": 53.54, ""vram_used_mib"": 7570.0}, {""index"": 5, ""name"": ""NVIDIA P104-100"", ""pci_bus"": ""00000000:0E:00.0"", ""pcie"": ""Gen1 x1"", ""util_pct"": 42.0, ""power_w"": 70.96, ""vram_used_mib"": 7794.0}]"
2026-08-16T12:45:40.269388+03:00,1786873540.269388,ctx_001024.txt,1,1,decode,36.885245901639344,"[99.53271028037383, 17.92452830188679, 12.206572769953052, 16.901408450704224]",15875.55078125,4805.55859375,11069.9921875,30.27018501572657,24575.99609375,380.9765625,1.5501978477156715,"[{""index"": 0, ""name"": ""NVIDIA P104-100"", ""pci_bus"": ""00000000:01:00.0"", ""pcie"": ""Gen1 x1"", ""util_pct"": 15.0, ""power_w"": 56.6, ""vram_used_mib"": 7974.0}, {""index"": 1, ""name"": ""NVIDIA P104-100"", ""pci_bus"": ""00000000:02:00.0"", ""pcie"": ""Gen1 x1"", ""util_pct"": 16.0, ""power_w"": 60.44, ""vram_used_mib"": 6580.0}, {""index"": 2, ""name"": ""NVIDIA P104-100"", ""pci_bus"": ""00000000:0A:00.0"", ""pcie"": ""Gen1 x1"", ""util_pct"": 17.0, ""power_w"": 141.9, ""vram_used_mib"": 7974.0}, {""index"": 3, ""name"": ""NVIDIA P104-100"", ""pci_bus"": ""00000000:0C:00.0"", ""pcie"": ""Gen1 x1"", ""util_pct"": 15.0, ""power_w"": 54.03, ""vram_used_mib"": 7570.0}, {""index"": 4, ""name"": ""NVIDIA P104-100"", ""pci_bus"": ""00000000:0D:00.0"", ""pcie"": ""Gen1 x1"", ""util_pct"": 15.0, ""power_w"": 53.64, ""vram_used_mib"": 7570.0}, {""index"": 5, ""name"": ""NVIDIA P104-100"", ""pci_bus"": ""00000000:0E:00.0"", ""pcie"": ""Gen1 x1"", ""util_pct"": 31.0, ""power_w"": 51.16, ""vram_used_mib"": 7794.0}]"
2026-08-16T12:45:40.609830+03:00,1786873540.609830,ctx_002048.txt,1,1,outside,0.0,"[null, null, null, null]",15875.55078125,4814.94140625,11060.609375,30.3292872958886,24575.99609375,380.81640625,1.549546170162546,"[{""index"": 0, ""name"": ""NVIDIA P104-100"", ""pci_bus"": ""00000000:01:00.0"", ""pcie"": ""Gen1 x1"", ""util_pct"": 0.0, ""power_w"": 51.67, ""vram_used_mib"": 7974.0}, {""index"": 1, ""name"": ""NVIDIA P104-100"", ""pci_bus"": ""00000000:02:00.0"", ""pcie"": ""Gen1 x1"", ""util_pct"": 13.0, ""power_w"": 42.85, ""vram_used_mib"": 6580.0}, {""index"": 2, ""name"": ""NVIDIA P104-100"", ""pci_bus"": ""00000000:0A:00.0"", ""pcie"": ""Gen1 x1"", ""util_pct"": 14.0, ""power_w"": 51.51, ""vram_used_mib"": 7974.0}, {""index"": 3, ""name"": ""NVIDIA P104-100"", ""pci_bus"": ""00000000:0C:00.0"", ""pcie"": ""Gen1 x1"", ""util_pct"": 13.0, ""power_w"": 54.13, ""vram_used_mib"": 7570.0}, {""index"": 4, ""name"": ""NVIDIA P104-100"", ""pci_bus"": ""00000000:0D:00.0"", ""pcie"": ""Gen1 x1"", ""util_pct"": 20.0, ""power_w"": 53.39, ""vram_used_mib"": 7570.0}, {""index"": 5, ""name"": ""NVIDIA P104-100"", ""pci_bus"": ""00000000:0E:00.0"", ""pcie"": ""Gen1 x1"", ""util_pct"": 19.0, ""power_w"": 50.85, ""vram_used_mib"": 7794.0}]"
2026-08-16T12:45:42.741052+03:00,1786873542.741052,ctx_002048.txt,1,1,prefill,36.27797408716137,"[96.71361502347418, 20.560747663551403, 18.867924528301888, 9.345794392523365]",15875.55078125,5243.35546875,10632.1953125,33.02786492889887,24575.99609375,380.80859375,1.549514381013613,"[{""index"": 0, ""name"": ""NVIDIA P104-100"", ""pci_bus"": ""00000000:01:00.0"", ""pcie"": ""Gen1 x1"", ""util_pct"": 0.0, ""power_w"": 53.92, ""vram_used_mib"": 7974.0}, {""index"": 1, ""name"": ""NVIDIA P104-100"", ""pci_bus"": ""00000000:02:00.0"", ""pcie"": ""Gen1 x1"", ""util_pct"": 0.0, ""power_w"": 145.95, ""vram_used_mib"": 6580.0}, {""index"": 2, ""name"": ""NVIDIA P104-100"", ""pci_bus"": ""00000000:0A:00.0"", ""pcie"": ""Gen1 x1"", ""util_pct"": 11.0, ""power_w"": 77.08, ""vram_used_mib"": 7974.0}, {""index"": 3, ""name"": ""NVIDIA P104-100"", ""pci_bus"": ""00000000:0C:00.0"", ""pcie"": ""Gen1 x1"", ""util_pct"": 30.0, ""power_w"": 54.13, ""vram_used_mib"": 7570.0}, {""index"": 4, ""name"": ""NVIDIA P104-100"", ""pci_bus"": ""00000000:0D:00.0"", ""pcie"": ""Gen1 x1"", ""util_pct"": 30.0, ""power_w"": 51.9, ""vram_used_mib"": 7570.0}, {""index"": 5, ""name"": ""NVIDIA P104-100"", ""pci_bus"": ""00000000:0E:00.0"", ""pcie"": ""Gen1 x1"", ""util_pct"": 20.0, ""power_w"": 50.85, ""vram_used_mib"": 7794.0}]"
2026-08-16T12:45:44.883920+03:00,1786873544.883920,ctx_002048.txt,1,1,prefill,37.73364485981308,"[100.0, 14.084507042253522, 19.248826291079812, 17.289719626168225]",15875.55078125,5224.6484375,10650.90234375,32.91002945025775,24575.99609375,380.80859375,1.549514381013613,"[{""index"": 0, ""name"": ""NVIDIA P104-100"", ""pci_bus"": ""00000000:01:00.0"", ""pcie"": ""Gen1 x1"", ""util_pct"": 17.0, ""power_w"": 51.44, ""vram_used_mib"": 7974.0}, {""index"": 1, ""name"": ""NVIDIA P104-100"", ""pci_bus"": ""00000000:02:00.0"", ""pcie"": ""Gen1 x1"", ""util_pct"": 22.0, ""power_w"": 67.24, ""vram_used_mib"": 6580.0}, {""index"": 2, ""name"": ""NVIDIA P104-100"", ""pci_bus"": ""00000000:0A:00.0"", ""pcie"": ""Gen1 x1"", ""util_pct"": 0.0, ""power_w"": 168.37, ""vram_used_mib"": 7974.0}, {""index"": 3, ""name"": ""NVIDIA P104-100"", ""pci_bus"": ""00000000:0C:00.0"", ""pcie"": ""Gen1 x1"", ""util_pct"": 0.0, ""power_w"": 53.14, ""vram_used_mib"": 7570.0}, {""index"": 4, ""name"": ""NVIDIA P104-100"", ""pci_bus"": ""00000000:0D:00.0"", ""pcie"": ""Gen1 x1"", ""util_pct"": 26.0, ""power_w"": 53.54, ""vram_used_mib"": 7570.0}, {""index"": 5, ""name"": ""NVIDIA P104-100"", ""pci_bus"": ""00000000:0E:00.0"", ""pcie"": ""Gen1 x1"", ""util_pct"": 20.0, ""power_w"": 50.83, ""vram_used_mib"": 7794.0}]"
2026-08-16T12:45:47.017006+03:00,1786873547.017006,ctx_002048.txt,1,1,prefill,37.83783783783784,"[100.0, 16.50943396226415, 15.492957746478874, 18.867924528301888]",15875.55078125,5199.23046875,10676.3203125,32.74992181619683,24575.99609375,380.80859375,1.549514381013613,"[{""index"": 0, ""name"": ""NVIDIA P104-100"", ""pci_bus"": ""00000000:01:00.0"", ""pcie"": ""Gen1 x1"", ""util_pct"": 32.0, ""power_w"": 50.78, ""vram_used_mib"": 7974.0}, {""index"": 1, ""name"": ""NVIDIA P104-100"", ""pci_bus"": ""00000000:02:00.0"", ""pcie"": ""Gen1 x1"", ""util_pct"": 0.0, ""power_w"": 54.75, ""vram_used_mib"": 6580.0}, {""index"": 2, ""name"": ""NVIDIA P104-100"", ""pci_bus"": ""00000000:0A:00.0"", ""pcie"": ""Gen1 x1"", ""util_pct"": 29.0, ""power_w"": 162.85, ""vram_used_mib"": 7974.0}, {""index"": 3, ""name"": ""NVIDIA P104-100"", ""pci_bus"": ""00000000:0C:00.0"", ""pcie"": ""Gen1 x1"", ""util_pct"": 30.0, ""power_w"": 52.88, ""vram_used_mib"": 7570.0}, {""index"": 4, ""name"": ""NVIDIA P104-100"", ""pci_bus"": ""00000000:0D:00.0"", ""pcie"": ""Gen1 x1"", ""util_pct"": 0.0, ""power_w"": 51.31, ""vram_used_mib"": 7570.0}, {""index"": 5, ""name"": ""NVIDIA P104-100"", ""pci_bus"": ""00000000:0E:00.0"", ""pcie"": ""Gen1 x1"", ""util_pct"": 21.0, ""power_w"": 42.16, ""vram_used_mib"": 7794.0}]"
2026-08-16T12:45:49.140912+03:00,1786873549.140912,ctx_002048.txt,1,1,prefill,37.78040141676505,"[98.12206572769954, 23.58490566037736, 13.744075829383887, 16.431924882629108]",15875.55078125,5165.984375,10709.56640625,32.540504869294644,24575.99609375,380.80859375,1.549514381013613,"[{""index"": 0, ""name"": ""NVIDIA P104-100"", ""pci_bus"": ""00000000:01:00.0"", ""pcie"": ""Gen1 x1"", ""util_pct"": 0.0, ""power_w"": 50.78, ""vram_used_mib"": 7974.0}, {""index"": 1, ""name"": ""NVIDIA P104-100"", ""pci_bus"": ""00000000:02:00.0"", ""pcie"": ""Gen1 x1"", ""util_pct"": 0.0, ""power_w"": 52.51, ""vram_used_mib"": 6580.0}, {""index"": 2, ""name"": ""NVIDIA P104-100"", ""pci_bus"": ""00000000:0A:00.0"", ""pcie"": ""Gen1 x1"", ""util_pct"": 9.0, ""power_w"": 50.17, ""vram_used_mib"": 7974.0}, {""index"": 3, ""name"": ""NVIDIA P104-100"", ""pci_bus"": ""00000000:0C:00.0"", ""pcie"": ""Gen1 x1"", ""util_pct"": 29.0, ""power_w"": 54.13, ""vram_used_mib"": 7570.0}, {""index"": 4, ""name"": ""NVIDIA P104-100"", ""pci_bus"": ""00000000:0D:00.0"", ""pcie"": ""Gen1 x1"", ""util_pct"": 30.0, ""power_w"": 52.3, ""vram_used_mib"": 7570.0}, {""index"": 5, ""name"": ""NVIDIA P104-100"", ""pci_bus"": ""00000000:0E:00.0"", ""pcie"": ""Gen1 x1"", ""util_pct"": 23.0, ""power_w"": 42.16, ""vram_used_mib"": 7794.0}]"
2026-08-16T12:45:51.280482+03:00,1786873551.280482,ctx_002048.txt,1,1,prefill,36.5767878077374,"[18.69158878504673, 15.023474178403756, 15.42056074766355, 96.71361502347418]",15875.55078125,5152.0390625,10723.51171875,32.45266342875407,24575.99609375,380.8046875,1.5494984864391463,"[{""index"": 0, ""name"": ""NVIDIA P104-100"", ""pci_bus"": ""00000000:01:00.0"", ""pcie"": ""Gen1 x1"", ""util_pct"": 33.0, ""power_w"": 51.77, ""vram_used_mib"": 7974.0}, {""index"": 1, ""name"": ""NVIDIA P104-100"", ""pci_bus"": ""00000000:02:00.0"", ""pcie"": ""Gen1 x1"", ""util_pct"": 30.0, ""power_w"": 52.51, ""vram_used_mib"": 6580.0}, {""index"": 2, ""name"": ""NVIDIA P104-100"", ""pci_bus"": ""00000000:0A:00.0"", ""pcie"": ""Gen1 x1"", ""util_pct"": 33.0, ""power_w"": 50.51, ""vram_used_mib"": 7974.0}, {""index"": 3, ""name"": ""NVIDIA P104-100"", ""pci_bus"": ""00000000:0C:00.0"", ""pcie"": ""Gen1 x1"", ""util_pct"": 31.0, ""power_w"": 52.28, ""vram_used_mib"": 7570.0}, {""index"": 4, ""name"": ""NVIDIA P104-100"", ""pci_bus"": ""00000000:0D:00.0"", ""pcie"": ""Gen1 x1"", ""util_pct"": 0.0, ""power_w"": 55.03, ""vram_used_mib"": 7570.0}, {""index"": 5, ""name"": ""NVIDIA P104-100"", ""pci_bus"": ""00000000:0E:00.0"", ""pcie"": ""Gen1 x1"", ""util_pct"": 0.0, ""power_w"": 84.08, ""vram_used_mib"": 7794.0}]"
2026-08-16T12:45:53.420937+03:00,1786873553.420937,ctx_002048.txt,1,1,prefill,38.33528722157092,"[35.68075117370892, 16.431924882629108, 16.901408450704224, 84.43396226415095]",15875.55078125,5095.51953125,10780.03125,32.0966472373867,24575.99609375,380.8046875,1.5494984864391463,"[{""index"": 0, ""name"": ""NVIDIA P104-100"", ""pci_bus"": ""00000000:01:00.0"", ""pcie"": ""Gen1 x1"", ""util_pct"": 6.0, ""power_w"": 59.91, ""vram_used_mib"": 7974.0}, {""index"": 1, ""name"": ""NVIDIA P104-100"", ""pci_bus"": ""00000000:02:00.0"", ""pcie"": ""Gen1 x1"", ""util_pct"": 8.0, ""power_w"": 176.09, ""vram_used_mib"": 6580.0}, {""index"": 2, ""name"": ""NVIDIA P104-100"", ""pci_bus"": ""00000000:0A:00.0"", ""pcie"": ""Gen1 x1"", ""util_pct"": 0.0, ""power_w"": 50.72, ""vram_used_mib"": 7974.0}, {""index"": 3, ""name"": ""NVIDIA P104-100"", ""pci_bus"": ""00000000:0C:00.0"", ""pcie"": ""Gen1 x1"", ""util_pct"": 0.0, ""power_w"": 52.48, ""vram_used_mib"": 7570.0}, {""index"": 4, ""name"": ""NVIDIA P104-100"", ""pci_bus"": ""00000000:0D:00.0"", ""pcie"": ""Gen1 x1"", ""util_pct"": 31.0, ""power_w"": 51.4, ""vram_used_mib"": 7570.0}, {""index"": 5, ""name"": ""NVIDIA P104-100"", ""pci_bus"": ""00000000:0E:00.0"", ""pcie"": ""Gen1 x1"", ""util_pct"": 21.0, ""power_w"": 50.83, ""vram_used_mib"": 7794.0}]"
2026-08-16T12:45:55.945398+03:00,1786873555.945398,ctx_002048.txt,1,1,prefill,41.60873882820258,"[40.87301587301587, 17.92828685258964, 16.99604743083004, 90.47619047619048]",15875.55078125,5099.109375,10776.44140625,32.11925964182837,24575.99609375,380.8046875,1.5494984864391463,"[{""index"": 0, ""name"": ""NVIDIA P104-100"", ""pci_bus"": ""00000000:01:00.0"", ""pcie"": ""Gen1 x1"", ""util_pct"": 0.0, ""power_w"": 51.67, ""vram_used_mib"": 7974.0}, {""index"": 1, ""name"": ""NVIDIA P104-100"", ""pci_bus"": ""00000000:02:00.0"", ""pcie"": ""Gen1 x1"", ""util_pct"": 0.0, ""power_w"": 52.6, ""vram_used_mib"": 6580.0}, {""index"": 2, ""name"": ""NVIDIA P104-100"", ""pci_bus"": ""00000000:0A:00.0"", ""pcie"": ""Gen1 x1"", ""util_pct"": 24.0, ""power_w"": 50.41, ""vram_used_mib"": 7974.0}, {""index"": 3, ""name"": ""NVIDIA P104-100"", ""pci_bus"": ""00000000:0C:00.0"", ""pcie"": ""Gen1 x1"", ""util_pct"": 31.0, ""power_w"": 53.9, ""vram_used_mib"": 7570.0}, {""index"": 4, ""name"": ""NVIDIA P104-100"", ""pci_bus"": ""00000000:0D:00.0"", ""pcie"": ""Gen1 x1"", ""util_pct"": 30.0, ""power_w"": 52.65, ""vram_used_mib"": 7570.0}, {""index"": 5, ""name"": ""NVIDIA P104-100"", ""pci_bus"": ""00000000:0E:00.0"", ""pcie"": ""Gen1 x1"", ""util_pct"": 21.0, ""power_w"": 50.95, ""vram_used_mib"": 7794.0}]"
2026-08-16T12:45:58.088074+03:00,1786873558.088074,ctx_002048.txt,1,1,prefill,35.90643274853801,"[25.35211267605634, 14.953271028037383, 9.389671361502348, 93.95348837209302]",15875.55078125,5007.25,10868.30078125,31.54063798475496,24575.99609375,380.8046875,1.5494984864391463,"[{""index"": 0, ""name"": ""NVIDIA P104-100"", ""pci_bus"": ""00000000:01:00.0"", ""pcie"": ""Gen1 x1"", ""util_pct"": 33.0, ""power_w"": 51.77, ""vram_used_mib"": 7974.0}, {""index"": 1, ""name"": ""NVIDIA P104-100"", ""pci_bus"": ""00000000:02:00.0"", ""pcie"": ""Gen1 x1"", ""util_pct"": 31.0, ""power_w"": 52.58, ""vram_used_mib"": 6580.0}, {""index"": 2, ""name"": ""NVIDIA P104-100"", ""pci_bus"": ""00000000:0A:00.0"", ""pcie"": ""Gen1 x1"", ""util_pct"": 33.0, ""power_w"": 51.75, ""vram_used_mib"": 7974.0}, {""index"": 3, ""name"": ""NVIDIA P104-100"", ""pci_bus"": ""00000000:0C:00.0"", ""pcie"": ""Gen1 x1"", ""util_pct"": 12.0, ""power_w"": 102.34, ""vram_used_mib"": 7570.0}, {""index"": 4, ""name"": ""NVIDIA P104-100"", ""pci_bus"": ""00000000:0D:00.0"", ""pcie"": ""Gen1 x1"", ""util_pct"": 0.0, ""power_w"": 122.61, ""vram_used_mib"": 7570.0}, {""index"": 5, ""name"": ""NVIDIA P104-100"", ""pci_bus"": ""00000000:0E:00.0"", ""pcie"": ""Gen1 x1"", ""util_pct"": 0.0, ""power_w"": 50.8, ""vram_used_mib"": 7794.0}]"
2026-08-16T12:46:00.226134+03:00,1786873560.226134,ctx_002048.txt,1,1,prefill,30.292397660818715,"[20.46511627906977, 15.023474178403756, 13.145539906103286, 72.42990654205607]",15875.55078125,5043.7421875,10831.80859375,31.77050205689222,24575.99609375,380.8046875,1.5494984864391463,"[{""index"": 0, ""name"": ""NVIDIA P104-100"", ""pci_bus"": ""00000000:01:00.0"", ""pcie"": ""Gen1 x1"", ""util_pct"": 33.0, ""power_w"": 50.52, ""vram_used_mib"": 7974.0}, {""index"": 1, ""name"": ""NVIDIA P104-100"", ""pci_bus"": ""00000000:02:00.0"", ""pcie"": ""Gen1 x1"", ""util_pct"": 0.0, ""power_w"": 58.11, ""vram_used_mib"": 6580.0}, {""index"": 2, ""name"": ""NVIDIA P104-100"", ""pci_bus"": ""00000000:0A:00.0"", ""pcie"": ""Gen1 x1"", ""util_pct"": 0.0, ""power_w"": 180.23, ""vram_used_mib"": 7974.0}, {""index"": 3, ""name"": ""NVIDIA P104-100"", ""pci_bus"": ""00000000:0C:00.0"", ""pcie"": ""Gen1 x1"", ""util_pct"": 0.0, ""power_w"": 52.15, ""vram_used_mib"": 7570.0}, {""index"": 4, ""name"": ""NVIDIA P104-100"", ""pci_bus"": ""00000000:0D:00.0"", ""pcie"": ""Gen1 x1"", ""util_pct"": 0.0, ""power_w"": 51.4, ""vram_used_mib"": 7570.0}, {""index"": 5, ""name"": ""NVIDIA P104-100"", ""pci_bus"": ""00000000:0E:00.0"", ""pcie"": ""Gen1 x1"", ""util_pct"": 0.0, ""power_w"": 50.85, ""vram_used_mib"": 7794.0}]"
2026-08-16T12:46:02.347367+03:00,1786873562.347367,ctx_002048.txt,1,1,prefill,37.5886524822695,"[100.0, 17.92452830188679, 16.587677725118482, 16.037735849056602]",15875.55078125,4990.1640625,10885.38671875,31.43301376600861,24575.99609375,380.80078125,1.54948259186468,"[{""index"": 0, ""name"": ""NVIDIA P104-100"", ""pci_bus"": ""00000000:01:00.0"", ""pcie"": ""Gen1 x1"", ""util_pct"": 0.0, ""power_w"": 172.63, ""vram_used_mib"": 7974.0}, {""index"": 1, ""name"": ""NVIDIA P104-100"", ""pci_bus"": ""00000000:02:00.0"", ""pcie"": ""Gen1 x1"", ""util_pct"": 0.0, ""power_w"": 185.24, ""vram_used_mib"": 6580.0}, {""index"": 2, ""name"": ""NVIDIA P104-100"", ""pci_bus"": ""00000000:0A:00.0"", ""pcie"": ""Gen1 x1"", ""util_pct"": 26.0, ""power_w"": 50.31, ""vram_used_mib"": 7974.0}, {""index"": 3, ""name"": ""NVIDIA P104-100"", ""pci_bus"": ""00000000:0C:00.0"", ""pcie"": ""Gen1 x1"", ""util_pct"": 31.0, ""power_w"": 52.37, ""vram_used_mib"": 7570.0}, {""index"": 4, ""name"": ""NVIDIA P104-100"", ""pci_bus"": ""00000000:0D:00.0"", ""pcie"": ""Gen1 x1"", ""util_pct"": 31.0, ""power_w"": 51.4, ""vram_used_mib"": 7570.0}, {""index"": 5, ""name"": ""NVIDIA P104-100"", ""pci_bus"": ""00000000:0E:00.0"", ""pcie"": ""Gen1 x1"", ""util_pct"": 21.0, ""power_w"": 50.81, ""vram_used_mib"": 7794.0}]"
2026-08-16T12:46:04.468277+03:00,1786873564.468277,ctx_002048.txt,1,1,decode,36.170212765957444,"[100.0, 16.19047619047619, 9.95260663507109, 17.61904761904762]",15875.55078125,5108.64453125,10766.90625,32.17932153436605,24575.99609375,380.78125,1.5494031189923476,"[{""index"": 0, ""name"": ""NVIDIA P104-100"", ""pci_bus"": ""00000000:01:00.0"", ""pcie"": ""Gen1 x1"", ""util_pct"": 27.0, ""power_w"": 51.81, ""vram_used_mib"": 7974.0}, {""index"": 1, ""name"": ""NVIDIA P104-100"", ""pci_bus"": ""00000000:02:00.0"", ""pcie"": ""Gen1 x1"", ""util_pct"": 28.0, ""power_w"": 53.15, ""vram_used_mib"": 6580.0}, {""index"": 2, ""name"": ""NVIDIA P104-100"", ""pci_bus"": ""00000000:0A:00.0"", ""pcie"": ""Gen1 x1"", ""util_pct"": 1.0, ""power_w"": 77.94, ""vram_used_mib"": 7974.0}, {""index"": 3, ""name"": ""NVIDIA P104-100"", ""pci_bus"": ""00000000:0C:00.0"", ""pcie"": ""Gen1 x1"", ""util_pct"": 0.0, ""power_w"": 159.67, ""vram_used_mib"": 7570.0}, {""index"": 4, ""name"": ""NVIDIA P104-100"", ""pci_bus"": ""00000000:0D:00.0"", ""pcie"": ""Gen1 x1"", ""util_pct"": 1.0, ""power_w"": 53.37, ""vram_used_mib"": 7570.0}, {""index"": 5, ""name"": ""NVIDIA P104-100"", ""pci_bus"": ""00000000:0E:00.0"", ""pcie"": ""Gen1 x1"", ""util_pct"": 11.0, ""power_w"": 50.81, ""vram_used_mib"": 7794.0}]"
2026-08-16T12:46:06.604118+03:00,1786873566.604118,ctx_002048.txt,1,1,decode,36.5767878077374,"[100.0, 10.7981220657277, 23.72093023255814, 12.55813953488372]",15875.55078125,5260.22265625,10615.328125,33.13411124269557,24575.99609375,380.82421875,1.549577959311479,"[{""index"": 0, ""name"": ""NVIDIA P104-100"", ""pci_bus"": ""00000000:01:00.0"", ""pcie"": ""Gen1 x1"", ""util_pct"": 0.0, ""power_w"": 52.58, ""vram_used_mib"": 7974.0}, {""index"": 1, ""name"": ""NVIDIA P104-100"", ""pci_bus"": ""00000000:02:00.0"", ""pcie"": ""Gen1 x1"", ""util_pct"": 15.0, ""power_w"": 58.63, ""vram_used_mib"": 6580.0}, {""index"": 2, ""name"": ""NVIDIA P104-100"", ""pci_bus"": ""00000000:0A:00.0"", ""pcie"": ""Gen1 x1"", ""util_pct"": 0.0, ""power_w"": 90.31, ""vram_used_mib"": 7974.0}, {""index"": 3, ""name"": ""NVIDIA P104-100"", ""pci_bus"": ""00000000:0C:00.0"", ""pcie"": ""Gen1 x1"", ""util_pct"": 2.0, ""power_w"": 159.77, ""vram_used_mib"": 7570.0}, {""index"": 4, ""name"": ""NVIDIA P104-100"", ""pci_bus"": ""00000000:0D:00.0"", ""pcie"": ""Gen1 x1"", ""util_pct"": 15.0, ""power_w"": 53.61, ""vram_used_mib"": 7570.0}, {""index"": 5, ""name"": ""NVIDIA P104-100"", ""pci_bus"": ""00000000:0E:00.0"", ""pcie"": ""Gen1 x1"", ""util_pct"": 38.0, ""power_w"": 51.06, ""vram_used_mib"": 7794.0}]"
2026-08-16T12:46:08.742023+03:00,1786873568.742023,ctx_002048.txt,1,1,decode,36.928487690504106,"[100.0, 12.735849056603774, 15.566037735849056, 17.92452830188679]",15875.55078125,5181.26953125,10694.28125,32.63678597765186,24575.99609375,380.8125,1.5495302755880793,"[{""index"": 0, ""name"": ""NVIDIA P104-100"", ""pci_bus"": ""00000000:01:00.0"", ""pcie"": ""Gen1 x1"", ""util_pct"": 18.0, ""power_w"": 42.27, ""vram_used_mib"": 7974.0}, {""index"": 1, ""name"": ""NVIDIA P104-100"", ""pci_bus"": ""00000000:02:00.0"", ""pcie"": ""Gen1 x1"", ""util_pct"": 15.0, ""power_w"": 53.08, ""vram_used_mib"": 6580.0}, {""index"": 2, ""name"": ""NVIDIA P104-100"", ""pci_bus"": ""00000000:0A:00.0"", ""pcie"": ""Gen1 x1"", ""util_pct"": 17.0, ""power_w"": 53.78, ""vram_used_mib"": 7974.0}, {""index"": 3, ""name"": ""NVIDIA P104-100"", ""pci_bus"": ""00000000:0C:00.0"", ""pcie"": ""Gen1 x1"", ""util_pct"": 15.0, ""power_w"": 67.13, ""vram_used_mib"": 7570.0}, {""index"": 4, ""name"": ""NVIDIA P104-100"", ""pci_bus"": ""00000000:0D:00.0"", ""pcie"": ""Gen1 x1"", ""util_pct"": 16.0, ""power_w"": 91.61, ""vram_used_mib"": 7570.0}, {""index"": 5, ""name"": ""NVIDIA P104-100"", ""pci_bus"": ""00000000:0E:00.0"", ""pcie"": ""Gen1 x1"", ""util_pct"": 42.0, ""power_w"": 114.78, ""vram_used_mib"": 7794.0}]"
2026-08-16T12:46:10.884479+03:00,1786873570.884479,ctx_002048.txt,1,1,decode,38.05620608899297,"[100.0, 10.280373831775702, 22.429906542056074, 20.187793427230048]",15875.55078125,5180.3359375,10695.21484375,32.63090527617029,24575.99609375,380.8125,1.5495302755880793,"[{""index"": 0, ""name"": ""NVIDIA P104-100"", ""pci_bus"": ""00000000:01:00.0"", ""pcie"": ""Gen1 x1"", ""util_pct"": 18.0, ""power_w"": 42.37, ""vram_used_mib"": 7974.0}, {""index"": 1, ""name"": ""NVIDIA P104-100"", ""pci_bus"": ""00000000:02:00.0"", ""pcie"": ""Gen1 x1"", ""util_pct"": 0.0, ""power_w"": 52.83, ""vram_used_mib"": 6580.0}, {""index"": 2, ""name"": ""NVIDIA P104-100"", ""pci_bus"": ""00000000:0A:00.0"", ""pcie"": ""Gen1 x1"", ""util_pct"": 11.0, ""power_w"": 41.62, ""vram_used_mib"": 7974.0}, {""index"": 3, ""name"": ""NVIDIA P104-100"", ""pci_bus"": ""00000000:0C:00.0"", ""pcie"": ""Gen1 x1"", ""util_pct"": 10.0, ""power_w"": 46.95, ""vram_used_mib"": 7570.0}, {""index"": 4, ""name"": ""NVIDIA P104-100"", ""pci_bus"": ""00000000:0D:00.0"", ""pcie"": ""Gen1 x1"", ""util_pct"": 16.0, ""power_w"": 60.84, ""vram_used_mib"": 7570.0}, {""index"": 5, ""name"": ""NVIDIA P104-100"", ""pci_bus"": ""00000000:0E:00.0"", ""pcie"": ""Gen1 x1"", ""util_pct"": 42.0, ""power_w"": 134.8, ""vram_used_mib"": 7794.0}]"
2026-08-16T12:46:13.037515+03:00,1786873573.037515,ctx_002048.txt,1,1,decode,39.697322467986034,"[100.0, 13.425925925925926, 20.093457943925234, 24.651162790697676]",15875.55078125,5184.47265625,10691.078125,32.65696244298611,24575.99609375,380.8046875,1.5494984864391463,"[{""index"": 0, ""name"": ""NVIDIA P104-100"", ""pci_bus"": ""00000000:01:00.0"", ""pcie"": ""Gen1 x1"", ""util_pct"": 0.0, ""power_w"": 42.27, ""vram_used_mib"": 7974.0}, {""index"": 1, ""name"": ""NVIDIA P104-100"", ""pci_bus"": ""00000000:02:00.0"", ""pcie"": ""Gen1 x1"", ""util_pct"": 12.0, ""power_w"": 52.83, ""vram_used_mib"": 6580.0}, {""index"": 2, ""name"": ""NVIDIA P104-100"", ""pci_bus"": ""00000000:0A:00.0"", ""pcie"": ""Gen1 x1"", ""util_pct"": 0.0, ""power_w"": 41.62, ""vram_used_mib"": 7974.0}, {""index"": 3, ""name"": ""NVIDIA P104-100"", ""pci_bus"": ""00000000:0C:00.0"", ""pcie"": ""Gen1 x1"", ""util_pct"": 0.0, ""power_w"": 47.3, ""vram_used_mib"": 7570.0}, {""index"": 4, ""name"": ""NVIDIA P104-100"", ""pci_bus"": ""00000000:0D:00.0"", ""pcie"": ""Gen1 x1"", ""util_pct"": 16.0, ""power_w"": 57.19, ""vram_used_mib"": 7570.0}, {""index"": 5, ""name"": ""NVIDIA P104-100"", ""pci_bus"": ""00000000:0E:00.0"", ""pcie"": ""Gen1 x1"", ""util_pct"": 27.0, ""power_w"": 148.16, ""vram_used_mib"": 7794.0}]"
2026-08-16T12:46:13.611981+03:00,1786873573.611981,ctx_004096.txt,1,1,outside,,"[null, null, 100.0, null]",15875.55078125,5173.1953125,10702.35546875,32.58592652174223,24575.99609375,380.7421875,1.5492441732476827,"[{""index"": 0, ""name"": ""NVIDIA P104-100"", ""pci_bus"": ""00000000:01:00.0"", ""pcie"": ""Gen1 x1"", ""util_pct"": 0.0, ""power_w"": 42.37, ""vram_used_mib"": 7974.0}, {""index"": 1, ""name"": ""NVIDIA P104-100"", ""pci_bus"": ""00000000:02:00.0"", ""pcie"": ""Gen1 x1"", ""util_pct"": 0.0, ""power_w"": 52.52, ""vram_used_mib"": 6580.0}, {""index"": 2, ""name"": ""NVIDIA P104-100"", ""pci_bus"": ""00000000:0A:00.0"", ""pcie"": ""Gen1 x1"", ""util_pct"": 0.0, ""power_w"": 41.28, ""vram_used_mib"": 7974.0}, {""index"": 3, ""name"": ""NVIDIA P104-100"", ""pci_bus"": ""00000000:0C:00.0"", ""pcie"": ""Gen1 x1"", ""util_pct"": 16.0, ""power_w"": 44.99, ""vram_used_mib"": 7570.0}, {""index"": 4, ""name"": ""NVIDIA P104-100"", ""pci_bus"": ""00000000:0D:00.0"", ""pcie"": ""Gen1 x1"", ""util_pct"": 16.0, ""power_w"": 42.89, ""vram_used_mib"": 7570.0}, {""index"": 5, ""name"": ""NVIDIA P104-100"", ""pci_bus"": ""00000000:0E:00.0"", ""pcie"": ""Gen1 x1"", ""util_pct"": 27.0, ""power_w"": 50.85, ""vram_used_mib"": 7794.0}]"
2026-08-16T12:46:15.738872+03:00,1786873575.738872,ctx_004096.txt,1,1,prefill,37.76470588235294,"[99.06103286384976, 10.849056603773585, 16.037735849056602, 24.413145539906104]",15875.55078125,5774.69921875,10100.8515625,36.374796051613366,24575.99609375,380.75,1.5492759623966157,"[{""index"": 0, ""name"": ""NVIDIA P104-100"", ""pci_bus"": ""00000000:01:00.0"", ""pcie"": ""Gen1 x1"", ""util_pct"": 45.0, ""power_w"": 51.74, ""vram_used_mib"": 7974.0}, {""index"": 1, ""name"": ""NVIDIA P104-100"", ""pci_bus"": ""00000000:02:00.0"", ""pcie"": ""Gen1 x1"", ""util_pct"": 19.0, ""power_w"": 52.8, ""vram_used_mib"": 6580.0}, {""index"": 2, ""name"": ""NVIDIA P104-100"", ""pci_bus"": ""00000000:0A:00.0"", ""pcie"": ""Gen1 x1"", ""util_pct"": 0.0, ""power_w"": 59.35, ""vram_used_mib"": 7974.0}, {""index"": 3, ""name"": ""NVIDIA P104-100"", ""pci_bus"": ""00000000:0C:00.0"", ""pcie"": ""Gen1 x1"", ""util_pct"": 0.0, ""power_w"": 184.59, ""vram_used_mib"": 7570.0}, {""index"": 4, ""name"": ""NVIDIA P104-100"", ""pci_bus"": ""00000000:0D:00.0"", ""pcie"": ""Gen1 x1"", ""util_pct"": 0.0, ""power_w"": 189.7, ""vram_used_mib"": 7570.0}, {""index"": 5, ""name"": ""NVIDIA P104-100"", ""pci_bus"": ""00000000:0E:00.0"", ""pcie"": ""Gen1 x1"", ""util_pct"": 0.0, ""power_w"": 50.5, ""vram_used_mib"": 7794.0}]"
2026-08-16T12:46:17.908899+03:00,1786873577.908899,ctx_004096.txt,1,1,prefill,50.23201856148492,"[93.08755760368663, 16.203703703703702, 71.29629629629629, 20.187793427230048]",15875.55078125,5801.25390625,10074.296875,36.542063870323396,24575.99609375,380.75,1.5492759623966157,"[{""index"": 0, ""name"": ""NVIDIA P104-100"", ""pci_bus"": ""00000000:01:00.0"", ""pcie"": ""Gen1 x1"", ""util_pct"": 6.0, ""power_w"": 50.78, ""vram_used_mib"": 7974.0}, {""index"": 1, ""name"": ""NVIDIA P104-100"", ""pci_bus"": ""00000000:02:00.0"", ""pcie"": ""Gen1 x1"", ""util_pct"": 30.0, ""power_w"": 51.34, ""vram_used_mib"": 6580.0}, {""index"": 2, ""name"": ""NVIDIA P104-100"", ""pci_bus"": ""00000000:0A:00.0"", ""pcie"": ""Gen1 x1"", ""util_pct"": 2.0, ""power_w"": 51.26, ""vram_used_mib"": 7974.0}, {""index"": 3, ""name"": ""NVIDIA P104-100"", ""pci_bus"": ""00000000:0C:00.0"", ""pcie"": ""Gen1 x1"", ""util_pct"": 0.0, ""power_w"": 71.0, ""vram_used_mib"": 7570.0}, {""index"": 4, ""name"": ""NVIDIA P104-100"", ""pci_bus"": ""00000000:0D:00.0"", ""pcie"": ""Gen1 x1"", ""util_pct"": 9.0, ""power_w"": 166.9, ""vram_used_mib"": 7570.0}, {""index"": 5, ""name"": ""NVIDIA P104-100"", ""pci_bus"": ""00000000:0E:00.0"", ""pcie"": ""Gen1 x1"", ""util_pct"": 0.0, ""power_w"": 50.88, ""vram_used_mib"": 7794.0}]"
2026-08-16T12:46:20.033988+03:00,1786873580.033988,ctx_004096.txt,1,1,prefill,38.089622641509436,"[14.622641509433961, 21.80094786729858, 100.0, 15.165876777251185]",15875.55078125,5720.69140625,10154.859375,36.034601161721504,24575.99609375,380.7421875,1.5492441732476827,"[{""index"": 0, ""name"": ""NVIDIA P104-100"", ""pci_bus"": ""00000000:01:00.0"", ""pcie"": ""Gen1 x1"", ""util_pct"": 32.0, ""power_w"": 51.67, ""vram_used_mib"": 7974.0}, {""index"": 1, ""name"": ""NVIDIA P104-100"", ""pci_bus"": ""00000000:02:00.0"", ""pcie"": ""Gen1 x1"", ""util_pct"": 30.0, ""power_w"": 52.82, ""vram_used_mib"": 6580.0}, {""index"": 2, ""name"": ""NVIDIA P104-100"", ""pci_bus"": ""00000000:0A:00.0"", ""pcie"": ""Gen1 x1"", ""util_pct"": 32.0, ""power_w"": 51.65, ""vram_used_mib"": 7974.0}, {""index"": 3, ""name"": ""NVIDIA P104-100"", ""pci_bus"": ""00000000:0C:00.0"", ""pcie"": ""Gen1 x1"", ""util_pct"": 21.0, ""power_w"": 59.79, ""vram_used_mib"": 7570.0}, {""index"": 4, ""name"": ""NVIDIA P104-100"", ""pci_bus"": ""00000000:0D:00.0"", ""pcie"": ""Gen1 x1"", ""util_pct"": 0.0, ""power_w"": 186.81, ""vram_used_mib"": 7570.0}, {""index"": 5, ""name"": ""NVIDIA P104-100"", ""pci_bus"": ""00000000:0E:00.0"", ""pcie"": ""Gen1 x1"", ""util_pct"": 0.0, ""power_w"": 50.75, ""vram_used_mib"": 7794.0}]"
2026-08-16T12:46:22.160603+03:00,1786873582.160603,ctx_004096.txt,1,1,prefill,36.19271445358402,"[13.145539906103286, 13.744075829383887, 95.75471698113208, 21.69811320754717]",15875.55078125,5739.7265625,10135.82421875,36.15450349778711,24575.99609375,380.7421875,1.5492441732476827,"[{""index"": 0, ""name"": ""NVIDIA P104-100"", ""pci_bus"": ""00000000:01:00.0"", ""pcie"": ""Gen1 x1"", ""util_pct"": 32.0, ""power_w"": 51.9, ""vram_used_mib"": 7974.0}, {""index"": 1, ""name"": ""NVIDIA P104-100"", ""pci_bus"": ""00000000:02:00.0"", ""pcie"": ""Gen1 x1"", ""util_pct"": 30.0, ""power_w"": 53.93, ""vram_used_mib"": 6580.0}, {""index"": 2, ""name"": ""NVIDIA P104-100"", ""pci_bus"": ""00000000:0A:00.0"", ""pcie"": ""Gen1 x1"", ""util_pct"": 19.0, ""power_w"": 99.99, ""vram_used_mib"": 7974.0}, {""index"": 3, ""name"": ""NVIDIA P104-100"", ""pci_bus"": ""00000000:0C:00.0"", ""pcie"": ""Gen1 x1"", ""util_pct"": 2.0, ""power_w"": 125.71, ""vram_used_mib"": 7570.0}, {""index"": 4, ""name"": ""NVIDIA P104-100"", ""pci_bus"": ""00000000:0D:00.0"", ""pcie"": ""Gen1 x1"", ""util_pct"": 0.0, ""power_w"": 53.62, ""vram_used_mib"": 7570.0}, {""index"": 5, ""name"": ""NVIDIA P104-100"", ""pci_bus"": ""00000000:0E:00.0"", ""pcie"": ""Gen1 x1"", ""util_pct"": 41.0, ""power_w"": 50.81, ""vram_used_mib"": 7794.0}]"
2026-08-16T12:46:24.296680+03:00,1786873584.296680,ctx_004096.txt,1,1,prefill,37.72032902467685,"[15.96244131455399, 17.84037558685446, 100.0, 17.289719626168225]",15875.55078125,5704.18359375,10171.3671875,35.930618548913536,24575.99609375,380.7421875,1.5492441732476827,"[{""index"": 0, ""name"": ""NVIDIA P104-100"", ""pci_bus"": ""00000000:01:00.0"", ""pcie"": ""Gen1 x1"", ""util_pct"": 33.0, ""power_w"": 51.94, ""vram_used_mib"": 7974.0}, {""index"": 1, ""name"": ""NVIDIA P104-100"", ""pci_bus"": ""00000000:02:00.0"", ""pcie"": ""Gen1 x1"", ""util_pct"": 0.0, ""power_w"": 53.66, ""vram_used_mib"": 6580.0}, {""index"": 2, ""name"": ""NVIDIA P104-100"", ""pci_bus"": ""00000000:0A:00.0"", ""pcie"": ""Gen1 x1"", ""util_pct"": 9.0, ""power_w"": 76.44, ""vram_used_mib"": 7974.0}, {""index"": 3, ""name"": ""NVIDIA P104-100"", ""pci_bus"": ""00000000:0C:00.0"", ""pcie"": ""Gen1 x1"", ""util_pct"": 23.0, ""power_w"": 162.3, ""vram_used_mib"": 7570.0}, {""index"": 4, ""name"": ""NVIDIA P104-100"", ""pci_bus"": ""00000000:0D:00.0"", ""pcie"": ""Gen1 x1"", ""util_pct"": 60.0, ""power_w"": 53.62, ""vram_used_mib"": 7570.0}, {""index"": 5, ""name"": ""NVIDIA P104-100"", ""pci_bus"": ""00000000:0E:00.0"", ""pcie"": ""Gen1 x1"", ""util_pct"": 41.0, ""power_w"": 50.81, ""vram_used_mib"": 7794.0}]"
2026-08-16T12:46:26.444181+03:00,1786873586.444181,ctx_004096.txt,1,1,prefill,37.967289719626166,"[23.364485981308412, 16.431924882629108, 100.0, 11.737089201877934]",15875.55078125,5695.203125,10180.34765625,35.87405062964105,24575.99609375,380.7421875,1.5492441732476827,"[{""index"": 0, ""name"": ""NVIDIA P104-100"", ""pci_bus"": ""00000000:01:00.0"", ""pcie"": ""Gen1 x1"", ""util_pct"": 33.0, ""power_w"": 51.24, ""vram_used_mib"": 7974.0}, {""index"": 1, ""name"": ""NVIDIA P104-100"", ""pci_bus"": ""00000000:02:00.0"", ""pcie"": ""Gen1 x1"", ""util_pct"": 0.0, ""power_w"": 53.51, ""vram_used_mib"": 6580.0}, {""index"": 2, ""name"": ""NVIDIA P104-100"", ""pci_bus"": ""00000000:0A:00.0"", ""pcie"": ""Gen1 x1"", ""util_pct"": 0.0, ""power_w"": 99.89, ""vram_used_mib"": 7974.0}, {""index"": 3, ""name"": ""NVIDIA P104-100"", ""pci_bus"": ""00000000:0C:00.0"", ""pcie"": ""Gen1 x1"", ""util_pct"": 4.0, ""power_w"": 128.02, ""vram_used_mib"": 7570.0}, {""index"": 4, ""name"": ""NVIDIA P104-100"", ""pci_bus"": ""00000000:0D:00.0"", ""pcie"": ""Gen1 x1"", ""util_pct"": 41.0, ""power_w"": 53.61, ""vram_used_mib"": 7570.0}, {""index"": 5, ""name"": ""NVIDIA P104-100"", ""pci_bus"": ""00000000:0E:00.0"", ""pcie"": ""Gen1 x1"", ""util_pct"": 22.0, ""power_w"": 50.91, ""vram_used_mib"": 7794.0}]"
2026-08-16T12:46:28.567806+03:00,1786873588.567806,ctx_004096.txt,1,1,prefill,37.971698113207545,"[10.42654028436019, 15.492957746478874, 100.0, 25.821596244131456]",15875.55078125,5678.2734375,10197.27734375,35.767410628715886,24575.99609375,380.7421875,1.5492441732476827,"[{""index"": 0, ""name"": ""NVIDIA P104-100"", ""pci_bus"": ""00000000:01:00.0"", ""pcie"": ""Gen1 x1"", ""util_pct"": 9.0, ""power_w"": 51.69, ""vram_used_mib"": 7974.0}, {""index"": 1, ""name"": ""NVIDIA P104-100"", ""pci_bus"": ""00000000:02:00.0"", ""pcie"": ""Gen1 x1"", ""util_pct"": 15.0, ""power_w"": 57.71, ""vram_used_mib"": 6580.0}, {""index"": 2, ""name"": ""NVIDIA P104-100"", ""pci_bus"": ""00000000:0A:00.0"", ""pcie"": ""Gen1 x1"", ""util_pct"": 0.0, ""power_w"": 170.66, ""vram_used_mib"": 7974.0}, {""index"": 3, ""name"": ""NVIDIA P104-100"", ""pci_bus"": ""00000000:0C:00.0"", ""pcie"": ""Gen1 x1"", ""util_pct"": 0.0, ""power_w"": 54.38, ""vram_used_mib"": 7570.0}, {""index"": 4, ""name"": ""NVIDIA P104-100"", ""pci_bus"": ""00000000:0D:00.0"", ""pcie"": ""Gen1 x1"", ""util_pct"": 27.0, ""power_w"": 52.15, ""vram_used_mib"": 7570.0}, {""index"": 5, ""name"": ""NVIDIA P104-100"", ""pci_bus"": ""00000000:0E:00.0"", ""pcie"": ""Gen1 x1"", ""util_pct"": 18.0, ""power_w"": 50.83, ""vram_used_mib"": 7794.0}]"
2026-08-16T12:46:30.688110+03:00,1786873590.688110,ctx_004096.txt,1,1,prefill,37.66233766233766,"[13.744075829383887, 17.92452830188679, 100.0, 18.867924528301888]",15875.55078125,5639.9140625,10235.63671875,35.52578515361549,24575.99609375,380.7421875,1.5492441732476827,"[{""index"": 0, ""name"": ""NVIDIA P104-100"", ""pci_bus"": ""00000000:01:00.0"", ""pcie"": ""Gen1 x1"", ""util_pct"": 20.0, ""power_w"": 51.64, ""vram_used_mib"": 7974.0}, {""index"": 1, ""name"": ""NVIDIA P104-100"", ""pci_bus"": ""00000000:02:00.0"", ""pcie"": ""Gen1 x1"", ""util_pct"": 26.0, ""power_w"": 83.77, ""vram_used_mib"": 6580.0}, {""index"": 2, ""name"": ""NVIDIA P104-100"", ""pci_bus"": ""00000000:0A:00.0"", ""pcie"": ""Gen1 x1"", ""util_pct"": 0.0, ""power_w"": 132.83, ""vram_used_mib"": 7974.0}, {""index"": 3, ""name"": ""NVIDIA P104-100"", ""pci_bus"": ""00000000:0C:00.0"", ""pcie"": ""Gen1 x1"", ""util_pct"": 0.0, ""power_w"": 54.38, ""vram_used_mib"": 7570.0}, {""index"": 4, ""name"": ""NVIDIA P104-100"", ""pci_bus"": ""00000000:0D:00.0"", ""pcie"": ""Gen1 x1"", ""util_pct"": 16.0, ""power_w"": 51.07, ""vram_used_mib"": 7570.0}, {""index"": 5, ""name"": ""NVIDIA P104-100"", ""pci_bus"": ""00000000:0E:00.0"", ""pcie"": ""Gen1 x1"", ""util_pct"": 35.0, ""power_w"": 50.83, ""vram_used_mib"": 7794.0}]"
2026-08-16T12:46:32.818883+03:00,1786873592.818883,ctx_004096.txt,1,1,prefill,37.22025912838634,"[17.452830188679247, 14.553990610328638, 100.0, 16.587677725118482]",15875.55078125,5632.87890625,10242.671875,35.48147074621673,24575.99609375,380.7421875,1.5492441732476827,"[{""index"": 0, ""name"": ""NVIDIA P104-100"", ""pci_bus"": ""00000000:01:00.0"", ""pcie"": ""Gen1 x1"", ""util_pct"": 23.0, ""power_w"": 59.69, ""vram_used_mib"": 7974.0}, {""index"": 1, ""name"": ""NVIDIA P104-100"", ""pci_bus"": ""00000000:02:00.0"", ""pcie"": ""Gen1 x1"", ""util_pct"": 22.0, ""power_w"": 174.6, ""vram_used_mib"": 6580.0}, {""index"": 2, ""name"": ""NVIDIA P104-100"", ""pci_bus"": ""00000000:0A:00.0"", ""pcie"": ""Gen1 x1"", ""util_pct"": 56.0, ""power_w"": 50.63, ""vram_used_mib"": 7974.0}, {""index"": 3, ""name"": ""NVIDIA P104-100"", ""pci_bus"": ""00000000:0C:00.0"", ""pcie"": ""Gen1 x1"", ""util_pct"": 62.0, ""power_w"": 54.44, ""vram_used_mib"": 7570.0}, {""index"": 4, ""name"": ""NVIDIA P104-100"", ""pci_bus"": ""00000000:0D:00.0"", ""pcie"": ""Gen1 x1"", ""util_pct"": 49.0, ""power_w"": 53.61, ""vram_used_mib"": 7570.0}, {""index"": 5, ""name"": ""NVIDIA P104-100"", ""pci_bus"": ""00000000:0E:00.0"", ""pcie"": ""Gen1 x1"", ""util_pct"": 38.0, ""power_w"": 51.16, ""vram_used_mib"": 7794.0}]"
2026-08-16T12:46:34.953480+03:00,1786873594.953480,ctx_004096.txt,1,1,prefill,37.63188745603752,"[20.0, 13.20754716981132, 100.0, 17.757009345794394]",15875.55078125,5783.390625,10092.16015625,36.42954316791666,24575.99609375,380.73828125,1.5492282786732163,"[{""index"": 0, ""name"": ""NVIDIA P104-100"", ""pci_bus"": ""00000000:01:00.0"", ""pcie"": ""Gen1 x1"", ""util_pct"": 29.0, ""power_w"": 167.58, ""vram_used_mib"": 7974.0}, {""index"": 1, ""name"": ""NVIDIA P104-100"", ""pci_bus"": ""00000000:02:00.0"", ""pcie"": ""Gen1 x1"", ""util_pct"": 21.0, ""power_w"": 52.68, ""vram_used_mib"": 6580.0}, {""index"": 2, ""name"": ""NVIDIA P104-100"", ""pci_bus"": ""00000000:0A:00.0"", ""pcie"": ""Gen1 x1"", ""util_pct"": 54.0, ""power_w"": 51.72, ""vram_used_mib"": 7974.0}, {""index"": 3, ""name"": ""NVIDIA P104-100"", ""pci_bus"": ""00000000:0C:00.0"", ""pcie"": ""Gen1 x1"", ""util_pct"": 62.0, ""power_w"": 54.83, ""vram_used_mib"": 7570.0}, {""index"": 4, ""name"": ""NVIDIA P104-100"", ""pci_bus"": ""00000000:0D:00.0"", ""pcie"": ""Gen1 x1"", ""util_pct"": 50.0, ""power_w"": 52.4, ""vram_used_mib"": 7570.0}, {""index"": 5, ""name"": ""NVIDIA P104-100"", ""pci_bus"": ""00000000:0E:00.0"", ""pcie"": ""Gen1 x1"", ""util_pct"": 39.0, ""power_w"": 52.29, ""vram_used_mib"": 7794.0}]"
2026-08-16T12:46:37.101442+03:00,1786873597.101442,ctx_004096.txt,1,1,prefill,37.61682242990654,"[13.551401869158878, 14.553990610328638, 100.0, 21.962616822429908]",15875.55078125,5711.35546875,10164.1953125,35.97579414690583,24575.99609375,380.734375,1.5492123840987497,"[{""index"": 0, ""name"": ""NVIDIA P104-100"", ""pci_bus"": ""00000000:01:00.0"", ""pcie"": ""Gen1 x1"", ""util_pct"": 34.0, ""power_w"": 50.78, ""vram_used_mib"": 7974.0}, {""index"": 1, ""name"": ""NVIDIA P104-100"", ""pci_bus"": ""00000000:02:00.0"", ""pcie"": ""Gen1 x1"", ""util_pct"": 28.0, ""power_w"": 52.62, ""vram_used_mib"": 6580.0}, {""index"": 2, ""name"": ""NVIDIA P104-100"", ""pci_bus"": ""00000000:0A:00.0"", ""pcie"": ""Gen1 x1"", ""util_pct"": 61.0, ""power_w"": 51.4, ""vram_used_mib"": 7974.0}, {""index"": 3, ""name"": ""NVIDIA P104-100"", ""pci_bus"": ""00000000:0C:00.0"", ""pcie"": ""Gen1 x1"", ""util_pct"": 62.0, ""power_w"": 54.76, ""vram_used_mib"": 7570.0}, {""index"": 4, ""name"": ""NVIDIA P104-100"", ""pci_bus"": ""00000000:0D:00.0"", ""pcie"": ""Gen1 x1"", ""util_pct"": 43.0, ""power_w"": 54.44, ""vram_used_mib"": 7570.0}, {""index"": 5, ""name"": ""NVIDIA P104-100"", ""pci_bus"": ""00000000:0E:00.0"", ""pcie"": ""Gen1 x1"", ""util_pct"": 32.0, ""power_w"": 78.48, ""vram_used_mib"": 7794.0}]"
2026-08-16T12:46:39.233697+03:00,1786873599.233697,ctx_004096.txt,1,1,prefill,38.262910798122064,"[18.39622641509434, 11.320754716981131, 100.0, 22.535211267605632]",15875.55078125,5583.48828125,10292.0625,35.17035949294082,24575.99609375,380.7265625,1.5491805949498167,"[{""index"": 0, ""name"": ""NVIDIA P104-100"", ""pci_bus"": ""00000000:01:00.0"", ""pcie"": ""Gen1 x1"", ""util_pct"": 59.0, ""power_w"": 51.66, ""vram_used_mib"": 7974.0}, {""index"": 1, ""name"": ""NVIDIA P104-100"", ""pci_bus"": ""00000000:02:00.0"", ""pcie"": ""Gen1 x1"", ""util_pct"": 50.0, ""power_w"": 53.1, ""vram_used_mib"": 6580.0}, {""index"": 2, ""name"": ""NVIDIA P104-100"", ""pci_bus"": ""00000000:0A:00.0"", ""pcie"": ""Gen1 x1"", ""util_pct"": 67.0, ""power_w"": 52.6, ""vram_used_mib"": 7974.0}, {""index"": 3, ""name"": ""NVIDIA P104-100"", ""pci_bus"": ""00000000:0C:00.0"", ""pcie"": ""Gen1 x1"", ""util_pct"": 59.0, ""power_w"": 97.46, ""vram_used_mib"": 7570.0}, {""index"": 4, ""name"": ""NVIDIA P104-100"", ""pci_bus"": ""00000000:0D:00.0"", ""pcie"": ""Gen1 x1"", ""util_pct"": 21.0, ""power_w"": 156.07, ""vram_used_mib"": 7570.0}, {""index"": 5, ""name"": ""NVIDIA P104-100"", ""pci_bus"": ""00000000:0E:00.0"", ""pcie"": ""Gen1 x1"", ""util_pct"": 19.0, ""power_w"": 104.38, ""vram_used_mib"": 7794.0}]"
2026-08-16T12:46:41.372296+03:00,1786873601.372296,ctx_004096.txt,1,1,prefill,48.705882352941174,"[69.48356807511738, 11.737089201877934, 95.79439252336448, 16.9811320754717]",15875.55078125,5560.69921875,10314.8515625,35.0268113237213,24575.99609375,380.7265625,1.5491805949498167,"[{""index"": 0, ""name"": ""NVIDIA P104-100"", ""pci_bus"": ""00000000:01:00.0"", ""pcie"": ""Gen1 x1"", ""util_pct"": 66.0, ""power_w"": 50.87, ""vram_used_mib"": 7974.0}, {""index"": 1, ""name"": ""NVIDIA P104-100"", ""pci_bus"": ""00000000:02:00.0"", ""pcie"": ""Gen1 x1"", ""util_pct"": 62.0, ""power_w"": 58.4, ""vram_used_mib"": 6580.0}, {""index"": 2, ""name"": ""NVIDIA P104-100"", ""pci_bus"": ""00000000:0A:00.0"", ""pcie"": ""Gen1 x1"", ""util_pct"": 50.0, ""power_w"": 184.96, ""vram_used_mib"": 7974.0}, {""index"": 3, ""name"": ""NVIDIA P104-100"", ""pci_bus"": ""00000000:0C:00.0"", ""pcie"": ""Gen1 x1"", ""util_pct"": 17.0, ""power_w"": 180.73, ""vram_used_mib"": 7570.0}, {""index"": 4, ""name"": ""NVIDIA P104-100"", ""pci_bus"": ""00000000:0D:00.0"", ""pcie"": ""Gen1 x1"", ""util_pct"": 0.0, ""power_w"": 52.0, ""vram_used_mib"": 7570.0}, {""index"": 5, ""name"": ""NVIDIA P104-100"", ""pci_bus"": ""00000000:0E:00.0"", ""pcie"": ""Gen1 x1"", ""util_pct"": 25.0, ""power_w"": 42.49, ""vram_used_mib"": 7794.0}]"
2026-08-16T12:46:43.519010+03:00,1786873603.519010,ctx_004096.txt,1,1,prefill,37.645687645687644,"[100.0, 15.88785046728972, 18.22429906542056, 16.35514018691589]",15875.55078125,5669.0234375,10206.52734375,35.70914493370186,24575.99609375,380.7265625,1.5491805949498167,"[{""index"": 0, ""name"": ""NVIDIA P104-100"", ""pci_bus"": ""00000000:01:00.0"", ""pcie"": ""Gen1 x1"", ""util_pct"": 52.0, ""power_w"": 84.44, ""vram_used_mib"": 7974.0}, {""index"": 1, ""name"": ""NVIDIA P104-100"", ""pci_bus"": ""00000000:02:00.0"", ""pcie"": ""Gen1 x1"", ""util_pct"": 0.0, ""power_w"": 162.17, ""vram_used_mib"": 6580.0}, {""index"": 2, ""name"": ""NVIDIA P104-100"", ""pci_bus"": ""00000000:0A:00.0"", ""pcie"": ""Gen1 x1"", ""util_pct"": 22.0, ""power_w"": 153.99, ""vram_used_mib"": 7974.0}, {""index"": 3, ""name"": ""NVIDIA P104-100"", ""pci_bus"": ""00000000:0C:00.0"", ""pcie"": ""Gen1 x1"", ""util_pct"": 32.0, ""power_w"": 52.48, ""vram_used_mib"": 7570.0}, {""index"": 4, ""name"": ""NVIDIA P104-100"", ""pci_bus"": ""00000000:0D:00.0"", ""pcie"": ""Gen1 x1"", ""util_pct"": 31.0, ""power_w"": 52.15, ""vram_used_mib"": 7570.0}, {""index"": 5, ""name"": ""NVIDIA P104-100"", ""pci_bus"": ""00000000:0E:00.0"", ""pcie"": ""Gen1 x1"", ""util_pct"": 23.0, ""power_w"": 50.91, ""vram_used_mib"": 7794.0}]"
2026-08-16T12:46:45.656158+03:00,1786873605.656158,ctx_004096.txt,1,1,prefill,37.51465416178195,"[100.0, 9.433962264150944, 25.233644859813083, 15.42056074766355]",15875.55078125,5671.68359375,10203.8671875,35.7259012421075,24575.99609375,380.7265625,1.5491805949498167,"[{""index"": 0, ""name"": ""NVIDIA P104-100"", ""pci_bus"": ""00000000:01:00.0"", ""pcie"": ""Gen1 x1"", ""util_pct"": 31.0, ""power_w"": 158.47, ""vram_used_mib"": 7974.0}, {""index"": 1, ""name"": ""NVIDIA P104-100"", ""pci_bus"": ""00000000:02:00.0"", ""pcie"": ""Gen1 x1"", ""util_pct"": 14.0, ""power_w"": 56.39, ""vram_used_mib"": 6580.0}, {""index"": 2, ""name"": ""NVIDIA P104-100"", ""pci_bus"": ""00000000:0A:00.0"", ""pcie"": ""Gen1 x1"", ""util_pct"": 34.0, ""power_w"": 50.73, ""vram_used_mib"": 7974.0}, {""index"": 3, ""name"": ""NVIDIA P104-100"", ""pci_bus"": ""00000000:0C:00.0"", ""pcie"": ""Gen1 x1"", ""util_pct"": 32.0, ""power_w"": 53.47, ""vram_used_mib"": 7570.0}, {""index"": 4, ""name"": ""NVIDIA P104-100"", ""pci_bus"": ""00000000:0D:00.0"", ""pcie"": ""Gen1 x1"", ""util_pct"": 26.0, ""power_w"": 52.23, ""vram_used_mib"": 7570.0}, {""index"": 5, ""name"": ""NVIDIA P104-100"", ""pci_bus"": ""00000000:0E:00.0"", ""pcie"": ""Gen1 x1"", ""util_pct"": 22.0, ""power_w"": 51.16, ""vram_used_mib"": 7794.0}]"
2026-08-16T12:46:47.796508+03:00,1786873607.796508,ctx_004096.txt,1,1,prefill,37.74912075029308,"[100.0, 19.1588785046729, 18.39622641509434, 13.145539906103286]",15875.55078125,5663.21484375,10212.3359375,35.67255663619938,24575.99609375,380.72265625,1.5491647003753504,"[{""index"": 0, ""name"": ""NVIDIA P104-100"", ""pci_bus"": ""00000000:01:00.0"", ""pcie"": ""Gen1 x1"", ""util_pct"": 35.0, ""power_w"": 50.68, ""vram_used_mib"": 7974.0}, {""index"": 1, ""name"": ""NVIDIA P104-100"", ""pci_bus"": ""00000000:02:00.0"", ""pcie"": ""Gen1 x1"", ""util_pct"": 34.0, ""power_w"": 43.92, ""vram_used_mib"": 6580.0}, {""index"": 2, ""name"": ""NVIDIA P104-100"", ""pci_bus"": ""00000000:0A:00.0"", ""pcie"": ""Gen1 x1"", ""util_pct"": 34.0, ""power_w"": 50.66, ""vram_used_mib"": 7974.0}, {""index"": 3, ""name"": ""NVIDIA P104-100"", ""pci_bus"": ""00000000:0C:00.0"", ""pcie"": ""Gen1 x1"", ""util_pct"": 28.0, ""power_w"": 58.95, ""vram_used_mib"": 7570.0}, {""index"": 4, ""name"": ""NVIDIA P104-100"", ""pci_bus"": ""00000000:0D:00.0"", ""pcie"": ""Gen1 x1"", ""util_pct"": 0.0, ""power_w"": 180.29, ""vram_used_mib"": 7570.0}, {""index"": 5, ""name"": ""NVIDIA P104-100"", ""pci_bus"": ""00000000:0E:00.0"", ""pcie"": ""Gen1 x1"", ""util_pct"": 0.0, ""power_w"": 50.77, ""vram_used_mib"": 7794.0}]"
2026-08-16T12:46:49.937716+03:00,1786873609.937716,ctx_004096.txt,1,1,prefill,37.93911007025761,"[100.0, 18.779342723004696, 10.849056603773585, 21.49532710280374]",15875.55078125,5677.8671875,10197.68359375,35.764851662380806,24575.99609375,380.72265625,1.5491647003753504,"[{""index"": 0, ""name"": ""NVIDIA P104-100"", ""pci_bus"": ""00000000:01:00.0"", ""pcie"": ""Gen1 x1"", ""util_pct"": 30.0, ""power_w"": 171.85, ""vram_used_mib"": 7974.0}, {""index"": 1, ""name"": ""NVIDIA P104-100"", ""pci_bus"": ""00000000:02:00.0"", ""pcie"": ""Gen1 x1"", ""util_pct"": 32.0, ""power_w"": 149.69, ""vram_used_mib"": 6580.0}, {""index"": 2, ""name"": ""NVIDIA P104-100"", ""pci_bus"": ""00000000:0A:00.0"", ""pcie"": ""Gen1 x1"", ""util_pct"": 6.0, ""power_w"": 161.37, ""vram_used_mib"": 7974.0}, {""index"": 3, ""name"": ""NVIDIA P104-100"", ""pci_bus"": ""00000000:0C:00.0"", ""pcie"": ""Gen1 x1"", ""util_pct"": 2.0, ""power_w"": 52.21, ""vram_used_mib"": 7570.0}, {""index"": 4, ""name"": ""NVIDIA P104-100"", ""pci_bus"": ""00000000:0D:00.0"", ""pcie"": ""Gen1 x1"", ""util_pct"": 7.0, ""power_w"": 52.23, ""vram_used_mib"": 7570.0}, {""index"": 5, ""name"": ""NVIDIA P104-100"", ""pci_bus"": ""00000000:0E:00.0"", ""pcie"": ""Gen1 x1"", ""util_pct"": 22.0, ""power_w"": 50.91, ""vram_used_mib"": 7794.0}]"
2026-08-16T12:46:52.061255+03:00,1786873612.061255,ctx_004096.txt,1,1,prefill,36.717827626918535,"[100.0, 14.691943127962086, 10.377358490566039, 21.69811320754717]",15875.55078125,5695.78515625,10179.765625,35.877716841024956,24575.99609375,380.71875,1.549148805800884,"[{""index"": 0, ""name"": ""NVIDIA P104-100"", ""pci_bus"": ""00000000:01:00.0"", ""pcie"": ""Gen1 x1"", ""util_pct"": 0.0, ""power_w"": 51.77, ""vram_used_mib"": 7974.0}, {""index"": 1, ""name"": ""NVIDIA P104-100"", ""pci_bus"": ""00000000:02:00.0"", ""pcie"": ""Gen1 x1"", ""util_pct"": 32.0, ""power_w"": 52.95, ""vram_used_mib"": 6580.0}, {""index"": 2, ""name"": ""NVIDIA P104-100"", ""pci_bus"": ""00000000:0A:00.0"", ""pcie"": ""Gen1 x1"", ""util_pct"": 30.0, ""power_w"": 50.66, ""vram_used_mib"": 7974.0}, {""index"": 3, ""name"": ""NVIDIA P104-100"", ""pci_bus"": ""00000000:0C:00.0"", ""pcie"": ""Gen1 x1"", ""util_pct"": 4.0, ""power_w"": 53.59, ""vram_used_mib"": 7570.0}, {""index"": 4, ""name"": ""NVIDIA P104-100"", ""pci_bus"": ""00000000:0D:00.0"", ""pcie"": ""Gen1 x1"", ""util_pct"": 1.0, ""power_w"": 60.12, ""vram_used_mib"": 7570.0}, {""index"": 5, ""name"": ""NVIDIA P104-100"", ""pci_bus"": ""00000000:0E:00.0"", ""pcie"": ""Gen1 x1"", ""util_pct"": 0.0, ""power_w"": 136.92, ""vram_used_mib"": 7794.0}]"
2026-08-16T12:46:54.189487+03:00,1786873614.189487,ctx_004096.txt,1,1,decode,36.674528301886795,"[100.0, 11.79245283018868, 13.679245283018869, 21.22641509433962]",15875.55078125,5789.92578125,10085.625,36.470708078287636,24575.99609375,380.70703125,1.5491011220774844,"[{""index"": 0, ""name"": ""NVIDIA P104-100"", ""pci_bus"": ""00000000:01:00.0"", ""pcie"": ""Gen1 x1"", ""util_pct"": 35.0, ""power_w"": 51.35, ""vram_used_mib"": 7974.0}, {""index"": 1, ""name"": ""NVIDIA P104-100"", ""pci_bus"": ""00000000:02:00.0"", ""pcie"": ""Gen1 x1"", ""util_pct"": 1.0, ""power_w"": 54.85, ""vram_used_mib"": 6580.0}, {""index"": 2, ""name"": ""NVIDIA P104-100"", ""pci_bus"": ""00000000:0A:00.0"", ""pcie"": ""Gen1 x1"", ""util_pct"": 1.0, ""power_w"": 159.04, ""vram_used_mib"": 7974.0}, {""index"": 3, ""name"": ""NVIDIA P104-100"", ""pci_bus"": ""00000000:0C:00.0"", ""pcie"": ""Gen1 x1"", ""util_pct"": 1.0, ""power_w"": 54.38, ""vram_used_mib"": 7570.0}, {""index"": 4, ""name"": ""NVIDIA P104-100"", ""pci_bus"": ""00000000:0D:00.0"", ""pcie"": ""Gen1 x1"", ""util_pct"": 1.0, ""power_w"": 53.64, ""vram_used_mib"": 7570.0}, {""index"": 5, ""name"": ""NVIDIA P104-100"", ""pci_bus"": ""00000000:0E:00.0"", ""pcie"": ""Gen1 x1"", ""util_pct"": 38.0, ""power_w"": 50.81, ""vram_used_mib"": 7794.0}]"
2026-08-16T12:46:56.330277+03:00,1786873616.330277,ctx_004096.txt,1,1,decode,36.406067677946325,"[100.0, 15.492957746478874, 15.96244131455399, 13.551401869158878]",15875.55078125,5917.328125,9958.22265625,37.273214684234624,24575.99609375,380.6953125,1.549053438354085,"[{""index"": 0, ""name"": ""NVIDIA P104-100"", ""pci_bus"": ""00000000:01:00.0"", ""pcie"": ""Gen1 x1"", ""util_pct"": 17.0, ""power_w"": 129.83, ""vram_used_mib"": 7974.0}, {""index"": 1, ""name"": ""NVIDIA P104-100"", ""pci_bus"": ""00000000:02:00.0"", ""pcie"": ""Gen1 x1"", ""util_pct"": 16.0, ""power_w"": 52.93, ""vram_used_mib"": 6580.0}, {""index"": 2, ""name"": ""NVIDIA P104-100"", ""pci_bus"": ""00000000:0A:00.0"", ""pcie"": ""Gen1 x1"", ""util_pct"": 17.0, ""power_w"": 51.52, ""vram_used_mib"": 7974.0}, {""index"": 3, ""name"": ""NVIDIA P104-100"", ""pci_bus"": ""00000000:0C:00.0"", ""pcie"": ""Gen1 x1"", ""util_pct"": 16.0, ""power_w"": 54.5, ""vram_used_mib"": 7570.0}, {""index"": 4, ""name"": ""NVIDIA P104-100"", ""pci_bus"": ""00000000:0D:00.0"", ""pcie"": ""Gen1 x1"", ""util_pct"": 16.0, ""power_w"": 53.89, ""vram_used_mib"": 7570.0}, {""index"": 5, ""name"": ""NVIDIA P104-100"", ""pci_bus"": ""00000000:0E:00.0"", ""pcie"": ""Gen1 x1"", ""util_pct"": 34.0, ""power_w"": 68.32, ""vram_used_mib"": 7794.0}]"
2026-08-16T12:46:58.465302+03:00,1786873618.465302,ctx_004096.txt,1,1,decode,37.05882352941177,"[100.0, 14.150943396226415, 11.682242990654206, 23.004694835680752]",15875.55078125,5861.1484375,10014.40234375,36.919339166628326,24575.99609375,380.68359375,1.5490057546306857,"[{""index"": 0, ""name"": ""NVIDIA P104-100"", ""pci_bus"": ""00000000:01:00.0"", ""pcie"": ""Gen1 x1"", ""util_pct"": 18.0, ""power_w"": 103.25, ""vram_used_mib"": 7974.0}, {""index"": 1, ""name"": ""NVIDIA P104-100"", ""pci_bus"": ""00000000:02:00.0"", ""pcie"": ""Gen1 x1"", ""util_pct"": 15.0, ""power_w"": 52.95, ""vram_used_mib"": 6580.0}, {""index"": 2, ""name"": ""NVIDIA P104-100"", ""pci_bus"": ""00000000:0A:00.0"", ""pcie"": ""Gen1 x1"", ""util_pct"": 18.0, ""power_w"": 41.25, ""vram_used_mib"": 7974.0}, {""index"": 3, ""name"": ""NVIDIA P104-100"", ""pci_bus"": ""00000000:0C:00.0"", ""pcie"": ""Gen1 x1"", ""util_pct"": 16.0, ""power_w"": 45.36, ""vram_used_mib"": 7570.0}, {""index"": 4, ""name"": ""NVIDIA P104-100"", ""pci_bus"": ""00000000:0D:00.0"", ""pcie"": ""Gen1 x1"", ""util_pct"": 16.0, ""power_w"": 43.24, ""vram_used_mib"": 7570.0}, {""index"": 5, ""name"": ""NVIDIA P104-100"", ""pci_bus"": ""00000000:0E:00.0"", ""pcie"": ""Gen1 x1"", ""util_pct"": 43.0, ""power_w"": 61.99, ""vram_used_mib"": 7794.0}]"
2026-08-16T12:47:00.613331+03:00,1786873620.613331,ctx_004096.txt,1,1,decode,39.323220536756125,"[41.395348837209305, 18.69158878504673, 21.12676056338028, 75.34883720930233]",15875.55078125,5908.76953125,9966.78125,37.219304153079335,24575.99609375,380.6796875,1.548989860056219,"[{""index"": 0, ""name"": ""NVIDIA P104-100"", ""pci_bus"": ""00000000:01:00.0"", ""pcie"": ""Gen1 x1"", ""util_pct"": 18.0, ""power_w"": 42.37, ""vram_used_mib"": 7974.0}, {""index"": 1, ""name"": ""NVIDIA P104-100"", ""pci_bus"": ""00000000:02:00.0"", ""pcie"": ""Gen1 x1"", ""util_pct"": 16.0, ""power_w"": 52.85, ""vram_used_mib"": 6580.0}, {""index"": 2, ""name"": ""NVIDIA P104-100"", ""pci_bus"": ""00000000:0A:00.0"", ""pcie"": ""Gen1 x1"", ""util_pct"": 5.0, ""power_w"": 41.28, ""vram_used_mib"": 7974.0}, {""index"": 3, ""name"": ""NVIDIA P104-100"", ""pci_bus"": ""00000000:0C:00.0"", ""pcie"": ""Gen1 x1"", ""util_pct"": 15.0, ""power_w"": 45.44, ""vram_used_mib"": 7570.0}, {""index"": 4, ""name"": ""NVIDIA P104-100"", ""pci_bus"": ""00000000:0D:00.0"", ""pcie"": ""Gen1 x1"", ""util_pct"": 17.0, ""power_w"": 44.33, ""vram_used_mib"": 7570.0}, {""index"": 5, ""name"": ""NVIDIA P104-100"", ""pci_bus"": ""00000000:0E:00.0"", ""pcie"": ""Gen1 x1"", ""util_pct"": 43.0, ""power_w"": 130.6, ""vram_used_mib"": 7794.0}]"
2026-08-16T12:47:02.751596+03:00,1786873622.751596,ctx_004096.txt,1,1,decode,39.578454332552695,"[22.535211267605632, 9.90566037735849, 25.35211267605634, 100.0]",15875.55078125,5858.7265625,10016.82421875,36.90408379039999,24575.99609375,380.66796875,1.5489421763328197,"[{""index"": 0, ""name"": ""NVIDIA P104-100"", ""pci_bus"": ""00000000:01:00.0"", ""pcie"": ""Gen1 x1"", ""util_pct"": 18.0, ""power_w"": 42.37, ""vram_used_mib"": 7974.0}, {""index"": 1, ""name"": ""NVIDIA P104-100"", ""pci_bus"": ""00000000:02:00.0"", ""pcie"": ""Gen1 x1"", ""util_pct"": 0.0, ""power_w"": 53.17, ""vram_used_mib"": 6580.0}, {""index"": 2, ""name"": ""NVIDIA P104-100"", ""pci_bus"": ""00000000:0A:00.0"", ""pcie"": ""Gen1 x1"", ""util_pct"": 5.0, ""power_w"": 41.71, ""vram_used_mib"": 7974.0}, {""index"": 3, ""name"": ""NVIDIA P104-100"", ""pci_bus"": ""00000000:0C:00.0"", ""pcie"": ""Gen1 x1"", ""util_pct"": 15.0, ""power_w"": 47.4, ""vram_used_mib"": 7570.0}, {""index"": 4, ""name"": ""NVIDIA P104-100"", ""pci_bus"": ""00000000:0D:00.0"", ""pcie"": ""Gen1 x1"", ""util_pct"": 17.0, ""power_w"": 57.59, ""vram_used_mib"": 7570.0}, {""index"": 5, ""name"": ""NVIDIA P104-100"", ""pci_bus"": ""00000000:0E:00.0"", ""pcie"": ""Gen1 x1"", ""util_pct"": 43.0, ""power_w"": 170.29, ""vram_used_mib"": 7794.0}]"
2026-08-16T12:47:04.888487+03:00,1786873624.888487,ctx_004096.txt,1,1,decode,53.37278106508876,"[67.13615023474179, 26.41509433962264, 65.56603773584905, 53.84615384615385]",15875.55078125,5878.6171875,9996.93359375,37.02937471903657,24575.99609375,380.6484375,1.5488627034604874,"[{""index"": 0, ""name"": ""NVIDIA P104-100"", ""pci_bus"": ""00000000:01:00.0"", ""pcie"": ""Gen1 x1"", ""util_pct"": 18.0, ""power_w"": 43.89, ""vram_used_mib"": 7974.0}, {""index"": 1, ""name"": ""NVIDIA P104-100"", ""pci_bus"": ""00000000:02:00.0"", ""pcie"": ""Gen1 x1"", ""util_pct"": 16.0, ""power_w"": 69.99, ""vram_used_mib"": 6580.0}, {""index"": 2, ""name"": ""NVIDIA P104-100"", ""pci_bus"": ""00000000:0A:00.0"", ""pcie"": ""Gen1 x1"", ""util_pct"": 18.0, ""power_w"": 117.83, ""vram_used_mib"": 7974.0}, {""index"": 3, ""name"": ""NVIDIA P104-100"", ""pci_bus"": ""00000000:0C:00.0"", ""pcie"": ""Gen1 x1"", ""util_pct"": 16.0, ""power_w"": 45.35, ""vram_used_mib"": 7570.0}, {""index"": 4, ""name"": ""NVIDIA P104-100"", ""pci_bus"": ""00000000:0D:00.0"", ""pcie"": ""Gen1 x1"", ""util_pct"": 17.0, ""power_w"": 43.1, ""vram_used_mib"": 7570.0}, {""index"": 5, ""name"": ""NVIDIA P104-100"", ""pci_bus"": ""00000000:0E:00.0"", ""pcie"": ""Gen1 x1"", ""util_pct"": 43.0, ""power_w"": 51.19, ""vram_used_mib"": 7794.0}]"
2026-08-16T12:47:05.683383+03:00,1786873625.683383,ctx_008192.txt,1,1,outside,,"[null, 100.0, null, null]",15875.55078125,5897.60546875,9977.9453125,37.148981789755815,24575.99609375,380.578125,1.5485766011200908,"[{""index"": 0, ""name"": ""NVIDIA P104-100"", ""pci_bus"": ""00000000:01:00.0"", ""pcie"": ""Gen1 x1"", ""util_pct"": 14.0, ""power_w"": 42.27, ""vram_used_mib"": 7974.0}, {""index"": 1, ""name"": ""NVIDIA P104-100"", ""pci_bus"": ""00000000:02:00.0"", ""pcie"": ""Gen1 x1"", ""util_pct"": 3.0, ""power_w"": 52.95, ""vram_used_mib"": 6580.0}, {""index"": 2, ""name"": ""NVIDIA P104-100"", ""pci_bus"": ""00000000:0A:00.0"", ""pcie"": ""Gen1 x1"", ""util_pct"": 15.0, ""power_w"": 41.28, ""vram_used_mib"": 7974.0}, {""index"": 3, ""name"": ""NVIDIA P104-100"", ""pci_bus"": ""00000000:0C:00.0"", ""pcie"": ""Gen1 x1"", ""util_pct"": 13.0, ""power_w"": 44.99, ""vram_used_mib"": 7570.0}, {""index"": 4, ""name"": ""NVIDIA P104-100"", ""pci_bus"": ""00000000:0D:00.0"", ""pcie"": ""Gen1 x1"", ""util_pct"": 13.0, ""power_w"": 43.1, ""vram_used_mib"": 7570.0}, {""index"": 5, ""name"": ""NVIDIA P104-100"", ""pci_bus"": ""00000000:0E:00.0"", ""pcie"": ""Gen1 x1"", ""util_pct"": 16.0, ""power_w"": 50.95, ""vram_used_mib"": 7794.0}]"
2026-08-16T12:47:07.825616+03:00,1786873627.825616,ctx_008192.txt,1,1,prefill,37.42690058479532,"[99.06542056074767, 12.264150943396226, 21.49532710280374, 16.822429906542055]",15875.55078125,6678.328125,9197.22265625,42.06674916052371,24575.99609375,380.5859375,1.5486083902690235,"[{""index"": 0, ""name"": ""NVIDIA P104-100"", ""pci_bus"": ""00000000:01:00.0"", ""pcie"": ""Gen1 x1"", ""util_pct"": 0.0, ""power_w"": 51.52, ""vram_used_mib"": 7974.0}, {""index"": 1, ""name"": ""NVIDIA P104-100"", ""pci_bus"": ""00000000:02:00.0"", ""pcie"": ""Gen1 x1"", ""util_pct"": 66.0, ""power_w"": 52.7, ""vram_used_mib"": 6580.0}, {""index"": 2, ""name"": ""NVIDIA P104-100"", ""pci_bus"": ""00000000:0A:00.0"", ""pcie"": ""Gen1 x1"", ""util_pct"": 74.0, ""power_w"": 50.41, ""vram_used_mib"": 7974.0}, {""index"": 3, ""name"": ""NVIDIA P104-100"", ""pci_bus"": ""00000000:0C:00.0"", ""pcie"": ""Gen1 x1"", ""util_pct"": 0.0, ""power_w"": 54.48, ""vram_used_mib"": 7570.0}, {""index"": 4, ""name"": ""NVIDIA P104-100"", ""pci_bus"": ""00000000:0D:00.0"", ""pcie"": ""Gen1 x1"", ""util_pct"": 0.0, ""power_w"": 53.49, ""vram_used_mib"": 7570.0}, {""index"": 5, ""name"": ""NVIDIA P104-100"", ""pci_bus"": ""00000000:0E:00.0"", ""pcie"": ""Gen1 x1"", ""util_pct"": 0.0, ""power_w"": 50.93, ""vram_used_mib"": 7794.0}]"
2026-08-16T12:47:09.958177+03:00,1786873629.958177,ctx_008192.txt,1,1,prefill,36.54524089306698,"[100.0, 14.084507042253522, 14.622641509433961, 17.370892018779344]",15875.55078125,6737.73828125,9137.8125,42.44097338158297,24575.99609375,380.5703125,1.5485448119711578,"[{""index"": 0, ""name"": ""NVIDIA P104-100"", ""pci_bus"": ""00000000:01:00.0"", ""pcie"": ""Gen1 x1"", ""util_pct"": 100.0, ""power_w"": 51.77, ""vram_used_mib"": 7974.0}, {""index"": 1, ""name"": ""NVIDIA P104-100"", ""pci_bus"": ""00000000:02:00.0"", ""pcie"": ""Gen1 x1"", ""util_pct"": 0.0, ""power_w"": 52.68, ""vram_used_mib"": 6580.0}, {""index"": 2, ""name"": ""NVIDIA P104-100"", ""pci_bus"": ""00000000:0A:00.0"", ""pcie"": ""Gen1 x1"", ""util_pct"": 0.0, ""power_w"": 51.51, ""vram_used_mib"": 7974.0}, {""index"": 3, ""name"": ""NVIDIA P104-100"", ""pci_bus"": ""00000000:0C:00.0"", ""pcie"": ""Gen1 x1"", ""util_pct"": 0.0, ""power_w"": 54.23, ""vram_used_mib"": 7570.0}, {""index"": 4, ""name"": ""NVIDIA P104-100"", ""pci_bus"": ""00000000:0D:00.0"", ""pcie"": ""Gen1 x1"", ""util_pct"": 0.0, ""power_w"": 53.39, ""vram_used_mib"": 7570.0}, {""index"": 5, ""name"": ""NVIDIA P104-100"", ""pci_bus"": ""00000000:0E:00.0"", ""pcie"": ""Gen1 x1"", ""util_pct"": 18.0, ""power_w"": 50.68, ""vram_used_mib"": 7794.0}]"
2026-08-16T12:47:12.079840+03:00,1786873632.079840,ctx_008192.txt,1,1,prefill,36.12750885478158,"[100.0, 13.20754716981132, 7.0754716981132075, 24.528301886792452]",15875.55078125,6745.9140625,9129.63671875,42.49247257907636,24575.99609375,380.55859375,1.5484971282477582,"[{""index"": 0, ""name"": ""NVIDIA P104-100"", ""pci_bus"": ""00000000:01:00.0"", ""pcie"": ""Gen1 x1"", ""util_pct"": 0.0, ""power_w"": 51.42, ""vram_used_mib"": 7974.0}, {""index"": 1, ""name"": ""NVIDIA P104-100"", ""pci_bus"": ""00000000:02:00.0"", ""pcie"": ""Gen1 x1"", ""util_pct"": 0.0, ""power_w"": 52.58, ""vram_used_mib"": 6580.0}, {""index"": 2, ""name"": ""NVIDIA P104-100"", ""pci_bus"": ""00000000:0A:00.0"", ""pcie"": ""Gen1 x1"", ""util_pct"": 0.0, ""power_w"": 51.41, ""vram_used_mib"": 7974.0}, {""index"": 3, ""name"": ""NVIDIA P104-100"", ""pci_bus"": ""00000000:0C:00.0"", ""pcie"": ""Gen1 x1"", ""util_pct"": 0.0, ""power_w"": 54.23, ""vram_used_mib"": 7570.0}, {""index"": 4, ""name"": ""NVIDIA P104-100"", ""pci_bus"": ""00000000:0D:00.0"", ""pcie"": ""Gen1 x1"", ""util_pct"": 70.0, ""power_w"": 53.49, ""vram_used_mib"": 7570.0}, {""index"": 5, ""name"": ""NVIDIA P104-100"", ""pci_bus"": ""00000000:0E:00.0"", ""pcie"": ""Gen1 x1"", ""util_pct"": 47.0, ""power_w"": 50.85, ""vram_used_mib"": 7794.0}]"
2026-08-16T12:47:14.211411+03:00,1786873634.211411,ctx_008192.txt,1,1,prefill,37.22025912838634,"[100.0, 12.735849056603774, 17.452830188679247, 18.309859154929576]",15875.55078125,5429.1796875,10446.37109375,34.19837057818614,24575.99609375,380.5546875,1.5484812336732918,"[{""index"": 0, ""name"": ""NVIDIA P104-100"", ""pci_bus"": ""00000000:01:00.0"", ""pcie"": ""Gen1 x1"", ""util_pct"": 0.0, ""power_w"": 179.01, ""vram_used_mib"": 7974.0}, {""index"": 1, ""name"": ""NVIDIA P104-100"", ""pci_bus"": ""00000000:02:00.0"", ""pcie"": ""Gen1 x1"", ""util_pct"": 5.0, ""power_w"": 183.63, ""vram_used_mib"": 6580.0}, {""index"": 2, ""name"": ""NVIDIA P104-100"", ""pci_bus"": ""00000000:0A:00.0"", ""pcie"": ""Gen1 x1"", ""util_pct"": 0.0, ""power_w"": 51.22, ""vram_used_mib"": 7974.0}, {""index"": 3, ""name"": ""NVIDIA P104-100"", ""pci_bus"": ""00000000:0C:00.0"", ""pcie"": ""Gen1 x1"", ""util_pct"": 15.0, ""power_w"": 52.48, ""vram_used_mib"": 7570.0}, {""index"": 4, ""name"": ""NVIDIA P104-100"", ""pci_bus"": ""00000000:0D:00.0"", ""pcie"": ""Gen1 x1"", ""util_pct"": 30.0, ""power_w"": 52.25, ""vram_used_mib"": 7570.0}, {""index"": 5, ""name"": ""NVIDIA P104-100"", ""pci_bus"": ""00000000:0E:00.0"", ""pcie"": ""Gen1 x1"", ""util_pct"": 20.0, ""power_w"": 50.81, ""vram_used_mib"": 7794.0}]"
2026-08-16T12:47:16.346503+03:00,1786873636.346503,ctx_008192.txt,1,1,prefill,37.79342723004695,"[100.0, 15.492957746478874, 12.735849056603774, 22.274881516587676]",15875.55078125,5432.65625,10442.89453125,34.22026942470746,24575.99609375,380.55078125,1.5484653390988252,"[{""index"": 0, ""name"": ""NVIDIA P104-100"", ""pci_bus"": ""00000000:01:00.0"", ""pcie"": ""Gen1 x1"", ""util_pct"": 32.0, ""power_w"": 149.31, ""vram_used_mib"": 7974.0}, {""index"": 1, ""name"": ""NVIDIA P104-100"", ""pci_bus"": ""00000000:02:00.0"", ""pcie"": ""Gen1 x1"", ""util_pct"": 9.0, ""power_w"": 118.72, ""vram_used_mib"": 6580.0}, {""index"": 2, ""name"": ""NVIDIA P104-100"", ""pci_bus"": ""00000000:0A:00.0"", ""pcie"": ""Gen1 x1"", ""util_pct"": 32.0, ""power_w"": 101.11, ""vram_used_mib"": 7974.0}, {""index"": 3, ""name"": ""NVIDIA P104-100"", ""pci_bus"": ""00000000:0C:00.0"", ""pcie"": ""Gen1 x1"", ""util_pct"": 30.0, ""power_w"": 52.48, ""vram_used_mib"": 7570.0}, {""index"": 4, ""name"": ""NVIDIA P104-100"", ""pci_bus"": ""00000000:0D:00.0"", ""pcie"": ""Gen1 x1"", ""util_pct"": 13.0, ""power_w"": 52.25, ""vram_used_mib"": 7570.0}, {""index"": 5, ""name"": ""NVIDIA P104-100"", ""pci_bus"": ""00000000:0E:00.0"", ""pcie"": ""Gen1 x1"", ""util_pct"": 19.0, ""power_w"": 51.16, ""vram_used_mib"": 7794.0}]"
2026-08-16T12:47:18.485662+03:00,1786873638.485662,ctx_008192.txt,1,1,prefill,38.10082063305979,"[100.0, 14.084507042253522, 13.145539906103286, 25.11627906976744]",15875.55078125,5363.25,10512.30078125,33.783079868538024,24575.99609375,380.55078125,1.5484653390988252,"[{""index"": 0, ""name"": ""NVIDIA P104-100"", ""pci_bus"": ""00000000:01:00.0"", ""pcie"": ""Gen1 x1"", ""util_pct"": 63.0, ""power_w"": 64.55, ""vram_used_mib"": 7974.0}, {""index"": 1, ""name"": ""NVIDIA P104-100"", ""pci_bus"": ""00000000:02:00.0"", ""pcie"": ""Gen1 x1"", ""util_pct"": 0.0, ""power_w"": 178.3, ""vram_used_mib"": 6580.0}, {""index"": 2, ""name"": ""NVIDIA P104-100"", ""pci_bus"": ""00000000:0A:00.0"", ""pcie"": ""Gen1 x1"", ""util_pct"": 16.0, ""power_w"": 168.48, ""vram_used_mib"": 7974.0}, {""index"": 3, ""name"": ""NVIDIA P104-100"", ""pci_bus"": ""00000000:0C:00.0"", ""pcie"": ""Gen1 x1"", ""util_pct"": 30.0, ""power_w"": 53.45, ""vram_used_mib"": 7570.0}, {""index"": 4, ""name"": ""NVIDIA P104-100"", ""pci_bus"": ""00000000:0D:00.0"", ""pcie"": ""Gen1 x1"", ""util_pct"": 30.0, ""power_w"": 52.23, ""vram_used_mib"": 7570.0}, {""index"": 5, ""name"": ""NVIDIA P104-100"", ""pci_bus"": ""00000000:0E:00.0"", ""pcie"": ""Gen1 x1"", ""util_pct"": 21.0, ""power_w"": 50.91, ""vram_used_mib"": 7794.0}]"
2026-08-16T12:47:20.614966+03:00,1786873640.614966,ctx_008192.txt,1,1,prefill,37.88235294117647,"[100.0, 16.901408450704224, 29.107981220657276, 5.213270142180095]",15875.55078125,5464.828125,10410.72265625,34.42291987408901,24575.99609375,380.546875,1.5484494445243588,"[{""index"": 0, ""name"": ""NVIDIA P104-100"", ""pci_bus"": ""00000000:01:00.0"", ""pcie"": ""Gen1 x1"", ""util_pct"": 0.0, ""power_w"": 71.55, ""vram_used_mib"": 7974.0}, {""index"": 1, ""name"": ""NVIDIA P104-100"", ""pci_bus"": ""00000000:02:00.0"", ""pcie"": ""Gen1 x1"", ""util_pct"": 6.0, ""power_w"": 168.5, ""vram_used_mib"": 6580.0}, {""index"": 2, ""name"": ""NVIDIA P104-100"", ""pci_bus"": ""00000000:0A:00.0"", ""pcie"": ""Gen1 x1"", ""util_pct"": 1.0, ""power_w"": 166.91, ""vram_used_mib"": 7974.0}, {""index"": 3, ""name"": ""NVIDIA P104-100"", ""pci_bus"": ""00000000:0C:00.0"", ""pcie"": ""Gen1 x1"", ""util_pct"": 10.0, ""power_w"": 53.45, ""vram_used_mib"": 7570.0}, {""index"": 4, ""name"": ""NVIDIA P104-100"", ""pci_bus"": ""00000000:0D:00.0"", ""pcie"": ""Gen1 x1"", ""util_pct"": 30.0, ""power_w"": 52.86, ""vram_used_mib"": 7570.0}, {""index"": 5, ""name"": ""NVIDIA P104-100"", ""pci_bus"": ""00000000:0E:00.0"", ""pcie"": ""Gen1 x1"", ""util_pct"": 21.0, ""power_w"": 50.91, ""vram_used_mib"": 7794.0}]"
2026-08-16T12:47:22.738861+03:00,1786873642.738861,ctx_008192.txt,1,1,prefill,37.30814639905549,"[100.0, 19.90521327014218, 14.691943127962086, 14.150943396226415]",15875.55078125,5401.83203125,10473.71875,34.026107854033604,24575.99609375,380.546875,1.5484494445243588,"[{""index"": 0, ""name"": ""NVIDIA P104-100"", ""pci_bus"": ""00000000:01:00.0"", ""pcie"": ""Gen1 x1"", ""util_pct"": 16.0, ""power_w"": 70.65, ""vram_used_mib"": 7974.0}, {""index"": 1, ""name"": ""NVIDIA P104-100"", ""pci_bus"": ""00000000:02:00.0"", ""pcie"": ""Gen1 x1"", ""util_pct"": 27.0, ""power_w"": 171.05, ""vram_used_mib"": 6580.0}, {""index"": 2, ""name"": ""NVIDIA P104-100"", ""pci_bus"": ""00000000:0A:00.0"", ""pcie"": ""Gen1 x1"", ""util_pct"": 1.0, ""power_w"": 171.2, ""vram_used_mib"": 7974.0}, {""index"": 3, ""name"": ""NVIDIA P104-100"", ""pci_bus"": ""00000000:0C:00.0"", ""pcie"": ""Gen1 x1"", ""util_pct"": 1.0, ""power_w"": 53.55, ""vram_used_mib"": 7570.0}, {""index"": 4, ""name"": ""NVIDIA P104-100"", ""pci_bus"": ""00000000:0D:00.0"", ""pcie"": ""Gen1 x1"", ""util_pct"": 29.0, ""power_w"": 52.25, ""vram_used_mib"": 7570.0}, {""index"": 5, ""name"": ""NVIDIA P104-100"", ""pci_bus"": ""00000000:0E:00.0"", ""pcie"": ""Gen1 x1"", ""util_pct"": 15.0, ""power_w"": 50.91, ""vram_used_mib"": 7794.0}]"
2026-08-16T12:47:24.876734+03:00,1786873644.876734,ctx_008192.txt,1,1,prefill,37.47072599531616,"[100.0, 23.004694835680752, 11.737089201877934, 14.553990610328638]",15875.55078125,5317.5625,10557.98828125,33.49529457762415,24575.99609375,380.546875,1.5484494445243588,"[{""index"": 0, ""name"": ""NVIDIA P104-100"", ""pci_bus"": ""00000000:01:00.0"", ""pcie"": ""Gen1 x1"", ""util_pct"": 24.0, ""power_w"": 132.74, ""vram_used_mib"": 7974.0}, {""index"": 1, ""name"": ""NVIDIA P104-100"", ""pci_bus"": ""00000000:02:00.0"", ""pcie"": ""Gen1 x1"", ""util_pct"": 32.0, ""power_w"": 118.68, ""vram_used_mib"": 6580.0}, {""index"": 2, ""name"": ""NVIDIA P104-100"", ""pci_bus"": ""00000000:0A:00.0"", ""pcie"": ""Gen1 x1"", ""util_pct"": 1.0, ""power_w"": 121.38, ""vram_used_mib"": 7974.0}, {""index"": 3, ""name"": ""NVIDIA P104-100"", ""pci_bus"": ""00000000:0C:00.0"", ""pcie"": ""Gen1 x1"", ""util_pct"": 1.0, ""power_w"": 52.84, ""vram_used_mib"": 7570.0}, {""index"": 4, ""name"": ""NVIDIA P104-100"", ""pci_bus"": ""00000000:0D:00.0"", ""pcie"": ""Gen1 x1"", ""util_pct"": 19.0, ""power_w"": 51.75, ""vram_used_mib"": 7570.0}, {""index"": 5, ""name"": ""NVIDIA P104-100"", ""pci_bus"": ""00000000:0E:00.0"", ""pcie"": ""Gen1 x1"", ""util_pct"": 23.0, ""power_w"": 42.26, ""vram_used_mib"": 7794.0}]"
2026-08-16T12:47:27.018893+03:00,1786873647.018893,ctx_008192.txt,1,1,prefill,38.10082063305979,"[100.0, 25.821596244131456, 13.615023474178404, 12.735849056603774]",15875.55078125,5396.1796875,10479.37109375,33.99050377435232,24575.99609375,380.546875,1.5484494445243588,"[{""index"": 0, ""name"": ""NVIDIA P104-100"", ""pci_bus"": ""00000000:01:00.0"", ""pcie"": ""Gen1 x1"", ""util_pct"": 23.0, ""power_w"": 156.13, ""vram_used_mib"": 7974.0}, {""index"": 1, ""name"": ""NVIDIA P104-100"", ""pci_bus"": ""00000000:02:00.0"", ""pcie"": ""Gen1 x1"", ""util_pct"": 21.0, ""power_w"": 154.36, ""vram_used_mib"": 6580.0}, {""index"": 2, ""name"": ""NVIDIA P104-100"", ""pci_bus"": ""00000000:0A:00.0"", ""pcie"": ""Gen1 x1"", ""util_pct"": 1.0, ""power_w"": 51.07, ""vram_used_mib"": 7974.0}, {""index"": 3, ""name"": ""NVIDIA P104-100"", ""pci_bus"": ""00000000:0C:00.0"", ""pcie"": ""Gen1 x1"", ""util_pct"": 31.0, ""power_w"": 52.31, ""vram_used_mib"": 7570.0}, {""index"": 4, ""name"": ""NVIDIA P104-100"", ""pci_bus"": ""00000000:0D:00.0"", ""pcie"": ""Gen1 x1"", ""util_pct"": 26.0, ""power_w"": 51.35, ""vram_used_mib"": 7570.0}, {""index"": 5, ""name"": ""NVIDIA P104-100"", ""pci_bus"": ""00000000:0E:00.0"", ""pcie"": ""Gen1 x1"", ""util_pct"": 18.0, ""power_w"": 42.26, ""vram_used_mib"": 7794.0}]"
2026-08-16T12:47:29.353101+03:00,1786873649.353101,ctx_008192.txt,1,1,prefill,49.730893433799785,"[100.0, 24.786324786324787, 59.65665236051502, 14.285714285714286]",15875.55078125,5295.21875,10580.33203125,33.354551429195,24575.99609375,380.546875,1.5484494445243588,"[{""index"": 0, ""name"": ""NVIDIA P104-100"", ""pci_bus"": ""00000000:01:00.0"", ""pcie"": ""Gen1 x1"", ""util_pct"": 51.0, ""power_w"": 51.98, ""vram_used_mib"": 7974.0}, {""index"": 1, ""name"": ""NVIDIA P104-100"", ""pci_bus"": ""00000000:02:00.0"", ""pcie"": ""Gen1 x1"", ""util_pct"": 12.0, ""power_w"": 53.61, ""vram_used_mib"": 6580.0}, {""index"": 2, ""name"": ""NVIDIA P104-100"", ""pci_bus"": ""00000000:0A:00.0"", ""pcie"": ""Gen1 x1"", ""util_pct"": 1.0, ""power_w"": 117.27, ""vram_used_mib"": 7974.0}, {""index"": 3, ""name"": ""NVIDIA P104-100"", ""pci_bus"": ""00000000:0C:00.0"", ""pcie"": ""Gen1 x1"", ""util_pct"": 1.0, ""power_w"": 128.63, ""vram_used_mib"": 7570.0}, {""index"": 4, ""name"": ""NVIDIA P104-100"", ""pci_bus"": ""00000000:0D:00.0"", ""pcie"": ""Gen1 x1"", ""util_pct"": 7.0, ""power_w"": 115.22, ""vram_used_mib"": 7570.0}, {""index"": 5, ""name"": ""NVIDIA P104-100"", ""pci_bus"": ""00000000:0E:00.0"", ""pcie"": ""Gen1 x1"", ""util_pct"": 21.0, ""power_w"": 41.95, ""vram_used_mib"": 7794.0}]"
2026-08-16T12:47:31.514321+03:00,1786873651.514321,ctx_008192.txt,1,1,prefill,38.47045191193511,"[100.0, 19.53488372093023, 9.345794392523365, 23.72093023255814]",15875.55078125,5293.11328125,10582.4375,33.34128909405456,24575.99609375,380.546875,1.5484494445243588,"[{""index"": 0, ""name"": ""NVIDIA P104-100"", ""pci_bus"": ""00000000:01:00.0"", ""pcie"": ""Gen1 x1"", ""util_pct"": 0.0, ""power_w"": 53.41, ""vram_used_mib"": 7974.0}, {""index"": 1, ""name"": ""NVIDIA P104-100"", ""pci_bus"": ""00000000:02:00.0"", ""pcie"": ""Gen1 x1"", ""util_pct"": 1.0, ""power_w"": 175.83, ""vram_used_mib"": 6580.0}, {""index"": 2, ""name"": ""NVIDIA P104-100"", ""pci_bus"": ""00000000:0A:00.0"", ""pcie"": ""Gen1 x1"", ""util_pct"": 1.0, ""power_w"": 138.97, ""vram_used_mib"": 7974.0}, {""index"": 3, ""name"": ""NVIDIA P104-100"", ""pci_bus"": ""00000000:0C:00.0"", ""pcie"": ""Gen1 x1"", ""util_pct"": 16.0, ""power_w"": 123.75, ""vram_used_mib"": 7570.0}, {""index"": 4, ""name"": ""NVIDIA P104-100"", ""pci_bus"": ""00000000:0D:00.0"", ""pcie"": ""Gen1 x1"", ""util_pct"": 32.0, ""power_w"": 52.0, ""vram_used_mib"": 7570.0}, {""index"": 5, ""name"": ""NVIDIA P104-100"", ""pci_bus"": ""00000000:0E:00.0"", ""pcie"": ""Gen1 x1"", ""util_pct"": 24.0, ""power_w"": 42.16, ""vram_used_mib"": 7794.0}]"
2026-08-16T12:47:33.680847+03:00,1786873653.680847,ctx_008192.txt,1,1,prefill,37.96296296296296,"[100.0, 10.232558139534884, 17.59259259259259, 23.25581395348837]",15875.55078125,5281.8671875,10593.68359375,33.27045001637492,24575.99609375,380.546875,1.5484494445243588,"[{""index"": 0, ""name"": ""NVIDIA P104-100"", ""pci_bus"": ""00000000:01:00.0"", ""pcie"": ""Gen1 x1"", ""util_pct"": 0.0, ""power_w"": 90.81, ""vram_used_mib"": 7974.0}, {""index"": 1, ""name"": ""NVIDIA P104-100"", ""pci_bus"": ""00000000:02:00.0"", ""pcie"": ""Gen1 x1"", ""util_pct"": 1.0, ""power_w"": 159.67, ""vram_used_mib"": 6580.0}, {""index"": 2, ""name"": ""NVIDIA P104-100"", ""pci_bus"": ""00000000:0A:00.0"", ""pcie"": ""Gen1 x1"", ""util_pct"": 3.0, ""power_w"": 142.03, ""vram_used_mib"": 7974.0}, {""index"": 3, ""name"": ""NVIDIA P104-100"", ""pci_bus"": ""00000000:0C:00.0"", ""pcie"": ""Gen1 x1"", ""util_pct"": 27.0, ""power_w"": 52.58, ""vram_used_mib"": 7570.0}, {""index"": 4, ""name"": ""NVIDIA P104-100"", ""pci_bus"": ""00000000:0D:00.0"", ""pcie"": ""Gen1 x1"", ""util_pct"": 31.0, ""power_w"": 52.23, ""vram_used_mib"": 7570.0}, {""index"": 5, ""name"": ""NVIDIA P104-100"", ""pci_bus"": ""00000000:0E:00.0"", ""pcie"": ""Gen1 x1"", ""util_pct"": 22.0, ""power_w"": 50.81, ""vram_used_mib"": 7794.0}]"
2026-08-16T12:47:35.804103+03:00,1786873655.804103,ctx_008192.txt,1,1,prefill,37.78040141676505,"[100.0, 15.566037735849056, 21.5962441314554, 15.023474178403756]",15875.55078125,5343.94140625,10531.609375,33.66145515128535,24575.99609375,380.546875,1.5484494445243588,"[{""index"": 0, ""name"": ""NVIDIA P104-100"", ""pci_bus"": ""00000000:01:00.0"", ""pcie"": ""Gen1 x1"", ""util_pct"": 0.0, ""power_w"": 172.17, ""vram_used_mib"": 7974.0}, {""index"": 1, ""name"": ""NVIDIA P104-100"", ""pci_bus"": ""00000000:02:00.0"", ""pcie"": ""Gen1 x1"", ""util_pct"": 1.0, ""power_w"": 53.18, ""vram_used_mib"": 6580.0}, {""index"": 2, ""name"": ""NVIDIA P104-100"", ""pci_bus"": ""00000000:0A:00.0"", ""pcie"": ""Gen1 x1"", ""util_pct"": 12.0, ""power_w"": 50.18, ""vram_used_mib"": 7974.0}, {""index"": 3, ""name"": ""NVIDIA P104-100"", ""pci_bus"": ""00000000:0C:00.0"", ""pcie"": ""Gen1 x1"", ""util_pct"": 32.0, ""power_w"": 52.48, ""vram_used_mib"": 7570.0}, {""index"": 4, ""name"": ""NVIDIA P104-100"", ""pci_bus"": ""00000000:0D:00.0"", ""pcie"": ""Gen1 x1"", ""util_pct"": 31.0, ""power_w"": 52.5, ""vram_used_mib"": 7570.0}, {""index"": 5, ""name"": ""NVIDIA P104-100"", ""pci_bus"": ""00000000:0E:00.0"", ""pcie"": ""Gen1 x1"", ""util_pct"": 0.0, ""power_w"": 51.51, ""vram_used_mib"": 7794.0}]"
2026-08-16T12:47:37.927952+03:00,1786873657.927952,ctx_008192.txt,1,1,prefill,37.30814639905549,"[100.0, 15.566037735849056, 15.714285714285714, 17.452830188679247]",15875.55078125,5311.30078125,10564.25,33.45585204844025,24575.99609375,380.53515625,1.5484017608009595,"[{""index"": 0, ""name"": ""NVIDIA P104-100"", ""pci_bus"": ""00000000:01:00.0"", ""pcie"": ""Gen1 x1"", ""util_pct"": 0.0, ""power_w"": 51.77, ""vram_used_mib"": 7974.0}, {""index"": 1, ""name"": ""NVIDIA P104-100"", ""pci_bus"": ""00000000:02:00.0"", ""pcie"": ""Gen1 x1"", ""util_pct"": 0.0, ""power_w"": 52.7, ""vram_used_mib"": 6580.0}, {""index"": 2, ""name"": ""NVIDIA P104-100"", ""pci_bus"": ""00000000:0A:00.0"", ""pcie"": ""Gen1 x1"", ""util_pct"": 29.0, ""power_w"": 49.62, ""vram_used_mib"": 7974.0}, {""index"": 3, ""name"": ""NVIDIA P104-100"", ""pci_bus"": ""00000000:0C:00.0"", ""pcie"": ""Gen1 x1"", ""util_pct"": 31.0, ""power_w"": 53.6, ""vram_used_mib"": 7570.0}, {""index"": 4, ""name"": ""NVIDIA P104-100"", ""pci_bus"": ""00000000:0D:00.0"", ""pcie"": ""Gen1 x1"", ""util_pct"": 31.0, ""power_w"": 53.19, ""vram_used_mib"": 7570.0}, {""index"": 5, ""name"": ""NVIDIA P104-100"", ""pci_bus"": ""00000000:0E:00.0"", ""pcie"": ""Gen1 x1"", ""util_pct"": 0.0, ""power_w"": 78.64, ""vram_used_mib"": 7794.0}]"
2026-08-16T12:47:40.072418+03:00,1786873660.072418,ctx_008192.txt,1,1,prefill,37.68961493582264,"[100.0, 21.3953488372093, 13.023255813953488, 16.50943396226415]",15875.55078125,5375.33984375,10500.2109375,33.85923372245205,24575.99609375,380.53515625,1.5484017608009595,"[{""index"": 0, ""name"": ""NVIDIA P104-100"", ""pci_bus"": ""00000000:01:00.0"", ""pcie"": ""Gen1 x1"", ""util_pct"": 12.0, ""power_w"": 50.78, ""vram_used_mib"": 7974.0}, {""index"": 1, ""name"": ""NVIDIA P104-100"", ""pci_bus"": ""00000000:02:00.0"", ""pcie"": ""Gen1 x1"", ""util_pct"": 21.0, ""power_w"": 52.02, ""vram_used_mib"": 6580.0}, {""index"": 2, ""name"": ""NVIDIA P104-100"", ""pci_bus"": ""00000000:0A:00.0"", ""pcie"": ""Gen1 x1"", ""util_pct"": 1.0, ""power_w"": 51.01, ""vram_used_mib"": 7974.0}, {""index"": 3, ""name"": ""NVIDIA P104-100"", ""pci_bus"": ""00000000:0C:00.0"", ""pcie"": ""Gen1 x1"", ""util_pct"": 1.0, ""power_w"": 66.24, ""vram_used_mib"": 7570.0}, {""index"": 4, ""name"": ""NVIDIA P104-100"", ""pci_bus"": ""00000000:0D:00.0"", ""pcie"": ""Gen1 x1"", ""util_pct"": 15.0, ""power_w"": 167.88, ""vram_used_mib"": 7570.0}, {""index"": 5, ""name"": ""NVIDIA P104-100"", ""pci_bus"": ""00000000:0E:00.0"", ""pcie"": ""Gen1 x1"", ""util_pct"": 12.0, ""power_w"": 50.88, ""vram_used_mib"": 7794.0}]"
2026-08-16T12:47:42.210004+03:00,1786873662.210004,ctx_008192.txt,1,1,prefill,38.14553990610329,"[100.0, 18.95734597156398, 22.429906542056074, 10.328638497652582]",15875.55078125,5318.60546875,10556.9453125,33.50186423158055,24575.99609375,380.53125,1.5483858662264929,"[{""index"": 0, ""name"": ""NVIDIA P104-100"", ""pci_bus"": ""00000000:01:00.0"", ""pcie"": ""Gen1 x1"", ""util_pct"": 0.0, ""power_w"": 51.22, ""vram_used_mib"": 7974.0}, {""index"": 1, ""name"": ""NVIDIA P104-100"", ""pci_bus"": ""00000000:02:00.0"", ""pcie"": ""Gen1 x1"", ""util_pct"": 1.0, ""power_w"": 70.47, ""vram_used_mib"": 6580.0}, {""index"": 2, ""name"": ""NVIDIA P104-100"", ""pci_bus"": ""00000000:0A:00.0"", ""pcie"": ""Gen1 x1"", ""util_pct"": 2.0, ""power_w"": 126.06, ""vram_used_mib"": 7974.0}, {""index"": 3, ""name"": ""NVIDIA P104-100"", ""pci_bus"": ""00000000:0C:00.0"", ""pcie"": ""Gen1 x1"", ""util_pct"": 24.0, ""power_w"": 52.49, ""vram_used_mib"": 7570.0}, {""index"": 4, ""name"": ""NVIDIA P104-100"", ""pci_bus"": ""00000000:0D:00.0"", ""pcie"": ""Gen1 x1"", ""util_pct"": 32.0, ""power_w"": 52.15, ""vram_used_mib"": 7570.0}, {""index"": 5, ""name"": ""NVIDIA P104-100"", ""pci_bus"": ""00000000:0E:00.0"", ""pcie"": ""Gen1 x1"", ""util_pct"": 22.0, ""power_w"": 50.81, ""vram_used_mib"": 7794.0}]"
2026-08-16T12:47:44.348695+03:00,1786873664.348695,ctx_008192.txt,1,1,prefill,37.89473684210526,"[100.0, 14.418604651162791, 16.901408450704224, 20.560747663551403]",15875.55078125,5313.5078125,10562.04296875,33.46975412516446,24575.99609375,380.53125,1.5483858662264929,"[{""index"": 0, ""name"": ""NVIDIA P104-100"", ""pci_bus"": ""00000000:01:00.0"", ""pcie"": ""Gen1 x1"", ""util_pct"": 5.0, ""power_w"": 106.9, ""vram_used_mib"": 7974.0}, {""index"": 1, ""name"": ""NVIDIA P104-100"", ""pci_bus"": ""00000000:02:00.0"", ""pcie"": ""Gen1 x1"", ""util_pct"": 4.0, ""power_w"": 50.22, ""vram_used_mib"": 6580.0}, {""index"": 2, ""name"": ""NVIDIA P104-100"", ""pci_bus"": ""00000000:0A:00.0"", ""pcie"": ""Gen1 x1"", ""util_pct"": 34.0, ""power_w"": 51.02, ""vram_used_mib"": 7974.0}, {""index"": 3, ""name"": ""NVIDIA P104-100"", ""pci_bus"": ""00000000:0C:00.0"", ""pcie"": ""Gen1 x1"", ""util_pct"": 35.0, ""power_w"": 45.84, ""vram_used_mib"": 7570.0}, {""index"": 4, ""name"": ""NVIDIA P104-100"", ""pci_bus"": ""00000000:0D:00.0"", ""pcie"": ""Gen1 x1"", ""util_pct"": 20.0, ""power_w"": 53.24, ""vram_used_mib"": 7570.0}, {""index"": 5, ""name"": ""NVIDIA P104-100"", ""pci_bus"": ""00000000:0E:00.0"", ""pcie"": ""Gen1 x1"", ""util_pct"": 21.0, ""power_w"": 62.14, ""vram_used_mib"": 7794.0}]"
2026-08-16T12:47:46.473374+03:00,1786873666.473374,ctx_008192.txt,1,1,prefill,37.85377358490566,"[100.0, 11.267605633802816, 23.11320754716981, 17.452830188679247]",15875.55078125,5323.48828125,10552.0625,33.532621038492515,24575.99609375,380.53125,1.5483858662264929,"[{""index"": 0, ""name"": ""NVIDIA P104-100"", ""pci_bus"": ""00000000:01:00.0"", ""pcie"": ""Gen1 x1"", ""util_pct"": 35.0, ""power_w"": 51.01, ""vram_used_mib"": 7974.0}, {""index"": 1, ""name"": ""NVIDIA P104-100"", ""pci_bus"": ""00000000:02:00.0"", ""pcie"": ""Gen1 x1"", ""util_pct"": 31.0, ""power_w"": 53.51, ""vram_used_mib"": 6580.0}, {""index"": 2, ""name"": ""NVIDIA P104-100"", ""pci_bus"": ""00000000:0A:00.0"", ""pcie"": ""Gen1 x1"", ""util_pct"": 34.0, ""power_w"": 59.66, ""vram_used_mib"": 7974.0}, {""index"": 3, ""name"": ""NVIDIA P104-100"", ""pci_bus"": ""00000000:0C:00.0"", ""pcie"": ""Gen1 x1"", ""util_pct"": 15.0, ""power_w"": 156.21, ""vram_used_mib"": 7570.0}, {""index"": 4, ""name"": ""NVIDIA P104-100"", ""pci_bus"": ""00000000:0D:00.0"", ""pcie"": ""Gen1 x1"", ""util_pct"": 1.0, ""power_w"": 51.72, ""vram_used_mib"": 7570.0}, {""index"": 5, ""name"": ""NVIDIA P104-100"", ""pci_bus"": ""00000000:0E:00.0"", ""pcie"": ""Gen1 x1"", ""util_pct"": 22.0, ""power_w"": 50.91, ""vram_used_mib"": 7794.0}]"
2026-08-16T12:47:48.599304+03:00,1786873668.599304,ctx_008192.txt,1,1,prefill,36.513545347467605,"[100.0, 15.639810426540285, 20.754716981132077, 9.004739336492891]",15875.55078125,5371.96875,10503.58203125,33.83799922296003,24575.99609375,380.53125,1.5483858662264929,"[{""index"": 0, ""name"": ""NVIDIA P104-100"", ""pci_bus"": ""00000000:01:00.0"", ""pcie"": ""Gen1 x1"", ""util_pct"": 11.0, ""power_w"": 183.67, ""vram_used_mib"": 7974.0}, {""index"": 1, ""name"": ""NVIDIA P104-100"", ""pci_bus"": ""00000000:02:00.0"", ""pcie"": ""Gen1 x1"", ""util_pct"": 0.0, ""power_w"": 53.01, ""vram_used_mib"": 6580.0}, {""index"": 2, ""name"": ""NVIDIA P104-100"", ""pci_bus"": ""00000000:0A:00.0"", ""pcie"": ""Gen1 x1"", ""util_pct"": 0.0, ""power_w"": 51.72, ""vram_used_mib"": 7974.0}, {""index"": 3, ""name"": ""NVIDIA P104-100"", ""pci_bus"": ""00000000:0C:00.0"", ""pcie"": ""Gen1 x1"", ""util_pct"": 0.0, ""power_w"": 54.56, ""vram_used_mib"": 7570.0}, {""index"": 4, ""name"": ""NVIDIA P104-100"", ""pci_bus"": ""00000000:0D:00.0"", ""pcie"": ""Gen1 x1"", ""util_pct"": 0.0, ""power_w"": 52.74, ""vram_used_mib"": 7570.0}, {""index"": 5, ""name"": ""NVIDIA P104-100"", ""pci_bus"": ""00000000:0E:00.0"", ""pcie"": ""Gen1 x1"", ""util_pct"": 98.0, ""power_w"": 51.16, ""vram_used_mib"": 7794.0}]"
2026-08-16T12:47:50.735905+03:00,1786873670.735905,ctx_008192.txt,1,1,prefill,38.190364277320796,"[99.53271028037383, 9.90566037735849, 29.107981220657276, 14.084507042253522]",15875.55078125,5331.3125,10544.23828125,33.58190574588824,24575.99609375,380.53125,1.5483858662264929,"[{""index"": 0, ""name"": ""NVIDIA P104-100"", ""pci_bus"": ""00000000:01:00.0"", ""pcie"": ""Gen1 x1"", ""util_pct"": 35.0, ""power_w"": 51.6, ""vram_used_mib"": 7974.0}, {""index"": 1, ""name"": ""NVIDIA P104-100"", ""pci_bus"": ""00000000:02:00.0"", ""pcie"": ""Gen1 x1"", ""util_pct"": 0.0, ""power_w"": 59.48, ""vram_used_mib"": 6580.0}, {""index"": 2, ""name"": ""NVIDIA P104-100"", ""pci_bus"": ""00000000:0A:00.0"", ""pcie"": ""Gen1 x1"", ""util_pct"": 15.0, ""power_w"": 169.83, ""vram_used_mib"": 7974.0}, {""index"": 3, ""name"": ""NVIDIA P104-100"", ""pci_bus"": ""00000000:0C:00.0"", ""pcie"": ""Gen1 x1"", ""util_pct"": 33.0, ""power_w"": 53.49, ""vram_used_mib"": 7570.0}, {""index"": 4, ""name"": ""NVIDIA P104-100"", ""pci_bus"": ""00000000:0D:00.0"", ""pcie"": ""Gen1 x1"", ""util_pct"": 1.0, ""power_w"": 47.79, ""vram_used_mib"": 7570.0}, {""index"": 5, ""name"": ""NVIDIA P104-100"", ""pci_bus"": ""00000000:0E:00.0"", ""pcie"": ""Gen1 x1"", ""util_pct"": 23.0, ""power_w"": 50.91, ""vram_used_mib"": 7794.0}]"
2026-08-16T12:47:53.985663+03:00,1786873673.985663,ctx_008192.txt,1,1,prefill,44.470224284609436,"[45.370370370370374, 14.241486068111454, 100.0, 17.70186335403727]",15875.55078125,5301.6328125,10573.91796875,33.39495357075456,24575.99609375,380.53125,1.5483858662264929,"[{""index"": 0, ""name"": ""NVIDIA P104-100"", ""pci_bus"": ""00000000:01:00.0"", ""pcie"": ""Gen1 x1"", ""util_pct"": 16.0, ""power_w"": 51.87, ""vram_used_mib"": 7974.0}, {""index"": 1, ""name"": ""NVIDIA P104-100"", ""pci_bus"": ""00000000:02:00.0"", ""pcie"": ""Gen1 x1"", ""util_pct"": 13.0, ""power_w"": 52.77, ""vram_used_mib"": 6580.0}, {""index"": 2, ""name"": ""NVIDIA P104-100"", ""pci_bus"": ""00000000:0A:00.0"", ""pcie"": ""Gen1 x1"", ""util_pct"": 34.0, ""power_w"": 51.01, ""vram_used_mib"": 7974.0}, {""index"": 3, ""name"": ""NVIDIA P104-100"", ""pci_bus"": ""00000000:0C:00.0"", ""pcie"": ""Gen1 x1"", ""util_pct"": 1.0, ""power_w"": 66.39, ""vram_used_mib"": 7570.0}, {""index"": 4, ""name"": ""NVIDIA P104-100"", ""pci_bus"": ""00000000:0D:00.0"", ""pcie"": ""Gen1 x1"", ""util_pct"": 8.0, ""power_w"": 154.73, ""vram_used_mib"": 7570.0}, {""index"": 5, ""name"": ""NVIDIA P104-100"", ""pci_bus"": ""00000000:0E:00.0"", ""pcie"": ""Gen1 x1"", ""util_pct"": 18.0, ""power_w"": 50.87, ""vram_used_mib"": 7794.0}]"
2026-08-16T12:47:56.109383+03:00,1786873676.109383,ctx_008192.txt,1,1,prefill,37.94326241134752,"[17.061611374407583, 18.571428571428573, 100.0, 15.639810426540285]",15875.55078125,5405.09375,10470.45703125,34.0466534010508,24575.99609375,380.53125,1.5483858662264929,"[{""index"": 0, ""name"": ""NVIDIA P104-100"", ""pci_bus"": ""00000000:01:00.0"", ""pcie"": ""Gen1 x1"", ""util_pct"": 0.0, ""power_w"": 55.46, ""vram_used_mib"": 7974.0}, {""index"": 1, ""name"": ""NVIDIA P104-100"", ""pci_bus"": ""00000000:02:00.0"", ""pcie"": ""Gen1 x1"", ""util_pct"": 0.0, ""power_w"": 183.6, ""vram_used_mib"": 6580.0}, {""index"": 2, ""name"": ""NVIDIA P104-100"", ""pci_bus"": ""00000000:0A:00.0"", ""pcie"": ""Gen1 x1"", ""util_pct"": 28.0, ""power_w"": 50.74, ""vram_used_mib"": 7974.0}, {""index"": 3, ""name"": ""NVIDIA P104-100"", ""pci_bus"": ""00000000:0C:00.0"", ""pcie"": ""Gen1 x1"", ""util_pct"": 33.0, ""power_w"": 52.83, ""vram_used_mib"": 7570.0}, {""index"": 4, ""name"": ""NVIDIA P104-100"", ""pci_bus"": ""00000000:0D:00.0"", ""pcie"": ""Gen1 x1"", ""util_pct"": 32.0, ""power_w"": 53.24, ""vram_used_mib"": 7570.0}, {""index"": 5, ""name"": ""NVIDIA P104-100"", ""pci_bus"": ""00000000:0E:00.0"", ""pcie"": ""Gen1 x1"", ""util_pct"": 23.0, ""power_w"": 51.18, ""vram_used_mib"": 7794.0}]"
2026-08-16T12:47:58.238770+03:00,1786873678.238770,ctx_008192.txt,1,1,prefill,37.411764705882355,"[18.48341232227488, 11.214953271028037, 100.0, 19.339622641509433]",15875.55078125,5381.984375,10493.56640625,33.90108758529785,24575.99609375,380.53125,1.5483858662264929,"[{""index"": 0, ""name"": ""NVIDIA P104-100"", ""pci_bus"": ""00000000:01:00.0"", ""pcie"": ""Gen1 x1"", ""util_pct"": 36.0, ""power_w"": 51.77, ""vram_used_mib"": 7974.0}, {""index"": 1, ""name"": ""NVIDIA P104-100"", ""pci_bus"": ""00000000:02:00.0"", ""pcie"": ""Gen1 x1"", ""util_pct"": 31.0, ""power_w"": 53.18, ""vram_used_mib"": 6580.0}, {""index"": 2, ""name"": ""NVIDIA P104-100"", ""pci_bus"": ""00000000:0A:00.0"", ""pcie"": ""Gen1 x1"", ""util_pct"": 35.0, ""power_w"": 50.76, ""vram_used_mib"": 7974.0}, {""index"": 3, ""name"": ""NVIDIA P104-100"", ""pci_bus"": ""00000000:0C:00.0"", ""pcie"": ""Gen1 x1"", ""util_pct"": 24.0, ""power_w"": 53.09, ""vram_used_mib"": 7570.0}, {""index"": 4, ""name"": ""NVIDIA P104-100"", ""pci_bus"": ""00000000:0D:00.0"", ""pcie"": ""Gen1 x1"", ""util_pct"": 0.0, ""power_w"": 75.15, ""vram_used_mib"": 7570.0}, {""index"": 5, ""name"": ""NVIDIA P104-100"", ""pci_bus"": ""00000000:0E:00.0"", ""pcie"": ""Gen1 x1"", ""util_pct"": 0.0, ""power_w"": 159.83, ""vram_used_mib"": 7794.0}]"
2026-08-16T12:48:00.388882+03:00,1786873680.388882,ctx_008192.txt,1,1,prefill,37.995337995338,"[14.485981308411215, 12.206572769953052, 100.0, 25.462962962962962]",15875.55078125,5309.765625,10565.78515625,33.446182108347124,24575.99609375,380.53125,1.5483858662264929,"[{""index"": 0, ""name"": ""NVIDIA P104-100"", ""pci_bus"": ""00000000:01:00.0"", ""pcie"": ""Gen1 x1"", ""util_pct"": 22.0, ""power_w"": 51.26, ""vram_used_mib"": 7974.0}, {""index"": 1, ""name"": ""NVIDIA P104-100"", ""pci_bus"": ""00000000:02:00.0"", ""pcie"": ""Gen1 x1"", ""util_pct"": 15.0, ""power_w"": 93.85, ""vram_used_mib"": 6580.0}, {""index"": 2, ""name"": ""NVIDIA P104-100"", ""pci_bus"": ""00000000:0A:00.0"", ""pcie"": ""Gen1 x1"", ""util_pct"": 1.0, ""power_w"": 129.07, ""vram_used_mib"": 7974.0}, {""index"": 3, ""name"": ""NVIDIA P104-100"", ""pci_bus"": ""00000000:0C:00.0"", ""pcie"": ""Gen1 x1"", ""util_pct"": 1.0, ""power_w"": 53.34, ""vram_used_mib"": 7570.0}, {""index"": 4, ""name"": ""NVIDIA P104-100"", ""pci_bus"": ""00000000:0D:00.0"", ""pcie"": ""Gen1 x1"", ""util_pct"": 31.0, ""power_w"": 52.0, ""vram_used_mib"": 7570.0}, {""index"": 5, ""name"": ""NVIDIA P104-100"", ""pci_bus"": ""00000000:0E:00.0"", ""pcie"": ""Gen1 x1"", ""util_pct"": 14.0, ""power_w"": 50.95, ""vram_used_mib"": 7794.0}]"
2026-08-16T12:48:02.515569+03:00,1786873682.515569,ctx_008192.txt,1,1,prefill,37.85377358490566,"[11.374407582938389, 18.39622641509434, 100.0, 21.22641509433962]",15875.55078125,5301.1328125,10574.41796875,33.391804073726775,24575.99609375,380.53125,1.5483858662264929,"[{""index"": 0, ""name"": ""NVIDIA P104-100"", ""pci_bus"": ""00000000:01:00.0"", ""pcie"": ""Gen1 x1"", ""util_pct"": 0.0, ""power_w"": 51.77, ""vram_used_mib"": 7974.0}, {""index"": 1, ""name"": ""NVIDIA P104-100"", ""pci_bus"": ""00000000:02:00.0"", ""pcie"": ""Gen1 x1"", ""util_pct"": 32.0, ""power_w"": 53.28, ""vram_used_mib"": 6580.0}, {""index"": 2, ""name"": ""NVIDIA P104-100"", ""pci_bus"": ""00000000:0A:00.0"", ""pcie"": ""Gen1 x1"", ""util_pct"": 35.0, ""power_w"": 50.76, ""vram_used_mib"": 7974.0}, {""index"": 3, ""name"": ""NVIDIA P104-100"", ""pci_bus"": ""00000000:0C:00.0"", ""pcie"": ""Gen1 x1"", ""util_pct"": 1.0, ""power_w"": 55.02, ""vram_used_mib"": 7570.0}, {""index"": 4, ""name"": ""NVIDIA P104-100"", ""pci_bus"": ""00000000:0D:00.0"", ""pcie"": ""Gen1 x1"", ""util_pct"": 31.0, ""power_w"": 119.43, ""vram_used_mib"": 7570.0}, {""index"": 5, ""name"": ""NVIDIA P104-100"", ""pci_bus"": ""00000000:0E:00.0"", ""pcie"": ""Gen1 x1"", ""util_pct"": 0.0, ""power_w"": 97.86, ""vram_used_mib"": 7794.0}]"
2026-08-16T12:48:04.639354+03:00,1786873684.639354,ctx_008192.txt,1,1,prefill,37.78040141676505,"[17.452830188679247, 12.796208530805687, 100.0, 20.379146919431278]",15875.55078125,5365.10546875,10510.4453125,33.794767455164575,24575.99609375,380.52734375,1.5483699716520265,"[{""index"": 0, ""name"": ""NVIDIA P104-100"", ""pci_bus"": ""00000000:01:00.0"", ""pcie"": ""Gen1 x1"", ""util_pct"": 0.0, ""power_w"": 53.89, ""vram_used_mib"": 7974.0}, {""index"": 1, ""name"": ""NVIDIA P104-100"", ""pci_bus"": ""00000000:02:00.0"", ""pcie"": ""Gen1 x1"", ""util_pct"": 1.0, ""power_w"": 191.49, ""vram_used_mib"": 6580.0}, {""index"": 2, ""name"": ""NVIDIA P104-100"", ""pci_bus"": ""00000000:0A:00.0"", ""pcie"": ""Gen1 x1"", ""util_pct"": 22.0, ""power_w"": 58.35, ""vram_used_mib"": 7974.0}, {""index"": 3, ""name"": ""NVIDIA P104-100"", ""pci_bus"": ""00000000:0C:00.0"", ""pcie"": ""Gen1 x1"", ""util_pct"": 37.0, ""power_w"": 53.34, ""vram_used_mib"": 7570.0}, {""index"": 4, ""name"": ""NVIDIA P104-100"", ""pci_bus"": ""00000000:0D:00.0"", ""pcie"": ""Gen1 x1"", ""util_pct"": 66.0, ""power_w"": 52.5, ""vram_used_mib"": 7570.0}, {""index"": 5, ""name"": ""NVIDIA P104-100"", ""pci_bus"": ""00000000:0E:00.0"", ""pcie"": ""Gen1 x1"", ""util_pct"": 41.0, ""power_w"": 51.19, ""vram_used_mib"": 7794.0}]"
2026-08-16T12:48:06.769288+03:00,1786873686.769288,ctx_008192.txt,1,1,prefill,37.102473498233216,"[13.20754716981132, 18.779342723004696, 100.0, 16.431924882629108]",15875.55078125,5352.4140625,10523.13671875,33.71482436263899,24575.99609375,380.46875,1.5481315530350293,"[{""index"": 0, ""name"": ""NVIDIA P104-100"", ""pci_bus"": ""00000000:01:00.0"", ""pcie"": ""Gen1 x1"", ""util_pct"": 59.0, ""power_w"": 52.12, ""vram_used_mib"": 7974.0}, {""index"": 1, ""name"": ""NVIDIA P104-100"", ""pci_bus"": ""00000000:02:00.0"", ""pcie"": ""Gen1 x1"", ""util_pct"": 52.0, ""power_w"": 53.22, ""vram_used_mib"": 6580.0}, {""index"": 2, ""name"": ""NVIDIA P104-100"", ""pci_bus"": ""00000000:0A:00.0"", ""pcie"": ""Gen1 x1"", ""util_pct"": 64.0, ""power_w"": 50.53, ""vram_used_mib"": 7974.0}, {""index"": 3, ""name"": ""NVIDIA P104-100"", ""pci_bus"": ""00000000:0C:00.0"", ""pcie"": ""Gen1 x1"", ""util_pct"": 43.0, ""power_w"": 55.69, ""vram_used_mib"": 7570.0}, {""index"": 4, ""name"": ""NVIDIA P104-100"", ""pci_bus"": ""00000000:0D:00.0"", ""pcie"": ""Gen1 x1"", ""util_pct"": 3.0, ""power_w"": 101.8, ""vram_used_mib"": 7570.0}, {""index"": 5, ""name"": ""NVIDIA P104-100"", ""pci_bus"": ""00000000:0E:00.0"", ""pcie"": ""Gen1 x1"", ""util_pct"": 20.0, ""power_w"": 122.43, ""vram_used_mib"": 7794.0}]"
2026-08-16T12:48:08.932598+03:00,1786873688.932598,ctx_008192.txt,1,1,prefill,37.427578215527234,"[20.0, 13.953488372093023, 100.0, 14.883720930232558]",15875.55078125,5271.58984375,10603.9609375,33.205713089186624,24575.99609375,380.46875,1.5481315530350293,"[{""index"": 0, ""name"": ""NVIDIA P104-100"", ""pci_bus"": ""00000000:01:00.0"", ""pcie"": ""Gen1 x1"", ""util_pct"": 25.0, ""power_w"": 56.87, ""vram_used_mib"": 7974.0}, {""index"": 1, ""name"": ""NVIDIA P104-100"", ""pci_bus"": ""00000000:02:00.0"", ""pcie"": ""Gen1 x1"", ""util_pct"": 27.0, ""power_w"": 179.98, ""vram_used_mib"": 6580.0}, {""index"": 2, ""name"": ""NVIDIA P104-100"", ""pci_bus"": ""00000000:0A:00.0"", ""pcie"": ""Gen1 x1"", ""util_pct"": 3.0, ""power_w"": 173.2, ""vram_used_mib"": 7974.0}, {""index"": 3, ""name"": ""NVIDIA P104-100"", ""pci_bus"": ""00000000:0C:00.0"", ""pcie"": ""Gen1 x1"", ""util_pct"": 3.0, ""power_w"": 53.3, ""vram_used_mib"": 7570.0}, {""index"": 4, ""name"": ""NVIDIA P104-100"", ""pci_bus"": ""00000000:0D:00.0"", ""pcie"": ""Gen1 x1"", ""util_pct"": 25.0, ""power_w"": 52.31, ""vram_used_mib"": 7570.0}, {""index"": 5, ""name"": ""NVIDIA P104-100"", ""pci_bus"": ""00000000:0E:00.0"", ""pcie"": ""Gen1 x1"", ""util_pct"": 22.0, ""power_w"": 50.81, ""vram_used_mib"": 7794.0}]"
2026-08-16T12:48:11.069545+03:00,1786873691.069545,ctx_008192.txt,1,1,prefill,39.976553341148886,"[23.364485981308412, 12.206572769953052, 100.0, 24.413145539906104]",15875.55078125,5220.953125,10654.59765625,32.88675269878678,24575.99609375,380.359375,1.547686504949968,"[{""index"": 0, ""name"": ""NVIDIA P104-100"", ""pci_bus"": ""00000000:01:00.0"", ""pcie"": ""Gen1 x1"", ""util_pct"": 14.0, ""power_w"": 51.12, ""vram_used_mib"": 7974.0}, {""index"": 1, ""name"": ""NVIDIA P104-100"", ""pci_bus"": ""00000000:02:00.0"", ""pcie"": ""Gen1 x1"", ""util_pct"": 11.0, ""power_w"": 52.77, ""vram_used_mib"": 6580.0}, {""index"": 2, ""name"": ""NVIDIA P104-100"", ""pci_bus"": ""00000000:0A:00.0"", ""pcie"": ""Gen1 x1"", ""util_pct"": 35.0, ""power_w"": 50.76, ""vram_used_mib"": 7974.0}, {""index"": 3, ""name"": ""NVIDIA P104-100"", ""pci_bus"": ""00000000:0C:00.0"", ""pcie"": ""Gen1 x1"", ""util_pct"": 33.0, ""power_w"": 56.17, ""vram_used_mib"": 7570.0}, {""index"": 4, ""name"": ""NVIDIA P104-100"", ""pci_bus"": ""00000000:0D:00.0"", ""pcie"": ""Gen1 x1"", ""util_pct"": 12.0, ""power_w"": 176.88, ""vram_used_mib"": 7570.0}, {""index"": 5, ""name"": ""NVIDIA P104-100"", ""pci_bus"": ""00000000:0E:00.0"", ""pcie"": ""Gen1 x1"", ""util_pct"": 1.0, ""power_w"": 42.2, ""vram_used_mib"": 7794.0}]"
2026-08-16T12:48:13.208215+03:00,1786873693.208215,ctx_008192.txt,1,1,prefill,38.14553990610329,"[15.88785046728972, 21.962616822429908, 100.0, 15.566037735849056]",15875.55078125,5307.17578125,10568.375,33.42986869796102,24575.99609375,380.35546875,1.5476706103755014,"[{""index"": 0, ""name"": ""NVIDIA P104-100"", ""pci_bus"": ""00000000:01:00.0"", ""pcie"": ""Gen1 x1"", ""util_pct"": 13.0, ""power_w"": 164.53, ""vram_used_mib"": 7974.0}, {""index"": 1, ""name"": ""NVIDIA P104-100"", ""pci_bus"": ""00000000:02:00.0"", ""pcie"": ""Gen1 x1"", ""util_pct"": 28.0, ""power_w"": 53.26, ""vram_used_mib"": 6580.0}, {""index"": 2, ""name"": ""NVIDIA P104-100"", ""pci_bus"": ""00000000:0A:00.0"", ""pcie"": ""Gen1 x1"", ""util_pct"": 36.0, ""power_w"": 50.97, ""vram_used_mib"": 7974.0}, {""index"": 3, ""name"": ""NVIDIA P104-100"", ""pci_bus"": ""00000000:0C:00.0"", ""pcie"": ""Gen1 x1"", ""util_pct"": 34.0, ""power_w"": 53.24, ""vram_used_mib"": 7570.0}, {""index"": 4, ""name"": ""NVIDIA P104-100"", ""pci_bus"": ""00000000:0D:00.0"", ""pcie"": ""Gen1 x1"", ""util_pct"": 0.0, ""power_w"": 52.6, ""vram_used_mib"": 7570.0}, {""index"": 5, ""name"": ""NVIDIA P104-100"", ""pci_bus"": ""00000000:0E:00.0"", ""pcie"": ""Gen1 x1"", ""util_pct"": 12.0, ""power_w"": 42.95, ""vram_used_mib"": 7794.0}]"
2026-08-16T12:48:15.332211+03:00,1786873695.332211,ctx_008192.txt,1,1,prefill,50.8313539192399,"[70.75471698113208, 19.43127962085308, 100.0, 11.16504854368932]",15875.55078125,5278.8671875,10596.68359375,33.251553034208214,24575.99609375,380.35546875,1.5476706103755014,"[{""index"": 0, ""name"": ""NVIDIA P104-100"", ""pci_bus"": ""00000000:01:00.0"", ""pcie"": ""Gen1 x1"", ""util_pct"": 0.0, ""power_w"": 51.85, ""vram_used_mib"": 7974.0}, {""index"": 1, ""name"": ""NVIDIA P104-100"", ""pci_bus"": ""00000000:02:00.0"", ""pcie"": ""Gen1 x1"", ""util_pct"": 1.0, ""power_w"": 65.85, ""vram_used_mib"": 6580.0}, {""index"": 2, ""name"": ""NVIDIA P104-100"", ""pci_bus"": ""00000000:0A:00.0"", ""pcie"": ""Gen1 x1"", ""util_pct"": 1.0, ""power_w"": 160.14, ""vram_used_mib"": 7974.0}, {""index"": 3, ""name"": ""NVIDIA P104-100"", ""pci_bus"": ""00000000:0C:00.0"", ""pcie"": ""Gen1 x1"", ""util_pct"": 15.0, ""power_w"": 53.49, ""vram_used_mib"": 7570.0}, {""index"": 4, ""name"": ""NVIDIA P104-100"", ""pci_bus"": ""00000000:0D:00.0"", ""pcie"": ""Gen1 x1"", ""util_pct"": 35.0, ""power_w"": 52.0, ""vram_used_mib"": 7570.0}, {""index"": 5, ""name"": ""NVIDIA P104-100"", ""pci_bus"": ""00000000:0E:00.0"", ""pcie"": ""Gen1 x1"", ""util_pct"": 27.0, ""power_w"": 42.16, ""vram_used_mib"": 7794.0}]"
2026-08-16T12:48:17.473888+03:00,1786873697.473888,ctx_008192.txt,1,1,prefill,37.89473684210526,"[14.622641509433961, 15.96244131455399, 100.0, 20.560747663551403]",15875.55078125,5325.19921875,10550.3515625,33.54339822363446,24575.99609375,380.3515625,1.547654715801035,"[{""index"": 0, ""name"": ""NVIDIA P104-100"", ""pci_bus"": ""00000000:01:00.0"", ""pcie"": ""Gen1 x1"", ""util_pct"": 37.0, ""power_w"": 51.03, ""vram_used_mib"": 7974.0}, {""index"": 1, ""name"": ""NVIDIA P104-100"", ""pci_bus"": ""00000000:02:00.0"", ""pcie"": ""Gen1 x1"", ""util_pct"": 34.0, ""power_w"": 53.01, ""vram_used_mib"": 6580.0}, {""index"": 2, ""name"": ""NVIDIA P104-100"", ""pci_bus"": ""00000000:0A:00.0"", ""pcie"": ""Gen1 x1"", ""util_pct"": 18.0, ""power_w"": 51.1, ""vram_used_mib"": 7974.0}, {""index"": 3, ""name"": ""NVIDIA P104-100"", ""pci_bus"": ""00000000:0C:00.0"", ""pcie"": ""Gen1 x1"", ""util_pct"": 2.0, ""power_w"": 81.57, ""vram_used_mib"": 7570.0}, {""index"": 4, ""name"": ""NVIDIA P104-100"", ""pci_bus"": ""00000000:0D:00.0"", ""pcie"": ""Gen1 x1"", ""util_pct"": 1.0, ""power_w"": 147.35, ""vram_used_mib"": 7570.0}, {""index"": 5, ""name"": ""NVIDIA P104-100"", ""pci_bus"": ""00000000:0E:00.0"", ""pcie"": ""Gen1 x1"", ""util_pct"": 0.0, ""power_w"": 46.08, ""vram_used_mib"": 7794.0}]"
2026-08-16T12:48:19.613009+03:00,1786873699.613009,ctx_008192.txt,1,1,prefill,37.74912075029308,"[9.859154929577464, 28.50467289719626, 100.0, 13.08411214953271]",15875.55078125,5363.08984375,10512.4609375,33.782071045271316,24575.99609375,380.3515625,1.547654715801035,"[{""index"": 0, ""name"": ""NVIDIA P104-100"", ""pci_bus"": ""00000000:01:00.0"", ""pcie"": ""Gen1 x1"", ""util_pct"": 0.0, ""power_w"": 51.87, ""vram_used_mib"": 7974.0}, {""index"": 1, ""name"": ""NVIDIA P104-100"", ""pci_bus"": ""00000000:02:00.0"", ""pcie"": ""Gen1 x1"", ""util_pct"": 0.0, ""power_w"": 52.04, ""vram_used_mib"": 6580.0}, {""index"": 2, ""name"": ""NVIDIA P104-100"", ""pci_bus"": ""00000000:0A:00.0"", ""pcie"": ""Gen1 x1"", ""util_pct"": 36.0, ""power_w"": 50.76, ""vram_used_mib"": 7974.0}, {""index"": 3, ""name"": ""NVIDIA P104-100"", ""pci_bus"": ""00000000:0C:00.0"", ""pcie"": ""Gen1 x1"", ""util_pct"": 34.0, ""power_w"": 53.85, ""vram_used_mib"": 7570.0}, {""index"": 4, ""name"": ""NVIDIA P104-100"", ""pci_bus"": ""00000000:0D:00.0"", ""pcie"": ""Gen1 x1"", ""util_pct"": 34.0, ""power_w"": 55.34, ""vram_used_mib"": 7570.0}, {""index"": 5, ""name"": ""NVIDIA P104-100"", ""pci_bus"": ""00000000:0E:00.0"", ""pcie"": ""Gen1 x1"", ""util_pct"": 0.0, ""power_w"": 88.52, ""vram_used_mib"": 7794.0}]"
2026-08-16T12:48:21.750262+03:00,1786873701.750262,ctx_008192.txt,1,1,prefill,37.91079812206573,"[22.169811320754718, 8.450704225352112, 100.0, 20.187793427230048]",15875.55078125,5354.0390625,10521.51171875,33.72506022797929,24575.99609375,380.3515625,1.547654715801035,"[{""index"": 0, ""name"": ""NVIDIA P104-100"", ""pci_bus"": ""00000000:01:00.0"", ""pcie"": ""Gen1 x1"", ""util_pct"": 33.0, ""power_w"": 63.26, ""vram_used_mib"": 7974.0}, {""index"": 1, ""name"": ""NVIDIA P104-100"", ""pci_bus"": ""00000000:02:00.0"", ""pcie"": ""Gen1 x1"", ""util_pct"": 6.0, ""power_w"": 172.57, ""vram_used_mib"": 6580.0}, {""index"": 2, ""name"": ""NVIDIA P104-100"", ""pci_bus"": ""00000000:0A:00.0"", ""pcie"": ""Gen1 x1"", ""util_pct"": 2.0, ""power_w"": 50.97, ""vram_used_mib"": 7974.0}, {""index"": 3, ""name"": ""NVIDIA P104-100"", ""pci_bus"": ""00000000:0C:00.0"", ""pcie"": ""Gen1 x1"", ""util_pct"": 34.0, ""power_w"": 53.72, ""vram_used_mib"": 7570.0}, {""index"": 4, ""name"": ""NVIDIA P104-100"", ""pci_bus"": ""00000000:0D:00.0"", ""pcie"": ""Gen1 x1"", ""util_pct"": 19.0, ""power_w"": 52.48, ""vram_used_mib"": 7570.0}, {""index"": 5, ""name"": ""NVIDIA P104-100"", ""pci_bus"": ""00000000:0E:00.0"", ""pcie"": ""Gen1 x1"", ""util_pct"": 23.0, ""power_w"": 50.91, ""vram_used_mib"": 7794.0}]"
2026-08-16T12:48:23.873693+03:00,1786873703.873693,ctx_008192.txt,1,1,prefill,37.30814639905549,"[16.9811320754717, 16.113744075829384, 100.0, 16.50943396226415]",15875.55078125,5356.47265625,10519.078125,33.74038942054422,24575.99609375,380.3515625,1.547654715801035,"[{""index"": 0, ""name"": ""NVIDIA P104-100"", ""pci_bus"": ""00000000:01:00.0"", ""pcie"": ""Gen1 x1"", ""util_pct"": 11.0, ""power_w"": 52.3, ""vram_used_mib"": 7974.0}, {""index"": 1, ""name"": ""NVIDIA P104-100"", ""pci_bus"": ""00000000:02:00.0"", ""pcie"": ""Gen1 x1"", ""util_pct"": 9.0, ""power_w"": 53.88, ""vram_used_mib"": 6580.0}, {""index"": 2, ""name"": ""NVIDIA P104-100"", ""pci_bus"": ""00000000:0A:00.0"", ""pcie"": ""Gen1 x1"", ""util_pct"": 2.0, ""power_w"": 123.54, ""vram_used_mib"": 7974.0}, {""index"": 3, ""name"": ""NVIDIA P104-100"", ""pci_bus"": ""00000000:0C:00.0"", ""pcie"": ""Gen1 x1"", ""util_pct"": 2.0, ""power_w"": 82.18, ""vram_used_mib"": 7570.0}, {""index"": 4, ""name"": ""NVIDIA P104-100"", ""pci_bus"": ""00000000:0D:00.0"", ""pcie"": ""Gen1 x1"", ""util_pct"": 35.0, ""power_w"": 52.99, ""vram_used_mib"": 7570.0}, {""index"": 5, ""name"": ""NVIDIA P104-100"", ""pci_bus"": ""00000000:0E:00.0"", ""pcie"": ""Gen1 x1"", ""util_pct"": 17.0, ""power_w"": 50.91, ""vram_used_mib"": 7794.0}]"
2026-08-16T12:48:25.999087+03:00,1786873705.999087,ctx_008192.txt,1,1,prefill,37.45583038869258,"[15.165876777251185, 13.679245283018869, 100.0, 19.90521327014218]",15875.55078125,5342.61328125,10532.9375,33.653089299805295,24575.99609375,380.3515625,1.547654715801035,"[{""index"": 0, ""name"": ""NVIDIA P104-100"", ""pci_bus"": ""00000000:01:00.0"", ""pcie"": ""Gen1 x1"", ""util_pct"": 0.0, ""power_w"": 51.77, ""vram_used_mib"": 7974.0}, {""index"": 1, ""name"": ""NVIDIA P104-100"", ""pci_bus"": ""00000000:02:00.0"", ""pcie"": ""Gen1 x1"", ""util_pct"": 0.0, ""power_w"": 53.22, ""vram_used_mib"": 6580.0}, {""index"": 2, ""name"": ""NVIDIA P104-100"", ""pci_bus"": ""00000000:0A:00.0"", ""pcie"": ""Gen1 x1"", ""util_pct"": 0.0, ""power_w"": 51.75, ""vram_used_mib"": 7974.0}, {""index"": 3, ""name"": ""NVIDIA P104-100"", ""pci_bus"": ""00000000:0C:00.0"", ""pcie"": ""Gen1 x1"", ""util_pct"": 0.0, ""power_w"": 53.39, ""vram_used_mib"": 7570.0}, {""index"": 4, ""name"": ""NVIDIA P104-100"", ""pci_bus"": ""00000000:0D:00.0"", ""pcie"": ""Gen1 x1"", ""util_pct"": 0.0, ""power_w"": 54.02, ""vram_used_mib"": 7570.0}, {""index"": 5, ""name"": ""NVIDIA P104-100"", ""pci_bus"": ""00000000:0E:00.0"", ""pcie"": ""Gen1 x1"", ""util_pct"": 98.0, ""power_w"": 118.08, ""vram_used_mib"": 7794.0}]"
2026-08-16T12:48:28.141844+03:00,1786873708.141844,ctx_008192.txt,1,1,prefill,36.29976580796253,"[15.023474178403756, 13.615023474178404, 100.0, 15.88785046728972]",15875.55078125,5310.9453125,10564.60546875,33.45361295289706,24575.99609375,380.3515625,1.547654715801035,"[{""index"": 0, ""name"": ""NVIDIA P104-100"", ""pci_bus"": ""00000000:01:00.0"", ""pcie"": ""Gen1 x1"", ""util_pct"": 38.0, ""power_w"": 52.05, ""vram_used_mib"": 7974.0}, {""index"": 1, ""name"": ""NVIDIA P104-100"", ""pci_bus"": ""00000000:02:00.0"", ""pcie"": ""Gen1 x1"", ""util_pct"": 34.0, ""power_w"": 54.68, ""vram_used_mib"": 6580.0}, {""index"": 2, ""name"": ""NVIDIA P104-100"", ""pci_bus"": ""00000000:0A:00.0"", ""pcie"": ""Gen1 x1"", ""util_pct"": 9.0, ""power_w"": 162.08, ""vram_used_mib"": 7974.0}, {""index"": 3, ""name"": ""NVIDIA P104-100"", ""pci_bus"": ""00000000:0C:00.0"", ""pcie"": ""Gen1 x1"", ""util_pct"": 2.0, ""power_w"": 53.26, ""vram_used_mib"": 7570.0}, {""index"": 4, ""name"": ""NVIDIA P104-100"", ""pci_bus"": ""00000000:0D:00.0"", ""pcie"": ""Gen1 x1"", ""util_pct"": 2.0, ""power_w"": 53.99, ""vram_used_mib"": 7570.0}, {""index"": 5, ""name"": ""NVIDIA P104-100"", ""pci_bus"": ""00000000:0E:00.0"", ""pcie"": ""Gen1 x1"", ""util_pct"": 25.0, ""power_w"": 50.91, ""vram_used_mib"": 7794.0}]"
2026-08-16T12:48:30.275306+03:00,1786873710.275306,ctx_008192.txt,1,1,decode,38.190364277320796,"[23.943661971830984, 13.20754716981132, 100.0, 15.566037735849056]",15875.55078125,5259.07421875,10616.4765625,33.12687724170987,24575.99609375,380.3515625,1.547654715801035,"[{""index"": 0, ""name"": ""NVIDIA P104-100"", ""pci_bus"": ""00000000:01:00.0"", ""pcie"": ""Gen1 x1"", ""util_pct"": 38.0, ""power_w"": 51.89, ""vram_used_mib"": 7974.0}, {""index"": 1, ""name"": ""NVIDIA P104-100"", ""pci_bus"": ""00000000:02:00.0"", ""pcie"": ""Gen1 x1"", ""util_pct"": 2.0, ""power_w"": 52.37, ""vram_used_mib"": 6580.0}, {""index"": 2, ""name"": ""NVIDIA P104-100"", ""pci_bus"": ""00000000:0A:00.0"", ""pcie"": ""Gen1 x1"", ""util_pct"": 2.0, ""power_w"": 70.58, ""vram_used_mib"": 7974.0}, {""index"": 3, ""name"": ""NVIDIA P104-100"", ""pci_bus"": ""00000000:0C:00.0"", ""pcie"": ""Gen1 x1"", ""util_pct"": 10.0, ""power_w"": 162.18, ""vram_used_mib"": 7570.0}, {""index"": 4, ""name"": ""NVIDIA P104-100"", ""pci_bus"": ""00000000:0D:00.0"", ""pcie"": ""Gen1 x1"", ""util_pct"": 47.0, ""power_w"": 53.96, ""vram_used_mib"": 7570.0}, {""index"": 5, ""name"": ""NVIDIA P104-100"", ""pci_bus"": ""00000000:0E:00.0"", ""pcie"": ""Gen1 x1"", ""util_pct"": 25.0, ""power_w"": 51.16, ""vram_used_mib"": 7794.0}]"
2026-08-16T12:48:32.421462+03:00,1786873712.421462,ctx_008192.txt,1,1,decode,37.61682242990654,"[19.248826291079812, 14.084507042253522, 100.0, 16.822429906542055]",15875.55078125,5299.92578125,10575.625,33.38420099105814,24575.99609375,380.3515625,1.547654715801035,"[{""index"": 0, ""name"": ""NVIDIA P104-100"", ""pci_bus"": ""00000000:01:00.0"", ""pcie"": ""Gen1 x1"", ""util_pct"": 0.0, ""power_w"": 52.02, ""vram_used_mib"": 7974.0}, {""index"": 1, ""name"": ""NVIDIA P104-100"", ""pci_bus"": ""00000000:02:00.0"", ""pcie"": ""Gen1 x1"", ""util_pct"": 66.0, ""power_w"": 53.28, ""vram_used_mib"": 6580.0}, {""index"": 2, ""name"": ""NVIDIA P104-100"", ""pci_bus"": ""00000000:0A:00.0"", ""pcie"": ""Gen1 x1"", ""util_pct"": 53.0, ""power_w"": 51.01, ""vram_used_mib"": 7974.0}, {""index"": 3, ""name"": ""NVIDIA P104-100"", ""pci_bus"": ""00000000:0C:00.0"", ""pcie"": ""Gen1 x1"", ""util_pct"": 26.0, ""power_w"": 58.72, ""vram_used_mib"": 7570.0}, {""index"": 4, ""name"": ""NVIDIA P104-100"", ""pci_bus"": ""00000000:0D:00.0"", ""pcie"": ""Gen1 x1"", ""util_pct"": 2.0, ""power_w"": 182.34, ""vram_used_mib"": 7570.0}, {""index"": 5, ""name"": ""NVIDIA P104-100"", ""pci_bus"": ""00000000:0E:00.0"", ""pcie"": ""Gen1 x1"", ""util_pct"": 0.0, ""power_w"": 94.72, ""vram_used_mib"": 7794.0}]"
2026-08-16T12:48:34.554760+03:00,1786873714.554760,ctx_008192.txt,1,1,decode,37.51465416178195,"[22.685185185185187, 15.566037735849056, 100.0, 11.737089201877934]",15875.55078125,5446.16015625,10429.390625,34.30533044990319,24575.99609375,380.34375,1.547622926652102,"[{""index"": 0, ""name"": ""NVIDIA P104-100"", ""pci_bus"": ""00000000:01:00.0"", ""pcie"": ""Gen1 x1"", ""util_pct"": 0.0, ""power_w"": 51.77, ""vram_used_mib"": 7974.0}, {""index"": 1, ""name"": ""NVIDIA P104-100"", ""pci_bus"": ""00000000:02:00.0"", ""pcie"": ""Gen1 x1"", ""util_pct"": 0.0, ""power_w"": 53.03, ""vram_used_mib"": 6580.0}, {""index"": 2, ""name"": ""NVIDIA P104-100"", ""pci_bus"": ""00000000:0A:00.0"", ""pcie"": ""Gen1 x1"", ""util_pct"": 20.0, ""power_w"": 51.41, ""vram_used_mib"": 7974.0}, {""index"": 3, ""name"": ""NVIDIA P104-100"", ""pci_bus"": ""00000000:0C:00.0"", ""pcie"": ""Gen1 x1"", ""util_pct"": 72.0, ""power_w"": 55.32, ""vram_used_mib"": 7570.0}, {""index"": 4, ""name"": ""NVIDIA P104-100"", ""pci_bus"": ""00000000:0D:00.0"", ""pcie"": ""Gen1 x1"", ""util_pct"": 14.0, ""power_w"": 53.99, ""vram_used_mib"": 7570.0}, {""index"": 5, ""name"": ""NVIDIA P104-100"", ""pci_bus"": ""00000000:0E:00.0"", ""pcie"": ""Gen1 x1"", ""util_pct"": 0.0, ""power_w"": 50.91, ""vram_used_mib"": 7794.0}]"
2026-08-16T12:48:36.677082+03:00,1786873716.677082,ctx_008192.txt,1,1,decode,36.406619385342786,"[18.95734597156398, 14.150943396226415, 100.0, 13.20754716981132]",15875.55078125,5756.00390625,10119.546875,36.257034389308835,24575.99609375,380.33984375,1.5476070320776354,"[{""index"": 0, ""name"": ""NVIDIA P104-100"", ""pci_bus"": ""00000000:01:00.0"", ""pcie"": ""Gen1 x1"", ""util_pct"": 13.0, ""power_w"": 129.02, ""vram_used_mib"": 7974.0}, {""index"": 1, ""name"": ""NVIDIA P104-100"", ""pci_bus"": ""00000000:02:00.0"", ""pcie"": ""Gen1 x1"", ""util_pct"": 0.0, ""power_w"": 116.77, ""vram_used_mib"": 6580.0}, {""index"": 2, ""name"": ""NVIDIA P104-100"", ""pci_bus"": ""00000000:0A:00.0"", ""pcie"": ""Gen1 x1"", ""util_pct"": 18.0, ""power_w"": 51.65, ""vram_used_mib"": 7974.0}, {""index"": 3, ""name"": ""NVIDIA P104-100"", ""pci_bus"": ""00000000:0C:00.0"", ""pcie"": ""Gen1 x1"", ""util_pct"": 17.0, ""power_w"": 55.54, ""vram_used_mib"": 7570.0}, {""index"": 4, ""name"": ""NVIDIA P104-100"", ""pci_bus"": ""00000000:0D:00.0"", ""pcie"": ""Gen1 x1"", ""util_pct"": 17.0, ""power_w"": 53.96, ""vram_used_mib"": 7570.0}, {""index"": 5, ""name"": ""NVIDIA P104-100"", ""pci_bus"": ""00000000:0E:00.0"", ""pcie"": ""Gen1 x1"", ""util_pct"": 19.0, ""power_w"": 52.45, ""vram_used_mib"": 7794.0}]"
2026-08-16T12:48:38.824420+03:00,1786873718.824420,ctx_008192.txt,1,1,decode,50.87924970691677,"[66.66666666666667, 8.92018779342723, 100.0, 26.794258373205743]",15875.55078125,5669.5625,10205.98828125,35.71254048518494,24575.99609375,380.33984375,1.5476070320776354,"[{""index"": 0, ""name"": ""NVIDIA P104-100"", ""pci_bus"": ""00000000:01:00.0"", ""pcie"": ""Gen1 x1"", ""util_pct"": 19.0, ""power_w"": 57.33, ""vram_used_mib"": 7974.0}, {""index"": 1, ""name"": ""NVIDIA P104-100"", ""pci_bus"": ""00000000:02:00.0"", ""pcie"": ""Gen1 x1"", ""util_pct"": 9.0, ""power_w"": 43.4, ""vram_used_mib"": 6580.0}, {""index"": 2, ""name"": ""NVIDIA P104-100"", ""pci_bus"": ""00000000:0A:00.0"", ""pcie"": ""Gen1 x1"", ""util_pct"": 18.0, ""power_w"": 52.15, ""vram_used_mib"": 7974.0}, {""index"": 3, ""name"": ""NVIDIA P104-100"", ""pci_bus"": ""00000000:0C:00.0"", ""pcie"": ""Gen1 x1"", ""util_pct"": 17.0, ""power_w"": 45.46, ""vram_used_mib"": 7570.0}, {""index"": 4, ""name"": ""NVIDIA P104-100"", ""pci_bus"": ""00000000:0D:00.0"", ""pcie"": ""Gen1 x1"", ""util_pct"": 17.0, ""power_w"": 43.34, ""vram_used_mib"": 7570.0}, {""index"": 5, ""name"": ""NVIDIA P104-100"", ""pci_bus"": ""00000000:0E:00.0"", ""pcie"": ""Gen1 x1"", ""util_pct"": 31.0, ""power_w"": 69.24, ""vram_used_mib"": 7794.0}]"
2026-08-16T12:48:40.979602+03:00,1786873720.979602,ctx_008192.txt,1,1,decode,39.58090803259604,"[24.299065420560748, 14.485981308411215, 20.930232558139537, 98.6046511627907]",15875.55078125,5695.76171875,10179.7890625,35.87756920835178,24575.99609375,380.2890625,1.5474004026095713,"[{""index"": 0, ""name"": ""NVIDIA P104-100"", ""pci_bus"": ""00000000:01:00.0"", ""pcie"": ""Gen1 x1"", ""util_pct"": 19.0, ""power_w"": 42.67, ""vram_used_mib"": 7974.0}, {""index"": 1, ""name"": ""NVIDIA P104-100"", ""pci_bus"": ""00000000:02:00.0"", ""pcie"": ""Gen1 x1"", ""util_pct"": 17.0, ""power_w"": 45.01, ""vram_used_mib"": 6580.0}, {""index"": 2, ""name"": ""NVIDIA P104-100"", ""pci_bus"": ""00000000:0A:00.0"", ""pcie"": ""Gen1 x1"", ""util_pct"": 18.0, ""power_w"": 69.43, ""vram_used_mib"": 7974.0}, {""index"": 3, ""name"": ""NVIDIA P104-100"", ""pci_bus"": ""00000000:0C:00.0"", ""pcie"": ""Gen1 x1"", ""util_pct"": 17.0, ""power_w"": 129.0, ""vram_used_mib"": 7570.0}, {""index"": 4, ""name"": ""NVIDIA P104-100"", ""pci_bus"": ""00000000:0D:00.0"", ""pcie"": ""Gen1 x1"", ""util_pct"": 17.0, ""power_w"": 52.17, ""vram_used_mib"": 7570.0}, {""index"": 5, ""name"": ""NVIDIA P104-100"", ""pci_bus"": ""00000000:0E:00.0"", ""pcie"": ""Gen1 x1"", ""util_pct"": 44.0, ""power_w"": 51.16, ""vram_used_mib"": 7794.0}]"
2026-08-16T12:48:43.110166+03:00,1786873723.110166,ctx_008192.txt,1,1,decode,39.033018867924525,"[25.943396226415093, 11.79245283018868, 18.22429906542056, 100.0]",15875.55078125,5635.53515625,10240.015625,35.49820244917684,24575.99609375,380.26171875,1.5472891405883058,"[{""index"": 0, ""name"": ""NVIDIA P104-100"", ""pci_bus"": ""00000000:01:00.0"", ""pcie"": ""Gen1 x1"", ""util_pct"": 2.0, ""power_w"": 105.98, ""vram_used_mib"": 7974.0}, {""index"": 1, ""name"": ""NVIDIA P104-100"", ""pci_bus"": ""00000000:02:00.0"", ""pcie"": ""Gen1 x1"", ""util_pct"": 17.0, ""power_w"": 43.4, ""vram_used_mib"": 6580.0}, {""index"": 2, ""name"": ""NVIDIA P104-100"", ""pci_bus"": ""00000000:0A:00.0"", ""pcie"": ""Gen1 x1"", ""util_pct"": 18.0, ""power_w"": 51.47, ""vram_used_mib"": 7974.0}, {""index"": 3, ""name"": ""NVIDIA P104-100"", ""pci_bus"": ""00000000:0C:00.0"", ""pcie"": ""Gen1 x1"", ""util_pct"": 17.0, ""power_w"": 45.46, ""vram_used_mib"": 7570.0}, {""index"": 4, ""name"": ""NVIDIA P104-100"", ""pci_bus"": ""00000000:0D:00.0"", ""pcie"": ""Gen1 x1"", ""util_pct"": 4.0, ""power_w"": 43.44, ""vram_used_mib"": 7570.0}, {""index"": 5, ""name"": ""NVIDIA P104-100"", ""pci_bus"": ""00000000:0E:00.0"", ""pcie"": ""Gen1 x1"", ""util_pct"": 24.0, ""power_w"": 58.21, ""vram_used_mib"": 7794.0}]"
2026-08-16T12:48:45.138614+03:00,1786873725.138614,ctx_016384.txt,1,1,outside,,"[null, null, null, null]",15875.55078125,5677.59375,10197.95703125,35.76312928119374,24575.99609375,380.13671875,1.5467805142053785,"[{""index"": 0, ""name"": ""NVIDIA P104-100"", ""pci_bus"": ""00000000:01:00.0"", ""pcie"": ""Gen1 x1"", ""util_pct"": 0.0, ""power_w"": 42.72, ""vram_used_mib"": 7974.0}, {""index"": 1, ""name"": ""NVIDIA P104-100"", ""pci_bus"": ""00000000:02:00.0"", ""pcie"": ""Gen1 x1"", ""util_pct"": 13.0, ""power_w"": 43.4, ""vram_used_mib"": 6580.0}, {""index"": 2, ""name"": ""NVIDIA P104-100"", ""pci_bus"": ""00000000:0A:00.0"", ""pcie"": ""Gen1 x1"", ""util_pct"": 14.0, ""power_w"": 51.54, ""vram_used_mib"": 7974.0}, {""index"": 3, ""name"": ""NVIDIA P104-100"", ""pci_bus"": ""00000000:0C:00.0"", ""pcie"": ""Gen1 x1"", ""util_pct"": 14.0, ""power_w"": 45.46, ""vram_used_mib"": 7570.0}, {""index"": 4, ""name"": ""NVIDIA P104-100"", ""pci_bus"": ""00000000:0D:00.0"", ""pcie"": ""Gen1 x1"", ""util_pct"": 14.0, ""power_w"": 43.1, ""vram_used_mib"": 7570.0}, {""index"": 5, ""name"": ""NVIDIA P104-100"", ""pci_bus"": ""00000000:0E:00.0"", ""pcie"": ""Gen1 x1"", ""util_pct"": 16.0, ""power_w"": 50.95, ""vram_used_mib"": 7794.0}]"
2026-08-16T12:48:47.258703+03:00,1786873727.258703,ctx_016384.txt,1,1,prefill,35.65525383707202,"[17.92452830188679, 20.0, 95.77464788732394, 8.49056603773585]",15875.55078125,6738.07421875,9137.4765625,42.443089449898515,24575.99609375,380.1328125,1.5467646196309122,"[{""index"": 0, ""name"": ""NVIDIA P104-100"", ""pci_bus"": ""00000000:01:00.0"", ""pcie"": ""Gen1 x1"", ""util_pct"": 28.0, ""power_w"": 51.87, ""vram_used_mib"": 7974.0}, {""index"": 1, ""name"": ""NVIDIA P104-100"", ""pci_bus"": ""00000000:02:00.0"", ""pcie"": ""Gen1 x1"", ""util_pct"": 0.0, ""power_w"": 52.95, ""vram_used_mib"": 6580.0}, {""index"": 2, ""name"": ""NVIDIA P104-100"", ""pci_bus"": ""00000000:0A:00.0"", ""pcie"": ""Gen1 x1"", ""util_pct"": 0.0, ""power_w"": 51.51, ""vram_used_mib"": 7974.0}, {""index"": 3, ""name"": ""NVIDIA P104-100"", ""pci_bus"": ""00000000:0C:00.0"", ""pcie"": ""Gen1 x1"", ""util_pct"": 0.0, ""power_w"": 55.07, ""vram_used_mib"": 7570.0}, {""index"": 4, ""name"": ""NVIDIA P104-100"", ""pci_bus"": ""00000000:0D:00.0"", ""pcie"": ""Gen1 x1"", ""util_pct"": 0.0, ""power_w"": 47.54, ""vram_used_mib"": 7570.0}, {""index"": 5, ""name"": ""NVIDIA P104-100"", ""pci_bus"": ""00000000:0E:00.0"", ""pcie"": ""Gen1 x1"", ""util_pct"": 0.0, ""power_w"": 50.95, ""vram_used_mib"": 7794.0}]"
2026-08-16T12:48:49.396000+03:00,1786873729.396000,ctx_016384.txt,1,1,prefill,36.5767878077374,"[20.657276995305164, 17.757009345794394, 100.0, 7.981220657276995]",15875.55078125,6728.2578125,9147.29296875,42.3812559652827,24575.99609375,380.12890625,1.5467487250564456,"[{""index"": 0, ""name"": ""NVIDIA P104-100"", ""pci_bus"": ""00000000:01:00.0"", ""pcie"": ""Gen1 x1"", ""util_pct"": 0.0, ""power_w"": 51.87, ""vram_used_mib"": 7974.0}, {""index"": 1, ""name"": ""NVIDIA P104-100"", ""pci_bus"": ""00000000:02:00.0"", ""pcie"": ""Gen1 x1"", ""util_pct"": 0.0, ""power_w"": 53.13, ""vram_used_mib"": 6580.0}, {""index"": 2, ""name"": ""NVIDIA P104-100"", ""pci_bus"": ""00000000:0A:00.0"", ""pcie"": ""Gen1 x1"", ""util_pct"": 0.0, ""power_w"": 51.41, ""vram_used_mib"": 7974.0}, {""index"": 3, ""name"": ""NVIDIA P104-100"", ""pci_bus"": ""00000000:0C:00.0"", ""pcie"": ""Gen1 x1"", ""util_pct"": 0.0, ""power_w"": 55.07, ""vram_used_mib"": 7570.0}, {""index"": 4, ""name"": ""NVIDIA P104-100"", ""pci_bus"": ""00000000:0D:00.0"", ""pcie"": ""Gen1 x1"", ""util_pct"": 0.0, ""power_w"": 53.74, ""vram_used_mib"": 7570.0}, {""index"": 5, ""name"": ""NVIDIA P104-100"", ""pci_bus"": ""00000000:0E:00.0"", ""pcie"": ""Gen1 x1"", ""util_pct"": 65.0, ""power_w"": 50.91, ""vram_used_mib"": 7794.0}]"
2026-08-16T12:48:51.542991+03:00,1786873731.542991,ctx_016384.txt,1,1,prefill,38.15635939323221,"[10.74766355140187, 26.511627906976745, 100.0, 15.813953488372093]",15875.55078125,6435.6875,9439.86328125,40.53835730600882,24575.99609375,380.125,1.5467328304819792,"[{""index"": 0, ""name"": ""NVIDIA P104-100"", ""pci_bus"": ""00000000:01:00.0"", ""pcie"": ""Gen1 x1"", ""util_pct"": 45.0, ""power_w"": 51.86, ""vram_used_mib"": 7974.0}, {""index"": 1, ""name"": ""NVIDIA P104-100"", ""pci_bus"": ""00000000:02:00.0"", ""pcie"": ""Gen1 x1"", ""util_pct"": 22.0, ""power_w"": 52.02, ""vram_used_mib"": 6580.0}, {""index"": 2, ""name"": ""NVIDIA P104-100"", ""pci_bus"": ""00000000:0A:00.0"", ""pcie"": ""Gen1 x1"", ""util_pct"": 64.0, ""power_w"": 53.39, ""vram_used_mib"": 7974.0}, {""index"": 3, ""name"": ""NVIDIA P104-100"", ""pci_bus"": ""00000000:0C:00.0"", ""pcie"": ""Gen1 x1"", ""util_pct"": 59.0, ""power_w"": 145.2, ""vram_used_mib"": 7570.0}, {""index"": 4, ""name"": ""NVIDIA P104-100"", ""pci_bus"": ""00000000:0D:00.0"", ""pcie"": ""Gen1 x1"", ""util_pct"": 30.0, ""power_w"": 114.12, ""vram_used_mib"": 7570.0}, {""index"": 5, ""name"": ""NVIDIA P104-100"", ""pci_bus"": ""00000000:0E:00.0"", ""pcie"": ""Gen1 x1"", ""util_pct"": 0.0, ""power_w"": 104.71, ""vram_used_mib"": 7794.0}]"
2026-08-16T12:48:53.669867+03:00,1786873733.669867,ctx_016384.txt,1,1,prefill,37.617924528301884,"[12.796208530805687, 19.90521327014218, 100.0, 17.370892018779344]",15875.55078125,6458.16015625,9417.390625,40.67991243414045,24575.99609375,380.125,1.5467328304819792,"[{""index"": 0, ""name"": ""NVIDIA P104-100"", ""pci_bus"": ""00000000:01:00.0"", ""pcie"": ""Gen1 x1"", ""util_pct"": 11.0, ""power_w"": 52.12, ""vram_used_mib"": 7974.0}, {""index"": 1, ""name"": ""NVIDIA P104-100"", ""pci_bus"": ""00000000:02:00.0"", ""pcie"": ""Gen1 x1"", ""util_pct"": 56.0, ""power_w"": 53.53, ""vram_used_mib"": 6580.0}, {""index"": 2, ""name"": ""NVIDIA P104-100"", ""pci_bus"": ""00000000:0A:00.0"", ""pcie"": ""Gen1 x1"", ""util_pct"": 18.0, ""power_w"": 52.2, ""vram_used_mib"": 7974.0}, {""index"": 3, ""name"": ""NVIDIA P104-100"", ""pci_bus"": ""00000000:0C:00.0"", ""pcie"": ""Gen1 x1"", ""util_pct"": 0.0, ""power_w"": 96.22, ""vram_used_mib"": 7570.0}, {""index"": 4, ""name"": ""NVIDIA P104-100"", ""pci_bus"": ""00000000:0D:00.0"", ""pcie"": ""Gen1 x1"", ""util_pct"": 0.0, ""power_w"": 154.46, ""vram_used_mib"": 7570.0}, {""index"": 5, ""name"": ""NVIDIA P104-100"", ""pci_bus"": ""00000000:0E:00.0"", ""pcie"": ""Gen1 x1"", ""util_pct"": 0.0, ""power_w"": 142.0, ""vram_used_mib"": 7794.0}]"
2026-08-16T12:48:55.800424+03:00,1786873735.800424,ctx_016384.txt,1,1,prefill,37.60282021151586,"[16.822429906542055, 12.796208530805687, 100.0, 20.379146919431278]",15875.55078125,6442.46875,9433.08203125,40.58107235944816,24575.99609375,380.125,1.5467328304819792,"[{""index"": 0, ""name"": ""NVIDIA P104-100"", ""pci_bus"": ""00000000:01:00.0"", ""pcie"": ""Gen1 x1"", ""util_pct"": 63.0, ""power_w"": 51.87, ""vram_used_mib"": 7974.0}, {""index"": 1, ""name"": ""NVIDIA P104-100"", ""pci_bus"": ""00000000:02:00.0"", ""pcie"": ""Gen1 x1"", ""util_pct"": 60.0, ""power_w"": 53.3, ""vram_used_mib"": 6580.0}, {""index"": 2, ""name"": ""NVIDIA P104-100"", ""pci_bus"": ""00000000:0A:00.0"", ""pcie"": ""Gen1 x1"", ""util_pct"": 52.0, ""power_w"": 51.02, ""vram_used_mib"": 7974.0}, {""index"": 3, ""name"": ""NVIDIA P104-100"", ""pci_bus"": ""00000000:0C:00.0"", ""pcie"": ""Gen1 x1"", ""util_pct"": 30.0, ""power_w"": 55.06, ""vram_used_mib"": 7570.0}, {""index"": 4, ""name"": ""NVIDIA P104-100"", ""pci_bus"": ""00000000:0D:00.0"", ""pcie"": ""Gen1 x1"", ""util_pct"": 0.0, ""power_w"": 115.78, ""vram_used_mib"": 7570.0}, {""index"": 5, ""name"": ""NVIDIA P104-100"", ""pci_bus"": ""00000000:0E:00.0"", ""pcie"": ""Gen1 x1"", ""util_pct"": 20.0, ""power_w"": 98.77, ""vram_used_mib"": 7794.0}]"
2026-08-16T12:48:57.951637+03:00,1786873737.951637,ctx_016384.txt,1,1,prefill,37.71827706635623,"[21.962616822429908, 11.574074074074074, 100.0, 17.289719626168225]",15875.55078125,6435.33203125,9440.21875,40.53611821046563,24575.99609375,380.125,1.5467328304819792,"[{""index"": 0, ""name"": ""NVIDIA P104-100"", ""pci_bus"": ""00000000:01:00.0"", ""pcie"": ""Gen1 x1"", ""util_pct"": 56.0, ""power_w"": 51.77, ""vram_used_mib"": 7974.0}, {""index"": 1, ""name"": ""NVIDIA P104-100"", ""pci_bus"": ""00000000:02:00.0"", ""pcie"": ""Gen1 x1"", ""util_pct"": 49.0, ""power_w"": 53.3, ""vram_used_mib"": 6580.0}, {""index"": 2, ""name"": ""NVIDIA P104-100"", ""pci_bus"": ""00000000:0A:00.0"", ""pcie"": ""Gen1 x1"", ""util_pct"": 65.0, ""power_w"": 50.76, ""vram_used_mib"": 7974.0}, {""index"": 3, ""name"": ""NVIDIA P104-100"", ""pci_bus"": ""00000000:0C:00.0"", ""pcie"": ""Gen1 x1"", ""util_pct"": 48.0, ""power_w"": 55.77, ""vram_used_mib"": 7570.0}, {""index"": 4, ""name"": ""NVIDIA P104-100"", ""pci_bus"": ""00000000:0D:00.0"", ""pcie"": ""Gen1 x1"", ""util_pct"": 18.0, ""power_w"": 73.36, ""vram_used_mib"": 7570.0}, {""index"": 5, ""name"": ""NVIDIA P104-100"", ""pci_bus"": ""00000000:0E:00.0"", ""pcie"": ""Gen1 x1"", ""util_pct"": 32.0, ""power_w"": 109.03, ""vram_used_mib"": 7794.0}]"
2026-08-16T12:49:00.114557+03:00,1786873740.114557,ctx_016384.txt,1,1,prefill,41.83082271147161,"[13.36405529953917, 22.429906542056074, 99.53703703703704, 31.944444444444443]",15875.55078125,6489.51171875,9386.0390625,40.8773957399608,24575.99609375,380.125,1.5467328304819792,"[{""index"": 0, ""name"": ""NVIDIA P104-100"", ""pci_bus"": ""00000000:01:00.0"", ""pcie"": ""Gen1 x1"", ""util_pct"": 33.0, ""power_w"": 59.85, ""vram_used_mib"": 7974.0}, {""index"": 1, ""name"": ""NVIDIA P104-100"", ""pci_bus"": ""00000000:02:00.0"", ""pcie"": ""Gen1 x1"", ""util_pct"": 10.0, ""power_w"": 183.14, ""vram_used_mib"": 6580.0}, {""index"": 2, ""name"": ""NVIDIA P104-100"", ""pci_bus"": ""00000000:0A:00.0"", ""pcie"": ""Gen1 x1"", ""util_pct"": 33.0, ""power_w"": 50.74, ""vram_used_mib"": 7974.0}, {""index"": 3, ""name"": ""NVIDIA P104-100"", ""pci_bus"": ""00000000:0C:00.0"", ""pcie"": ""Gen1 x1"", ""util_pct"": 0.0, ""power_w"": 71.59, ""vram_used_mib"": 7570.0}, {""index"": 4, ""name"": ""NVIDIA P104-100"", ""pci_bus"": ""00000000:0D:00.0"", ""pcie"": ""Gen1 x1"", ""util_pct"": 4.0, ""power_w"": 158.53, ""vram_used_mib"": 7570.0}, {""index"": 5, ""name"": ""NVIDIA P104-100"", ""pci_bus"": ""00000000:0E:00.0"", ""pcie"": ""Gen1 x1"", ""util_pct"": 0.0, ""power_w"": 42.2, ""vram_used_mib"": 7794.0}]"
2026-08-16T12:49:03.142771+03:00,1786873743.142771,ctx_016384.txt,1,1,prefill,43.82767191383596,"[16.611295681063122, 16.225165562913908, 42.384105960264904, 100.0]",15875.55078125,6436.48828125,9439.0625,40.543401422342384,24575.99609375,380.125,1.5467328304819792,"[{""index"": 0, ""name"": ""NVIDIA P104-100"", ""pci_bus"": ""00000000:01:00.0"", ""pcie"": ""Gen1 x1"", ""util_pct"": 33.0, ""power_w"": 52.09, ""vram_used_mib"": 7974.0}, {""index"": 1, ""name"": ""NVIDIA P104-100"", ""pci_bus"": ""00000000:02:00.0"", ""pcie"": ""Gen1 x1"", ""util_pct"": 31.0, ""power_w"": 53.49, ""vram_used_mib"": 6580.0}, {""index"": 2, ""name"": ""NVIDIA P104-100"", ""pci_bus"": ""00000000:0A:00.0"", ""pcie"": ""Gen1 x1"", ""util_pct"": 0.0, ""power_w"": 61.57, ""vram_used_mib"": 7974.0}, {""index"": 3, ""name"": ""NVIDIA P104-100"", ""pci_bus"": ""00000000:0C:00.0"", ""pcie"": ""Gen1 x1"", ""util_pct"": 0.0, ""power_w"": 176.21, ""vram_used_mib"": 7570.0}, {""index"": 4, ""name"": ""NVIDIA P104-100"", ""pci_bus"": ""00000000:0D:00.0"", ""pcie"": ""Gen1 x1"", ""util_pct"": 7.0, ""power_w"": 51.24, ""vram_used_mib"": 7570.0}, {""index"": 5, ""name"": ""NVIDIA P104-100"", ""pci_bus"": ""00000000:0E:00.0"", ""pcie"": ""Gen1 x1"", ""util_pct"": 24.0, ""power_w"": 42.23, ""vram_used_mib"": 7794.0}]"
2026-08-16T12:49:05.281846+03:00,1786873745.281846,ctx_016384.txt,1,1,prefill,38.45252051582649,"[9.813084112149532, 25.700934579439252, 18.39622641509434, 100.0]",15875.55078125,6446.67578125,9428.875,40.60757242428351,24575.99609375,380.125,1.5467328304819792,"[{""index"": 0, ""name"": ""NVIDIA P104-100"", ""pci_bus"": ""00000000:01:00.0"", ""pcie"": ""Gen1 x1"", ""util_pct"": 30.0, ""power_w"": 53.14, ""vram_used_mib"": 7974.0}, {""index"": 1, ""name"": ""NVIDIA P104-100"", ""pci_bus"": ""00000000:02:00.0"", ""pcie"": ""Gen1 x1"", ""util_pct"": 27.0, ""power_w"": 83.36, ""vram_used_mib"": 6580.0}, {""index"": 2, ""name"": ""NVIDIA P104-100"", ""pci_bus"": ""00000000:0A:00.0"", ""pcie"": ""Gen1 x1"", ""util_pct"": 0.0, ""power_w"": 152.15, ""vram_used_mib"": 7974.0}, {""index"": 3, ""name"": ""NVIDIA P104-100"", ""pci_bus"": ""00000000:0C:00.0"", ""pcie"": ""Gen1 x1"", ""util_pct"": 0.0, ""power_w"": 53.34, ""vram_used_mib"": 7570.0}, {""index"": 4, ""name"": ""NVIDIA P104-100"", ""pci_bus"": ""00000000:0D:00.0"", ""pcie"": ""Gen1 x1"", ""util_pct"": 16.0, ""power_w"": 52.15, ""vram_used_mib"": 7570.0}, {""index"": 5, ""name"": ""NVIDIA P104-100"", ""pci_bus"": ""00000000:0E:00.0"", ""pcie"": ""Gen1 x1"", ""util_pct"": 24.0, ""power_w"": 42.26, ""vram_used_mib"": 7794.0}]"
2026-08-16T12:49:07.420398+03:00,1786873747.420398,ctx_016384.txt,1,1,prefill,37.04572098475967,"[11.682242990654206, 16.50943396226415, 25.821596244131456, 93.45794392523365]",15875.55078125,6399.3359375,9476.21484375,40.30937902991062,24575.99609375,380.125,1.5467328304819792,"[{""index"": 0, ""name"": ""NVIDIA P104-100"", ""pci_bus"": ""00000000:01:00.0"", ""pcie"": ""Gen1 x1"", ""util_pct"": 0.0, ""power_w"": 51.03, ""vram_used_mib"": 7974.0}, {""index"": 1, ""name"": ""NVIDIA P104-100"", ""pci_bus"": ""00000000:02:00.0"", ""pcie"": ""Gen1 x1"", ""util_pct"": 31.0, ""power_w"": 52.7, ""vram_used_mib"": 6580.0}, {""index"": 2, ""name"": ""NVIDIA P104-100"", ""pci_bus"": ""00000000:0A:00.0"", ""pcie"": ""Gen1 x1"", ""util_pct"": 33.0, ""power_w"": 50.51, ""vram_used_mib"": 7974.0}, {""index"": 3, ""name"": ""NVIDIA P104-100"", ""pci_bus"": ""00000000:0C:00.0"", ""pcie"": ""Gen1 x1"", ""util_pct"": 0.0, ""power_w"": 54.2, ""vram_used_mib"": 7570.0}, {""index"": 4, ""name"": ""NVIDIA P104-100"", ""pci_bus"": ""00000000:0D:00.0"", ""pcie"": ""Gen1 x1"", ""util_pct"": 7.0, ""power_w"": 77.63, ""vram_used_mib"": 7570.0}, {""index"": 5, ""name"": ""NVIDIA P104-100"", ""pci_bus"": ""00000000:0E:00.0"", ""pcie"": ""Gen1 x1"", ""util_pct"": 0.0, ""power_w"": 100.14, ""vram_used_mib"": 7794.0}]"
2026-08-16T12:49:09.550546+03:00,1786873749.550546,ctx_016384.txt,1,1,prefill,38.028169014084504,"[17.84037558685446, 17.84037558685446, 16.431924882629108, 100.0]",15875.55078125,6476.2578125,9399.29296875,40.79390946327896,24575.99609375,380.125,1.5467328304819792,"[{""index"": 0, ""name"": ""NVIDIA P104-100"", ""pci_bus"": ""00000000:01:00.0"", ""pcie"": ""Gen1 x1"", ""util_pct"": 13.0, ""power_w"": 52.1, ""vram_used_mib"": 7974.0}, {""index"": 1, ""name"": ""NVIDIA P104-100"", ""pci_bus"": ""00000000:02:00.0"", ""pcie"": ""Gen1 x1"", ""util_pct"": 15.0, ""power_w"": 53.59, ""vram_used_mib"": 6580.0}, {""index"": 2, ""name"": ""NVIDIA P104-100"", ""pci_bus"": ""00000000:0A:00.0"", ""pcie"": ""Gen1 x1"", ""util_pct"": 1.0, ""power_w"": 53.88, ""vram_used_mib"": 7974.0}, {""index"": 3, ""name"": ""NVIDIA P104-100"", ""pci_bus"": ""00000000:0C:00.0"", ""pcie"": ""Gen1 x1"", ""util_pct"": 1.0, ""power_w"": 178.88, ""vram_used_mib"": 7570.0}, {""index"": 4, ""name"": ""NVIDIA P104-100"", ""pci_bus"": ""00000000:0D:00.0"", ""pcie"": ""Gen1 x1"", ""util_pct"": 28.0, ""power_w"": 65.45, ""vram_used_mib"": 7570.0}, {""index"": 5, ""name"": ""NVIDIA P104-100"", ""pci_bus"": ""00000000:0E:00.0"", ""pcie"": ""Gen1 x1"", ""util_pct"": 1.0, ""power_w"": 42.23, ""vram_used_mib"": 7794.0}]"
2026-08-16T12:49:11.692358+03:00,1786873751.692358,ctx_016384.txt,1,1,prefill,38.33528722157092,"[18.779342723004696, 16.037735849056602, 17.92452830188679, 100.0]",15875.55078125,6641.73828125,9233.8125,41.83626995224821,24575.99609375,380.125,1.5467328304819792,"[{""index"": 0, ""name"": ""NVIDIA P104-100"", ""pci_bus"": ""00000000:01:00.0"", ""pcie"": ""Gen1 x1"", ""util_pct"": 0.0, ""power_w"": 51.59, ""vram_used_mib"": 7974.0}, {""index"": 1, ""name"": ""NVIDIA P104-100"", ""pci_bus"": ""00000000:02:00.0"", ""pcie"": ""Gen1 x1"", ""util_pct"": 1.0, ""power_w"": 76.14, ""vram_used_mib"": 6580.0}, {""index"": 2, ""name"": ""NVIDIA P104-100"", ""pci_bus"": ""00000000:0A:00.0"", ""pcie"": ""Gen1 x1"", ""util_pct"": 1.0, ""power_w"": 150.36, ""vram_used_mib"": 7974.0}, {""index"": 3, ""name"": ""NVIDIA P104-100"", ""pci_bus"": ""00000000:0C:00.0"", ""pcie"": ""Gen1 x1"", ""util_pct"": 21.0, ""power_w"": 53.85, ""vram_used_mib"": 7570.0}, {""index"": 4, ""name"": ""NVIDIA P104-100"", ""pci_bus"": ""00000000:0D:00.0"", ""pcie"": ""Gen1 x1"", ""util_pct"": 31.0, ""power_w"": 52.35, ""vram_used_mib"": 7570.0}, {""index"": 5, ""name"": ""NVIDIA P104-100"", ""pci_bus"": ""00000000:0E:00.0"", ""pcie"": ""Gen1 x1"", ""util_pct"": 24.0, ""power_w"": 42.26, ""vram_used_mib"": 7794.0}]"
2026-08-16T12:49:13.837954+03:00,1786873753.837954,ctx_016384.txt,1,1,prefill,38.43457943925234,"[19.626168224299064, 16.431924882629108, 17.674418604651162, 100.0]",15875.55078125,6649.734375,9225.81640625,41.88663729924725,24575.99609375,380.125,1.5467328304819792,"[{""index"": 0, ""name"": ""NVIDIA P104-100"", ""pci_bus"": ""00000000:01:00.0"", ""pcie"": ""Gen1 x1"", ""util_pct"": 0.0, ""power_w"": 174.45, ""vram_used_mib"": 7974.0}, {""index"": 1, ""name"": ""NVIDIA P104-100"", ""pci_bus"": ""00000000:02:00.0"", ""pcie"": ""Gen1 x1"", ""util_pct"": 0.0, ""power_w"": 52.02, ""vram_used_mib"": 6580.0}, {""index"": 2, ""name"": ""NVIDIA P104-100"", ""pci_bus"": ""00000000:0A:00.0"", ""pcie"": ""Gen1 x1"", ""util_pct"": 28.0, ""power_w"": 50.91, ""vram_used_mib"": 7974.0}, {""index"": 3, ""name"": ""NVIDIA P104-100"", ""pci_bus"": ""00000000:0C:00.0"", ""pcie"": ""Gen1 x1"", ""util_pct"": 31.0, ""power_w"": 53.83, ""vram_used_mib"": 7570.0}, {""index"": 4, ""name"": ""NVIDIA P104-100"", ""pci_bus"": ""00000000:0D:00.0"", ""pcie"": ""Gen1 x1"", ""util_pct"": 31.0, ""power_w"": 52.85, ""vram_used_mib"": 7570.0}, {""index"": 5, ""name"": ""NVIDIA P104-100"", ""pci_bus"": ""00000000:0E:00.0"", ""pcie"": ""Gen1 x1"", ""util_pct"": 0.0, ""power_w"": 52.37, ""vram_used_mib"": 7794.0}]"
2026-08-16T12:49:15.960607+03:00,1786873755.960607,ctx_016384.txt,1,1,prefill,37.825059101654844,"[20.0, 12.264150943396226, 18.48341232227488, 100.0]",15875.55078125,6533.4765625,9342.07421875,41.15433002939613,24575.99609375,380.125,1.5467328304819792,"[{""index"": 0, ""name"": ""NVIDIA P104-100"", ""pci_bus"": ""00000000:01:00.0"", ""pcie"": ""Gen1 x1"", ""util_pct"": 1.0, ""power_w"": 51.87, ""vram_used_mib"": 7974.0}, {""index"": 1, ""name"": ""NVIDIA P104-100"", ""pci_bus"": ""00000000:02:00.0"", ""pcie"": ""Gen1 x1"", ""util_pct"": 31.0, ""power_w"": 53.26, ""vram_used_mib"": 6580.0}, {""index"": 2, ""name"": ""NVIDIA P104-100"", ""pci_bus"": ""00000000:0A:00.0"", ""pcie"": ""Gen1 x1"", ""util_pct"": 33.0, ""power_w"": 51.01, ""vram_used_mib"": 7974.0}, {""index"": 3, ""name"": ""NVIDIA P104-100"", ""pci_bus"": ""00000000:0C:00.0"", ""pcie"": ""Gen1 x1"", ""util_pct"": 1.0, ""power_w"": 55.52, ""vram_used_mib"": 7570.0}, {""index"": 4, ""name"": ""NVIDIA P104-100"", ""pci_bus"": ""00000000:0D:00.0"", ""pcie"": ""Gen1 x1"", ""util_pct"": 30.0, ""power_w"": 122.12, ""vram_used_mib"": 7570.0}, {""index"": 5, ""name"": ""NVIDIA P104-100"", ""pci_bus"": ""00000000:0E:00.0"", ""pcie"": ""Gen1 x1"", ""util_pct"": 0.0, ""power_w"": 87.36, ""vram_used_mib"": 7794.0}]"
2026-08-16T12:49:18.086426+03:00,1786873758.086426,ctx_016384.txt,1,1,prefill,37.382075471698116,"[16.431924882629108, 19.81132075471698, 13.270142180094787, 100.0]",15875.55078125,6449.68359375,9425.8671875,40.626518617341276,24575.99609375,380.125,1.5467328304819792,"[{""index"": 0, ""name"": ""NVIDIA P104-100"", ""pci_bus"": ""00000000:01:00.0"", ""pcie"": ""Gen1 x1"", ""util_pct"": 21.0, ""power_w"": 52.09, ""vram_used_mib"": 7974.0}, {""index"": 1, ""name"": ""NVIDIA P104-100"", ""pci_bus"": ""00000000:02:00.0"", ""pcie"": ""Gen1 x1"", ""util_pct"": 11.0, ""power_w"": 52.37, ""vram_used_mib"": 6580.0}, {""index"": 2, ""name"": ""NVIDIA P104-100"", ""pci_bus"": ""00000000:0A:00.0"", ""pcie"": ""Gen1 x1"", ""util_pct"": 1.0, ""power_w"": 56.38, ""vram_used_mib"": 7974.0}, {""index"": 3, ""name"": ""NVIDIA P104-100"", ""pci_bus"": ""00000000:0C:00.0"", ""pcie"": ""Gen1 x1"", ""util_pct"": 5.0, ""power_w"": 176.78, ""vram_used_mib"": 7570.0}, {""index"": 4, ""name"": ""NVIDIA P104-100"", ""pci_bus"": ""00000000:0D:00.0"", ""pcie"": ""Gen1 x1"", ""util_pct"": 37.0, ""power_w"": 52.58, ""vram_used_mib"": 7570.0}, {""index"": 5, ""name"": ""NVIDIA P104-100"", ""pci_bus"": ""00000000:0E:00.0"", ""pcie"": ""Gen1 x1"", ""util_pct"": 1.0, ""power_w"": 50.91, ""vram_used_mib"": 7794.0}]"
2026-08-16T12:49:20.229902+03:00,1786873760.229902,ctx_016384.txt,1,1,prefill,37.5,"[14.553990610328638, 16.901408450704224, 17.757009345794394, 100.0]",15875.55078125,6365.625,9509.92578125,40.09703403499042,24575.99609375,380.125,1.5467328304819792,"[{""index"": 0, ""name"": ""NVIDIA P104-100"", ""pci_bus"": ""00000000:01:00.0"", ""pcie"": ""Gen1 x1"", ""util_pct"": 0.0, ""power_w"": 52.12, ""vram_used_mib"": 7974.0}, {""index"": 1, ""name"": ""NVIDIA P104-100"", ""pci_bus"": ""00000000:02:00.0"", ""pcie"": ""Gen1 x1"", ""util_pct"": 1.0, ""power_w"": 101.43, ""vram_used_mib"": 6580.0}, {""index"": 2, ""name"": ""NVIDIA P104-100"", ""pci_bus"": ""00000000:0A:00.0"", ""pcie"": ""Gen1 x1"", ""util_pct"": 7.0, ""power_w"": 128.24, ""vram_used_mib"": 7974.0}, {""index"": 3, ""name"": ""NVIDIA P104-100"", ""pci_bus"": ""00000000:0C:00.0"", ""pcie"": ""Gen1 x1"", ""util_pct"": 32.0, ""power_w"": 53.34, ""vram_used_mib"": 7570.0}, {""index"": 4, ""name"": ""NVIDIA P104-100"", ""pci_bus"": ""00000000:0D:00.0"", ""pcie"": ""Gen1 x1"", ""util_pct"": 64.0, ""power_w"": 54.24, ""vram_used_mib"": 7570.0}, {""index"": 5, ""name"": ""NVIDIA P104-100"", ""pci_bus"": ""00000000:0E:00.0"", ""pcie"": ""Gen1 x1"", ""util_pct"": 22.0, ""power_w"": 51.18, ""vram_used_mib"": 7794.0}]"
2026-08-16T12:49:22.365422+03:00,1786873762.365422,ctx_016384.txt,1,1,prefill,37.88235294117647,"[18.39622641509434, 14.084507042253522, 19.53488372093023, 100.0]",15875.55078125,6393.140625,9482.41015625,40.270354793300726,24575.99609375,380.125,1.5467328304819792,"[{""index"": 0, ""name"": ""NVIDIA P104-100"", ""pci_bus"": ""00000000:01:00.0"", ""pcie"": ""Gen1 x1"", ""util_pct"": 0.0, ""power_w"": 104.04, ""vram_used_mib"": 7974.0}, {""index"": 1, ""name"": ""NVIDIA P104-100"", ""pci_bus"": ""00000000:02:00.0"", ""pcie"": ""Gen1 x1"", ""util_pct"": 0.0, ""power_w"": 53.3, ""vram_used_mib"": 6580.0}, {""index"": 2, ""name"": ""NVIDIA P104-100"", ""pci_bus"": ""00000000:0A:00.0"", ""pcie"": ""Gen1 x1"", ""util_pct"": 41.0, ""power_w"": 52.52, ""vram_used_mib"": 7974.0}, {""index"": 3, ""name"": ""NVIDIA P104-100"", ""pci_bus"": ""00000000:0C:00.0"", ""pcie"": ""Gen1 x1"", ""util_pct"": 64.0, ""power_w"": 55.59, ""vram_used_mib"": 7570.0}, {""index"": 4, ""name"": ""NVIDIA P104-100"", ""pci_bus"": ""00000000:0D:00.0"", ""pcie"": ""Gen1 x1"", ""util_pct"": 62.0, ""power_w"": 54.68, ""vram_used_mib"": 7570.0}, {""index"": 5, ""name"": ""NVIDIA P104-100"", ""pci_bus"": ""00000000:0E:00.0"", ""pcie"": ""Gen1 x1"", ""util_pct"": 0.0, ""power_w"": 64.25, ""vram_used_mib"": 7794.0}]"
2026-08-16T12:49:24.507194+03:00,1786873764.507194,ctx_016384.txt,1,1,prefill,50.586854460093896,"[23.58490566037736, 20.28301886792453, 63.84976525821596, 94.31279620853081]",15875.55078125,6344.48046875,9531.0703125,39.963844758338844,24575.99609375,380.125,1.5467328304819792,"[{""index"": 0, ""name"": ""NVIDIA P104-100"", ""pci_bus"": ""00000000:01:00.0"", ""pcie"": ""Gen1 x1"", ""util_pct"": 0.0, ""power_w"": 51.77, ""vram_used_mib"": 7974.0}, {""index"": 1, ""name"": ""NVIDIA P104-100"", ""pci_bus"": ""00000000:02:00.0"", ""pcie"": ""Gen1 x1"", ""util_pct"": 0.0, ""power_w"": 53.2, ""vram_used_mib"": 6580.0}, {""index"": 2, ""name"": ""NVIDIA P104-100"", ""pci_bus"": ""00000000:0A:00.0"", ""pcie"": ""Gen1 x1"", ""util_pct"": 4.0, ""power_w"": 50.66, ""vram_used_mib"": 7974.0}, {""index"": 3, ""name"": ""NVIDIA P104-100"", ""pci_bus"": ""00000000:0C:00.0"", ""pcie"": ""Gen1 x1"", ""util_pct"": 24.0, ""power_w"": 53.85, ""vram_used_mib"": 7570.0}, {""index"": 4, ""name"": ""NVIDIA P104-100"", ""pci_bus"": ""00000000:0D:00.0"", ""pcie"": ""Gen1 x1"", ""util_pct"": 58.0, ""power_w"": 54.09, ""vram_used_mib"": 7570.0}, {""index"": 5, ""name"": ""NVIDIA P104-100"", ""pci_bus"": ""00000000:0E:00.0"", ""pcie"": ""Gen1 x1"", ""util_pct"": 43.0, ""power_w"": 87.89, ""vram_used_mib"": 7794.0}]"
2026-08-16T12:49:26.633483+03:00,1786873766.633483,ctx_016384.txt,1,1,prefill,36.12750885478158,"[10.849056603773585, 23.11320754716981, 10.849056603773585, 100.0]",15875.55078125,6455.21875,9420.33203125,40.66138453365668,24575.99609375,380.12109375,1.5467169359075126,"[{""index"": 0, ""name"": ""NVIDIA P104-100"", ""pci_bus"": ""00000000:01:00.0"", ""pcie"": ""Gen1 x1"", ""util_pct"": 0.0, ""power_w"": 51.77, ""vram_used_mib"": 7974.0}, {""index"": 1, ""name"": ""NVIDIA P104-100"", ""pci_bus"": ""00000000:02:00.0"", ""pcie"": ""Gen1 x1"", ""util_pct"": 32.0, ""power_w"": 53.4, ""vram_used_mib"": 6580.0}, {""index"": 2, ""name"": ""NVIDIA P104-100"", ""pci_bus"": ""00000000:0A:00.0"", ""pcie"": ""Gen1 x1"", ""util_pct"": 14.0, ""power_w"": 50.76, ""vram_used_mib"": 7974.0}, {""index"": 3, ""name"": ""NVIDIA P104-100"", ""pci_bus"": ""00000000:0C:00.0"", ""pcie"": ""Gen1 x1"", ""util_pct"": 1.0, ""power_w"": 53.7, ""vram_used_mib"": 7570.0}, {""index"": 4, ""name"": ""NVIDIA P104-100"", ""pci_bus"": ""00000000:0D:00.0"", ""pcie"": ""Gen1 x1"", ""util_pct"": 1.0, ""power_w"": 101.66, ""vram_used_mib"": 7570.0}, {""index"": 5, ""name"": ""NVIDIA P104-100"", ""pci_bus"": ""00000000:0E:00.0"", ""pcie"": ""Gen1 x1"", ""util_pct"": 0.0, ""power_w"": 120.82, ""vram_used_mib"": 7794.0}]"
2026-08-16T12:49:28.760998+03:00,1786873768.760998,ctx_016384.txt,1,1,prefill,37.33804475853946,"[19.81132075471698, 13.679245283018869, 15.96244131455399, 100.0]",15875.55078125,6460.796875,9414.75390625,40.69652110987291,24575.99609375,380.12109375,1.5467169359075126,"[{""index"": 0, ""name"": ""NVIDIA P104-100"", ""pci_bus"": ""00000000:01:00.0"", ""pcie"": ""Gen1 x1"", ""util_pct"": 0.0, ""power_w"": 52.59, ""vram_used_mib"": 7974.0}, {""index"": 1, ""name"": ""NVIDIA P104-100"", ""pci_bus"": ""00000000:02:00.0"", ""pcie"": ""Gen1 x1"", ""util_pct"": 1.0, ""power_w"": 57.78, ""vram_used_mib"": 6580.0}, {""index"": 2, ""name"": ""NVIDIA P104-100"", ""pci_bus"": ""00000000:0A:00.0"", ""pcie"": ""Gen1 x1"", ""util_pct"": 1.0, ""power_w"": 169.86, ""vram_used_mib"": 7974.0}, {""index"": 3, ""name"": ""NVIDIA P104-100"", ""pci_bus"": ""00000000:0C:00.0"", ""pcie"": ""Gen1 x1"", ""util_pct"": 24.0, ""power_w"": 52.94, ""vram_used_mib"": 7570.0}, {""index"": 4, ""name"": ""NVIDIA P104-100"", ""pci_bus"": ""00000000:0D:00.0"", ""pcie"": ""Gen1 x1"", ""util_pct"": 33.0, ""power_w"": 52.0, ""vram_used_mib"": 7570.0}, {""index"": 5, ""name"": ""NVIDIA P104-100"", ""pci_bus"": ""00000000:0E:00.0"", ""pcie"": ""Gen1 x1"", ""util_pct"": 16.0, ""power_w"": 50.93, ""vram_used_mib"": 7794.0}]"
2026-08-16T12:49:30.902544+03:00,1786873770.902544,ctx_016384.txt,1,1,prefill,37.587822014051525,"[20.560747663551403, 10.328638497652582, 18.779342723004696, 100.0]",15875.55078125,6419.81640625,9455.734375,40.43838538082217,24575.99609375,380.12109375,1.5467169359075126,"[{""index"": 0, ""name"": ""NVIDIA P104-100"", ""pci_bus"": ""00000000:01:00.0"", ""pcie"": ""Gen1 x1"", ""util_pct"": 35.0, ""power_w"": 51.03, ""vram_used_mib"": 7974.0}, {""index"": 1, ""name"": ""NVIDIA P104-100"", ""pci_bus"": ""00000000:02:00.0"", ""pcie"": ""Gen1 x1"", ""util_pct"": 32.0, ""power_w"": 51.31, ""vram_used_mib"": 6580.0}, {""index"": 2, ""name"": ""NVIDIA P104-100"", ""pci_bus"": ""00000000:0A:00.0"", ""pcie"": ""Gen1 x1"", ""util_pct"": 34.0, ""power_w"": 51.75, ""vram_used_mib"": 7974.0}, {""index"": 3, ""name"": ""NVIDIA P104-100"", ""pci_bus"": ""00000000:0C:00.0"", ""pcie"": ""Gen1 x1"", ""util_pct"": 33.0, ""power_w"": 51.72, ""vram_used_mib"": 7570.0}, {""index"": 4, ""name"": ""NVIDIA P104-100"", ""pci_bus"": ""00000000:0D:00.0"", ""pcie"": ""Gen1 x1"", ""util_pct"": 0.0, ""power_w"": 89.16, ""vram_used_mib"": 7570.0}, {""index"": 5, ""name"": ""NVIDIA P104-100"", ""pci_bus"": ""00000000:0E:00.0"", ""pcie"": ""Gen1 x1"", ""util_pct"": 7.0, ""power_w"": 128.08, ""vram_used_mib"": 7794.0}]"
2026-08-16T12:49:33.046210+03:00,1786873773.046210,ctx_016384.txt,1,1,prefill,38.08411214953271,"[21.3953488372093, 12.264150943396226, 18.309859154929576, 100.0]",15875.55078125,6513.3203125,9362.23046875,41.02736593046353,24575.99609375,380.12109375,1.5467169359075126,"[{""index"": 0, ""name"": ""NVIDIA P104-100"", ""pci_bus"": ""00000000:01:00.0"", ""pcie"": ""Gen1 x1"", ""util_pct"": 35.0, ""power_w"": 51.44, ""vram_used_mib"": 7974.0}, {""index"": 1, ""name"": ""NVIDIA P104-100"", ""pci_bus"": ""00000000:02:00.0"", ""pcie"": ""Gen1 x1"", ""util_pct"": 32.0, ""power_w"": 73.68, ""vram_used_mib"": 6580.0}, {""index"": 2, ""name"": ""NVIDIA P104-100"", ""pci_bus"": ""00000000:0A:00.0"", ""pcie"": ""Gen1 x1"", ""util_pct"": 1.0, ""power_w"": 157.53, ""vram_used_mib"": 7974.0}, {""index"": 3, ""name"": ""NVIDIA P104-100"", ""pci_bus"": ""00000000:0C:00.0"", ""pcie"": ""Gen1 x1"", ""util_pct"": 1.0, ""power_w"": 55.57, ""vram_used_mib"": 7570.0}, {""index"": 4, ""name"": ""NVIDIA P104-100"", ""pci_bus"": ""00000000:0D:00.0"", ""pcie"": ""Gen1 x1"", ""util_pct"": 14.0, ""power_w"": 53.24, ""vram_used_mib"": 7570.0}, {""index"": 5, ""name"": ""NVIDIA P104-100"", ""pci_bus"": ""00000000:0E:00.0"", ""pcie"": ""Gen1 x1"", ""util_pct"": 45.0, ""power_w"": 50.93, ""vram_used_mib"": 7794.0}]"
2026-08-16T12:49:35.175530+03:00,1786873775.175530,ctx_016384.txt,1,1,prefill,37.64705882352941,"[15.165876777251185, 20.093457943925234, 15.492957746478874, 100.0]",15875.55078125,6482.08203125,9393.46875,40.830596182563546,24575.99609375,380.12109375,1.5467169359075126,"[{""index"": 0, ""name"": ""NVIDIA P104-100"", ""pci_bus"": ""00000000:01:00.0"", ""pcie"": ""Gen1 x1"", ""util_pct"": 0.0, ""power_w"": 52.02, ""vram_used_mib"": 7974.0}, {""index"": 1, ""name"": ""NVIDIA P104-100"", ""pci_bus"": ""00000000:02:00.0"", ""pcie"": ""Gen1 x1"", ""util_pct"": 63.0, ""power_w"": 53.28, ""vram_used_mib"": 6580.0}, {""index"": 2, ""name"": ""NVIDIA P104-100"", ""pci_bus"": ""00000000:0A:00.0"", ""pcie"": ""Gen1 x1"", ""util_pct"": 59.0, ""power_w"": 50.76, ""vram_used_mib"": 7974.0}, {""index"": 3, ""name"": ""NVIDIA P104-100"", ""pci_bus"": ""00000000:0C:00.0"", ""pcie"": ""Gen1 x1"", ""util_pct"": 33.0, ""power_w"": 53.6, ""vram_used_mib"": 7570.0}, {""index"": 4, ""name"": ""NVIDIA P104-100"", ""pci_bus"": ""00000000:0D:00.0"", ""pcie"": ""Gen1 x1"", ""util_pct"": 0.0, ""power_w"": 60.81, ""vram_used_mib"": 7570.0}, {""index"": 5, ""name"": ""NVIDIA P104-100"", ""pci_bus"": ""00000000:0E:00.0"", ""pcie"": ""Gen1 x1"", ""util_pct"": 22.0, ""power_w"": 150.3, ""vram_used_mib"": 7794.0}]"
2026-08-16T12:49:37.304019+03:00,1786873777.304019,ctx_016384.txt,1,1,prefill,37.30814639905549,"[13.679245283018869, 16.113744075829384, 18.48341232227488, 100.0]",15875.55078125,6398.98828125,9476.5625,40.30718914525849,24575.99609375,380.12109375,1.5467169359075126,"[{""index"": 0, ""name"": ""NVIDIA P104-100"", ""pci_bus"": ""00000000:01:00.0"", ""pcie"": ""Gen1 x1"", ""util_pct"": 37.0, ""power_w"": 51.27, ""vram_used_mib"": 7974.0}, {""index"": 1, ""name"": ""NVIDIA P104-100"", ""pci_bus"": ""00000000:02:00.0"", ""pcie"": ""Gen1 x1"", ""util_pct"": 34.0, ""power_w"": 54.34, ""vram_used_mib"": 6580.0}, {""index"": 2, ""name"": ""NVIDIA P104-100"", ""pci_bus"": ""00000000:0A:00.0"", ""pcie"": ""Gen1 x1"", ""util_pct"": 2.0, ""power_w"": 140.81, ""vram_used_mib"": 7974.0}, {""index"": 3, ""name"": ""NVIDIA P104-100"", ""pci_bus"": ""00000000:0C:00.0"", ""pcie"": ""Gen1 x1"", ""util_pct"": 2.0, ""power_w"": 110.15, ""vram_used_mib"": 7570.0}, {""index"": 4, ""name"": ""NVIDIA P104-100"", ""pci_bus"": ""00000000:0D:00.0"", ""pcie"": ""Gen1 x1"", ""util_pct"": 12.0, ""power_w"": 116.78, ""vram_used_mib"": 7570.0}, {""index"": 5, ""name"": ""NVIDIA P104-100"", ""pci_bus"": ""00000000:0E:00.0"", ""pcie"": ""Gen1 x1"", ""util_pct"": 0.0, ""power_w"": 50.87, ""vram_used_mib"": 7794.0}]"
2026-08-16T12:49:39.446832+03:00,1786873779.446832,ctx_016384.txt,1,1,prefill,37.3536299765808,"[10.74766355140187, 19.718309859154928, 19.626168224299064, 100.0]",15875.55078125,6520.04296875,9355.5078125,41.06971190221993,24575.99609375,380.12109375,1.5467169359075126,"[{""index"": 0, ""name"": ""NVIDIA P104-100"", ""pci_bus"": ""00000000:01:00.0"", ""pcie"": ""Gen1 x1"", ""util_pct"": 0.0, ""power_w"": 170.09, ""vram_used_mib"": 7974.0}, {""index"": 1, ""name"": ""NVIDIA P104-100"", ""pci_bus"": ""00000000:02:00.0"", ""pcie"": ""Gen1 x1"", ""util_pct"": 0.0, ""power_w"": 147.15, ""vram_used_mib"": 6580.0}, {""index"": 2, ""name"": ""NVIDIA P104-100"", ""pci_bus"": ""00000000:0A:00.0"", ""pcie"": ""Gen1 x1"", ""util_pct"": 19.0, ""power_w"": 51.68, ""vram_used_mib"": 7974.0}, {""index"": 3, ""name"": ""NVIDIA P104-100"", ""pci_bus"": ""00000000:0C:00.0"", ""pcie"": ""Gen1 x1"", ""util_pct"": 33.0, ""power_w"": 53.38, ""vram_used_mib"": 7570.0}, {""index"": 4, ""name"": ""NVIDIA P104-100"", ""pci_bus"": ""00000000:0D:00.0"", ""pcie"": ""Gen1 x1"", ""util_pct"": 33.0, ""power_w"": 52.56, ""vram_used_mib"": 7570.0}, {""index"": 5, ""name"": ""NVIDIA P104-100"", ""pci_bus"": ""00000000:0E:00.0"", ""pcie"": ""Gen1 x1"", ""util_pct"": 0.0, ""power_w"": 51.16, ""vram_used_mib"": 7794.0}]"
2026-08-16T12:49:41.593335+03:00,1786873781.593335,ctx_016384.txt,1,1,prefill,37.995337995338,"[21.962616822429908, 13.551401869158878, 15.023474178403756, 100.0]",15875.55078125,6442.03125,9433.51953125,40.578316549548845,24575.99609375,380.12109375,1.5467169359075126,"[{""index"": 0, ""name"": ""NVIDIA P104-100"", ""pci_bus"": ""00000000:01:00.0"", ""pcie"": ""Gen1 x1"", ""util_pct"": 36.0, ""power_w"": 52.12, ""vram_used_mib"": 7974.0}, {""index"": 1, ""name"": ""NVIDIA P104-100"", ""pci_bus"": ""00000000:02:00.0"", ""pcie"": ""Gen1 x1"", ""util_pct"": 32.0, ""power_w"": 53.11, ""vram_used_mib"": 6580.0}, {""index"": 2, ""name"": ""NVIDIA P104-100"", ""pci_bus"": ""00000000:0A:00.0"", ""pcie"": ""Gen1 x1"", ""util_pct"": 35.0, ""power_w"": 51.35, ""vram_used_mib"": 7974.0}, {""index"": 3, ""name"": ""NVIDIA P104-100"", ""pci_bus"": ""00000000:0C:00.0"", ""pcie"": ""Gen1 x1"", ""util_pct"": 17.0, ""power_w"": 67.65, ""vram_used_mib"": 7570.0}, {""index"": 4, ""name"": ""NVIDIA P104-100"", ""pci_bus"": ""00000000:0D:00.0"", ""pcie"": ""Gen1 x1"", ""util_pct"": 0.0, ""power_w"": 171.21, ""vram_used_mib"": 7570.0}, {""index"": 5, ""name"": ""NVIDIA P104-100"", ""pci_bus"": ""00000000:0E:00.0"", ""pcie"": ""Gen1 x1"", ""util_pct"": 22.0, ""power_w"": 51.11, ""vram_used_mib"": 7794.0}]"
2026-08-16T12:49:43.745330+03:00,1786873783.745330,ctx_016384.txt,1,1,prefill,38.372093023255815,"[24.186046511627907, 14.018691588785046, 15.348837209302326, 100.0]",15875.55078125,6372.74609375,9502.8046875,40.14188976219083,24575.99609375,380.12109375,1.5467169359075126,"[{""index"": 0, ""name"": ""NVIDIA P104-100"", ""pci_bus"": ""00000000:01:00.0"", ""pcie"": ""Gen1 x1"", ""util_pct"": 0.0, ""power_w"": 155.05, ""vram_used_mib"": 7974.0}, {""index"": 1, ""name"": ""NVIDIA P104-100"", ""pci_bus"": ""00000000:02:00.0"", ""pcie"": ""Gen1 x1"", ""util_pct"": 1.0, ""power_w"": 59.7, ""vram_used_mib"": 6580.0}, {""index"": 2, ""name"": ""NVIDIA P104-100"", ""pci_bus"": ""00000000:0A:00.0"", ""pcie"": ""Gen1 x1"", ""util_pct"": 1.0, ""power_w"": 50.49, ""vram_used_mib"": 7974.0}, {""index"": 3, ""name"": ""NVIDIA P104-100"", ""pci_bus"": ""00000000:0C:00.0"", ""pcie"": ""Gen1 x1"", ""util_pct"": 12.0, ""power_w"": 53.68, ""vram_used_mib"": 7570.0}, {""index"": 4, ""name"": ""NVIDIA P104-100"", ""pci_bus"": ""00000000:0D:00.0"", ""pcie"": ""Gen1 x1"", ""util_pct"": 34.0, ""power_w"": 52.5, ""vram_used_mib"": 7570.0}, {""index"": 5, ""name"": ""NVIDIA P104-100"", ""pci_bus"": ""00000000:0E:00.0"", ""pcie"": ""Gen1 x1"", ""util_pct"": 14.0, ""power_w"": 42.49, ""vram_used_mib"": 7794.0}]"
2026-08-16T12:49:45.869493+03:00,1786873785.869493,ctx_016384.txt,1,1,prefill,38.370720188902006,"[14.150943396226415, 22.641509433962263, 16.587677725118482, 100.0]",15875.55078125,6434.859375,9440.69140625,40.533140951556554,24575.99609375,380.12109375,1.5467169359075126,"[{""index"": 0, ""name"": ""NVIDIA P104-100"", ""pci_bus"": ""00000000:01:00.0"", ""pcie"": ""Gen1 x1"", ""util_pct"": 36.0, ""power_w"": 52.03, ""vram_used_mib"": 7974.0}, {""index"": 1, ""name"": ""NVIDIA P104-100"", ""pci_bus"": ""00000000:02:00.0"", ""pcie"": ""Gen1 x1"", ""util_pct"": 1.0, ""power_w"": 57.12, ""vram_used_mib"": 6580.0}, {""index"": 2, ""name"": ""NVIDIA P104-100"", ""pci_bus"": ""00000000:0A:00.0"", ""pcie"": ""Gen1 x1"", ""util_pct"": 1.0, ""power_w"": 174.43, ""vram_used_mib"": 7974.0}, {""index"": 3, ""name"": ""NVIDIA P104-100"", ""pci_bus"": ""00000000:0C:00.0"", ""pcie"": ""Gen1 x1"", ""util_pct"": 21.0, ""power_w"": 53.83, ""vram_used_mib"": 7570.0}, {""index"": 4, ""name"": ""NVIDIA P104-100"", ""pci_bus"": ""00000000:0D:00.0"", ""pcie"": ""Gen1 x1"", ""util_pct"": 34.0, ""power_w"": 52.35, ""vram_used_mib"": 7570.0}, {""index"": 5, ""name"": ""NVIDIA P104-100"", ""pci_bus"": ""00000000:0E:00.0"", ""pcie"": ""Gen1 x1"", ""util_pct"": 21.0, ""power_w"": 42.26, ""vram_used_mib"": 7794.0}]"
2026-08-16T12:49:47.987750+03:00,1786873787.987750,ctx_016384.txt,1,1,prefill,47.87234042553192,"[17.061611374407583, 9.47867298578199, 65.09433962264151, 100.0]",15875.55078125,6386.37890625,9489.171875,40.22776276708903,24575.99609375,380.12109375,1.5467169359075126,"[{""index"": 0, ""name"": ""NVIDIA P104-100"", ""pci_bus"": ""00000000:01:00.0"", ""pcie"": ""Gen1 x1"", ""util_pct"": 36.0, ""power_w"": 51.77, ""vram_used_mib"": 7974.0}, {""index"": 1, ""name"": ""NVIDIA P104-100"", ""pci_bus"": ""00000000:02:00.0"", ""pcie"": ""Gen1 x1"", ""util_pct"": 32.0, ""power_w"": 53.26, ""vram_used_mib"": 6580.0}, {""index"": 2, ""name"": ""NVIDIA P104-100"", ""pci_bus"": ""00000000:0A:00.0"", ""pcie"": ""Gen1 x1"", ""util_pct"": 31.0, ""power_w"": 50.51, ""vram_used_mib"": 7974.0}, {""index"": 3, ""name"": ""NVIDIA P104-100"", ""pci_bus"": ""00000000:0C:00.0"", ""pcie"": ""Gen1 x1"", ""util_pct"": 6.0, ""power_w"": 56.42, ""vram_used_mib"": 7570.0}, {""index"": 4, ""name"": ""NVIDIA P104-100"", ""pci_bus"": ""00000000:0D:00.0"", ""pcie"": ""Gen1 x1"", ""util_pct"": 1.0, ""power_w"": 186.83, ""vram_used_mib"": 7570.0}, {""index"": 5, ""name"": ""NVIDIA P104-100"", ""pci_bus"": ""00000000:0E:00.0"", ""pcie"": ""Gen1 x1"", ""util_pct"": 0.0, ""power_w"": 62.69, ""vram_used_mib"": 7794.0}]"
2026-08-16T12:49:50.145897+03:00,1786873790.145897,ctx_016384.txt,1,1,prefill,38.55981416957027,"[13.08411214953271, 20.37037037037037, 20.0, 100.0]",15875.55078125,6428.3125,9447.23828125,40.49190222484899,24575.99609375,380.12109375,1.5467169359075126,"[{""index"": 0, ""name"": ""NVIDIA P104-100"", ""pci_bus"": ""00000000:01:00.0"", ""pcie"": ""Gen1 x1"", ""util_pct"": 0.0, ""power_w"": 170.25, ""vram_used_mib"": 7974.0}, {""index"": 1, ""name"": ""NVIDIA P104-100"", ""pci_bus"": ""00000000:02:00.0"", ""pcie"": ""Gen1 x1"", ""util_pct"": 0.0, ""power_w"": 53.03, ""vram_used_mib"": 6580.0}, {""index"": 2, ""name"": ""NVIDIA P104-100"", ""pci_bus"": ""00000000:0A:00.0"", ""pcie"": ""Gen1 x1"", ""util_pct"": 17.0, ""power_w"": 51.2, ""vram_used_mib"": 7974.0}, {""index"": 3, ""name"": ""NVIDIA P104-100"", ""pci_bus"": ""00000000:0C:00.0"", ""pcie"": ""Gen1 x1"", ""util_pct"": 33.0, ""power_w"": 53.83, ""vram_used_mib"": 7570.0}, {""index"": 4, ""name"": ""NVIDIA P104-100"", ""pci_bus"": ""00000000:0D:00.0"", ""pcie"": ""Gen1 x1"", ""util_pct"": 33.0, ""power_w"": 52.35, ""vram_used_mib"": 7570.0}, {""index"": 5, ""name"": ""NVIDIA P104-100"", ""pci_bus"": ""00000000:0E:00.0"", ""pcie"": ""Gen1 x1"", ""util_pct"": 0.0, ""power_w"": 50.03, ""vram_used_mib"": 7794.0}]"
2026-08-16T12:49:52.271973+03:00,1786873792.271973,ctx_016384.txt,1,1,prefill,37.971698113207545,"[18.867924528301888, 15.09433962264151, 17.92452830188679, 100.0]",15875.55078125,6429.7265625,9445.82421875,40.5008093961307,24575.99609375,380.12109375,1.5467169359075126,"[{""index"": 0, ""name"": ""NVIDIA P104-100"", ""pci_bus"": ""00000000:01:00.0"", ""pcie"": ""Gen1 x1"", ""util_pct"": 37.0, ""power_w"": 52.23, ""vram_used_mib"": 7974.0}, {""index"": 1, ""name"": ""NVIDIA P104-100"", ""pci_bus"": ""00000000:02:00.0"", ""pcie"": ""Gen1 x1"", ""util_pct"": 33.0, ""power_w"": 55.87, ""vram_used_mib"": 6580.0}, {""index"": 2, ""name"": ""NVIDIA P104-100"", ""pci_bus"": ""00000000:0A:00.0"", ""pcie"": ""Gen1 x1"", ""util_pct"": 18.0, ""power_w"": 171.45, ""vram_used_mib"": 7974.0}, {""index"": 3, ""name"": ""NVIDIA P104-100"", ""pci_bus"": ""00000000:0C:00.0"", ""pcie"": ""Gen1 x1"", ""util_pct"": 1.0, ""power_w"": 52.59, ""vram_used_mib"": 7570.0}, {""index"": 4, ""name"": ""NVIDIA P104-100"", ""pci_bus"": ""00000000:0D:00.0"", ""pcie"": ""Gen1 x1"", ""util_pct"": 1.0, ""power_w"": 52.6, ""vram_used_mib"": 7570.0}, {""index"": 5, ""name"": ""NVIDIA P104-100"", ""pci_bus"": ""00000000:0E:00.0"", ""pcie"": ""Gen1 x1"", ""util_pct"": 24.0, ""power_w"": 50.93, ""vram_used_mib"": 7794.0}]"
2026-08-16T12:49:54.386505+03:00,1786873794.386505,ctx_016384.txt,1,1,prefill,37.0414201183432,"[15.639810426540285, 12.322274881516588, 19.90521327014218, 100.0]",15875.55078125,6445.51171875,9430.0390625,40.600240001515694,24575.99609375,380.12109375,1.5467169359075126,"[{""index"": 0, ""name"": ""NVIDIA P104-100"", ""pci_bus"": ""00000000:01:00.0"", ""pcie"": ""Gen1 x1"", ""util_pct"": 0.0, ""power_w"": 51.22, ""vram_used_mib"": 7974.0}, {""index"": 1, ""name"": ""NVIDIA P104-100"", ""pci_bus"": ""00000000:02:00.0"", ""pcie"": ""Gen1 x1"", ""util_pct"": 34.0, ""power_w"": 52.12, ""vram_used_mib"": 6580.0}, {""index"": 2, ""name"": ""NVIDIA P104-100"", ""pci_bus"": ""00000000:0A:00.0"", ""pcie"": ""Gen1 x1"", ""util_pct"": 7.0, ""power_w"": 50.51, ""vram_used_mib"": 7974.0}, {""index"": 3, ""name"": ""NVIDIA P104-100"", ""pci_bus"": ""00000000:0C:00.0"", ""pcie"": ""Gen1 x1"", ""util_pct"": 1.0, ""power_w"": 55.37, ""vram_used_mib"": 7570.0}, {""index"": 4, ""name"": ""NVIDIA P104-100"", ""pci_bus"": ""00000000:0D:00.0"", ""pcie"": ""Gen1 x1"", ""util_pct"": 1.0, ""power_w"": 133.23, ""vram_used_mib"": 7570.0}, {""index"": 5, ""name"": ""NVIDIA P104-100"", ""pci_bus"": ""00000000:0E:00.0"", ""pcie"": ""Gen1 x1"", ""util_pct"": 0.0, ""power_w"": 84.41, ""vram_used_mib"": 7794.0}]"
2026-08-16T12:49:56.536088+03:00,1786873796.536088,ctx_016384.txt,1,1,prefill,37.45624270711785,"[15.023474178403756, 12.962962962962964, 22.22222222222222, 100.0]",15875.55078125,6441.8359375,9433.71484375,40.57708627727237,24575.99609375,380.12109375,1.5467169359075126,"[{""index"": 0, ""name"": ""NVIDIA P104-100"", ""pci_bus"": ""00000000:01:00.0"", ""pcie"": ""Gen1 x1"", ""util_pct"": 0.0, ""power_w"": 171.82, ""vram_used_mib"": 7974.0}, {""index"": 1, ""name"": ""NVIDIA P104-100"", ""pci_bus"": ""00000000:02:00.0"", ""pcie"": ""Gen1 x1"", ""util_pct"": 3.0, ""power_w"": 53.49, ""vram_used_mib"": 6580.0}, {""index"": 2, ""name"": ""NVIDIA P104-100"", ""pci_bus"": ""00000000:0A:00.0"", ""pcie"": ""Gen1 x1"", ""util_pct"": 36.0, ""power_w"": 51.62, ""vram_used_mib"": 7974.0}, {""index"": 3, ""name"": ""NVIDIA P104-100"", ""pci_bus"": ""00000000:0C:00.0"", ""pcie"": ""Gen1 x1"", ""util_pct"": 34.0, ""power_w"": 52.94, ""vram_used_mib"": 7570.0}, {""index"": 4, ""name"": ""NVIDIA P104-100"", ""pci_bus"": ""00000000:0D:00.0"", ""pcie"": ""Gen1 x1"", ""util_pct"": 29.0, ""power_w"": 52.08, ""vram_used_mib"": 7570.0}, {""index"": 5, ""name"": ""NVIDIA P104-100"", ""pci_bus"": ""00000000:0E:00.0"", ""pcie"": ""Gen1 x1"", ""util_pct"": 24.0, ""power_w"": 51.26, ""vram_used_mib"": 7794.0}]"
2026-08-16T12:49:58.682448+03:00,1786873798.682448,ctx_016384.txt,1,1,prefill,37.73364485981308,"[15.348837209302326, 15.09433962264151, 20.093457943925234, 100.0]",15875.55078125,6418.46875,9457.08203125,40.42989650211447,24575.99609375,380.12109375,1.5467169359075126,"[{""index"": 0, ""name"": ""NVIDIA P104-100"", ""pci_bus"": ""00000000:01:00.0"", ""pcie"": ""Gen1 x1"", ""util_pct"": 21.0, ""power_w"": 52.61, ""vram_used_mib"": 7974.0}, {""index"": 1, ""name"": ""NVIDIA P104-100"", ""pci_bus"": ""00000000:02:00.0"", ""pcie"": ""Gen1 x1"", ""util_pct"": 14.0, ""power_w"": 63.34, ""vram_used_mib"": 6580.0}, {""index"": 2, ""name"": ""NVIDIA P104-100"", ""pci_bus"": ""00000000:0A:00.0"", ""pcie"": ""Gen1 x1"", ""util_pct"": 2.0, ""power_w"": 165.79, ""vram_used_mib"": 7974.0}, {""index"": 3, ""name"": ""NVIDIA P104-100"", ""pci_bus"": ""00000000:0C:00.0"", ""pcie"": ""Gen1 x1"", ""util_pct"": 2.0, ""power_w"": 53.83, ""vram_used_mib"": 7570.0}, {""index"": 4, ""name"": ""NVIDIA P104-100"", ""pci_bus"": ""00000000:0D:00.0"", ""pcie"": ""Gen1 x1"", ""util_pct"": 28.0, ""power_w"": 52.99, ""vram_used_mib"": 7570.0}, {""index"": 5, ""name"": ""NVIDIA P104-100"", ""pci_bus"": ""00000000:0E:00.0"", ""pcie"": ""Gen1 x1"", ""util_pct"": 46.0, ""power_w"": 51.01, ""vram_used_mib"": 7794.0}]"
2026-08-16T12:50:00.807395+03:00,1786873800.807395,ctx_016384.txt,1,1,prefill,37.264150943396224,"[14.761904761904763, 16.50943396226415, 17.452830188679247, 100.0]",15875.55078125,6460.91015625,9414.640625,40.69723466779327,24575.99609375,380.12109375,1.5467169359075126,"[{""index"": 0, ""name"": ""NVIDIA P104-100"", ""pci_bus"": ""00000000:01:00.0"", ""pcie"": ""Gen1 x1"", ""util_pct"": 36.0, ""power_w"": 51.12, ""vram_used_mib"": 7974.0}, {""index"": 1, ""name"": ""NVIDIA P104-100"", ""pci_bus"": ""00000000:02:00.0"", ""pcie"": ""Gen1 x1"", ""util_pct"": 38.0, ""power_w"": 53.36, ""vram_used_mib"": 6580.0}, {""index"": 2, ""name"": ""NVIDIA P104-100"", ""pci_bus"": ""00000000:0A:00.0"", ""pcie"": ""Gen1 x1"", ""util_pct"": 72.0, ""power_w"": 52.2, ""vram_used_mib"": 7974.0}, {""index"": 3, ""name"": ""NVIDIA P104-100"", ""pci_bus"": ""00000000:0C:00.0"", ""pcie"": ""Gen1 x1"", ""util_pct"": 59.0, ""power_w"": 106.04, ""vram_used_mib"": 7570.0}, {""index"": 4, ""name"": ""NVIDIA P104-100"", ""pci_bus"": ""00000000:0D:00.0"", ""pcie"": ""Gen1 x1"", ""util_pct"": 24.0, ""power_w"": 147.99, ""vram_used_mib"": 7570.0}, {""index"": 5, ""name"": ""NVIDIA P104-100"", ""pci_bus"": ""00000000:0E:00.0"", ""pcie"": ""Gen1 x1"", ""util_pct"": 2.0, ""power_w"": 147.55, ""vram_used_mib"": 7794.0}]"
2026-08-16T12:50:02.939628+03:00,1786873802.939628,ctx_016384.txt,1,1,prefill,37.60282021151586,"[23.11320754716981, 10.849056603773585, 15.09433962264151, 100.0]",15875.55078125,6410.30078125,9465.25,40.37844651551213,24575.99609375,380.12109375,1.5467169359075126,"[{""index"": 0, ""name"": ""NVIDIA P104-100"", ""pci_bus"": ""00000000:01:00.0"", ""pcie"": ""Gen1 x1"", ""util_pct"": 12.0, ""power_w"": 151.02, ""vram_used_mib"": 7974.0}, {""index"": 1, ""name"": ""NVIDIA P104-100"", ""pci_bus"": ""00000000:02:00.0"", ""pcie"": ""Gen1 x1"", ""util_pct"": 32.0, ""power_w"": 52.04, ""vram_used_mib"": 6580.0}, {""index"": 2, ""name"": ""NVIDIA P104-100"", ""pci_bus"": ""00000000:0A:00.0"", ""pcie"": ""Gen1 x1"", ""util_pct"": 36.0, ""power_w"": 49.95, ""vram_used_mib"": 7974.0}, {""index"": 3, ""name"": ""NVIDIA P104-100"", ""pci_bus"": ""00000000:0C:00.0"", ""pcie"": ""Gen1 x1"", ""util_pct"": 34.0, ""power_w"": 53.68, ""vram_used_mib"": 7570.0}, {""index"": 4, ""name"": ""NVIDIA P104-100"", ""pci_bus"": ""00000000:0D:00.0"", ""pcie"": ""Gen1 x1"", ""util_pct"": 0.0, ""power_w"": 53.59, ""vram_used_mib"": 7570.0}, {""index"": 5, ""name"": ""NVIDIA P104-100"", ""pci_bus"": ""00000000:0E:00.0"", ""pcie"": ""Gen1 x1"", ""util_pct"": 23.0, ""power_w"": 52.35, ""vram_used_mib"": 7794.0}]"
2026-08-16T12:50:05.065814+03:00,1786873805.065814,ctx_016384.txt,1,1,prefill,36.43867924528302,"[19.339622641509433, 11.79245283018868, 15.492957746478874, 100.0]",15875.55078125,6465.73046875,9409.8203125,40.72759778757676,24575.99609375,380.12109375,1.5467169359075126,"[{""index"": 0, ""name"": ""NVIDIA P104-100"", ""pci_bus"": ""00000000:01:00.0"", ""pcie"": ""Gen1 x1"", ""util_pct"": 0.0, ""power_w"": 51.87, ""vram_used_mib"": 7974.0}, {""index"": 1, ""name"": ""NVIDIA P104-100"", ""pci_bus"": ""00000000:02:00.0"", ""pcie"": ""Gen1 x1"", ""util_pct"": 0.0, ""power_w"": 53.09, ""vram_used_mib"": 6580.0}, {""index"": 2, ""name"": ""NVIDIA P104-100"", ""pci_bus"": ""00000000:0A:00.0"", ""pcie"": ""Gen1 x1"", ""util_pct"": 0.0, ""power_w"": 51.51, ""vram_used_mib"": 7974.0}, {""index"": 3, ""name"": ""NVIDIA P104-100"", ""pci_bus"": ""00000000:0C:00.0"", ""pcie"": ""Gen1 x1"", ""util_pct"": 0.0, ""power_w"": 55.36, ""vram_used_mib"": 7570.0}, {""index"": 4, ""name"": ""NVIDIA P104-100"", ""pci_bus"": ""00000000:0D:00.0"", ""pcie"": ""Gen1 x1"", ""util_pct"": 0.0, ""power_w"": 53.74, ""vram_used_mib"": 7570.0}, {""index"": 5, ""name"": ""NVIDIA P104-100"", ""pci_bus"": ""00000000:0E:00.0"", ""pcie"": ""Gen1 x1"", ""util_pct"": 98.0, ""power_w"": 110.01, ""vram_used_mib"": 7794.0}]"
2026-08-16T12:50:07.197841+03:00,1786873807.197841,ctx_016384.txt,1,1,prefill,36.94117647058823,"[18.309859154929576, 12.735849056603774, 16.822429906542055, 100.0]",15875.55078125,6428.72265625,9446.828125,40.4944857966296,24575.99609375,380.12109375,1.5467169359075126,"[{""index"": 0, ""name"": ""NVIDIA P104-100"", ""pci_bus"": ""00000000:01:00.0"", ""pcie"": ""Gen1 x1"", ""util_pct"": 0.0, ""power_w"": 159.26, ""vram_used_mib"": 7974.0}, {""index"": 1, ""name"": ""NVIDIA P104-100"", ""pci_bus"": ""00000000:02:00.0"", ""pcie"": ""Gen1 x1"", ""util_pct"": 0.0, ""power_w"": 53.03, ""vram_used_mib"": 6580.0}, {""index"": 2, ""name"": ""NVIDIA P104-100"", ""pci_bus"": ""00000000:0A:00.0"", ""pcie"": ""Gen1 x1"", ""util_pct"": 36.0, ""power_w"": 50.89, ""vram_used_mib"": 7974.0}, {""index"": 3, ""name"": ""NVIDIA P104-100"", ""pci_bus"": ""00000000:0C:00.0"", ""pcie"": ""Gen1 x1"", ""util_pct"": 34.0, ""power_w"": 53.6, ""vram_used_mib"": 7570.0}, {""index"": 4, ""name"": ""NVIDIA P104-100"", ""pci_bus"": ""00000000:0D:00.0"", ""pcie"": ""Gen1 x1"", ""util_pct"": 33.0, ""power_w"": 52.6, ""vram_used_mib"": 7570.0}, {""index"": 5, ""name"": ""NVIDIA P104-100"", ""pci_bus"": ""00000000:0E:00.0"", ""pcie"": ""Gen1 x1"", ""util_pct"": 0.0, ""power_w"": 54.89, ""vram_used_mib"": 7794.0}]"
2026-08-16T12:50:09.342819+03:00,1786873809.342819,ctx_016384.txt,1,1,prefill,37.45624270711785,"[19.1588785046729, 9.389671361502348, 20.28301886792453, 100.0]",15875.55078125,6450.72265625,9424.828125,40.63306366585214,24575.99609375,380.12109375,1.5467169359075126,"[{""index"": 0, ""name"": ""NVIDIA P104-100"", ""pci_bus"": ""00000000:01:00.0"", ""pcie"": ""Gen1 x1"", ""util_pct"": 7.0, ""power_w"": 54.97, ""vram_used_mib"": 7974.0}, {""index"": 1, ""name"": ""NVIDIA P104-100"", ""pci_bus"": ""00000000:02:00.0"", ""pcie"": ""Gen1 x1"", ""util_pct"": 2.0, ""power_w"": 178.23, ""vram_used_mib"": 6580.0}, {""index"": 2, ""name"": ""NVIDIA P104-100"", ""pci_bus"": ""00000000:0A:00.0"", ""pcie"": ""Gen1 x1"", ""util_pct"": 2.0, ""power_w"": 56.76, ""vram_used_mib"": 7974.0}, {""index"": 3, ""name"": ""NVIDIA P104-100"", ""pci_bus"": ""00000000:0C:00.0"", ""pcie"": ""Gen1 x1"", ""util_pct"": 2.0, ""power_w"": 53.93, ""vram_used_mib"": 7570.0}, {""index"": 4, ""name"": ""NVIDIA P104-100"", ""pci_bus"": ""00000000:0D:00.0"", ""pcie"": ""Gen1 x1"", ""util_pct"": 36.0, ""power_w"": 52.1, ""vram_used_mib"": 7570.0}, {""index"": 5, ""name"": ""NVIDIA P104-100"", ""pci_bus"": ""00000000:0E:00.0"", ""pcie"": ""Gen1 x1"", ""util_pct"": 21.0, ""power_w"": 51.18, ""vram_used_mib"": 7794.0}]"
2026-08-16T12:50:11.680005+03:00,1786873811.680005,ctx_016384.txt,1,1,prefill,49.67811158798283,"[18.454935622317596, 18.88412017167382, 61.111111111111114, 100.0]",15875.55078125,6373.3359375,9502.21484375,40.14560518446579,24575.99609375,380.1171875,1.5467010413330462,"[{""index"": 0, ""name"": ""NVIDIA P104-100"", ""pci_bus"": ""00000000:01:00.0"", ""pcie"": ""Gen1 x1"", ""util_pct"": 0.0, ""power_w"": 90.45, ""vram_used_mib"": 7974.0}, {""index"": 1, ""name"": ""NVIDIA P104-100"", ""pci_bus"": ""00000000:02:00.0"", ""pcie"": ""Gen1 x1"", ""util_pct"": 0.0, ""power_w"": 53.3, ""vram_used_mib"": 6580.0}, {""index"": 2, ""name"": ""NVIDIA P104-100"", ""pci_bus"": ""00000000:0A:00.0"", ""pcie"": ""Gen1 x1"", ""util_pct"": 23.0, ""power_w"": 49.92, ""vram_used_mib"": 7974.0}, {""index"": 3, ""name"": ""NVIDIA P104-100"", ""pci_bus"": ""00000000:0C:00.0"", ""pcie"": ""Gen1 x1"", ""util_pct"": 35.0, ""power_w"": 52.86, ""vram_used_mib"": 7570.0}, {""index"": 4, ""name"": ""NVIDIA P104-100"", ""pci_bus"": ""00000000:0D:00.0"", ""pcie"": ""Gen1 x1"", ""util_pct"": 34.0, ""power_w"": 53.44, ""vram_used_mib"": 7570.0}, {""index"": 5, ""name"": ""NVIDIA P104-100"", ""pci_bus"": ""00000000:0E:00.0"", ""pcie"": ""Gen1 x1"", ""util_pct"": 0.0, ""power_w"": 61.72, ""vram_used_mib"": 7794.0}]"
2026-08-16T12:50:13.810776+03:00,1786873813.810776,ctx_016384.txt,1,1,prefill,37.1764705882353,"[20.657276995305164, 21.22641509433962, 7.0754716981132075, 100.0]",15875.55078125,6422.62109375,9452.9296875,40.456052090712404,24575.99609375,380.1171875,1.5467010413330462,"[{""index"": 0, ""name"": ""NVIDIA P104-100"", ""pci_bus"": ""00000000:01:00.0"", ""pcie"": ""Gen1 x1"", ""util_pct"": 21.0, ""power_w"": 102.19, ""vram_used_mib"": 7974.0}, {""index"": 1, ""name"": ""NVIDIA P104-100"", ""pci_bus"": ""00000000:02:00.0"", ""pcie"": ""Gen1 x1"", ""util_pct"": 22.0, ""power_w"": 114.4, ""vram_used_mib"": 6580.0}, {""index"": 2, ""name"": ""NVIDIA P104-100"", ""pci_bus"": ""00000000:0A:00.0"", ""pcie"": ""Gen1 x1"", ""util_pct"": 2.0, ""power_w"": 51.04, ""vram_used_mib"": 7974.0}, {""index"": 3, ""name"": ""NVIDIA P104-100"", ""pci_bus"": ""00000000:0C:00.0"", ""pcie"": ""Gen1 x1"", ""util_pct"": 35.0, ""power_w"": 53.91, ""vram_used_mib"": 7570.0}, {""index"": 4, ""name"": ""NVIDIA P104-100"", ""pci_bus"": ""00000000:0D:00.0"", ""pcie"": ""Gen1 x1"", ""util_pct"": 10.0, ""power_w"": 52.6, ""vram_used_mib"": 7570.0}, {""index"": 5, ""name"": ""NVIDIA P104-100"", ""pci_bus"": ""00000000:0E:00.0"", ""pcie"": ""Gen1 x1"", ""util_pct"": 23.0, ""power_w"": 51.26, ""vram_used_mib"": 7794.0}]"
2026-08-16T12:50:15.946635+03:00,1786873815.946635,ctx_016384.txt,1,1,prefill,37.86635404454865,"[10.7981220657277, 24.88262910798122, 15.42056074766355, 100.0]",15875.55078125,6418.0625,9457.48828125,40.427337535779394,24575.99609375,380.1171875,1.5467010413330462,"[{""index"": 0, ""name"": ""NVIDIA P104-100"", ""pci_bus"": ""00000000:01:00.0"", ""pcie"": ""Gen1 x1"", ""util_pct"": 0.0, ""power_w"": 53.47, ""vram_used_mib"": 7974.0}, {""index"": 1, ""name"": ""NVIDIA P104-100"", ""pci_bus"": ""00000000:02:00.0"", ""pcie"": ""Gen1 x1"", ""util_pct"": 0.0, ""power_w"": 182.61, ""vram_used_mib"": 6580.0}, {""index"": 2, ""name"": ""NVIDIA P104-100"", ""pci_bus"": ""00000000:0A:00.0"", ""pcie"": ""Gen1 x1"", ""util_pct"": 13.0, ""power_w"": 50.76, ""vram_used_mib"": 7974.0}, {""index"": 3, ""name"": ""NVIDIA P104-100"", ""pci_bus"": ""00000000:0C:00.0"", ""pcie"": ""Gen1 x1"", ""util_pct"": 32.0, ""power_w"": 53.93, ""vram_used_mib"": 7570.0}, {""index"": 4, ""name"": ""NVIDIA P104-100"", ""pci_bus"": ""00000000:0D:00.0"", ""pcie"": ""Gen1 x1"", ""util_pct"": 35.0, ""power_w"": 52.1, ""vram_used_mib"": 7570.0}, {""index"": 5, ""name"": ""NVIDIA P104-100"", ""pci_bus"": ""00000000:0E:00.0"", ""pcie"": ""Gen1 x1"", ""util_pct"": 25.0, ""power_w"": 50.93, ""vram_used_mib"": 7794.0}]"
2026-08-16T12:50:18.088718+03:00,1786873818.088718,ctx_016384.txt,1,1,prefill,38.10082063305979,"[13.20754716981132, 17.84037558685446, 21.49532710280374, 100.0]",15875.55078125,6452.1875,9423.36328125,40.64229070792573,24575.99609375,380.08203125,1.546557990162848,"[{""index"": 0, ""name"": ""NVIDIA P104-100"", ""pci_bus"": ""00000000:01:00.0"", ""pcie"": ""Gen1 x1"", ""util_pct"": 23.0, ""power_w"": 51.03, ""vram_used_mib"": 7974.0}, {""index"": 1, ""name"": ""NVIDIA P104-100"", ""pci_bus"": ""00000000:02:00.0"", ""pcie"": ""Gen1 x1"", ""util_pct"": 11.0, ""power_w"": 60.47, ""vram_used_mib"": 6580.0}, {""index"": 2, ""name"": ""NVIDIA P104-100"", ""pci_bus"": ""00000000:0A:00.0"", ""pcie"": ""Gen1 x1"", ""util_pct"": 2.0, ""power_w"": 177.39, ""vram_used_mib"": 7974.0}, {""index"": 3, ""name"": ""NVIDIA P104-100"", ""pci_bus"": ""00000000:0C:00.0"", ""pcie"": ""Gen1 x1"", ""util_pct"": 2.0, ""power_w"": 54.92, ""vram_used_mib"": 7570.0}, {""index"": 4, ""name"": ""NVIDIA P104-100"", ""pci_bus"": ""00000000:0D:00.0"", ""pcie"": ""Gen1 x1"", ""util_pct"": 26.0, ""power_w"": 52.5, ""vram_used_mib"": 7570.0}, {""index"": 5, ""name"": ""NVIDIA P104-100"", ""pci_bus"": ""00000000:0E:00.0"", ""pcie"": ""Gen1 x1"", ""util_pct"": 23.0, ""power_w"": 50.93, ""vram_used_mib"": 7794.0}]"
2026-08-16T12:50:20.214269+03:00,1786873820.214269,ctx_016384.txt,1,1,prefill,37.66233766233766,"[19.339622641509433, 14.218009478672986, 16.9811320754717, 100.0]",15875.55078125,6363.91796875,9511.6328125,40.086281455294,24575.99609375,380.08203125,1.546557990162848,"[{""index"": 0, ""name"": ""NVIDIA P104-100"", ""pci_bus"": ""00000000:01:00.0"", ""pcie"": ""Gen1 x1"", ""util_pct"": 39.0, ""power_w"": 52.0, ""vram_used_mib"": 7974.0}, {""index"": 1, ""name"": ""NVIDIA P104-100"", ""pci_bus"": ""00000000:02:00.0"", ""pcie"": ""Gen1 x1"", ""util_pct"": 35.0, ""power_w"": 54.61, ""vram_used_mib"": 6580.0}, {""index"": 2, ""name"": ""NVIDIA P104-100"", ""pci_bus"": ""00000000:0A:00.0"", ""pcie"": ""Gen1 x1"", ""util_pct"": 16.0, ""power_w"": 132.13, ""vram_used_mib"": 7974.0}, {""index"": 3, ""name"": ""NVIDIA P104-100"", ""pci_bus"": ""00000000:0C:00.0"", ""pcie"": ""Gen1 x1"", ""util_pct"": 2.0, ""power_w"": 65.32, ""vram_used_mib"": 7570.0}, {""index"": 4, ""name"": ""NVIDIA P104-100"", ""pci_bus"": ""00000000:0D:00.0"", ""pcie"": ""Gen1 x1"", ""util_pct"": 2.0, ""power_w"": 52.25, ""vram_used_mib"": 7570.0}, {""index"": 5, ""name"": ""NVIDIA P104-100"", ""pci_bus"": ""00000000:0E:00.0"", ""pcie"": ""Gen1 x1"", ""util_pct"": 25.0, ""power_w"": 50.91, ""vram_used_mib"": 7794.0}]"
2026-08-16T12:50:22.335720+03:00,1786873822.335720,ctx_016384.txt,1,1,prefill,36.87943262411348,"[12.322274881516588, 16.587677725118482, 17.53554502369668, 100.0]",15875.55078125,6503.16796875,9372.3828125,40.96341637753218,24575.99609375,380.078125,1.5465420955883813,"[{""index"": 0, ""name"": ""NVIDIA P104-100"", ""pci_bus"": ""00000000:01:00.0"", ""pcie"": ""Gen1 x1"", ""util_pct"": 31.0, ""power_w"": 51.82, ""vram_used_mib"": 7974.0}, {""index"": 1, ""name"": ""NVIDIA P104-100"", ""pci_bus"": ""00000000:02:00.0"", ""pcie"": ""Gen1 x1"", ""util_pct"": 2.0, ""power_w"": 52.37, ""vram_used_mib"": 6580.0}, {""index"": 2, ""name"": ""NVIDIA P104-100"", ""pci_bus"": ""00000000:0A:00.0"", ""pcie"": ""Gen1 x1"", ""util_pct"": 2.0, ""power_w"": 66.56, ""vram_used_mib"": 7974.0}, {""index"": 3, ""name"": ""NVIDIA P104-100"", ""pci_bus"": ""00000000:0C:00.0"", ""pcie"": ""Gen1 x1"", ""util_pct"": 2.0, ""power_w"": 161.9, ""vram_used_mib"": 7570.0}, {""index"": 4, ""name"": ""NVIDIA P104-100"", ""pci_bus"": ""00000000:0D:00.0"", ""pcie"": ""Gen1 x1"", ""util_pct"": 40.0, ""power_w"": 52.33, ""vram_used_mib"": 7570.0}, {""index"": 5, ""name"": ""NVIDIA P104-100"", ""pci_bus"": ""00000000:0E:00.0"", ""pcie"": ""Gen1 x1"", ""util_pct"": 5.0, ""power_w"": 51.16, ""vram_used_mib"": 7794.0}]"
2026-08-16T12:50:24.474608+03:00,1786873824.474608,ctx_016384.txt,1,1,prefill,37.587822014051525,"[26.16822429906542, 12.616822429906541, 11.737089201877934, 100.0]",15875.55078125,6455.8515625,9419.69921875,40.66537061583247,24575.99609375,380.03515625,1.54636725526925,"[{""index"": 0, ""name"": ""NVIDIA P104-100"", ""pci_bus"": ""00000000:01:00.0"", ""pcie"": ""Gen1 x1"", ""util_pct"": 76.0, ""power_w"": 52.1, ""vram_used_mib"": 7974.0}, {""index"": 1, ""name"": ""NVIDIA P104-100"", ""pci_bus"": ""00000000:02:00.0"", ""pcie"": ""Gen1 x1"", ""util_pct"": 63.0, ""power_w"": 53.58, ""vram_used_mib"": 6580.0}, {""index"": 2, ""name"": ""NVIDIA P104-100"", ""pci_bus"": ""00000000:0A:00.0"", ""pcie"": ""Gen1 x1"", ""util_pct"": 27.0, ""power_w"": 52.05, ""vram_used_mib"": 7974.0}, {""index"": 3, ""name"": ""NVIDIA P104-100"", ""pci_bus"": ""00000000:0C:00.0"", ""pcie"": ""Gen1 x1"", ""util_pct"": 8.0, ""power_w"": 138.38, ""vram_used_mib"": 7570.0}, {""index"": 4, ""name"": ""NVIDIA P104-100"", ""pci_bus"": ""00000000:0D:00.0"", ""pcie"": ""Gen1 x1"", ""util_pct"": 4.0, ""power_w"": 136.31, ""vram_used_mib"": 7570.0}, {""index"": 5, ""name"": ""NVIDIA P104-100"", ""pci_bus"": ""00000000:0E:00.0"", ""pcie"": ""Gen1 x1"", ""util_pct"": 0.0, ""power_w"": 126.3, ""vram_used_mib"": 7794.0}]"
2026-08-16T12:50:26.647086+03:00,1786873826.647086,ctx_016384.txt,1,1,prefill,37.831603229527104,"[14.814814814814815, 16.203703703703702, 19.81566820276498, 100.0]",15875.55078125,6448.03515625,9427.515625,40.6161351193278,24575.99609375,380.03515625,1.54636725526925,"[{""index"": 0, ""name"": ""NVIDIA P104-100"", ""pci_bus"": ""00000000:01:00.0"", ""pcie"": ""Gen1 x1"", ""util_pct"": 28.0, ""power_w"": 51.12, ""vram_used_mib"": 7974.0}, {""index"": 1, ""name"": ""NVIDIA P104-100"", ""pci_bus"": ""00000000:02:00.0"", ""pcie"": ""Gen1 x1"", ""util_pct"": 33.0, ""power_w"": 53.13, ""vram_used_mib"": 6580.0}, {""index"": 2, ""name"": ""NVIDIA P104-100"", ""pci_bus"": ""00000000:0A:00.0"", ""pcie"": ""Gen1 x1"", ""util_pct"": 37.0, ""power_w"": 50.51, ""vram_used_mib"": 7974.0}, {""index"": 3, ""name"": ""NVIDIA P104-100"", ""pci_bus"": ""00000000:0C:00.0"", ""pcie"": ""Gen1 x1"", ""util_pct"": 35.0, ""power_w"": 53.83, ""vram_used_mib"": 7570.0}, {""index"": 4, ""name"": ""NVIDIA P104-100"", ""pci_bus"": ""00000000:0D:00.0"", ""pcie"": ""Gen1 x1"", ""util_pct"": 0.0, ""power_w"": 59.11, ""vram_used_mib"": 7570.0}, {""index"": 5, ""name"": ""NVIDIA P104-100"", ""pci_bus"": ""00000000:0E:00.0"", ""pcie"": ""Gen1 x1"", ""util_pct"": 20.0, ""power_w"": 162.77, ""vram_used_mib"": 7794.0}]"
2026-08-16T12:50:28.779050+03:00,1786873828.779050,ctx_016384.txt,1,1,prefill,37.83783783783784,"[8.411214953271028, 18.779342723004696, 24.413145539906104, 100.0]",15875.55078125,6471.06640625,9404.484375,40.761208826170154,24575.99609375,380.03515625,1.54636725526925,"[{""index"": 0, ""name"": ""NVIDIA P104-100"", ""pci_bus"": ""00000000:01:00.0"", ""pcie"": ""Gen1 x1"", ""util_pct"": 0.0, ""power_w"": 52.2, ""vram_used_mib"": 7974.0}, {""index"": 1, ""name"": ""NVIDIA P104-100"", ""pci_bus"": ""00000000:02:00.0"", ""pcie"": ""Gen1 x1"", ""util_pct"": 10.0, ""power_w"": 53.36, ""vram_used_mib"": 6580.0}, {""index"": 2, ""name"": ""NVIDIA P104-100"", ""pci_bus"": ""00000000:0A:00.0"", ""pcie"": ""Gen1 x1"", ""util_pct"": 38.0, ""power_w"": 50.76, ""vram_used_mib"": 7974.0}, {""index"": 3, ""name"": ""NVIDIA P104-100"", ""pci_bus"": ""00000000:0C:00.0"", ""pcie"": ""Gen1 x1"", ""util_pct"": 36.0, ""power_w"": 53.68, ""vram_used_mib"": 7570.0}, {""index"": 4, ""name"": ""NVIDIA P104-100"", ""pci_bus"": ""00000000:0D:00.0"", ""pcie"": ""Gen1 x1"", ""util_pct"": 22.0, ""power_w"": 56.19, ""vram_used_mib"": 7570.0}, {""index"": 5, ""name"": ""NVIDIA P104-100"", ""pci_bus"": ""00000000:0E:00.0"", ""pcie"": ""Gen1 x1"", ""util_pct"": 0.0, ""power_w"": 113.23, ""vram_used_mib"": 7794.0}]"
2026-08-16T12:50:30.904631+03:00,1786873830.904631,ctx_016384.txt,1,1,prefill,37.85377358490566,"[20.379146919431278, 11.374407582938389, 19.248826291079812, 100.0]",15875.55078125,6386.59765625,9488.953125,40.22914067203869,24575.99609375,380.03125,1.5463513606947836,"[{""index"": 0, ""name"": ""NVIDIA P104-100"", ""pci_bus"": ""00000000:01:00.0"", ""pcie"": ""Gen1 x1"", ""util_pct"": 0.0, ""power_w"": 52.12, ""vram_used_mib"": 7974.0}, {""index"": 1, ""name"": ""NVIDIA P104-100"", ""pci_bus"": ""00000000:02:00.0"", ""pcie"": ""Gen1 x1"", ""util_pct"": 0.0, ""power_w"": 52.31, ""vram_used_mib"": 6580.0}, {""index"": 2, ""name"": ""NVIDIA P104-100"", ""pci_bus"": ""00000000:0A:00.0"", ""pcie"": ""Gen1 x1"", ""util_pct"": 35.0, ""power_w"": 50.76, ""vram_used_mib"": 7974.0}, {""index"": 3, ""name"": ""NVIDIA P104-100"", ""pci_bus"": ""00000000:0C:00.0"", ""pcie"": ""Gen1 x1"", ""util_pct"": 36.0, ""power_w"": 53.59, ""vram_used_mib"": 7570.0}, {""index"": 4, ""name"": ""NVIDIA P104-100"", ""pci_bus"": ""00000000:0D:00.0"", ""pcie"": ""Gen1 x1"", ""util_pct"": 35.0, ""power_w"": 58.22, ""vram_used_mib"": 7570.0}, {""index"": 5, ""name"": ""NVIDIA P104-100"", ""pci_bus"": ""00000000:0E:00.0"", ""pcie"": ""Gen1 x1"", ""util_pct"": 0.0, ""power_w"": 106.64, ""vram_used_mib"": 7794.0}]"
2026-08-16T12:50:33.050220+03:00,1786873833.050220,ctx_016384.txt,1,1,prefill,38.2903981264637,"[18.69158878504673, 17.452830188679247, 17.452830188679247, 99.06103286384976]",15875.55078125,6482.03515625,9393.515625,40.830300917217194,24575.99609375,380.03125,1.5463513606947836,"[{""index"": 0, ""name"": ""NVIDIA P104-100"", ""pci_bus"": ""00000000:01:00.0"", ""pcie"": ""Gen1 x1"", ""util_pct"": 0.0, ""power_w"": 100.47, ""vram_used_mib"": 7974.0}, {""index"": 1, ""name"": ""NVIDIA P104-100"", ""pci_bus"": ""00000000:02:00.0"", ""pcie"": ""Gen1 x1"", ""util_pct"": 0.0, ""power_w"": 53.36, ""vram_used_mib"": 6580.0}, {""index"": 2, ""name"": ""NVIDIA P104-100"", ""pci_bus"": ""00000000:0A:00.0"", ""pcie"": ""Gen1 x1"", ""util_pct"": 33.0, ""power_w"": 50.66, ""vram_used_mib"": 7974.0}, {""index"": 3, ""name"": ""NVIDIA P104-100"", ""pci_bus"": ""00000000:0C:00.0"", ""pcie"": ""Gen1 x1"", ""util_pct"": 36.0, ""power_w"": 53.93, ""vram_used_mib"": 7570.0}, {""index"": 4, ""name"": ""NVIDIA P104-100"", ""pci_bus"": ""00000000:0D:00.0"", ""pcie"": ""Gen1 x1"", ""util_pct"": 35.0, ""power_w"": 52.45, ""vram_used_mib"": 7570.0}, {""index"": 5, ""name"": ""NVIDIA P104-100"", ""pci_bus"": ""00000000:0E:00.0"", ""pcie"": ""Gen1 x1"", ""util_pct"": 0.0, ""power_w"": 43.2, ""vram_used_mib"": 7794.0}]"
2026-08-16T12:50:35.293012+03:00,1786873835.293012,ctx_016384.txt,1,1,prefill,52.63157894736842,"[26.00896860986547, 100.0, 23.11111111111111, 61.711711711711715]",15875.55078125,6596.1640625,9279.38671875,41.5491982192547,24575.99609375,380.03125,1.5463513606947836,"[{""index"": 0, ""name"": ""NVIDIA P104-100"", ""pci_bus"": ""00000000:01:00.0"", ""pcie"": ""Gen1 x1"", ""util_pct"": 0.0, ""power_w"": 52.12, ""vram_used_mib"": 7974.0}, {""index"": 1, ""name"": ""NVIDIA P104-100"", ""pci_bus"": ""00000000:02:00.0"", ""pcie"": ""Gen1 x1"", ""util_pct"": 0.0, ""power_w"": 53.3, ""vram_used_mib"": 6580.0}, {""index"": 2, ""name"": ""NVIDIA P104-100"", ""pci_bus"": ""00000000:0A:00.0"", ""pcie"": ""Gen1 x1"", ""util_pct"": 36.0, ""power_w"": 51.85, ""vram_used_mib"": 7974.0}, {""index"": 3, ""name"": ""NVIDIA P104-100"", ""pci_bus"": ""00000000:0C:00.0"", ""pcie"": ""Gen1 x1"", ""util_pct"": 36.0, ""power_w"": 53.7, ""vram_used_mib"": 7570.0}, {""index"": 4, ""name"": ""NVIDIA P104-100"", ""pci_bus"": ""00000000:0D:00.0"", ""pcie"": ""Gen1 x1"", ""util_pct"": 35.0, ""power_w"": 54.78, ""vram_used_mib"": 7570.0}, {""index"": 5, ""name"": ""NVIDIA P104-100"", ""pci_bus"": ""00000000:0E:00.0"", ""pcie"": ""Gen1 x1"", ""util_pct"": 0.0, ""power_w"": 64.9, ""vram_used_mib"": 7794.0}]"
2026-08-16T12:50:37.415612+03:00,1786873837.415612,ctx_016384.txt,1,1,prefill,37.5886524822695,"[24.170616113744074, 100.0, 14.691943127962086, 10.90047393364929]",15875.55078125,6554.19921875,9321.3515625,41.284861917930506,24575.99609375,379.73046875,1.5451274784608648,"[{""index"": 0, ""name"": ""NVIDIA P104-100"", ""pci_bus"": ""00000000:01:00.0"", ""pcie"": ""Gen1 x1"", ""util_pct"": 0.0, ""power_w"": 52.12, ""vram_used_mib"": 7974.0}, {""index"": 1, ""name"": ""NVIDIA P104-100"", ""pci_bus"": ""00000000:02:00.0"", ""pcie"": ""Gen1 x1"", ""util_pct"": 0.0, ""power_w"": 52.31, ""vram_used_mib"": 6580.0}, {""index"": 2, ""name"": ""NVIDIA P104-100"", ""pci_bus"": ""00000000:0A:00.0"", ""pcie"": ""Gen1 x1"", ""util_pct"": 38.0, ""power_w"": 50.76, ""vram_used_mib"": 7974.0}, {""index"": 3, ""name"": ""NVIDIA P104-100"", ""pci_bus"": ""00000000:0C:00.0"", ""pcie"": ""Gen1 x1"", ""util_pct"": 36.0, ""power_w"": 55.42, ""vram_used_mib"": 7570.0}, {""index"": 4, ""name"": ""NVIDIA P104-100"", ""pci_bus"": ""00000000:0D:00.0"", ""pcie"": ""Gen1 x1"", ""util_pct"": 30.0, ""power_w"": 83.3, ""vram_used_mib"": 7570.0}, {""index"": 5, ""name"": ""NVIDIA P104-100"", ""pci_bus"": ""00000000:0E:00.0"", ""pcie"": ""Gen1 x1"", ""util_pct"": 0.0, ""power_w"": 106.06, ""vram_used_mib"": 7794.0}]"
2026-08-16T12:50:39.559248+03:00,1786873839.559248,ctx_016384.txt,1,1,prefill,37.850467289719624,"[18.69158878504673, 100.0, 17.84037558685446, 14.883720930232558]",15875.55078125,6490.46484375,9385.0859375,40.88339946867001,24575.99609375,379.7265625,1.5451115838863982,"[{""index"": 0, ""name"": ""NVIDIA P104-100"", ""pci_bus"": ""00000000:01:00.0"", ""pcie"": ""Gen1 x1"", ""util_pct"": 0.0, ""power_w"": 52.12, ""vram_used_mib"": 7974.0}, {""index"": 1, ""name"": ""NVIDIA P104-100"", ""pci_bus"": ""00000000:02:00.0"", ""pcie"": ""Gen1 x1"", ""util_pct"": 0.0, ""power_w"": 53.65, ""vram_used_mib"": 6580.0}, {""index"": 2, ""name"": ""NVIDIA P104-100"", ""pci_bus"": ""00000000:0A:00.0"", ""pcie"": ""Gen1 x1"", ""util_pct"": 40.0, ""power_w"": 51.1, ""vram_used_mib"": 7974.0}, {""index"": 3, ""name"": ""NVIDIA P104-100"", ""pci_bus"": ""00000000:0C:00.0"", ""pcie"": ""Gen1 x1"", ""util_pct"": 57.0, ""power_w"": 54.37, ""vram_used_mib"": 7570.0}, {""index"": 4, ""name"": ""NVIDIA P104-100"", ""pci_bus"": ""00000000:0D:00.0"", ""pcie"": ""Gen1 x1"", ""util_pct"": 67.0, ""power_w"": 79.01, ""vram_used_mib"": 7570.0}, {""index"": 5, ""name"": ""NVIDIA P104-100"", ""pci_bus"": ""00000000:0E:00.0"", ""pcie"": ""Gen1 x1"", ""util_pct"": 0.0, ""power_w"": 117.27, ""vram_used_mib"": 7794.0}]"
2026-08-16T12:50:41.736908+03:00,1786873841.736908,ctx_016384.txt,1,1,prefill,37.93103448275862,"[18.264840182648403, 100.0, 17.889908256880734, 15.668202764976959]",15875.55078125,6465.8515625,9409.69921875,40.728360556388175,24575.99609375,379.7265625,1.5451115838863982,"[{""index"": 0, ""name"": ""NVIDIA P104-100"", ""pci_bus"": ""00000000:01:00.0"", ""pcie"": ""Gen1 x1"", ""util_pct"": 0.0, ""power_w"": 52.12, ""vram_used_mib"": 7974.0}, {""index"": 1, ""name"": ""NVIDIA P104-100"", ""pci_bus"": ""00000000:02:00.0"", ""pcie"": ""Gen1 x1"", ""util_pct"": 34.0, ""power_w"": 53.26, ""vram_used_mib"": 6580.0}, {""index"": 2, ""name"": ""NVIDIA P104-100"", ""pci_bus"": ""00000000:0A:00.0"", ""pcie"": ""Gen1 x1"", ""util_pct"": 38.0, ""power_w"": 50.61, ""vram_used_mib"": 7974.0}, {""index"": 3, ""name"": ""NVIDIA P104-100"", ""pci_bus"": ""00000000:0C:00.0"", ""pcie"": ""Gen1 x1"", ""util_pct"": 19.0, ""power_w"": 53.95, ""vram_used_mib"": 7570.0}, {""index"": 4, ""name"": ""NVIDIA P104-100"", ""pci_bus"": ""00000000:0D:00.0"", ""pcie"": ""Gen1 x1"", ""util_pct"": 0.0, ""power_w"": 54.29, ""vram_used_mib"": 7570.0}, {""index"": 5, ""name"": ""NVIDIA P104-100"", ""pci_bus"": ""00000000:0E:00.0"", ""pcie"": ""Gen1 x1"", ""util_pct"": 1.0, ""power_w"": 75.46, ""vram_used_mib"": 7794.0}]"
2026-08-16T12:50:43.888032+03:00,1786873843.888032,ctx_016384.txt,1,1,prefill,38.03967327887981,"[14.084507042253522, 100.0, 20.187793427230048, 17.289719626168225]",15875.55078125,6461.40234375,9414.1484375,40.700334953929996,24575.99609375,379.703125,1.5450162164395995,"[{""index"": 0, ""name"": ""NVIDIA P104-100"", ""pci_bus"": ""00000000:01:00.0"", ""pcie"": ""Gen1 x1"", ""util_pct"": 40.0, ""power_w"": 51.87, ""vram_used_mib"": 7974.0}, {""index"": 1, ""name"": ""NVIDIA P104-100"", ""pci_bus"": ""00000000:02:00.0"", ""pcie"": ""Gen1 x1"", ""util_pct"": 34.0, ""power_w"": 52.29, ""vram_used_mib"": 6580.0}, {""index"": 2, ""name"": ""NVIDIA P104-100"", ""pci_bus"": ""00000000:0A:00.0"", ""pcie"": ""Gen1 x1"", ""util_pct"": 38.0, ""power_w"": 51.75, ""vram_used_mib"": 7974.0}, {""index"": 3, ""name"": ""NVIDIA P104-100"", ""pci_bus"": ""00000000:0C:00.0"", ""pcie"": ""Gen1 x1"", ""util_pct"": 21.0, ""power_w"": 53.93, ""vram_used_mib"": 7570.0}, {""index"": 4, ""name"": ""NVIDIA P104-100"", ""pci_bus"": ""00000000:0D:00.0"", ""pcie"": ""Gen1 x1"", ""util_pct"": 0.0, ""power_w"": 74.92, ""vram_used_mib"": 7570.0}, {""index"": 5, ""name"": ""NVIDIA P104-100"", ""pci_bus"": ""00000000:0E:00.0"", ""pcie"": ""Gen1 x1"", ""util_pct"": 2.0, ""power_w"": 151.44, ""vram_used_mib"": 7794.0}]"
2026-08-16T12:50:46.011441+03:00,1786873846.011441,ctx_016384.txt,1,1,prefill,36.95395513577332,"[13.20754716981132, 100.0, 17.452830188679247, 17.061611374407583]",15875.55078125,6458.1484375,9417.40234375,40.67983861780386,24575.99609375,379.703125,1.5450162164395995,"[{""index"": 0, ""name"": ""NVIDIA P104-100"", ""pci_bus"": ""00000000:01:00.0"", ""pcie"": ""Gen1 x1"", ""util_pct"": 0.0, ""power_w"": 51.87, ""vram_used_mib"": 7974.0}, {""index"": 1, ""name"": ""NVIDIA P104-100"", ""pci_bus"": ""00000000:02:00.0"", ""pcie"": ""Gen1 x1"", ""util_pct"": 0.0, ""power_w"": 53.81, ""vram_used_mib"": 6580.0}, {""index"": 2, ""name"": ""NVIDIA P104-100"", ""pci_bus"": ""00000000:0A:00.0"", ""pcie"": ""Gen1 x1"", ""util_pct"": 0.0, ""power_w"": 51.51, ""vram_used_mib"": 7974.0}, {""index"": 3, ""name"": ""NVIDIA P104-100"", ""pci_bus"": ""00000000:0C:00.0"", ""pcie"": ""Gen1 x1"", ""util_pct"": 0.0, ""power_w"": 53.62, ""vram_used_mib"": 7570.0}, {""index"": 4, ""name"": ""NVIDIA P104-100"", ""pci_bus"": ""00000000:0D:00.0"", ""pcie"": ""Gen1 x1"", ""util_pct"": 0.0, ""power_w"": 52.28, ""vram_used_mib"": 7570.0}, {""index"": 5, ""name"": ""NVIDIA P104-100"", ""pci_bus"": ""00000000:0E:00.0"", ""pcie"": ""Gen1 x1"", ""util_pct"": 98.0, ""power_w"": 98.89, ""vram_used_mib"": 7794.0}]"
2026-08-16T12:50:48.130762+03:00,1786873848.130762,ctx_016384.txt,1,1,prefill,36.481700118063756,"[10.90047393364929, 100.0, 15.09433962264151, 19.81132075471698]",15875.55078125,6377.75,9497.80078125,40.17340933791421,24575.99609375,379.703125,1.5450162164395995,"[{""index"": 0, ""name"": ""NVIDIA P104-100"", ""pci_bus"": ""00000000:01:00.0"", ""pcie"": ""Gen1 x1"", ""util_pct"": 40.0, ""power_w"": 52.58, ""vram_used_mib"": 7974.0}, {""index"": 1, ""name"": ""NVIDIA P104-100"", ""pci_bus"": ""00000000:02:00.0"", ""pcie"": ""Gen1 x1"", ""util_pct"": 40.0, ""power_w"": 49.85, ""vram_used_mib"": 6580.0}, {""index"": 2, ""name"": ""NVIDIA P104-100"", ""pci_bus"": ""00000000:0A:00.0"", ""pcie"": ""Gen1 x1"", ""util_pct"": 5.0, ""power_w"": 178.54, ""vram_used_mib"": 7974.0}, {""index"": 3, ""name"": ""NVIDIA P104-100"", ""pci_bus"": ""00000000:0C:00.0"", ""pcie"": ""Gen1 x1"", ""util_pct"": 2.0, ""power_w"": 46.44, ""vram_used_mib"": 7570.0}, {""index"": 4, ""name"": ""NVIDIA P104-100"", ""pci_bus"": ""00000000:0D:00.0"", ""pcie"": ""Gen1 x1"", ""util_pct"": 2.0, ""power_w"": 52.45, ""vram_used_mib"": 7570.0}, {""index"": 5, ""name"": ""NVIDIA P104-100"", ""pci_bus"": ""00000000:0E:00.0"", ""pcie"": ""Gen1 x1"", ""util_pct"": 27.0, ""power_w"": 51.16, ""vram_used_mib"": 7794.0}]"
2026-08-16T12:50:50.259532+03:00,1786873850.259532,ctx_016384.txt,1,1,prefill,37.382075471698116,"[13.20754716981132, 100.0, 18.48341232227488, 17.452830188679247]",15875.55078125,6459.421875,9416.12890625,40.6878599930465,24575.99609375,379.68359375,1.544936743567267,"[{""index"": 0, ""name"": ""NVIDIA P104-100"", ""pci_bus"": ""00000000:01:00.0"", ""pcie"": ""Gen1 x1"", ""util_pct"": 28.0, ""power_w"": 168.46, ""vram_used_mib"": 7974.0}, {""index"": 1, ""name"": ""NVIDIA P104-100"", ""pci_bus"": ""00000000:02:00.0"", ""pcie"": ""Gen1 x1"", ""util_pct"": 8.0, ""power_w"": 54.84, ""vram_used_mib"": 6580.0}, {""index"": 2, ""name"": ""NVIDIA P104-100"", ""pci_bus"": ""00000000:0A:00.0"", ""pcie"": ""Gen1 x1"", ""util_pct"": 39.0, ""power_w"": 51.01, ""vram_used_mib"": 7974.0}, {""index"": 3, ""name"": ""NVIDIA P104-100"", ""pci_bus"": ""00000000:0C:00.0"", ""pcie"": ""Gen1 x1"", ""util_pct"": 36.0, ""power_w"": 53.91, ""vram_used_mib"": 7570.0}, {""index"": 4, ""name"": ""NVIDIA P104-100"", ""pci_bus"": ""00000000:0D:00.0"", ""pcie"": ""Gen1 x1"", ""util_pct"": 19.0, ""power_w"": 53.32, ""vram_used_mib"": 7570.0}, {""index"": 5, ""name"": ""NVIDIA P104-100"", ""pci_bus"": ""00000000:0E:00.0"", ""pcie"": ""Gen1 x1"", ""util_pct"": 27.0, ""power_w"": 51.16, ""vram_used_mib"": 7794.0}]"
2026-08-16T12:50:52.404825+03:00,1786873852.404825,ctx_016384.txt,1,1,prefill,37.89473684210526,"[12.67605633802817, 100.0, 16.431924882629108, 21.5962441314554]",15875.55078125,6493.921875,9381.62890625,40.90517528796368,24575.99609375,379.68359375,1.544936743567267,"[{""index"": 0, ""name"": ""NVIDIA P104-100"", ""pci_bus"": ""00000000:01:00.0"", ""pcie"": ""Gen1 x1"", ""util_pct"": 15.0, ""power_w"": 52.22, ""vram_used_mib"": 7974.0}, {""index"": 1, ""name"": ""NVIDIA P104-100"", ""pci_bus"": ""00000000:02:00.0"", ""pcie"": ""Gen1 x1"", ""util_pct"": 22.0, ""power_w"": 53.4, ""vram_used_mib"": 6580.0}, {""index"": 2, ""name"": ""NVIDIA P104-100"", ""pci_bus"": ""00000000:0A:00.0"", ""pcie"": ""Gen1 x1"", ""util_pct"": 38.0, ""power_w"": 50.96, ""vram_used_mib"": 7974.0}, {""index"": 3, ""name"": ""NVIDIA P104-100"", ""pci_bus"": ""00000000:0C:00.0"", ""pcie"": ""Gen1 x1"", ""util_pct"": 36.0, ""power_w"": 54.94, ""vram_used_mib"": 7570.0}, {""index"": 4, ""name"": ""NVIDIA P104-100"", ""pci_bus"": ""00000000:0D:00.0"", ""pcie"": ""Gen1 x1"", ""util_pct"": 6.0, ""power_w"": 54.44, ""vram_used_mib"": 7570.0}, {""index"": 5, ""name"": ""NVIDIA P104-100"", ""pci_bus"": ""00000000:0E:00.0"", ""pcie"": ""Gen1 x1"", ""util_pct"": 25.0, ""power_w"": 71.3, ""vram_used_mib"": 7794.0}]"
2026-08-16T12:50:54.530274+03:00,1786873854.530274,ctx_016384.txt,1,1,prefill,37.735849056603776,"[16.901408450704224, 100.0, 22.065727699530516, 12.735849056603774]",15875.55078125,6362.38671875,9513.1640625,40.076636120646405,24575.99609375,379.68359375,1.544936743567267,"[{""index"": 0, ""name"": ""NVIDIA P104-100"", ""pci_bus"": ""00000000:01:00.0"", ""pcie"": ""Gen1 x1"", ""util_pct"": 27.0, ""power_w"": 52.12, ""vram_used_mib"": 7974.0}, {""index"": 1, ""name"": ""NVIDIA P104-100"", ""pci_bus"": ""00000000:02:00.0"", ""pcie"": ""Gen1 x1"", ""util_pct"": 34.0, ""power_w"": 53.26, ""vram_used_mib"": 6580.0}, {""index"": 2, ""name"": ""NVIDIA P104-100"", ""pci_bus"": ""00000000:0A:00.0"", ""pcie"": ""Gen1 x1"", ""util_pct"": 77.0, ""power_w"": 51.1, ""vram_used_mib"": 7974.0}, {""index"": 3, ""name"": ""NVIDIA P104-100"", ""pci_bus"": ""00000000:0C:00.0"", ""pcie"": ""Gen1 x1"", ""util_pct"": 74.0, ""power_w"": 58.13, ""vram_used_mib"": 7570.0}, {""index"": 4, ""name"": ""NVIDIA P104-100"", ""pci_bus"": ""00000000:0D:00.0"", ""pcie"": ""Gen1 x1"", ""util_pct"": 31.0, ""power_w"": 170.51, ""vram_used_mib"": 7570.0}, {""index"": 5, ""name"": ""NVIDIA P104-100"", ""pci_bus"": ""00000000:0E:00.0"", ""pcie"": ""Gen1 x1"", ""util_pct"": 0.0, ""power_w"": 93.2, ""vram_used_mib"": 7794.0}]"
2026-08-16T12:50:56.658221+03:00,1786873856.658221,ctx_016384.txt,1,1,prefill,38.443396226415096,"[8.571428571428571, 99.06103286384976, 23.11320754716981, 21.428571428571427]",15875.55078125,6396.1640625,9479.38671875,40.28939940814061,24575.99609375,379.6796875,1.5449208489928006,"[{""index"": 0, ""name"": ""NVIDIA P104-100"", ""pci_bus"": ""00000000:01:00.0"", ""pcie"": ""Gen1 x1"", ""util_pct"": 57.0, ""power_w"": 52.1, ""vram_used_mib"": 7974.0}, {""index"": 1, ""name"": ""NVIDIA P104-100"", ""pci_bus"": ""00000000:02:00.0"", ""pcie"": ""Gen1 x1"", ""util_pct"": 62.0, ""power_w"": 54.15, ""vram_used_mib"": 6580.0}, {""index"": 2, ""name"": ""NVIDIA P104-100"", ""pci_bus"": ""00000000:0A:00.0"", ""pcie"": ""Gen1 x1"", ""util_pct"": 67.0, ""power_w"": 56.88, ""vram_used_mib"": 7974.0}, {""index"": 3, ""name"": ""NVIDIA P104-100"", ""pci_bus"": ""00000000:0C:00.0"", ""pcie"": ""Gen1 x1"", ""util_pct"": 43.0, ""power_w"": 191.08, ""vram_used_mib"": 7570.0}, {""index"": 4, ""name"": ""NVIDIA P104-100"", ""pci_bus"": ""00000000:0D:00.0"", ""pcie"": ""Gen1 x1"", ""util_pct"": 0.0, ""power_w"": 142.25, ""vram_used_mib"": 7570.0}, {""index"": 5, ""name"": ""NVIDIA P104-100"", ""pci_bus"": ""00000000:0E:00.0"", ""pcie"": ""Gen1 x1"", ""util_pct"": 5.0, ""power_w"": 72.08, ""vram_used_mib"": 7794.0}]"
2026-08-16T12:50:59.221607+03:00,1786873859.221607,ctx_016384.txt,1,1,prefill,47.800586510263926,"[13.229571984435797, 56.86274509803921, 100.0, 21.484375]",15875.55078125,6413.91796875,9461.6328125,40.40123115807252,24575.99609375,379.67578125,1.544904954418334,"[{""index"": 0, ""name"": ""NVIDIA P104-100"", ""pci_bus"": ""00000000:01:00.0"", ""pcie"": ""Gen1 x1"", ""util_pct"": 41.0, ""power_w"": 52.12, ""vram_used_mib"": 7974.0}, {""index"": 1, ""name"": ""NVIDIA P104-100"", ""pci_bus"": ""00000000:02:00.0"", ""pcie"": ""Gen1 x1"", ""util_pct"": 34.0, ""power_w"": 53.26, ""vram_used_mib"": 6580.0}, {""index"": 2, ""name"": ""NVIDIA P104-100"", ""pci_bus"": ""00000000:0A:00.0"", ""pcie"": ""Gen1 x1"", ""util_pct"": 39.0, ""power_w"": 51.1, ""vram_used_mib"": 7974.0}, {""index"": 3, ""name"": ""NVIDIA P104-100"", ""pci_bus"": ""00000000:0C:00.0"", ""pcie"": ""Gen1 x1"", ""util_pct"": 24.0, ""power_w"": 68.69, ""vram_used_mib"": 7570.0}, {""index"": 4, ""name"": ""NVIDIA P104-100"", ""pci_bus"": ""00000000:0D:00.0"", ""pcie"": ""Gen1 x1"", ""util_pct"": 0.0, ""power_w"": 158.88, ""vram_used_mib"": 7570.0}, {""index"": 5, ""name"": ""NVIDIA P104-100"", ""pci_bus"": ""00000000:0E:00.0"", ""pcie"": ""Gen1 x1"", ""util_pct"": 8.0, ""power_w"": 50.96, ""vram_used_mib"": 7794.0}]"
2026-08-16T12:51:01.344383+03:00,1786873861.344383,ctx_016384.txt,1,1,prefill,37.07201889020071,"[11.79245283018868, 10.328638497652582, 100.0, 26.066350710900473]",15875.55078125,6444.92578125,9430.625,40.59654918468626,24575.99609375,379.66796875,1.5448731652694012,"[{""index"": 0, ""name"": ""NVIDIA P104-100"", ""pci_bus"": ""00000000:01:00.0"", ""pcie"": ""Gen1 x1"", ""util_pct"": 41.0, ""power_w"": 52.08, ""vram_used_mib"": 7974.0}, {""index"": 1, ""name"": ""NVIDIA P104-100"", ""pci_bus"": ""00000000:02:00.0"", ""pcie"": ""Gen1 x1"", ""util_pct"": 37.0, ""power_w"": 54.11, ""vram_used_mib"": 6580.0}, {""index"": 2, ""name"": ""NVIDIA P104-100"", ""pci_bus"": ""00000000:0A:00.0"", ""pcie"": ""Gen1 x1"", ""util_pct"": 25.0, ""power_w"": 135.6, ""vram_used_mib"": 7974.0}, {""index"": 3, ""name"": ""NVIDIA P104-100"", ""pci_bus"": ""00000000:0C:00.0"", ""pcie"": ""Gen1 x1"", ""util_pct"": 0.0, ""power_w"": 60.34, ""vram_used_mib"": 7570.0}, {""index"": 4, ""name"": ""NVIDIA P104-100"", ""pci_bus"": ""00000000:0D:00.0"", ""pcie"": ""Gen1 x1"", ""util_pct"": 3.0, ""power_w"": 52.5, ""vram_used_mib"": 7570.0}, {""index"": 5, ""name"": ""NVIDIA P104-100"", ""pci_bus"": ""00000000:0E:00.0"", ""pcie"": ""Gen1 x1"", ""util_pct"": 27.0, ""power_w"": 50.91, ""vram_used_mib"": 7794.0}]"
2026-08-16T12:51:03.477571+03:00,1786873863.477571,ctx_016384.txt,1,1,prefill,37.485311398354874,"[13.679245283018869, 21.22641509433962, 100.0, 15.023474178403756]",15875.55078125,6489.2109375,9386.33984375,40.87550112065502,24575.99609375,379.66796875,1.5448731652694012,"[{""index"": 0, ""name"": ""NVIDIA P104-100"", ""pci_bus"": ""00000000:01:00.0"", ""pcie"": ""Gen1 x1"", ""util_pct"": 42.0, ""power_w"": 58.81, ""vram_used_mib"": 7974.0}, {""index"": 1, ""name"": ""NVIDIA P104-100"", ""pci_bus"": ""00000000:02:00.0"", ""pcie"": ""Gen1 x1"", ""util_pct"": 0.0, ""power_w"": 175.76, ""vram_used_mib"": 6580.0}, {""index"": 2, ""name"": ""NVIDIA P104-100"", ""pci_bus"": ""00000000:0A:00.0"", ""pcie"": ""Gen1 x1"", ""util_pct"": 31.0, ""power_w"": 51.97, ""vram_used_mib"": 7974.0}, {""index"": 3, ""name"": ""NVIDIA P104-100"", ""pci_bus"": ""00000000:0C:00.0"", ""pcie"": ""Gen1 x1"", ""util_pct"": 37.0, ""power_w"": 53.81, ""vram_used_mib"": 7570.0}, {""index"": 4, ""name"": ""NVIDIA P104-100"", ""pci_bus"": ""00000000:0D:00.0"", ""pcie"": ""Gen1 x1"", ""util_pct"": 37.0, ""power_w"": 53.4, ""vram_used_mib"": 7570.0}, {""index"": 5, ""name"": ""NVIDIA P104-100"", ""pci_bus"": ""00000000:0E:00.0"", ""pcie"": ""Gen1 x1"", ""util_pct"": 27.0, ""power_w"": 51.16, ""vram_used_mib"": 7794.0}]"
2026-08-16T12:51:05.617135+03:00,1786873865.617135,ctx_016384.txt,1,1,prefill,37.51465416178195,"[16.431924882629108, 15.492957746478874, 100.0, 17.757009345794394]",15875.55078125,6437.13671875,9438.4140625,40.54748592630029,24575.99609375,379.6640625,1.5448572706949346,"[{""index"": 0, ""name"": ""NVIDIA P104-100"", ""pci_bus"": ""00000000:01:00.0"", ""pcie"": ""Gen1 x1"", ""util_pct"": 12.0, ""power_w"": 52.1, ""vram_used_mib"": 7974.0}, {""index"": 1, ""name"": ""NVIDIA P104-100"", ""pci_bus"": ""00000000:02:00.0"", ""pcie"": ""Gen1 x1"", ""util_pct"": 23.0, ""power_w"": 52.31, ""vram_used_mib"": 6580.0}, {""index"": 2, ""name"": ""NVIDIA P104-100"", ""pci_bus"": ""00000000:0A:00.0"", ""pcie"": ""Gen1 x1"", ""util_pct"": 39.0, ""power_w"": 51.85, ""vram_used_mib"": 7974.0}, {""index"": 3, ""name"": ""NVIDIA P104-100"", ""pci_bus"": ""00000000:0C:00.0"", ""pcie"": ""Gen1 x1"", ""util_pct"": 37.0, ""power_w"": 53.85, ""vram_used_mib"": 7570.0}, {""index"": 4, ""name"": ""NVIDIA P104-100"", ""pci_bus"": ""00000000:0D:00.0"", ""pcie"": ""Gen1 x1"", ""util_pct"": 5.0, ""power_w"": 53.94, ""vram_used_mib"": 7570.0}, {""index"": 5, ""name"": ""NVIDIA P104-100"", ""pci_bus"": ""00000000:0E:00.0"", ""pcie"": ""Gen1 x1"", ""util_pct"": 0.0, ""power_w"": 68.6, ""vram_used_mib"": 7794.0}]"
2026-08-16T12:51:07.760154+03:00,1786873867.760154,ctx_016384.txt,1,1,prefill,37.3536299765808,"[9.859154929577464, 22.429906542056074, 100.0, 17.289719626168225]",15875.55078125,6429.53125,9446.01953125,40.49957912385422,24575.99609375,379.6640625,1.5448572706949346,"[{""index"": 0, ""name"": ""NVIDIA P104-100"", ""pci_bus"": ""00000000:01:00.0"", ""pcie"": ""Gen1 x1"", ""util_pct"": 42.0, ""power_w"": 52.1, ""vram_used_mib"": 7974.0}, {""index"": 1, ""name"": ""NVIDIA P104-100"", ""pci_bus"": ""00000000:02:00.0"", ""pcie"": ""Gen1 x1"", ""util_pct"": 35.0, ""power_w"": 52.37, ""vram_used_mib"": 6580.0}, {""index"": 2, ""name"": ""NVIDIA P104-100"", ""pci_bus"": ""00000000:0A:00.0"", ""pcie"": ""Gen1 x1"", ""util_pct"": 36.0, ""power_w"": 51.7, ""vram_used_mib"": 7974.0}, {""index"": 3, ""name"": ""NVIDIA P104-100"", ""pci_bus"": ""00000000:0C:00.0"", ""pcie"": ""Gen1 x1"", ""util_pct"": 14.0, ""power_w"": 89.37, ""vram_used_mib"": 7570.0}, {""index"": 4, ""name"": ""NVIDIA P104-100"", ""pci_bus"": ""00000000:0D:00.0"", ""pcie"": ""Gen1 x1"", ""util_pct"": 0.0, ""power_w"": 139.61, ""vram_used_mib"": 7570.0}, {""index"": 5, ""name"": ""NVIDIA P104-100"", ""pci_bus"": ""00000000:0E:00.0"", ""pcie"": ""Gen1 x1"", ""util_pct"": 3.0, ""power_w"": 51.23, ""vram_used_mib"": 7794.0}]"
2026-08-16T12:51:09.881828+03:00,1786873869.881828,ctx_016384.txt,1,1,prefill,37.1900826446281,"[17.53554502369668, 16.587677725118482, 100.0, 14.218009478672986]",15875.55078125,6428.46875,9447.08203125,40.49288644267018,24575.99609375,379.6640625,1.5448572706949346,"[{""index"": 0, ""name"": ""NVIDIA P104-100"", ""pci_bus"": ""00000000:01:00.0"", ""pcie"": ""Gen1 x1"", ""util_pct"": 76.0, ""power_w"": 52.26, ""vram_used_mib"": 7974.0}, {""index"": 1, ""name"": ""NVIDIA P104-100"", ""pci_bus"": ""00000000:02:00.0"", ""pcie"": ""Gen1 x1"", ""util_pct"": 69.0, ""power_w"": 72.88, ""vram_used_mib"": 6580.0}, {""index"": 2, ""name"": ""NVIDIA P104-100"", ""pci_bus"": ""00000000:0A:00.0"", ""pcie"": ""Gen1 x1"", ""util_pct"": 36.0, ""power_w"": 164.46, ""vram_used_mib"": 7974.0}, {""index"": 3, ""name"": ""NVIDIA P104-100"", ""pci_bus"": ""00000000:0C:00.0"", ""pcie"": ""Gen1 x1"", ""util_pct"": 14.0, ""power_w"": 163.48, ""vram_used_mib"": 7570.0}, {""index"": 4, ""name"": ""NVIDIA P104-100"", ""pci_bus"": ""00000000:0D:00.0"", ""pcie"": ""Gen1 x1"", ""util_pct"": 3.0, ""power_w"": 52.58, ""vram_used_mib"": 7570.0}, {""index"": 5, ""name"": ""NVIDIA P104-100"", ""pci_bus"": ""00000000:0E:00.0"", ""pcie"": ""Gen1 x1"", ""util_pct"": 8.0, ""power_w"": 51.26, ""vram_used_mib"": 7794.0}]"
2026-08-16T12:51:12.018404+03:00,1786873872.018404,ctx_016384.txt,1,1,prefill,37.63188745603752,"[15.96244131455399, 17.84037558685446, 100.0, 16.74418604651163]",15875.55078125,6448.0234375,9427.52734375,40.61606130299121,24575.99609375,379.66015625,1.5448413761204682,"[{""index"": 0, ""name"": ""NVIDIA P104-100"", ""pci_bus"": ""00000000:01:00.0"", ""pcie"": ""Gen1 x1"", ""util_pct"": 42.0, ""power_w"": 57.13, ""vram_used_mib"": 7974.0}, {""index"": 1, ""name"": ""NVIDIA P104-100"", ""pci_bus"": ""00000000:02:00.0"", ""pcie"": ""Gen1 x1"", ""util_pct"": 0.0, ""power_w"": 168.85, ""vram_used_mib"": 6580.0}, {""index"": 2, ""name"": ""NVIDIA P104-100"", ""pci_bus"": ""00000000:0A:00.0"", ""pcie"": ""Gen1 x1"", ""util_pct"": 31.0, ""power_w"": 51.09, ""vram_used_mib"": 7974.0}, {""index"": 3, ""name"": ""NVIDIA P104-100"", ""pci_bus"": ""00000000:0C:00.0"", ""pcie"": ""Gen1 x1"", ""util_pct"": 38.0, ""power_w"": 53.55, ""vram_used_mib"": 7570.0}, {""index"": 4, ""name"": ""NVIDIA P104-100"", ""pci_bus"": ""00000000:0D:00.0"", ""pcie"": ""Gen1 x1"", ""util_pct"": 37.0, ""power_w"": 53.31, ""vram_used_mib"": 7570.0}, {""index"": 5, ""name"": ""NVIDIA P104-100"", ""pci_bus"": ""00000000:0E:00.0"", ""pcie"": ""Gen1 x1"", ""util_pct"": 28.0, ""power_w"": 51.26, ""vram_used_mib"": 7794.0}]"
2026-08-16T12:51:14.147164+03:00,1786873874.147164,ctx_016384.txt,1,1,prefill,37.1764705882353,"[17.452830188679247, 16.9811320754717, 100.0, 14.553990610328638]",15875.55078125,6433.609375,9441.94140625,40.52526720898709,24575.99609375,379.66015625,1.5448413761204682,"[{""index"": 0, ""name"": ""NVIDIA P104-100"", ""pci_bus"": ""00000000:01:00.0"", ""pcie"": ""Gen1 x1"", ""util_pct"": 11.0, ""power_w"": 52.12, ""vram_used_mib"": 7974.0}, {""index"": 1, ""name"": ""NVIDIA P104-100"", ""pci_bus"": ""00000000:02:00.0"", ""pcie"": ""Gen1 x1"", ""util_pct"": 35.0, ""power_w"": 54.11, ""vram_used_mib"": 6580.0}, {""index"": 2, ""name"": ""NVIDIA P104-100"", ""pci_bus"": ""00000000:0A:00.0"", ""pcie"": ""Gen1 x1"", ""util_pct"": 40.0, ""power_w"": 50.86, ""vram_used_mib"": 7974.0}, {""index"": 3, ""name"": ""NVIDIA P104-100"", ""pci_bus"": ""00000000:0C:00.0"", ""pcie"": ""Gen1 x1"", ""util_pct"": 38.0, ""power_w"": 53.93, ""vram_used_mib"": 7570.0}, {""index"": 4, ""name"": ""NVIDIA P104-100"", ""pci_bus"": ""00000000:0D:00.0"", ""pcie"": ""Gen1 x1"", ""util_pct"": 0.0, ""power_w"": 56.5, ""vram_used_mib"": 7570.0}, {""index"": 5, ""name"": ""NVIDIA P104-100"", ""pci_bus"": ""00000000:0E:00.0"", ""pcie"": ""Gen1 x1"", ""util_pct"": 0.0, ""power_w"": 123.03, ""vram_used_mib"": 7794.0}]"
2026-08-16T12:51:16.284749+03:00,1786873876.284749,ctx_016384.txt,1,1,prefill,38.05620608899297,"[21.12676056338028, 14.218009478672986, 100.0, 15.09433962264151]",15875.55078125,6468.9375,9406.61328125,40.74779885835654,24575.99609375,379.66015625,1.5448413761204682,"[{""index"": 0, ""name"": ""NVIDIA P104-100"", ""pci_bus"": ""00000000:01:00.0"", ""pcie"": ""Gen1 x1"", ""util_pct"": 43.0, ""power_w"": 51.66, ""vram_used_mib"": 7974.0}, {""index"": 1, ""name"": ""NVIDIA P104-100"", ""pci_bus"": ""00000000:02:00.0"", ""pcie"": ""Gen1 x1"", ""util_pct"": 38.0, ""power_w"": 53.84, ""vram_used_mib"": 6580.0}, {""index"": 2, ""name"": ""NVIDIA P104-100"", ""pci_bus"": ""00000000:0A:00.0"", ""pcie"": ""Gen1 x1"", ""util_pct"": 13.0, ""power_w"": 72.16, ""vram_used_mib"": 7974.0}, {""index"": 3, ""name"": ""NVIDIA P104-100"", ""pci_bus"": ""00000000:0C:00.0"", ""pcie"": ""Gen1 x1"", ""util_pct"": 3.0, ""power_w"": 160.48, ""vram_used_mib"": 7570.0}, {""index"": 4, ""name"": ""NVIDIA P104-100"", ""pci_bus"": ""00000000:0D:00.0"", ""pcie"": ""Gen1 x1"", ""util_pct"": 3.0, ""power_w"": 53.16, ""vram_used_mib"": 7570.0}, {""index"": 5, ""name"": ""NVIDIA P104-100"", ""pci_bus"": ""00000000:0E:00.0"", ""pcie"": ""Gen1 x1"", ""util_pct"": 28.0, ""power_w"": 50.9, ""vram_used_mib"": 7794.0}]"
2026-08-16T12:51:18.426603+03:00,1786873878.426603,ctx_016384.txt,1,1,prefill,38.12865497076023,"[24.88262910798122, 15.348837209302326, 100.0, 12.616822429906541]",15875.55078125,6427.84765625,9447.703125,40.48897417683097,24575.99609375,379.65234375,1.5448095869715353,"[{""index"": 0, ""name"": ""NVIDIA P104-100"", ""pci_bus"": ""00000000:01:00.0"", ""pcie"": ""Gen1 x1"", ""util_pct"": 21.0, ""power_w"": 80.73, ""vram_used_mib"": 7974.0}, {""index"": 1, ""name"": ""NVIDIA P104-100"", ""pci_bus"": ""00000000:02:00.0"", ""pcie"": ""Gen1 x1"", ""util_pct"": 3.0, ""power_w"": 141.58, ""vram_used_mib"": 6580.0}, {""index"": 2, ""name"": ""NVIDIA P104-100"", ""pci_bus"": ""00000000:0A:00.0"", ""pcie"": ""Gen1 x1"", ""util_pct"": 3.0, ""power_w"": 52.05, ""vram_used_mib"": 7974.0}, {""index"": 3, ""name"": ""NVIDIA P104-100"", ""pci_bus"": ""00000000:0C:00.0"", ""pcie"": ""Gen1 x1"", ""util_pct"": 3.0, ""power_w"": 55.04, ""vram_used_mib"": 7570.0}, {""index"": 4, ""name"": ""NVIDIA P104-100"", ""pci_bus"": ""00000000:0D:00.0"", ""pcie"": ""Gen1 x1"", ""util_pct"": 39.0, ""power_w"": 52.56, ""vram_used_mib"": 7570.0}, {""index"": 5, ""name"": ""NVIDIA P104-100"", ""pci_bus"": ""00000000:0E:00.0"", ""pcie"": ""Gen1 x1"", ""util_pct"": 25.0, ""power_w"": 51.16, ""vram_used_mib"": 7794.0}]"
2026-08-16T12:51:20.546575+03:00,1786873880.546575,ctx_016384.txt,1,1,prefill,42.84023668639053,"[18.867924528301888, 27.751196172248804, 99.05660377358491, 25.592417061611375]",15875.55078125,6420.3359375,9455.21484375,40.441657905077605,24575.99609375,379.65234375,1.5448095869715353,"[{""index"": 0, ""name"": ""NVIDIA P104-100"", ""pci_bus"": ""00000000:01:00.0"", ""pcie"": ""Gen1 x1"", ""util_pct"": 43.0, ""power_w"": 52.22, ""vram_used_mib"": 7974.0}, {""index"": 1, ""name"": ""NVIDIA P104-100"", ""pci_bus"": ""00000000:02:00.0"", ""pcie"": ""Gen1 x1"", ""util_pct"": 34.0, ""power_w"": 54.11, ""vram_used_mib"": 6580.0}, {""index"": 2, ""name"": ""NVIDIA P104-100"", ""pci_bus"": ""00000000:0A:00.0"", ""pcie"": ""Gen1 x1"", ""util_pct"": 3.0, ""power_w"": 51.26, ""vram_used_mib"": 7974.0}, {""index"": 3, ""name"": ""NVIDIA P104-100"", ""pci_bus"": ""00000000:0C:00.0"", ""pcie"": ""Gen1 x1"", ""util_pct"": 3.0, ""power_w"": 81.56, ""vram_used_mib"": 7570.0}, {""index"": 4, ""name"": ""NVIDIA P104-100"", ""pci_bus"": ""00000000:0D:00.0"", ""pcie"": ""Gen1 x1"", ""util_pct"": 3.0, ""power_w"": 156.35, ""vram_used_mib"": 7570.0}, {""index"": 5, ""name"": ""NVIDIA P104-100"", ""pci_bus"": ""00000000:0E:00.0"", ""pcie"": ""Gen1 x1"", ""util_pct"": 0.0, ""power_w"": 43.54, ""vram_used_mib"": 7794.0}]"
2026-08-16T12:51:23.064355+03:00,1786873883.064355,ctx_016384.txt,1,1,prefill,45.06480558325025,"[15.476190476190476, 100.0, 48.01587301587302, 16.129032258064516]",15875.55078125,6457.34765625,9418.203125,40.674794501470295,24575.99609375,379.65234375,1.5448095869715353,"[{""index"": 0, ""name"": ""NVIDIA P104-100"", ""pci_bus"": ""00000000:01:00.0"", ""pcie"": ""Gen1 x1"", ""util_pct"": 57.0, ""power_w"": 52.44, ""vram_used_mib"": 7974.0}, {""index"": 1, ""name"": ""NVIDIA P104-100"", ""pci_bus"": ""00000000:02:00.0"", ""pcie"": ""Gen1 x1"", ""util_pct"": 6.0, ""power_w"": 60.63, ""vram_used_mib"": 6580.0}, {""index"": 2, ""name"": ""NVIDIA P104-100"", ""pci_bus"": ""00000000:0A:00.0"", ""pcie"": ""Gen1 x1"", ""util_pct"": 59.0, ""power_w"": 184.46, ""vram_used_mib"": 7974.0}, {""index"": 3, ""name"": ""NVIDIA P104-100"", ""pci_bus"": ""00000000:0C:00.0"", ""pcie"": ""Gen1 x1"", ""util_pct"": 6.0, ""power_w"": 176.08, ""vram_used_mib"": 7570.0}, {""index"": 4, ""name"": ""NVIDIA P104-100"", ""pci_bus"": ""00000000:0D:00.0"", ""pcie"": ""Gen1 x1"", ""util_pct"": 2.0, ""power_w"": 52.17, ""vram_used_mib"": 7570.0}, {""index"": 5, ""name"": ""NVIDIA P104-100"", ""pci_bus"": ""00000000:0E:00.0"", ""pcie"": ""Gen1 x1"", ""util_pct"": 6.0, ""power_w"": 43.47, ""vram_used_mib"": 7794.0}]"
2026-08-16T12:51:25.226744+03:00,1786873885.226744,ctx_016384.txt,1,1,prefill,37.89107763615296,"[19.444444444444443, 100.0, 11.214953271028037, 21.19815668202765]",15875.55078125,6456.61328125,9418.9375,40.67016867771074,24575.99609375,379.640625,1.5447619032481357,"[{""index"": 0, ""name"": ""NVIDIA P104-100"", ""pci_bus"": ""00000000:01:00.0"", ""pcie"": ""Gen1 x1"", ""util_pct"": 0.0, ""power_w"": 176.41, ""vram_used_mib"": 7974.0}, {""index"": 1, ""name"": ""NVIDIA P104-100"", ""pci_bus"": ""00000000:02:00.0"", ""pcie"": ""Gen1 x1"", ""util_pct"": 0.0, ""power_w"": 53.61, ""vram_used_mib"": 6580.0}, {""index"": 2, ""name"": ""NVIDIA P104-100"", ""pci_bus"": ""00000000:0A:00.0"", ""pcie"": ""Gen1 x1"", ""util_pct"": 40.0, ""power_w"": 51.8, ""vram_used_mib"": 7974.0}, {""index"": 3, ""name"": ""NVIDIA P104-100"", ""pci_bus"": ""00000000:0C:00.0"", ""pcie"": ""Gen1 x1"", ""util_pct"": 38.0, ""power_w"": 53.67, ""vram_used_mib"": 7570.0}, {""index"": 4, ""name"": ""NVIDIA P104-100"", ""pci_bus"": ""00000000:0D:00.0"", ""pcie"": ""Gen1 x1"", ""util_pct"": 27.0, ""power_w"": 52.6, ""vram_used_mib"": 7570.0}, {""index"": 5, ""name"": ""NVIDIA P104-100"", ""pci_bus"": ""00000000:0E:00.0"", ""pcie"": ""Gen1 x1"", ""util_pct"": 31.0, ""power_w"": 43.72, ""vram_used_mib"": 7794.0}]"
2026-08-16T12:51:27.361032+03:00,1786873887.361032,ctx_016384.txt,1,1,prefill,37.83783783783784,"[28.169014084507044, 100.0, 15.09433962264151, 7.109004739336493]",15875.55078125,6426.609375,9448.94140625,40.481174250598094,24575.99609375,379.625,1.54469832495027,"[{""index"": 0, ""name"": ""NVIDIA P104-100"", ""pci_bus"": ""00000000:01:00.0"", ""pcie"": ""Gen1 x1"", ""util_pct"": 43.0, ""power_w"": 52.1, ""vram_used_mib"": 7974.0}, {""index"": 1, ""name"": ""NVIDIA P104-100"", ""pci_bus"": ""00000000:02:00.0"", ""pcie"": ""Gen1 x1"", ""util_pct"": 38.0, ""power_w"": 53.51, ""vram_used_mib"": 6580.0}, {""index"": 2, ""name"": ""NVIDIA P104-100"", ""pci_bus"": ""00000000:0A:00.0"", ""pcie"": ""Gen1 x1"", ""util_pct"": 22.0, ""power_w"": 51.6, ""vram_used_mib"": 7974.0}, {""index"": 3, ""name"": ""NVIDIA P104-100"", ""pci_bus"": ""00000000:0C:00.0"", ""pcie"": ""Gen1 x1"", ""util_pct"": 3.0, ""power_w"": 105.4, ""vram_used_mib"": 7570.0}, {""index"": 4, ""name"": ""NVIDIA P104-100"", ""pci_bus"": ""00000000:0D:00.0"", ""pcie"": ""Gen1 x1"", ""util_pct"": 3.0, ""power_w"": 104.21, ""vram_used_mib"": 7570.0}, {""index"": 5, ""name"": ""NVIDIA P104-100"", ""pci_bus"": ""00000000:0E:00.0"", ""pcie"": ""Gen1 x1"", ""util_pct"": 24.0, ""power_w"": 50.98, ""vram_used_mib"": 7794.0}]"
2026-08-16T12:51:29.479751+03:00,1786873889.479751,ctx_016384.txt,1,1,prefill,37.11583924349882,"[8.962264150943396, 100.0, 20.754716981132077, 19.339622641509433]",15875.55078125,6560.1875,9315.36328125,41.322582065927335,24575.99609375,379.625,1.54469832495027,"[{""index"": 0, ""name"": ""NVIDIA P104-100"", ""pci_bus"": ""00000000:01:00.0"", ""pcie"": ""Gen1 x1"", ""util_pct"": 0.0, ""power_w"": 51.97, ""vram_used_mib"": 7974.0}, {""index"": 1, ""name"": ""NVIDIA P104-100"", ""pci_bus"": ""00000000:02:00.0"", ""pcie"": ""Gen1 x1"", ""util_pct"": 0.0, ""power_w"": 53.89, ""vram_used_mib"": 6580.0}, {""index"": 2, ""name"": ""NVIDIA P104-100"", ""pci_bus"": ""00000000:0A:00.0"", ""pcie"": ""Gen1 x1"", ""util_pct"": 0.0, ""power_w"": 51.75, ""vram_used_mib"": 7974.0}, {""index"": 3, ""name"": ""NVIDIA P104-100"", ""pci_bus"": ""00000000:0C:00.0"", ""pcie"": ""Gen1 x1"", ""util_pct"": 0.0, ""power_w"": 55.46, ""vram_used_mib"": 7570.0}, {""index"": 4, ""name"": ""NVIDIA P104-100"", ""pci_bus"": ""00000000:0D:00.0"", ""pcie"": ""Gen1 x1"", ""util_pct"": 0.0, ""power_w"": 53.11, ""vram_used_mib"": 7570.0}, {""index"": 5, ""name"": ""NVIDIA P104-100"", ""pci_bus"": ""00000000:0E:00.0"", ""pcie"": ""Gen1 x1"", ""util_pct"": 98.0, ""power_w"": 83.31, ""vram_used_mib"": 7794.0}]"
2026-08-16T12:51:31.605235+03:00,1786873891.605235,ctx_016384.txt,1,1,prefill,36.20283018867924,"[22.169811320754718, 100.0, 9.004739336492891, 12.796208530805687]",15875.55078125,6462.4296875,9413.12109375,40.706806186104274,24575.99609375,379.6171875,1.544666535801337,"[{""index"": 0, ""name"": ""NVIDIA P104-100"", ""pci_bus"": ""00000000:01:00.0"", ""pcie"": ""Gen1 x1"", ""util_pct"": 20.0, ""power_w"": 136.84, ""vram_used_mib"": 7974.0}, {""index"": 1, ""name"": ""NVIDIA P104-100"", ""pci_bus"": ""00000000:02:00.0"", ""pcie"": ""Gen1 x1"", ""util_pct"": 3.0, ""power_w"": 54.12, ""vram_used_mib"": 6580.0}, {""index"": 2, ""name"": ""NVIDIA P104-100"", ""pci_bus"": ""00000000:0A:00.0"", ""pcie"": ""Gen1 x1"", ""util_pct"": 3.0, ""power_w"": 50.99, ""vram_used_mib"": 7974.0}, {""index"": 3, ""name"": ""NVIDIA P104-100"", ""pci_bus"": ""00000000:0C:00.0"", ""pcie"": ""Gen1 x1"", ""util_pct"": 38.0, ""power_w"": 53.93, ""vram_used_mib"": 7570.0}, {""index"": 4, ""name"": ""NVIDIA P104-100"", ""pci_bus"": ""00000000:0D:00.0"", ""pcie"": ""Gen1 x1"", ""util_pct"": 34.0, ""power_w"": 43.66, ""vram_used_mib"": 7570.0}, {""index"": 5, ""name"": ""NVIDIA P104-100"", ""pci_bus"": ""00000000:0E:00.0"", ""pcie"": ""Gen1 x1"", ""util_pct"": 26.0, ""power_w"": 51.51, ""vram_used_mib"": 7794.0}]"
2026-08-16T12:51:33.748559+03:00,1786873893.748559,ctx_016384.txt,1,1,prefill,37.38317757009346,"[21.12676056338028, 100.0, 10.74766355140187, 17.59259259259259]",15875.55078125,6509.21484375,9366.3359375,41.00150560721195,24575.99609375,379.61328125,1.5446506412268703,"[{""index"": 0, ""name"": ""NVIDIA P104-100"", ""pci_bus"": ""00000000:01:00.0"", ""pcie"": ""Gen1 x1"", ""util_pct"": 84.0, ""power_w"": 52.1, ""vram_used_mib"": 7974.0}, {""index"": 1, ""name"": ""NVIDIA P104-100"", ""pci_bus"": ""00000000:02:00.0"", ""pcie"": ""Gen1 x1"", ""util_pct"": 61.0, ""power_w"": 54.07, ""vram_used_mib"": 6580.0}, {""index"": 2, ""name"": ""NVIDIA P104-100"", ""pci_bus"": ""00000000:0A:00.0"", ""pcie"": ""Gen1 x1"", ""util_pct"": 31.0, ""power_w"": 53.5, ""vram_used_mib"": 7974.0}, {""index"": 3, ""name"": ""NVIDIA P104-100"", ""pci_bus"": ""00000000:0C:00.0"", ""pcie"": ""Gen1 x1"", ""util_pct"": 7.0, ""power_w"": 175.13, ""vram_used_mib"": 7570.0}, {""index"": 4, ""name"": ""NVIDIA P104-100"", ""pci_bus"": ""00000000:0D:00.0"", ""pcie"": ""Gen1 x1"", ""util_pct"": 7.0, ""power_w"": 133.91, ""vram_used_mib"": 7570.0}, {""index"": 5, ""name"": ""NVIDIA P104-100"", ""pci_bus"": ""00000000:0E:00.0"", ""pcie"": ""Gen1 x1"", ""util_pct"": 0.0, ""power_w"": 57.42, ""vram_used_mib"": 7794.0}]"
2026-08-16T12:51:35.892969+03:00,1786873895.892969,ctx_016384.txt,1,1,prefill,37.73364485981308,"[16.431924882629108, 100.0, 11.267605633802816, 22.535211267605632]",15875.55078125,6562.43359375,9313.1171875,41.336730197106846,24575.99609375,379.609375,1.544634746652404,"[{""index"": 0, ""name"": ""NVIDIA P104-100"", ""pci_bus"": ""00000000:01:00.0"", ""pcie"": ""Gen1 x1"", ""util_pct"": 10.0, ""power_w"": 52.61, ""vram_used_mib"": 7974.0}, {""index"": 1, ""name"": ""NVIDIA P104-100"", ""pci_bus"": ""00000000:02:00.0"", ""pcie"": ""Gen1 x1"", ""util_pct"": 3.0, ""power_w"": 97.92, ""vram_used_mib"": 6580.0}, {""index"": 2, ""name"": ""NVIDIA P104-100"", ""pci_bus"": ""00000000:0A:00.0"", ""pcie"": ""Gen1 x1"", ""util_pct"": 3.0, ""power_w"": 120.21, ""vram_used_mib"": 7974.0}, {""index"": 3, ""name"": ""NVIDIA P104-100"", ""pci_bus"": ""00000000:0C:00.0"", ""pcie"": ""Gen1 x1"", ""util_pct"": 3.0, ""power_w"": 53.93, ""vram_used_mib"": 7570.0}, {""index"": 4, ""name"": ""NVIDIA P104-100"", ""pci_bus"": ""00000000:0D:00.0"", ""pcie"": ""Gen1 x1"", ""util_pct"": 41.0, ""power_w"": 54.34, ""vram_used_mib"": 7570.0}, {""index"": 5, ""name"": ""NVIDIA P104-100"", ""pci_bus"": ""00000000:0E:00.0"", ""pcie"": ""Gen1 x1"", ""util_pct"": 26.0, ""power_w"": 51.26, ""vram_used_mib"": 7794.0}]"
2026-08-16T12:51:38.029823+03:00,1786873898.029823,ctx_016384.txt,1,1,prefill,37.60282021151586,"[8.450704225352112, 100.0, 23.004694835680752, 19.53488372093023]",15875.55078125,6422.28125,9453.26953125,40.45391141695133,24575.99609375,379.6015625,1.544602957503471,"[{""index"": 0, ""name"": ""NVIDIA P104-100"", ""pci_bus"": ""00000000:01:00.0"", ""pcie"": ""Gen1 x1"", ""util_pct"": 0.0, ""power_w"": 52.12, ""vram_used_mib"": 7974.0}, {""index"": 1, ""name"": ""NVIDIA P104-100"", ""pci_bus"": ""00000000:02:00.0"", ""pcie"": ""Gen1 x1"", ""util_pct"": 10.0, ""power_w"": 52.29, ""vram_used_mib"": 6580.0}, {""index"": 2, ""name"": ""NVIDIA P104-100"", ""pci_bus"": ""00000000:0A:00.0"", ""pcie"": ""Gen1 x1"", ""util_pct"": 40.0, ""power_w"": 50.76, ""vram_used_mib"": 7974.0}, {""index"": 3, ""name"": ""NVIDIA P104-100"", ""pci_bus"": ""00000000:0C:00.0"", ""pcie"": ""Gen1 x1"", ""util_pct"": 39.0, ""power_w"": 53.68, ""vram_used_mib"": 7570.0}, {""index"": 4, ""name"": ""NVIDIA P104-100"", ""pci_bus"": ""00000000:0D:00.0"", ""pcie"": ""Gen1 x1"", ""util_pct"": 16.0, ""power_w"": 69.45, ""vram_used_mib"": 7570.0}, {""index"": 5, ""name"": ""NVIDIA P104-100"", ""pci_bus"": ""00000000:0E:00.0"", ""pcie"": ""Gen1 x1"", ""util_pct"": 0.0, ""power_w"": 158.84, ""vram_used_mib"": 7794.0}]"
2026-08-16T12:51:40.155955+03:00,1786873900.155955,ctx_016384.txt,1,1,prefill,36.89776733254994,"[19.718309859154928, 98.12206572769954, 8.49056603773585, 21.22641509433962]",15875.55078125,6479.11328125,9396.4375,40.81189604396107,24575.99609375,379.59765625,1.5445870629290046,"[{""index"": 0, ""name"": ""NVIDIA P104-100"", ""pci_bus"": ""00000000:01:00.0"", ""pcie"": ""Gen1 x1"", ""util_pct"": 40.0, ""power_w"": 57.97, ""vram_used_mib"": 7974.0}, {""index"": 1, ""name"": ""NVIDIA P104-100"", ""pci_bus"": ""00000000:02:00.0"", ""pcie"": ""Gen1 x1"", ""util_pct"": 17.0, ""power_w"": 174.54, ""vram_used_mib"": 6580.0}, {""index"": 2, ""name"": ""NVIDIA P104-100"", ""pci_bus"": ""00000000:0A:00.0"", ""pcie"": ""Gen1 x1"", ""util_pct"": 4.0, ""power_w"": 52.07, ""vram_used_mib"": 7974.0}, {""index"": 3, ""name"": ""NVIDIA P104-100"", ""pci_bus"": ""00000000:0C:00.0"", ""pcie"": ""Gen1 x1"", ""util_pct"": 39.0, ""power_w"": 53.75, ""vram_used_mib"": 7570.0}, {""index"": 4, ""name"": ""NVIDIA P104-100"", ""pci_bus"": ""00000000:0D:00.0"", ""pcie"": ""Gen1 x1"", ""util_pct"": 13.0, ""power_w"": 51.68, ""vram_used_mib"": 7570.0}, {""index"": 5, ""name"": ""NVIDIA P104-100"", ""pci_bus"": ""00000000:0E:00.0"", ""pcie"": ""Gen1 x1"", ""util_pct"": 29.0, ""power_w"": 51.26, ""vram_used_mib"": 7794.0}]"
2026-08-16T12:51:42.277685+03:00,1786873902.277685,ctx_016384.txt,1,1,prefill,36.835891381345924,"[25.118483412322274, 100.0, 15.96244131455399, 5.714285714285714]",15875.55078125,6502.0390625,9373.51171875,40.95630540377413,24575.99609375,379.59765625,1.5445870629290046,"[{""index"": 0, ""name"": ""NVIDIA P104-100"", ""pci_bus"": ""00000000:01:00.0"", ""pcie"": ""Gen1 x1"", ""util_pct"": 0.0, ""power_w"": 52.12, ""vram_used_mib"": 7974.0}, {""index"": 1, ""name"": ""NVIDIA P104-100"", ""pci_bus"": ""00000000:02:00.0"", ""pcie"": ""Gen1 x1"", ""util_pct"": 39.0, ""power_w"": 54.01, ""vram_used_mib"": 6580.0}, {""index"": 2, ""name"": ""NVIDIA P104-100"", ""pci_bus"": ""00000000:0A:00.0"", ""pcie"": ""Gen1 x1"", ""util_pct"": 8.0, ""power_w"": 51.01, ""vram_used_mib"": 7974.0}, {""index"": 3, ""name"": ""NVIDIA P104-100"", ""pci_bus"": ""00000000:0C:00.0"", ""pcie"": ""Gen1 x1"", ""util_pct"": 3.0, ""power_w"": 61.85, ""vram_used_mib"": 7570.0}, {""index"": 4, ""name"": ""NVIDIA P104-100"", ""pci_bus"": ""00000000:0D:00.0"", ""pcie"": ""Gen1 x1"", ""util_pct"": 3.0, ""power_w"": 179.47, ""vram_used_mib"": 7570.0}, {""index"": 5, ""name"": ""NVIDIA P104-100"", ""pci_bus"": ""00000000:0E:00.0"", ""pcie"": ""Gen1 x1"", ""util_pct"": 0.0, ""power_w"": 50.96, ""vram_used_mib"": 7794.0}]"
2026-08-16T12:51:44.422065+03:00,1786873904.422065,ctx_016384.txt,1,1,decode,46.48711943793911,"[14.084507042253522, 100.0, 51.401869158878505, 19.81132075471698]",15875.55078125,6528.61328125,9346.9375,41.123696249711806,24575.99609375,379.59375,1.544571168354538,"[{""index"": 0, ""name"": ""NVIDIA P104-100"", ""pci_bus"": ""00000000:01:00.0"", ""pcie"": ""Gen1 x1"", ""util_pct"": 0.0, ""power_w"": 52.12, ""vram_used_mib"": 7974.0}, {""index"": 1, ""name"": ""NVIDIA P104-100"", ""pci_bus"": ""00000000:02:00.0"", ""pcie"": ""Gen1 x1"", ""util_pct"": 0.0, ""power_w"": 54.14, ""vram_used_mib"": 6580.0}, {""index"": 2, ""name"": ""NVIDIA P104-100"", ""pci_bus"": ""00000000:0A:00.0"", ""pcie"": ""Gen1 x1"", ""util_pct"": 1.0, ""power_w"": 51.75, ""vram_used_mib"": 7974.0}, {""index"": 3, ""name"": ""NVIDIA P104-100"", ""pci_bus"": ""00000000:0C:00.0"", ""pcie"": ""Gen1 x1"", ""util_pct"": 26.0, ""power_w"": 53.95, ""vram_used_mib"": 7570.0}, {""index"": 4, ""name"": ""NVIDIA P104-100"", ""pci_bus"": ""00000000:0D:00.0"", ""pcie"": ""Gen1 x1"", ""util_pct"": 73.0, ""power_w"": 54.34, ""vram_used_mib"": 7570.0}, {""index"": 5, ""name"": ""NVIDIA P104-100"", ""pci_bus"": ""00000000:0E:00.0"", ""pcie"": ""Gen1 x1"", ""util_pct"": 26.0, ""power_w"": 81.87, ""vram_used_mib"": 7794.0}]"
2026-08-16T12:51:46.588663+03:00,1786873906.588663,ctx_016384.txt,1,1,decode,41.916859122401846,"[17.59259259259259, 100.0, 32.407407407407405, 17.59259259259259]",15875.55078125,6712.8046875,9162.74609375,42.283916822767715,24575.99609375,379.59375,1.544571168354538,"[{""index"": 0, ""name"": ""NVIDIA P104-100"", ""pci_bus"": ""00000000:01:00.0"", ""pcie"": ""Gen1 x1"", ""util_pct"": 44.0, ""power_w"": 51.86, ""vram_used_mib"": 7974.0}, {""index"": 1, ""name"": ""NVIDIA P104-100"", ""pci_bus"": ""00000000:02:00.0"", ""pcie"": ""Gen1 x1"", ""util_pct"": 39.0, ""power_w"": 54.07, ""vram_used_mib"": 6580.0}, {""index"": 2, ""name"": ""NVIDIA P104-100"", ""pci_bus"": ""00000000:0A:00.0"", ""pcie"": ""Gen1 x1"", ""util_pct"": 16.0, ""power_w"": 53.22, ""vram_used_mib"": 7974.0}, {""index"": 3, ""name"": ""NVIDIA P104-100"", ""pci_bus"": ""00000000:0C:00.0"", ""pcie"": ""Gen1 x1"", ""util_pct"": 3.0, ""power_w"": 192.04, ""vram_used_mib"": 7570.0}, {""index"": 4, ""name"": ""NVIDIA P104-100"", ""pci_bus"": ""00000000:0D:00.0"", ""pcie"": ""Gen1 x1"", ""util_pct"": 3.0, ""power_w"": 53.96, ""vram_used_mib"": 7570.0}, {""index"": 5, ""name"": ""NVIDIA P104-100"", ""pci_bus"": ""00000000:0E:00.0"", ""pcie"": ""Gen1 x1"", ""util_pct"": 26.0, ""power_w"": 51.0, ""vram_used_mib"": 7794.0}]"
2026-08-16T12:51:48.720522+03:00,1786873908.720522,ctx_016384.txt,1,1,decode,36.19271445358402,"[8.450704225352112, 98.59813084112149, 16.037735849056602, 21.5962441314554]",15875.55078125,6896.65625,8978.89453125,43.44199672206255,24575.99609375,379.58984375,1.5445552737800716,"[{""index"": 0, ""name"": ""NVIDIA P104-100"", ""pci_bus"": ""00000000:01:00.0"", ""pcie"": ""Gen1 x1"", ""util_pct"": 0.0, ""power_w"": 66.9, ""vram_used_mib"": 7974.0}, {""index"": 1, ""name"": ""NVIDIA P104-100"", ""pci_bus"": ""00000000:02:00.0"", ""pcie"": ""Gen1 x1"", ""util_pct"": 0.0, ""power_w"": 153.69, ""vram_used_mib"": 6580.0}, {""index"": 2, ""name"": ""NVIDIA P104-100"", ""pci_bus"": ""00000000:0A:00.0"", ""pcie"": ""Gen1 x1"", ""util_pct"": 14.0, ""power_w"": 79.84, ""vram_used_mib"": 7974.0}, {""index"": 3, ""name"": ""NVIDIA P104-100"", ""pci_bus"": ""00000000:0C:00.0"", ""pcie"": ""Gen1 x1"", ""util_pct"": 18.0, ""power_w"": 54.91, ""vram_used_mib"": 7570.0}, {""index"": 4, ""name"": ""NVIDIA P104-100"", ""pci_bus"": ""00000000:0D:00.0"", ""pcie"": ""Gen1 x1"", ""util_pct"": 18.0, ""power_w"": 54.34, ""vram_used_mib"": 7570.0}, {""index"": 5, ""name"": ""NVIDIA P104-100"", ""pci_bus"": ""00000000:0E:00.0"", ""pcie"": ""Gen1 x1"", ""util_pct"": 40.0, ""power_w"": 51.62, ""vram_used_mib"": 7794.0}]"
2026-08-16T12:51:50.858787+03:00,1786873910.858787,ctx_016384.txt,1,1,decode,36.3849765258216,"[17.84037558685446, 100.0, 15.492957746478874, 12.149532710280374]",15875.55078125,6850.1953125,9025.35546875,43.14933955293382,24575.99609375,379.58984375,1.5445552737800716,"[{""index"": 0, ""name"": ""NVIDIA P104-100"", ""pci_bus"": ""00000000:01:00.0"", ""pcie"": ""Gen1 x1"", ""util_pct"": 19.0, ""power_w"": 52.92, ""vram_used_mib"": 7974.0}, {""index"": 1, ""name"": ""NVIDIA P104-100"", ""pci_bus"": ""00000000:02:00.0"", ""pcie"": ""Gen1 x1"", ""util_pct"": 18.0, ""power_w"": 45.67, ""vram_used_mib"": 6580.0}, {""index"": 2, ""name"": ""NVIDIA P104-100"", ""pci_bus"": ""00000000:0A:00.0"", ""pcie"": ""Gen1 x1"", ""util_pct"": 8.0, ""power_w"": 86.95, ""vram_used_mib"": 7974.0}, {""index"": 3, ""name"": ""NVIDIA P104-100"", ""pci_bus"": ""00000000:0C:00.0"", ""pcie"": ""Gen1 x1"", ""util_pct"": 2.0, ""power_w"": 121.75, ""vram_used_mib"": 7570.0}, {""index"": 4, ""name"": ""NVIDIA P104-100"", ""pci_bus"": ""00000000:0D:00.0"", ""pcie"": ""Gen1 x1"", ""util_pct"": 4.0, ""power_w"": 54.09, ""vram_used_mib"": 7570.0}, {""index"": 5, ""name"": ""NVIDIA P104-100"", ""pci_bus"": ""00000000:0E:00.0"", ""pcie"": ""Gen1 x1"", ""util_pct"": 47.0, ""power_w"": 51.26, ""vram_used_mib"": 7794.0}]"
2026-08-16T12:51:53.006519+03:00,1786873913.006519,ctx_016384.txt,1,1,decode,37.57292882147024,"[14.953271028037383, 99.53703703703704, 20.46511627906977, 14.485981308411215]",15875.55078125,6865.9375,9009.61328125,43.24849949841799,24575.99609375,379.5859375,1.544539379205605,"[{""index"": 0, ""name"": ""NVIDIA P104-100"", ""pci_bus"": ""00000000:01:00.0"", ""pcie"": ""Gen1 x1"", ""util_pct"": 19.0, ""power_w"": 52.42, ""vram_used_mib"": 7974.0}, {""index"": 1, ""name"": ""NVIDIA P104-100"", ""pci_bus"": ""00000000:02:00.0"", ""pcie"": ""Gen1 x1"", ""util_pct"": 18.0, ""power_w"": 44.65, ""vram_used_mib"": 6580.0}, {""index"": 2, ""name"": ""NVIDIA P104-100"", ""pci_bus"": ""00000000:0A:00.0"", ""pcie"": ""Gen1 x1"", ""util_pct"": 19.0, ""power_w"": 70.18, ""vram_used_mib"": 7974.0}, {""index"": 3, ""name"": ""NVIDIA P104-100"", ""pci_bus"": ""00000000:0C:00.0"", ""pcie"": ""Gen1 x1"", ""util_pct"": 19.0, ""power_w"": 125.93, ""vram_used_mib"": 7570.0}, {""index"": 4, ""name"": ""NVIDIA P104-100"", ""pci_bus"": ""00000000:0D:00.0"", ""pcie"": ""Gen1 x1"", ""util_pct"": 1.0, ""power_w"": 88.77, ""vram_used_mib"": 7570.0}, {""index"": 5, ""name"": ""NVIDIA P104-100"", ""pci_bus"": ""00000000:0E:00.0"", ""pcie"": ""Gen1 x1"", ""util_pct"": 35.0, ""power_w"": 51.34, ""vram_used_mib"": 7794.0}]"
2026-08-16T12:51:55.148877+03:00,1786873915.148877,ctx_016384.txt,1,1,decode,37.51465416178195,"[16.35514018691589, 92.55813953488372, 25.35211267605634, 15.88785046728972]",15875.55078125,6869.08203125,9006.46875,43.2683068820693,24575.99609375,379.578125,1.544507590056672,"[{""index"": 0, ""name"": ""NVIDIA P104-100"", ""pci_bus"": ""00000000:01:00.0"", ""pcie"": ""Gen1 x1"", ""util_pct"": 1.0, ""power_w"": 52.2, ""vram_used_mib"": 7974.0}, {""index"": 1, ""name"": ""NVIDIA P104-100"", ""pci_bus"": ""00000000:02:00.0"", ""pcie"": ""Gen1 x1"", ""util_pct"": 0.0, ""power_w"": 43.97, ""vram_used_mib"": 6580.0}, {""index"": 2, ""name"": ""NVIDIA P104-100"", ""pci_bus"": ""00000000:0A:00.0"", ""pcie"": ""Gen1 x1"", ""util_pct"": 15.0, ""power_w"": 57.17, ""vram_used_mib"": 7974.0}, {""index"": 3, ""name"": ""NVIDIA P104-100"", ""pci_bus"": ""00000000:0C:00.0"", ""pcie"": ""Gen1 x1"", ""util_pct"": 19.0, ""power_w"": 74.83, ""vram_used_mib"": 7570.0}, {""index"": 4, ""name"": ""NVIDIA P104-100"", ""pci_bus"": ""00000000:0D:00.0"", ""pcie"": ""Gen1 x1"", ""util_pct"": 18.0, ""power_w"": 164.28, ""vram_used_mib"": 7570.0}, {""index"": 5, ""name"": ""NVIDIA P104-100"", ""pci_bus"": ""00000000:0E:00.0"", ""pcie"": ""Gen1 x1"", ""util_pct"": 38.0, ""power_w"": 51.21, ""vram_used_mib"": 7794.0}]"
2026-08-16T12:51:57.291359+03:00,1786873917.291359,ctx_016384.txt,1,1,decode,37.66081871345029,"[7.511737089201878, 21.12676056338028, 100.0, 21.5962441314554]",15875.55078125,6843.453125,9032.09765625,43.106870553949776,24575.99609375,379.578125,1.544507590056672,"[{""index"": 0, ""name"": ""NVIDIA P104-100"", ""pci_bus"": ""00000000:01:00.0"", ""pcie"": ""Gen1 x1"", ""util_pct"": 5.0, ""power_w"": 52.1, ""vram_used_mib"": 7974.0}, {""index"": 1, ""name"": ""NVIDIA P104-100"", ""pci_bus"": ""00000000:02:00.0"", ""pcie"": ""Gen1 x1"", ""util_pct"": 10.0, ""power_w"": 44.3, ""vram_used_mib"": 6580.0}, {""index"": 2, ""name"": ""NVIDIA P104-100"", ""pci_bus"": ""00000000:0A:00.0"", ""pcie"": ""Gen1 x1"", ""util_pct"": 0.0, ""power_w"": 57.67, ""vram_used_mib"": 7974.0}, {""index"": 3, ""name"": ""NVIDIA P104-100"", ""pci_bus"": ""00000000:0C:00.0"", ""pcie"": ""Gen1 x1"", ""util_pct"": 0.0, ""power_w"": 76.66, ""vram_used_mib"": 7570.0}, {""index"": 4, ""name"": ""NVIDIA P104-100"", ""pci_bus"": ""00000000:0D:00.0"", ""pcie"": ""Gen1 x1"", ""util_pct"": 18.0, ""power_w"": 150.24, ""vram_used_mib"": 7570.0}, {""index"": 5, ""name"": ""NVIDIA P104-100"", ""pci_bus"": ""00000000:0E:00.0"", ""pcie"": ""Gen1 x1"", ""util_pct"": 47.0, ""power_w"": 51.1, ""vram_used_mib"": 7794.0}]"
